input_symbol,expression_symbol,match_mode,expression_row_1based,prevalence_cells,included_after_prevalence
SLC10A4,SLC10A4,exact,7536.0,947.0,True
SLC6A3,SLC6A3,exact,8534.0,172.0,True
SLC6A1,SLC6A1,exact,5530.0,1789.0,True
SLC6A12,SLC6A12,exact,20109.0,643.0,True
SLC25A33,SLC25A33,exact,215.0,11116.0,True
SLC6A11,SLC6A11,exact,5529.0,449.0,True
SLC25A18,SLC25A18,exact,32169.0,240.0,True
SLC6A5,SLC6A5,exact,17387.0,0.0,False
SLC22A15,SLC22A15,exact,1630.0,1870.0,True
SLC44A1,SLC44A1,exact,16435.0,26829.0,True
SLC5A11,SLC5A11,exact,25593.0,606.0,True
SLC7A11,SLC7A11,exact,8125.0,1544.0,True
SLC1A2,SLC1A2,exact,17496.0,184.0,True
SLC39A10,SLC39A10,exact,4907.0,18675.0,True
SLC9A7,SLC9A7,exact,13604.0,4691.0,True
SLC2A13,SLC2A13,exact,20592.0,5197.0,True
SLC38A11,SLC38A11,exact,4667.0,1025.0,True
SLC35D3,SLC35D3,exact,11482.0,47.0,True
SLC18A1,SLC18A1,exact,14614.0,7.0,False
SLC1A7,SLC1A7,exact,1042.0,28.0,True
SLC16A8,SLC16A8,exact,32700.0,452.0,True
SLC4A5,SLC4A5,exact,3900.0,530.0,True
SLC16A14,SLC16A14,exact,5250.0,3101.0,True
SLC6A20,SLC6A20,exact,5807.0,8671.0,True
SLC23A2,SLC23A2,exact,29243.0,14836.0,True
SLCO1C1,SLCO1C1,exact,20442.0,539.0,True
SLC2A12,SLC2A12,exact,11452.0,3237.0,True
SLC39A12,SLC39A12,exact,19058.0,104.0,True
SLC17A5,SLC17A5,exact,11085.0,6209.0,True
SLC26A4,SLC26A4,exact,12763.0,269.0,True
SLC26A7,SLC26A7,exact,15227.0,4620.0,True
SLC30A4,SLC30A4,exact,24284.0,3672.0,True
SLC5A8,SLC5A8,exact,21374.0,28.0,True
SLC4A7,SLC4A7,exact,5635.0,11735.0,True
SLC24A1,SLC24A1,exact,24522.0,3464.0,True
SLC6A6,SLC6A6,exact,5565.0,10000.0,True
SLC16A6,SLC16A6,exact,28118.0,2960.0,True
SLC25A27,SLC25A27,exact,10942.0,2521.0,True
SLC35F4,SLC35F4,exact,23124.0,5.0,False
SLC17A8,SLC17A8,exact,21368.0,3.0,False
SLC4A10,SLC4A10,exact,4651.0,1272.0,True
SLC2A11,SLC2A11,exact,32407.0,4896.0,True
SLC38A3,SLC38A3,exact,5928.0,510.0,True
SLC24A4,SLC24A4,exact,23507.0,566.0,True
SLC18A3,SLC18A3,exact,19296.0,9.0,False
SLC1A4,SLC1A4,exact,3779.0,7886.0,True
SLC24A3,SLC24A3,exact,29362.0,3056.0,True
SLC35F3,SLC35F3,exact,2968.0,999.0,True
SLC1A6,SLC1A6,exact,30629.0,77.0,True
SLC30A3,SLC30A3,exact,3455.0,1206.0,True
SLC17A7,SLC17A7,exact,31595.0,191.0,True
SLC6A7,SLC6A7,exact,9803.0,62.0,True
SLC45A1,SLC45A1,exact,198.0,1287.0,True
SLC4A3,SLC4A3,exact,5183.0,2809.0,True
SLC25A22,SLC25A22,exact,17007.0,5061.0,True
SLC2A6,SLC2A6,exact,16807.0,5985.0,True
SLC32A1,SLC32A1,exact,29635.0,11.0,False
SLC12A5,SLC12A5,exact,29745.0,5977.0,True
SLC6A17,SLC6A17,exact,1535.0,157.0,True
SLC8A2,SLC8A2,exact,31493.0,92.0,True
SLC7A3,SLC7A3,exact,13818.0,166.0,True
SLC38A8,SLC38A8,exact,26410.0,253.0,True
SLC8A3,SLC8A3,exact,23257.0,158.0,True
SLC17A6,SLC17A6,exact,17395.0,1.0,False
SLC44A5,SLC44A5,exact,1243.0,1127.0,True
SLC36A4,SLC36A4,exact,18395.0,9837.0,True
SLC4A1AP,SLC4A1AP,exact,3477.0,14029.0,True
SLC25A14,SLC25A14,exact,14146.0,5309.0,True
SLC1A3,SLC1A3,exact,8784.0,18638.0,True
SLC35F1,SLC35F1,exact,11360.0,277.0,True
SLC26A5,SLC26A5,exact,12728.0,29.0,True
SLC9B2,SLC9B2,exact,7918.0,21224.0,True
SLC9A6,SLC9A6,exact,14205.0,6750.0,True
SLC7A14,SLC7A14,exact,6844.0,4005.0,True
SLC4A8,SLC4A8,exact,20769.0,1241.0,True
SLC25A53,SLC25A53,exact,13996.0,3544.0,True
SLC7A6OS,SLC7A6OS,exact,26184.0,10839.0,True
SLC15A4,SLC15A4,exact,21782.0,11496.0,True
SLC7A6,SLC7A6,exact,26183.0,8854.0,True
SLC12A6,SLC12A6,exact,24075.0,6464.0,True
SLC38A1,SLC38A1,exact,20631.0,28843.0,True
SLC9A9,SLC9A9,exact,6631.0,4872.0,True
SLC40A1,SLC40A1,exact,4866.0,11548.0,True
SLC25A17,SLC25A17,exact,32770.0,6891.0,True
SLC14A1,SLC14A1,exact,28831.0,457.0,True
SLC45A4,SLC45A4,exact,15589.0,3343.0,True
SLC4A11,SLC4A11,exact,29213.0,602.0,True
SLC22A23,SLC22A23,exact,10209.0,6520.0,True
SLC31A2,SLC31A2,exact,16498.0,10152.0,True
SLC38A6,SLC38A6,exact,23161.0,9024.0,True
SLC9A8,SLC9A8,exact,29790.0,3708.0,True
SLC36A1,SLC36A1,exact,9828.0,2303.0,True
SLC35E1,SLC35E1,exact,30681.0,18658.0,True
SLC22A5,SLC22A5,exact,9472.0,10686.0,True
SLC26A6,SLC26A6,exact,5867.0,7388.0,True
SLC26A1,SLC26A1,exact,7176.0,322.0,True
SLC25A29,SLC25A29,exact,23615.0,16729.0,True
SLC45A2,SLC45A2,exact,8757.0,52.0,True
SLC22A4,SLC22A4,exact,9471.0,2707.0,True
SLC25A38,SLC25A38,exact,5723.0,10900.0,True
SLC11A1,SLC11A1,exact,5120.0,7046.0,True
SLC43A1,SLC43A1,exact,17700.0,2199.0,True
SLC43A3,SLC43A3,exact,17697.0,6114.0,True
SLC17A9,SLC17A9,exact,29967.0,1728.0,True
SLC16A11,SLC16A11,exact,26788.0,1205.0,True
SLC13A4,SLC13A4,exact,12983.0,3506.0,True
SLC5A5,SLC5A5,exact,30743.0,14.0,False
SLC25A35,SLC25A35,exact,26876.0,2740.0,True
SLC5A6,SLC5A6,exact,3452.0,13032.0,True
SLC35F6,SLC35F6,exact,3434.0,12383.0,True
SLC29A2,SLC29A2,exact,18043.0,115.0,True
SLC25A28,SLC25A28,exact,19744.0,11500.0,True
SLC26A11,SLC26A11,exact,28346.0,6501.0,True
SLC43A2,SLC43A2,exact,26620.0,9843.0,True
SLC25A42,SLC25A42,exact,30793.0,3489.0,True
SLC41A3,SLC41A3,exact,6440.0,15691.0,True
SLC37A4,SLC37A4,exact,18664.0,5162.0,True
SLC25A44,SLC25A44,exact,2040.0,10252.0,True
SLC16A2,SLC16A2,exact,13867.0,4505.0,True
SLCO2B1,SLCO2B1,exact,18246.0,7188.0,True
SLC7A8,SLC7A8,exact,22788.0,8737.0,True
SLC44A2,SLC44A2,exact,30457.0,17368.0,True
SLC8B1,SLC8B1,exact,21543.0,4666.0,True
SLC12A4,SLC12A4,exact,26171.0,7232.0,True
SLC35E2B,SLC35E2B,exact,75.0,6162.0,True
SLCO3A1,SLCO3A1,exact,24928.0,9709.0,True
SLC12A7,SLC12A7,exact,8527.0,6063.0,True
SLC29A3,SLC29A3,exact,19431.0,2338.0,True
SLC48A1,SLC48A1,exact,20652.0,13068.0,True
SLC38A10,SLC38A10,exact,28372.0,18492.0,True
SLC39A1,SLC39A1,exact,1954.0,28122.0,True
SLC35B2,SLC35B2,exact,10922.0,13445.0,True
SLC35C2,SLC35C2,exact,29750.0,14862.0,True
SLC9A1,SLC9A1,exact,583.0,4175.0,True
SLC38A7,SLC38A7,exact,26060.0,5501.0,True
SLC22A18,SLC22A18,exact,17075.0,10743.0,True
SLC22A6,SLC22A6,exact,17886.0,22.0,True
SLC16A5,SLC16A5,exact,28208.0,7720.0,True
SLC52A1,SLC52A1,exact,26742.0,78.0,True
SLC16A3,SLC16A3,exact,28438.0,13933.0,True
SLC46A1,SLC46A1,exact,27174.0,2897.0,True
SLC19A1,SLC19A1,exact,33445.0,2930.0,True
SLC29A4,SLC29A4,exact,11875.0,1611.0,True
SLC25A19,SLC25A19,exact,28218.0,4519.0,True
SLC52A2,SLC52A2,exact,15691.0,14452.0,True
SLC2A8,SLC2A8,exact,16649.0,8563.0,True
SLC39A3,SLC39A3,exact,30159.0,16628.0,True
SLC25A11,SLC25A11,exact,26729.0,28319.0,True
SLC35E4,SLC35E4,exact,32552.0,2019.0,True
SLC27A1,SLC27A1,exact,30728.0,6229.0,True
SLC4A2,SLC4A2,exact,13243.0,12676.0,True
SLC35A4,SLC35A4,exact,9625.0,12764.0,True
SLC39A13,SLC39A13,exact,17606.0,14627.0,True
SLC25A39,SLC25A39,exact,27685.0,23034.0,True
SLC9A3R1,SLC9A3R1,exact,28193.0,13338.0,True
SLC12A9,SLC12A9,exact,12668.0,8155.0,True
SLC27A4,SLC27A4,exact,16689.0,7281.0,True
SLC25A23,SLC25A23,exact,30297.0,13606.0,True
SLCO4A1,SLCO4A1,exact,29951.0,1740.0,True
SLC15A3,SLC15A3,exact,17798.0,6881.0,True
SLC22A8,SLC22A8,exact,17887.0,68.0,True
SLC3A2,SLC3A2,exact,17883.0,36488.0,True
SLC2A1,SLC2A1,exact,877.0,10714.0,True
SLC7A5,SLC7A5,exact,26498.0,11504.0,True
SLC9A3R2,SLC9A3R2,exact,25187.0,25636.0,True
SLC27A3,SLC27A3,exact,1949.0,10070.0,True
SLC29A1,SLC29A1,exact,10920.0,10049.0,True
SLC2A4RG,SLC2A4RG,exact,30008.0,24267.0,True
SLC25A1,SLC25A1,exact,32205.0,16203.0,True
SLC1A5,SLC1A5,exact,31478.0,9240.0,True
SLC25A45,SLC25A45,exact,17982.0,6161.0,True
SLC50A1,SLC50A1,exact,1999.0,12690.0,True
SLC35A2,SLC35A2,exact,13657.0,10947.0,True
SLC35C1,SLC35C1,exact,17566.0,7620.0,True
SLC7A4,SLC7A4,exact,32262.0,440.0,True
SLC22A16,SLC22A16,exact,11289.0,143.0,True
SLC25A37,SLC25A37,exact,14676.0,23586.0,True
SLC4A1,SLC4A1,exact,27681.0,95.0,True
SLC13A5,SLC13A5,exact,26773.0,374.0,True
SLC16A13,SLC16A13,exact,26787.0,243.0,True
SLC16A10,SLC16A10,exact,11295.0,2894.0,True
SLC16A12,SLC16A12,exact,19624.0,2433.0,True
SLC4A4,SLC4A4,exact,7683.0,22630.0,True
SLC30A8,SLC30A8,exact,15421.0,2.0,False
SLC38A5,SLC38A5,exact,13637.0,2295.0,True
SLC30A2,SLC30A2,exact,550.0,68.0,True
SLC39A5,SLC39A5,exact,20960.0,52.0,True
SLC39A7,SLC39A7,exact,10708.0,22543.0,True
SLC2A10,SLC2A10,exact,29758.0,7783.0,True
SLC28A3,SLC28A3,exact,16233.0,106.0,True
SLC12A8,SLC12A8,exact,6432.0,4467.0,True
SLC7A1,SLC7A1,exact,21980.0,7604.0,True
SLC12A2,SLC12A2,exact,9444.0,20966.0,True
SLC37A3,SLC37A3,exact,13020.0,8574.0,True
SLC9A3,SLC9A3,exact,8512.0,4330.0,True
SLC9A2,SLC9A2,exact,4232.0,231.0,True
SLC20A1,SLC20A1,exact,4341.0,15790.0,True
SLC37A2,SLC37A2,exact,18767.0,775.0,True
SLC14A2,SLC14A2,exact,28828.0,83.0,True
SLC16A1,SLC16A1,exact,1595.0,17345.0,True
SLC26A3,SLC26A3,exact,12766.0,43.0,True
SLC25A24,SLC25A24,exact,1477.0,15997.0,True
SLC35G1,SLC35G1,exact,19671.0,12328.0,True
SLC28A2,SLC28A2,exact,24277.0,71.0,True
SLC18B1,SLC18B1,exact,11441.0,5117.0,True
SLC5A4,SLC5A4,exact,32589.0,62.0,True
SLC5A1,SLC5A1,exact,32582.0,21.0,True
SLC15A1,SLC15A1,exact,22379.0,18.0,False
SLC51B,SLC51B,exact,24507.0,10.0,False
SLC10A2,SLC10A2,exact,22425.0,0.0,False
SLC35F2,SLC35F2,exact,18499.0,5025.0,True
SLC35A3,SLC35A3,exact,1431.0,10681.0,True
SLC35B3,SLC35B3,exact,10267.0,10421.0,True
SLC7A7,SLC7A7,exact,22767.0,4827.0,True
SLC28A1,SLC28A1,exact,24834.0,48.0,True
SLC6A19,SLC6A19,exact,8529.0,0.0,False
SLC7A9,SLC7A9,exact,30957.0,99.0,True
SLC44A4,SLC44A4,exact,10648.0,127.0,True
SLC25A5,SLC25A5,exact,14076.0,45569.0,True
SLC44A3,SLC44A3,exact,1397.0,1146.0,True
SLC35D2,SLC35D2,exact,16347.0,15427.0,True
SLC39A11,SLC39A11,exact,28153.0,8561.0,True
SLC25A47,SLC25A47,exact,23617.0,22.0,True
SLC27A5,SLC27A5,exact,32027.0,7756.0,True
SLCO1A2,SLCO1A2,exact,20448.0,643.0,True
SLC19A3,SLC19A3,exact,5237.0,170.0,True
SLC30A10,SLC30A10,exact,2797.0,159.0,True
SLC25A25,SLC25A25,exact,16675.0,14954.0,True
SLC10A5,SLC10A5,exact,15163.0,270.0,True
SLC41A2,SLC41A2,exact,21420.0,6755.0,True
SLC17A4,SLC17A4,exact,10394.0,3.0,False
SLC17A2,SLC17A2,exact,10397.0,0.0,False
SLC2A2,SLC2A2,exact,6848.0,1.0,False
SLCO1B1,SLCO1B1,exact,20447.0,1.0,False
SLC39A14,SLC39A14,exact,14644.0,18357.0,True
SLC38A4,SLC38A4,exact,20638.0,611.0,True
SLC22A1,SLC22A1,exact,11685.0,167.0,True
SLC25A15,SLC25A15,exact,22066.0,1530.0,True
SLC30A1,SLC30A1,exact,2728.0,8855.0,True
SLC46A3,SLC46A3,exact,21976.0,6464.0,True
SLC25A20,SLC25A20,exact,5875.0,3779.0,True
SLC25A13,SLC25A13,exact,12574.0,11751.0,True
SLC31A1,SLC31A1,exact,16500.0,13083.0,True
SLC6A13,SLC6A13,exact,20112.0,3076.0,True
SLC47A1,SLC47A1,exact,27093.0,19576.0,True
SLC47A2,SLC47A2,exact,27097.0,222.0,True
SLC4A9,SLC4A9,exact,9618.0,16.0,False
SLC22A2,SLC22A2,exact,11686.0,328.0,True
SLC7A13,SLC7A13,exact,15194.0,0.0,False
SLC23A1,SLC23A1,exact,9591.0,44.0,True
SLC23A3,SLC23A3,exact,5150.0,748.0,True
SLC12A3,SLC12A3,exact,26010.0,73.0,True
SLC22A13,SLC22A13,exact,5704.0,4.0,False
SLC22A12,SLC22A12,exact,17941.0,0.0,False
SLC36A2,SLC36A2,exact,9827.0,2.0,False
SLC13A3,SLC13A3,exact,29755.0,2975.0,True
SLC2A5,SLC2A5,exact,206.0,3709.0,True
SLC7A10,SLC7A10,exact,30965.0,43.0,True
SLC5A10,SLC5A10,exact,27068.0,38.0,True
SLC13A2,SLC13A2,exact,27177.0,0.0,False
SLC34A3,SLC34A3,exact,16932.0,2.0,False
SLC5A2,SLC5A2,exact,25796.0,121.0,True
SLC6A18,SLC6A18,exact,8530.0,0.0,False
SLC34A1,SLC34A1,exact,10068.0,1.0,False
SLC22A11,SLC22A11,exact,17940.0,50.0,True
SLC12A1,SLC12A1,exact,24303.0,633.0,True
SLC1A1,SLC1A1,exact,15761.0,1484.0,True
SLC13A1,SLC13A1,exact,12851.0,0.0,False
SLC27A2,SLC27A2,exact,24327.0,717.0,True
SLC17A1,SLC17A1,exact,10395.0,0.0,False
SLC17A3,SLC17A3,exact,10396.0,10.0,False
SLC16A9,SLC16A9,exact,19340.0,10149.0,True
SLC5A12,SLC5A12,exact,17415.0,351.0,True
SLC16A4,SLC16A4,exact,1542.0,8626.0,True
SLC3A1,SLC3A1,exact,3621.0,249.0,True
SLC6A16,SLC6A16,exact,31585.0,618.0,True
SLC25A31,SLC25A31,exact,8072.0,10.0,False
SLC52A3,SLC52A3,exact,29157.0,453.0,True
SLC25A46,SLC25A46,exact,9311.0,12321.0,True
SLC38A9,SLC38A9,exact,8909.0,8143.0,True
SLC25A52,SLC25A52,exact,28756.0,37.0,True
SLC9C2,SLC9C2,exact,2340.0,164.0,True
SLC9B1,SLC9B1,exact,7917.0,2541.0,True
SLC9C1,SLC9C1,exact,6302.0,56.0,True
SLCO6A1,SLCO6A1,exact,9278.0,4.0,False
SLC25A51,SLC25A51,exact,16050.0,3762.0,True
SLC16A7,SLC16A7,exact,21048.0,3164.0,True
SLC22A14,SLC22A14,exact,5705.0,93.0,True
SLC25A2,SLC25A2,exact,9683.0,21.0,True
SLC26A8,SLC26A8,exact,10771.0,37.0,True
SLC26A2,SLC26A2,exact,9797.0,33053.0,True
SLC25A21,SLC25A21,exact,22952.0,1081.0,True
SLC19A2,SLC19A2,exact,2294.0,5662.0,True
SLC39A6,SLC39A6,exact,28801.0,22913.0,True
SLC25A36,SLC25A36,exact,6605.0,29094.0,True
SLC30A9,SLC30A9,exact,7498.0,16291.0,True
SLC35B4,SLC35B4,exact,12964.0,12236.0,True
SLC35A5,SLC35A5,exact,6308.0,11455.0,True
SLC25A32,SLC25A32,exact,15365.0,10104.0,True
SLC35E3,SLC35E3,exact,21123.0,13219.0,True
SLC11A2,SLC11A2,exact,20759.0,13022.0,True
SLC39A9,SLC39A9,exact,23250.0,10883.0,True
SLC30A7,SLC30A7,exact,1449.0,14543.0,True
SLC10A7,SLC10A7,exact,8199.0,2636.0,True
SLC35D1,SLC35D1,exact,1183.0,5761.0,True
SLC35A1,SLC35A1,exact,11163.0,12789.0,True
SLC35F5,SLC35F5,exact,4367.0,16109.0,True
SLC25A40,SLC25A40,exact,12504.0,4665.0,True
SLC30A6,SLC30A6,exact,3522.0,8766.0,True
SLC33A1,SLC33A1,exact,6738.0,11203.0,True
SLC30A5,SLC30A5,exact,9005.0,14145.0,True
SLC25A34,SLC25A34,exact,341.0,680.0,True
SLC2A4,SLC2A4,exact,26802.0,446.0,True
SLC7A2,SLC7A2,exact,14588.0,18176.0,True
SLC20A2,SLC20A2,exact,14873.0,21783.0,True
SLCO5A1,SLCO5A1,exact,15062.0,784.0,True
SLC22A3,SLC22A3,exact,11688.0,2184.0,True
SLC25A16,SLC25A16,exact,19389.0,7701.0,True
SLC27A6,SLC27A6,exact,9446.0,693.0,True
SLC25A30,SLC25A30,exact,22117.0,3604.0,True
SLC25A3,SLC25A3,exact,21356.0,50596.0,True
SLC25A12,SLC25A12,exact,4721.0,7994.0,True
SLC26A10,SLC26A10,exact,21018.0,1441.0,True
SLC41A1,SLC41A1,exact,2652.0,11163.0,True
SLC25A26,SLC25A26,exact,6108.0,14694.0,True
SLC25A43,SLC25A43,exact,14075.0,6755.0,True
SLC38A2,SLC38A2,exact,20632.0,42335.0,True
SLC5A9,SLC5A9,exact,990.0,50.0,True
SLC10A6,SLC10A6,exact,7809.0,205.0,True
SLC39A2,SLC39A2,exact,22605.0,103.0,True
SLC46A2,SLC46A2,exact,16492.0,41.0,True
SLC45A3,SLC45A3,exact,2649.0,1226.0,True
SLC37A1,SLC37A1,exact,33344.0,1677.0,True
SLC26A9,SLC26A9,exact,2654.0,54.0,True
SLC9A4,SLC9A4,exact,4231.0,38.0,True
SLC22A31,SLC22A31,exact,26543.0,231.0,True
SLCO2A1,SLCO2A1,exact,6543.0,4873.0,True
SLC34A2,SLC34A2,exact,7403.0,410.0,True
SLC6A4,SLC6A4,exact,27240.0,1338.0,True
SLC39A8,SLC39A8,exact,7909.0,3861.0,True
SLC6A14,SLC6A14,exact,14060.0,0.0,False
Aadac,AADAC,case_insensitive_unique,6707.0,10.0,False
Aadat,AADAT,case_insensitive_unique,8352.0,1894.0,True
Aars2,AARS2,case_insensitive_unique,10927.0,2253.0,True
Aasdh,AASDH,case_insensitive_unique,7587.0,8820.0,True
Aass,AASS,case_insensitive_unique,12841.0,6254.0,True
Abat,ABAT,case_insensitive_unique,25345.0,2953.0,True
Abhd1,ABHD1,case_insensitive_unique,3448.0,370.0,True
Abhd10,ABHD10,case_insensitive_unique,6296.0,9007.0,True
Abhd11,ABHD11,case_insensitive_unique,12413.0,7020.0,True
Abhd12,ABHD12,case_insensitive_unique,29454.0,15379.0,True
Abhd12b,ABHD12B,case_insensitive_unique,23043.0,323.0,True
Abhd13,ABHD13,case_insensitive_unique,22441.0,11712.0,True
Abhd14a,ABHD14A,case_insensitive_unique,5973.0,17078.0,True
Abhd14b,ABHD14B,case_insensitive_unique,5972.0,17660.0,True
Abhd15,ABHD15,case_insensitive_unique,27224.0,4152.0,True
Abhd16a,ABHD16A,case_insensitive_unique,10626.0,1782.0,True
Abhd16b,ABHD16B,case_insensitive_unique,30013.0,8.0,False
Abhd17a,ABHD17A,case_insensitive_unique,30128.0,27113.0,True
Abhd17b,ABHD17B,case_insensitive_unique,16165.0,9172.0,True
Abhd17c,ABHD17C,case_insensitive_unique,24767.0,8157.0,True
Abhd2,ABHD2,case_insensitive_unique,24867.0,19276.0,True
Abhd3,ABHD3,case_insensitive_unique,28673.0,6151.0,True
Abhd4,ABHD4,case_insensitive_unique,22764.0,4230.0,True
Abhd5,ABHD5,case_insensitive_unique,5773.0,21976.0,True
Abhd6,ABHD6,case_insensitive_unique,6057.0,5165.0,True
Abhd8,ABHD8,case_insensitive_unique,30711.0,5863.0,True
Acaa1a,,unmatched,,,False
Acaa1b,,unmatched,,,False
Acaa2,ACAA2,case_insensitive_unique,28876.0,9203.0,True
Acaca,ACACA,case_insensitive_unique,27409.0,9178.0,True
Acacb,ACACB,case_insensitive_unique,21472.0,4834.0,True
Acad10,ACAD10,case_insensitive_unique,21515.0,4306.0,True
Acad11,ACAD11,case_insensitive_unique,6525.0,824.0,True
Acad12,,unmatched,,,False
Acad8,ACAD8,case_insensitive_unique,18864.0,8651.0,True
Acad9,ACAD9,case_insensitive_unique,6484.0,9926.0,True
Acadl,ACADL,case_insensitive_unique,5048.0,2337.0,True
Acadm,ACADM,case_insensitive_unique,1245.0,17709.0,True
Acads,ACADS,case_insensitive_unique,21657.0,7185.0,True
Acadsb,ACADSB,case_insensitive_unique,19986.0,6058.0,True
Acadvl,ACADVL,case_insensitive_unique,26793.0,29462.0,True
Acat1,ACAT1,case_insensitive_unique,18503.0,24295.0,True
Acat2,ACAT2,case_insensitive_unique,11677.0,15196.0,True
Acat3,,unmatched,,,False
Acer1,ACER1,case_insensitive_unique,30289.0,56.0,True
Acer2,ACER2,case_insensitive_unique,15849.0,57.0,True
Acer3,ACER3,case_insensitive_unique,18283.0,12397.0,True
Ache,ACHE,case_insensitive_unique,12673.0,2711.0,True
Acly,ACLY,case_insensitive_unique,27582.0,17861.0,True
Acmsd,ACMSD,case_insensitive_unique,4513.0,4.0,False
Aco1,ACO1,case_insensitive_unique,15914.0,14834.0,True
Aco2,ACO2,case_insensitive_unique,32787.0,17669.0,True
Acot1,ACOT1,case_insensitive_unique,23299.0,289.0,True
Acot10,,unmatched,,,False
Acot11,ACOT11,case_insensitive_unique,1077.0,4091.0,True
Acot12,ACOT12,case_insensitive_unique,9142.0,6.0,False
Acot13,ACOT13,case_insensitive_unique,10379.0,18974.0,True
Acot2,ACOT2,case_insensitive_unique,23300.0,4275.0,True
Acot3,,unmatched,,,False
Acot4,ACOT4,case_insensitive_unique,23301.0,1903.0,True
Acot5,,unmatched,,,False
Acot6,ACOT6,case_insensitive_unique,23302.0,22.0,True
Acot7,ACOT7,case_insensitive_unique,162.0,8913.0,True
Acot8,ACOT8,case_insensitive_unique,29733.0,9622.0,True
Acot9,ACOT9,case_insensitive_unique,13491.0,19863.0,True
Acox1,ACOX1,case_insensitive_unique,28247.0,15292.0,True
Acox2,ACOX2,case_insensitive_unique,6066.0,3860.0,True
Acox3,ACOX3,case_insensitive_unique,7280.0,5014.0,True
Acp1,ACP1,case_insensitive_unique,3156.0,29178.0,True
Acp2,ACP2,case_insensitive_unique,17599.0,12639.0,True
Acp5,ACP5,case_insensitive_unique,30494.0,3246.0,True
Acp6,ACP6,case_insensitive_unique,1747.0,5155.0,True
Acp7,ACP7,case_insensitive_unique,31186.0,70.0,True
Acpp,ACPP,case_insensitive_unique,6523.0,309.0,True
Acsbg1,ACSBG1,case_insensitive_unique,24725.0,124.0,True
Acsbg2,ACSBG2,case_insensitive_unique,30286.0,121.0,True
Acsf2,ACSF2,case_insensitive_unique,27877.0,6743.0,True
Acsf3,ACSF3,case_insensitive_unique,26538.0,6978.0,True
Acsl1,ACSL1,case_insensitive_unique,8441.0,10061.0,True
Acsl2,,unmatched,,,False
Acsl3,ACSL3,case_insensitive_unique,5201.0,31174.0,True
Acsl4,ACSL4,case_insensitive_unique,14033.0,14827.0,True
Acsl5,ACSL5,case_insensitive_unique,19888.0,4405.0,True
Acsl6,ACSL6,case_insensitive_unique,9462.0,407.0,True
Acsm1,ACSM1,case_insensitive_unique,25526.0,103.0,True
Acsm2,,unmatched,,,False
Acsm3,ACSM3,case_insensitive_unique,25525.0,1249.0,True
Acsm4,ACSM4,case_insensitive_unique,20252.0,5.0,False
Acsm5,ACSM5,case_insensitive_unique,25520.0,768.0,True
Acss1,ACSS1,case_insensitive_unique,29444.0,4260.0,True
Acss2,ACSS2,case_insensitive_unique,29554.0,5744.0,True
Acss3,ACSS3,case_insensitive_unique,21229.0,5384.0,True
Acyp1,ACYP1,case_insensitive_unique,23342.0,11327.0,True
Acyp2,ACYP2,case_insensitive_unique,3695.0,9954.0,True
Ada,ADA,case_insensitive_unique,29687.0,6783.0,True
Adcy1,ADCY1,case_insensitive_unique,12261.0,1683.0,True
Adcy10,ADCY10,case_insensitive_unique,2272.0,169.0,True
Adcy2,ADCY2,case_insensitive_unique,8602.0,14855.0,True
Adcy3,ADCY3,case_insensitive_unique,3409.0,6305.0,True
Adcy4,ADCY4,case_insensitive_unique,22850.0,1468.0,True
Adcy5,ADCY5,case_insensitive_unique,6417.0,9528.0,True
Adcy6,ADCY6,case_insensitive_unique,20689.0,9226.0,True
Adcy7,ADCY7,case_insensitive_unique,25910.0,7293.0,True
Adcy8,ADCY8,case_insensitive_unique,15533.0,29.0,True
Adcy9,ADCY9,case_insensitive_unique,25294.0,5748.0,True
Adh1,,unmatched,,,False
Adh1a,ADH1A,case_insensitive_unique,7888.0,1.0,False
Adh1b,ADH1B,case_insensitive_unique,7889.0,185.0,True
Adh1c,ADH1C,case_insensitive_unique,7890.0,30.0,True
Adh3,,unmatched,,,False
Adh4,ADH4,case_insensitive_unique,7886.0,0.0,False
Adh5,ADH5,case_insensitive_unique,7884.0,30239.0,True
Adh6,ADH6,case_insensitive_unique,7887.0,1.0,False
Adh7,ADH7,case_insensitive_unique,7891.0,0.0,False
Adhfe1,ADHFE1,case_insensitive_unique,15038.0,3104.0,True
Adk,ADK,case_insensitive_unique,19489.0,11981.0,True
Adsl,ADSL,case_insensitive_unique,32762.0,10518.0,True
Adss,ADSS,case_insensitive_unique,3062.0,20114.0,True
Adssl1,ADSSL1,case_insensitive_unique,23707.0,3029.0,True
Afg3l1,,unmatched,,,False
Afg3l2,AFG3L2,case_insensitive_unique,28625.0,16605.0,True
Afmid,AFMID,case_insensitive_unique,28302.0,6045.0,True
Agk,AGK,case_insensitive_unique,13034.0,6200.0,True
Agmat,AGMAT,case_insensitive_unique,334.0,1094.0,True
Agpat1,AGPAT1,case_insensitive_unique,10673.0,18561.0,True
Agpat2,AGPAT2,case_insensitive_unique,16878.0,14395.0,True
Agpat3,AGPAT3,case_insensitive_unique,33376.0,11370.0,True
Agpat4,AGPAT4,case_insensitive_unique,11697.0,7001.0,True
Agpat5,AGPAT5,case_insensitive_unique,14457.0,10467.0,True
Agpat6,,unmatched,,,False
Agpat9,,unmatched,,,False
Agxt,AGXT,case_insensitive_unique,5398.0,7.0,False
Agxt2,AGXT2,case_insensitive_unique,8770.0,1.0,False
Ahcy,AHCY,case_insensitive_unique,29545.0,19650.0,True
Ahcyl1,AHCYL1,case_insensitive_unique,1529.0,28866.0,True
Ahcyl2,AHCYL2,case_insensitive_unique,12917.0,17136.0,True
Aicda,AICDA,case_insensitive_unique,20281.0,107.0,True
Aifm1,AIFM1,case_insensitive_unique,14143.0,12779.0,True
Aifm2,AIFM2,case_insensitive_unique,19412.0,9043.0,True
Aifm3,AIFM3,case_insensitive_unique,32256.0,474.0,True
Ak1,AK1,case_insensitive_unique,16665.0,9553.0,True
Ak2,AK2,case_insensitive_unique,705.0,21415.0,True
Ak3,AK3,case_insensitive_unique,15766.0,27260.0,True
Ak4,AK4,case_insensitive_unique,1168.0,15735.0,True
Ak5,AK5,case_insensitive_unique,1257.0,1500.0,True
Ak6,AK6,case_insensitive_unique,9012.0,19150.0,True
Ak7,AK7,case_insensitive_unique,23576.0,130.0,True
Ak8,AK8,case_insensitive_unique,16786.0,482.0,True
Ak9,AK9,case_insensitive_unique,11281.0,4824.0,True
Akd1,,unmatched,,,False
Akd2,,unmatched,,,False
Akp1,,unmatched,,,False
Akp3,,unmatched,,,False
Akp4,,unmatched,,,False
Akr1a1,AKR1A1,case_insensitive_unique,937.0,26432.0,True
Akr1b1,AKR1B1,case_insensitive_unique,12967.0,26311.0,True
Akr1b10,AKR1B10,case_insensitive_unique,12968.0,545.0,True
Akr1b3,,unmatched,,,False
Akr1b7,,unmatched,,,False
Akr1b8,,unmatched,,,False
Akr1c1,AKR1C1,case_insensitive_unique,18924.0,3386.0,True
Akr1c2,AKR1C2,case_insensitive_unique,18925.0,3536.0,True
Akr1c3,AKR1C3,case_insensitive_unique,18927.0,13207.0,True
Akr1d1,AKR1D1,case_insensitive_unique,12999.0,10.0,False
Akr1e2,AKR1E2,case_insensitive_unique,18923.0,545.0,True
Akr7a5,,unmatched,,,False
Alad,ALAD,case_insensitive_unique,16507.0,8563.0,True
Alas1,ALAS1,case_insensitive_unique,5979.0,10873.0,True
Alas2,ALAS2,case_insensitive_unique,13750.0,13.0,False
Aldh18a1,ALDH18A1,case_insensitive_unique,19690.0,11236.0,True
Aldh1a1,ALDH1A1,case_insensitive_unique,16174.0,1424.0,True
Aldh1a2,ALDH1A2,case_insensitive_unique,24412.0,1907.0,True
Aldh1a3,ALDH1A3,case_insensitive_unique,25027.0,2676.0,True
Aldh1a7,,unmatched,,,False
Aldh1b1,ALDH1B1,case_insensitive_unique,16053.0,5690.0,True
Aldh1l1,ALDH1L1,case_insensitive_unique,6443.0,1312.0,True
Aldh1l2,ALDH1L2,case_insensitive_unique,21422.0,6155.0,True
Aldh2,ALDH2,case_insensitive_unique,21517.0,35226.0,True
Aldh3a1,ALDH3A1,case_insensitive_unique,27100.0,192.0,True
Aldh3a2,ALDH3A2,case_insensitive_unique,27095.0,21899.0,True
Aldh3b1,ALDH3B1,case_insensitive_unique,18104.0,3589.0,True
Aldh3b2,ALDH3B2,case_insensitive_unique,18101.0,0.0,False
Aldh4a1,ALDH4A1,case_insensitive_unique,404.0,2228.0,True
Aldh5a1,ALDH5A1,case_insensitive_unique,10376.0,5420.0,True
Aldh6a1,ALDH6A1,case_insensitive_unique,23319.0,11923.0,True
Aldh7a1,ALDH7A1,case_insensitive_unique,9427.0,28966.0,True
Aldh9a1,ALDH9A1,case_insensitive_unique,2245.0,21941.0,True
Aldoa,ALDOA,case_insensitive_unique,25702.0,10707.0,True
Aldoart1,,unmatched,,,False
Aldoart2,,unmatched,,,False
Aldob,ALDOB,case_insensitive_unique,16408.0,78.0,True
Aldoc,ALDOC,case_insensitive_unique,27181.0,3192.0,True
Allc,ALLC,case_insensitive_unique,3212.0,1541.0,True
Alox15,ALOX15,case_insensitive_unique,26710.0,81.0,True
Alox15b,ALOX15B,case_insensitive_unique,26859.0,823.0,True
Alox5,ALOX5,case_insensitive_unique,19246.0,3518.0,True
Alpi,ALPI,case_insensitive_unique,5286.0,2.0,False
Alpl,ALPL,case_insensitive_unique,457.0,3502.0,True
Alpp,ALPP,case_insensitive_unique,5282.0,66.0,True
Alppl2,,unmatched,,,False
Amacr,AMACR,case_insensitive_unique,8758.0,894.0,True
Amdhd1,AMDHD1,case_insensitive_unique,21337.0,398.0,True
Amdhd2,AMDHD2,case_insensitive_unique,25219.0,6564.0,True
Ampd1,AMPD1,case_insensitive_unique,1616.0,3.0,False
Ampd2,AMPD2,case_insensitive_unique,1515.0,7119.0,True
Ampd3,AMPD3,case_insensitive_unique,17271.0,2315.0,True
Amt,AMT,case_insensitive_unique,5900.0,1483.0,True
Amy1,,unmatched,,,False
Amy1a,AMY1A,case_insensitive_unique,1465.0,0.0,False
Amy1b,AMY1B,case_insensitive_unique,1466.0,0.0,False
Amy1c,AMY1C,case_insensitive_unique,1467.0,0.0,False
Amy2-3,,unmatched,,,False
Amy2a,AMY2A,case_insensitive_unique,1464.0,28.0,True
Amy2a1,,unmatched,,,False
Amy2a2,,unmatched,,,False
Amy2a3,,unmatched,,,False
Amy2a4,,unmatched,,,False
Amy2a5,,unmatched,,,False
Amy2b,AMY2B,case_insensitive_unique,1463.0,1093.0,True
Aoc1,AOC1,case_insensitive_unique,13235.0,14.0,False
Aoc2,AOC2,case_insensitive_unique,27629.0,341.0,True
Aoc2-ps1,,unmatched,,,False
Aoc3,AOC3,case_insensitive_unique,27630.0,764.0,True
Aox1,AOX1,case_insensitive_unique,4947.0,12512.0,True
Aox2,,unmatched,,,False
Aox3,,unmatched,,,False
Aox4,,unmatched,,,False
Apoa1bp,,unmatched,,,False
Apobec1,APOBEC1,case_insensitive_unique,20255.0,0.0,False
Apobec2,APOBEC2,case_insensitive_unique,10829.0,9.0,False
Apobec3,,unmatched,,,False
Apobec4,APOBEC4,case_insensitive_unique,2445.0,2.0,False
Aprt,APRT,case_insensitive_unique,26529.0,38437.0,True
Arg1,ARG1,case_insensitive_unique,11418.0,8.0,False
Arg2,ARG2,case_insensitive_unique,23230.0,3957.0,True
Arsa,ARSA,case_insensitive_unique,32966.0,4544.0,True
Arsb,ARSB,case_insensitive_unique,9112.0,4629.0,True
Arsd,ARSD,case_insensitive_unique,13358.0,10023.0,True
Arse,ARSE,case_insensitive_unique,13360.0,2747.0,True
Arsf,ARSF,case_insensitive_unique,13362.0,2.0,False
Arsg,ARSG,case_insensitive_unique,28117.0,11478.0,True
Arsh,ARSH,case_insensitive_unique,13361.0,0.0,False
Arsi,ARSI,case_insensitive_unique,9805.0,2219.0,True
Arsj,ARSJ,case_insensitive_unique,8003.0,2502.0,True
Arsk,ARSK,case_insensitive_unique,9232.0,4385.0,True
As3mt,AS3MT,case_insensitive_unique,19826.0,27.0,True
Asah1,ASAH1,case_insensitive_unique,14597.0,31788.0,True
Asah2,ASAH2,case_insensitive_unique,19304.0,240.0,True
Asah2c,,unmatched,,,False
Asl,ASL,case_insensitive_unique,12370.0,10583.0,True
Asmt,ASMT,case_insensitive_unique,13348.0,50.0,True
Asns,ASNS,case_insensitive_unique,12581.0,7953.0,True
Aspg,ASPG,case_insensitive_unique,23694.0,353.0,True
Asrgl1,ASRGL1,case_insensitive_unique,17842.0,5476.0,True
Ass1,ASS1,case_insensitive_unique,16755.0,11038.0,True
Atad1,ATAD1,case_insensitive_unique,19602.0,19862.0,True
Atad2,ATAD2,case_insensitive_unique,15470.0,8532.0,True
Atad3a,ATAD3A,case_insensitive_unique,65.0,8798.0,True
Atad3b,ATAD3B,case_insensitive_unique,64.0,7224.0,True
Atad3c,ATAD3C,case_insensitive_unique,63.0,672.0,True
Atic,ATIC,case_insensitive_unique,5069.0,17308.0,True
Atp10a,ATP10A,case_insensitive_unique,23994.0,5250.0,True
Atp1a1,ATP1A1,case_insensitive_unique,1634.0,36968.0,True
Atp1a2,ATP1A2,case_insensitive_unique,2149.0,1411.0,True
Atp1a3,ATP1A3,case_insensitive_unique,31295.0,582.0,True
Atp1a4,ATP1A4,case_insensitive_unique,2150.0,10.0,False
Atp1b1,ATP1B1,case_insensitive_unique,2289.0,33124.0,True
Atp1b2,ATP1B2,case_insensitive_unique,26843.0,3954.0,True
Atp1b3,ATP1B3,case_insensitive_unique,6614.0,38979.0,True
Atp1b4,ATP1B4,case_insensitive_unique,14095.0,2.0,False
Atp2b1,ATP2B1,case_insensitive_unique,21276.0,23695.0,True
Atp2b2,ATP2B2,case_insensitive_unique,5526.0,271.0,True
Atp2b3,ATP2B3,case_insensitive_unique,14328.0,46.0,True
Atp2b4,ATP2B4,case_insensitive_unique,2609.0,24580.0,True
Atp4b,ATP4B,case_insensitive_unique,22513.0,88.0,True
Atp5a1,,unmatched,,,False
Atp5b,,unmatched,,,False
Atp5c1,,unmatched,,,False
Atp5d,,unmatched,,,False
Atp5e,,unmatched,,,False
Atp5f1,,unmatched,,,False
Atp5g1,,unmatched,,,False
Atp5g2,,unmatched,,,False
Atp5g3,,unmatched,,,False
Atp5h,,unmatched,,,False
Atp5i,,unmatched,,,False
Atp5j,,unmatched,,,False
Atp5j2,,unmatched,,,False
Atp5l,,unmatched,,,False
Atp5o,,unmatched,,,False
Atp6v0a1,ATP6V0A1,case_insensitive_unique,27604.0,13552.0,True
Atp6v0a2,ATP6V0A2,case_insensitive_unique,21734.0,9148.0,True
Atp6v0a4,ATP6V0A4,case_insensitive_unique,13003.0,175.0,True
Atp6v0b,ATP6V0B,case_insensitive_unique,905.0,37451.0,True
Atp6v0c,ATP6V0C,case_insensitive_unique,25217.0,843.0,True
Atp6v0d1,ATP6V0D1,case_insensitive_unique,26140.0,25744.0,True
Atp6v0d2,ATP6V0D2,case_insensitive_unique,15190.0,229.0,True
Atp6v0e1,ATP6V0E1,case_insensitive_unique,9999.0,46990.0,True
Atp6v1a,ATP6V1A,case_insensitive_unique,6328.0,19114.0,True
Atp6v1b1,ATP6V1B1,case_insensitive_unique,3853.0,136.0,True
Atp6v1b2,ATP6V1B2,case_insensitive_unique,14615.0,17291.0,True
Atp6v1c1,ATP6V1C1,case_insensitive_unique,15356.0,14287.0,True
Atp6v1c2,ATP6V1C2,case_insensitive_unique,3283.0,113.0,True
Atp6v1d,ATP6V1D,case_insensitive_unique,23224.0,26320.0,True
Atp6v1e1,ATP6V1E1,case_insensitive_unique,32171.0,23751.0,True
Atp6v1e2,ATP6V1E2,case_insensitive_unique,3640.0,4735.0,True
Atp6v1f,ATP6V1F,case_insensitive_unique,12909.0,40093.0,True
Atp6v1g1,ATP6V1G1,case_insensitive_unique,16523.0,47047.0,True
Atp6v1g2,ATP6V1G2,case_insensitive_unique,10608.0,1093.0,True
Atp6v1g3,ATP6V1G3,case_insensitive_unique,2528.0,10.0,False
Atp6v1h,ATP6V1H,case_insensitive_unique,14933.0,18678.0,True
Atp8a1,ATP8A1,case_insensitive_unique,7503.0,4069.0,True
Auh,AUH,case_insensitive_unique,16284.0,9074.0,True
Awat1,AWAT1,case_insensitive_unique,13807.0,2.0,False
Awat2,AWAT2,case_insensitive_unique,13801.0,9.0,False
B3galt1,B3GALT1,case_insensitive_unique,4684.0,1627.0,True
B3galt2,B3GALT2,case_insensitive_unique,2503.0,362.0,True
B3galt4,B3GALT4,case_insensitive_unique,10715.0,5229.0,True
B3galt5,B3GALT5,case_insensitive_unique,33308.0,455.0,True
B3galt6,B3GALT6,case_insensitive_unique,41.0,9804.0,True
B4galt1,B4GALT1,case_insensitive_unique,15927.0,25660.0,True
B4galt2,B4GALT2,case_insensitive_unique,906.0,13332.0,True
B4galt3,B4GALT3,case_insensitive_unique,2190.0,10067.0,True
B4galt4,B4GALT4,case_insensitive_unique,6360.0,21500.0,True
B4galt5,B4GALT5,case_insensitive_unique,29789.0,17366.0,True
B4galt6,B4GALT6,case_insensitive_unique,28754.0,2705.0,True
B4galt7,B4GALT7,case_insensitive_unique,10082.0,14818.0,True
Baat,BAAT,case_insensitive_unique,16405.0,117.0,True
Bbox1,BBOX1,case_insensitive_unique,17417.0,94.0,True
Bbox2,,unmatched,,,False
Bcat1,BCAT1,case_insensitive_unique,20478.0,16659.0,True
Bcat2,BCAT2,case_insensitive_unique,31552.0,9099.0,True
Bckdha,BCKDHA,case_insensitive_unique,31269.0,766.0,True
Bckdhb,BCKDHB,case_insensitive_unique,11120.0,8319.0,True
Bckdk,BCKDK,case_insensitive_unique,25774.0,14405.0,True
Bcmo1,,unmatched,,,False
Bdh1,BDH1,case_insensitive_unique,7138.0,2807.0,True
Bdh2,BDH2,case_insensitive_unique,7919.0,22653.0,True
Bhmt,BHMT,case_insensitive_unique,9115.0,138.0,True
Bhmt2,BHMT2,case_insensitive_unique,9114.0,5342.0,True
Blvra,BLVRA,case_insensitive_unique,12225.0,20900.0,True
Blvrb,BLVRB,case_insensitive_unique,31237.0,28478.0,True
Bp3,,unmatched,,,False
Bpgm,BPGM,case_insensitive_unique,12970.0,13129.0,True
Bphl,BPHL,case_insensitive_unique,10203.0,11128.0,True
Bpnt1,BPNT1,case_insensitive_unique,2799.0,7195.0,True
Bst1,BST1,case_insensitive_unique,7348.0,10407.0,True
C12orf5,,unmatched,,,False
Cad,CAD,case_insensitive_unique,3454.0,8918.0,True
Cant1,CANT1,case_insensitive_unique,28320.0,11609.0,True
Car5a,,unmatched,,,False
Car5b,,unmatched,,,False
Carns1,CARNS1,case_insensitive_unique,18082.0,1520.0,True
Cars2,CARS2,case_insensitive_unique,22466.0,18466.0,True
Casp1,CASP1,case_insensitive_unique,18482.0,6568.0,True
Casp12,,unmatched,,,False
Casp2,CASP2,case_insensitive_unique,13147.0,9434.0,True
Casp3,CASP3,case_insensitive_unique,8438.0,11932.0,True
Casp4,CASP4,case_insensitive_unique,18480.0,21010.0,True
Casp6,CASP6,case_insensitive_unique,7966.0,8812.0,True
Casp7,CASP7,case_insensitive_unique,19897.0,5825.0,True
Casp8,CASP8,case_insensitive_unique,4962.0,8327.0,True
Casp9,CASP9,case_insensitive_unique,331.0,2869.0,True
Cat,CAT,case_insensitive_unique,17486.0,19491.0,True
Cbr1,CBR1,case_insensitive_unique,33257.0,20435.0,True
Cbr2,,unmatched,,,False
Cbr3,CBR3,case_insensitive_unique,33260.0,3822.0,True
Cbr4,CBR4,case_insensitive_unique,8341.0,8990.0,True
Cbs,CBS,case_insensitive_unique,33358.0,403.0,True
Ccbl1,,unmatched,,,False
Ccbl2,,unmatched,,,False
Cd38,CD38,case_insensitive_unique,7349.0,1708.0,True
Cda,CDA,case_insensitive_unique,443.0,2101.0,True
Cdipt,CDIPT,case_insensitive_unique,25688.0,17571.0,True
Cdo1,CDO1,case_insensitive_unique,9357.0,14104.0,True
Cds1,CDS1,case_insensitive_unique,7802.0,1845.0,True
Cds2,CDS2,case_insensitive_unique,29250.0,15101.0,True
Cel,CEL,case_insensitive_unique,16791.0,295.0,True
Cept1,CEPT1,case_insensitive_unique,1558.0,8438.0,True
Cers1,CERS1,case_insensitive_unique,30784.0,3543.0,True
Cers2,CERS2,case_insensitive_unique,1820.0,30168.0,True
Cers3,CERS3,case_insensitive_unique,25019.0,25.0,True
Cers4,CERS4,case_insensitive_unique,30366.0,6494.0,True
Cers5,CERS5,case_insensitive_unique,20747.0,14881.0,True
Cers6,CERS6,case_insensitive_unique,4686.0,11739.0,True
Ces1a,,unmatched,,,False
Ces1b,,unmatched,,,False
Ces1c,,unmatched,,,False
Ces1d,,unmatched,,,False
Ces1e,,unmatched,,,False
Ces1f,,unmatched,,,False
Ces1g,,unmatched,,,False
Ces1h,,unmatched,,,False
Ces2,CES2,case_insensitive_unique,26114.0,11648.0,True
Ces2a,,unmatched,,,False
Ces2b,,unmatched,,,False
Ces2c,,unmatched,,,False
Ces2e,,unmatched,,,False
Ces2f,,unmatched,,,False
Ces2g,,unmatched,,,False
Ces2h,,unmatched,,,False
Ces2i,,unmatched,,,False
Ces2j,,unmatched,,,False
Ces3,CES3,case_insensitive_unique,26115.0,165.0,True
Ces3a,,unmatched,,,False
Ces3b,,unmatched,,,False
Ces5a,CES5A,case_insensitive_unique,25982.0,17.0,False
Cesl1,,unmatched,,,False
Chat,CHAT,case_insensitive_unique,19295.0,0.0,False
Chdh,CHDH,case_insensitive_unique,6017.0,3315.0,True
Chka,CHKA,case_insensitive_unique,18109.0,12977.0,True
Chkb,CHKB,case_insensitive_unique,32962.0,4312.0,True
Chpt1,CHPT1,case_insensitive_unique,21382.0,23422.0,True
Chst1,CHST1,case_insensitive_unique,17561.0,2184.0,True
Chst10,CHST10,case_insensitive_unique,4205.0,5834.0,True
Chst11,CHST11,case_insensitive_unique,21419.0,9359.0,True
Chst12,CHST12,case_insensitive_unique,11849.0,17415.0,True
Chst13,CHST13,case_insensitive_unique,6453.0,394.0,True
Chst14,CHST14,case_insensitive_unique,24153.0,8210.0,True
Chst15,CHST15,case_insensitive_unique,19996.0,11148.0,True
Chst2,CHST2,case_insensitive_unique,6630.0,4898.0,True
Chst3,CHST3,case_insensitive_unique,19438.0,5083.0,True
Chst4,CHST4,case_insensitive_unique,26250.0,682.0,True
Chst5,CHST5,case_insensitive_unique,26316.0,4.0,False
Chst6,CHST6,case_insensitive_unique,26312.0,801.0,True
Chst7,CHST7,case_insensitive_unique,13603.0,5881.0,True
Chst8,CHST8,case_insensitive_unique,30976.0,48.0,True
Chst9,CHST9,case_insensitive_unique,28729.0,3078.0,True
Ckb,CKB,case_insensitive_unique,23675.0,17711.0,True
Ckm,CKM,case_insensitive_unique,31415.0,1541.0,True
Ckmt1,,unmatched,,,False
Ckmt1a,CKMT1A,case_insensitive_unique,24243.0,511.0,True
Ckmt1b,CKMT1B,case_insensitive_unique,24239.0,486.0,True
Ckmt2,CKMT2,case_insensitive_unique,9140.0,1081.0,True
Clybl,CLYBL,case_insensitive_unique,22392.0,4105.0,True
Cmas,CMAS,case_insensitive_unique,20461.0,20822.0,True
Cmpk1,CMPK1,case_insensitive_unique,978.0,30072.0,True
Cmpk2,CMPK2,case_insensitive_unique,3229.0,3481.0,True
Coasy,COASY,case_insensitive_unique,27608.0,13397.0,True
Colgalt1,COLGALT1,case_insensitive_unique,30733.0,13625.0,True
Colgalt2,COLGALT2,case_insensitive_unique,2447.0,1312.0,True
Comt,COMT,case_insensitive_unique,32225.0,32898.0,True
Comtd1,COMTD1,case_insensitive_unique,19499.0,10085.0,True
Coq2,COQ2,case_insensitive_unique,7793.0,8940.0,True
Coq3,COQ3,case_insensitive_unique,11216.0,5491.0,True
Coq4,COQ4,case_insensitive_unique,16688.0,19379.0,True
Coq5,COQ5,case_insensitive_unique,21646.0,12604.0,True
Coq6,COQ6,case_insensitive_unique,23316.0,9370.0,True
Coq7,COQ7,case_insensitive_unique,25492.0,10875.0,True
Coq8a,COQ8A,case_insensitive_unique,2879.0,6664.0,True
Coq8b,COQ8B,case_insensitive_unique,31242.0,9948.0,True
Coq9,COQ9,case_insensitive_unique,26026.0,15703.0,True
Cox1,,unmatched,,,False
Cox10,COX10,case_insensitive_unique,26959.0,6132.0,True
Cox11,COX11,case_insensitive_unique,27918.0,22884.0,True
Cox14,COX14,case_insensitive_unique,20745.0,32331.0,True
Cox15,COX15,case_insensitive_unique,19749.0,10522.0,True
Cox16,COX16,case_insensitive_unique,23260.0,12996.0,True
Cox17,COX17,case_insensitive_unique,6373.0,33554.0,True
Cox18,COX18,case_insensitive_unique,7689.0,5251.0,True
Cox19,COX19,case_insensitive_unique,11816.0,14641.0,True
Cox2,,unmatched,,,False
Cox20,COX20,case_insensitive_unique,3067.0,31349.0,True
Cox3,,unmatched,,,False
Cox4i1,COX4I1,case_insensitive_unique,26449.0,51750.0,True
Cox4i2,COX4I2,case_insensitive_unique,29482.0,3722.0,True
Cox5a,COX5A,case_insensitive_unique,24667.0,38936.0,True
Cox5b,COX5B,case_insensitive_unique,4174.0,49021.0,True
Cox6a1,COX6A1,case_insensitive_unique,21638.0,48016.0,True
Cox6a2,COX6A2,case_insensitive_unique,25789.0,35.0,True
Cox6b1,COX6B1,case_insensitive_unique,31045.0,47586.0,True
Cox6b2,COX6B2,case_insensitive_unique,31870.0,378.0,True
Cox6c,COX6C,case_insensitive_unique,15312.0,50206.0,True
Cox6c2,,unmatched,,,False
Cox7a1,COX7A1,case_insensitive_unique,31084.0,19834.0,True
Cox7a2,COX7A2,case_insensitive_unique,11092.0,46694.0,True
Cox7a2l,COX7A2L,case_insensitive_unique,3600.0,39526.0,True
Cox7b,COX7B,case_insensitive_unique,13881.0,45465.0,True
Cox7b2,COX7B2,case_insensitive_unique,7521.0,1.0,False
Cox7c,COX7C,case_insensitive_unique,9174.0,51678.0,True
Cox8a,COX8A,case_insensitive_unique,17906.0,45879.0,True
Cox8b,,unmatched,,,False
Cox8c,COX8C,case_insensitive_unique,23523.0,23.0,True
Cp,CP,case_insensitive_unique,6665.0,328.0,True
Cpox,CPOX,case_insensitive_unique,6218.0,7219.0,True
Cps1,CPS1,case_insensitive_unique,5052.0,1549.0,True
Cpt1a,CPT1A,case_insensitive_unique,18118.0,8561.0,True
Cpt1b,CPT1B,case_insensitive_unique,32960.0,483.0,True
Cpt1c,CPT1C,case_insensitive_unique,31615.0,3710.0,True
Cpt2,CPT2,case_insensitive_unique,1044.0,5037.0,True
Crat,CRAT,case_insensitive_unique,16720.0,9519.0,True
Crls1,CRLS1,case_insensitive_unique,29266.0,15395.0,True
Crot,CROT,case_insensitive_unique,12500.0,6717.0,True
Cryl1,CRYL1,case_insensitive_unique,21892.0,15486.0,True
Cs,CS,case_insensitive_unique,20964.0,17079.0,True
Csad,CSAD,case_insensitive_unique,20830.0,10595.0,True
Cth,CTH,case_insensitive_unique,1212.0,1761.0,True
Ctps1,CTPS1,case_insensitive_unique,846.0,8181.0,True
Ctps2,CTPS2,case_insensitive_unique,13445.0,4845.0,True
Ctu1,CTU1,case_insensitive_unique,31687.0,10628.0,True
Ctu2,CTU2,case_insensitive_unique,26521.0,7002.0,True
Cyb5r1,CYB5R1,case_insensitive_unique,2593.0,16365.0,True
Cyb5r2,CYB5R2,case_insensitive_unique,17225.0,5101.0,True
Cyb5r3,CYB5R3,case_insensitive_unique,32823.0,29409.0,True
Cyb5r4,CYB5R4,case_insensitive_unique,11141.0,8346.0,True
Cyp11a1,CYP11A1,case_insensitive_unique,24645.0,3444.0,True
Cyp11b1,CYP11B1,case_insensitive_unique,15624.0,0.0,False
Cyp11b2,CYP11B2,case_insensitive_unique,15625.0,0.0,False
Cyp11b3,,unmatched,,,False
Cyp17a1,CYP17A1,case_insensitive_unique,19821.0,475.0,True
Cyp19a1,CYP19A1,case_insensitive_unique,24344.0,245.0,True
Cyp21,,unmatched,,,False
Cyp21a1,,unmatched,,,False
Cyp21a2,CYP21A2,case_insensitive_unique,10664.0,242.0,True
Cyp24a1,CYP24A1,case_insensitive_unique,29840.0,163.0,True
Cyp27a1,CYP27A1,case_insensitive_unique,5133.0,14000.0,True
Cyp27b1,CYP27B1,case_insensitive_unique,21027.0,495.0,True
Cyp2r1,CYP2R1,case_insensitive_unique,17320.0,2267.0,True
Cyp7a1,CYP7A1,case_insensitive_unique,14975.0,47.0,True
Cyp7b1,CYP7B1,case_insensitive_unique,15021.0,2496.0,True
D2hgdh,D2HGDH,case_insensitive_unique,5422.0,8316.0,True
Dak,,unmatched,,,False
Dao,DAO,case_insensitive_unique,21466.0,14.0,False
Dars2,DARS2,case_insensitive_unique,2346.0,3578.0,True
Dbh,DBH,case_insensitive_unique,16812.0,16.0,False
Dbt,DBT,case_insensitive_unique,1438.0,7290.0,True
Dck,DCK,case_insensitive_unique,7682.0,10599.0,True
Dctd,DCTD,case_insensitive_unique,8416.0,15975.0,True
Dcxr,DCXR,case_insensitive_unique,28428.0,24999.0,True
Ddah1,DDAH1,case_insensitive_unique,1313.0,10263.0,True
Ddah2,DDAH2,case_insensitive_unique,10634.0,31729.0,True
Ddc,DDC,case_insensitive_unique,12296.0,12.0,False
Decr1,DECR1,case_insensitive_unique,15212.0,26792.0,True
Decr2,DECR2,case_insensitive_unique,25075.0,5247.0,True
Dgat1,DGAT1,case_insensitive_unique,15686.0,9753.0,True
Dgat2,DGAT2,case_insensitive_unique,18260.0,671.0,True
Dgka,DGKA,case_insensitive_unique,20935.0,4264.0,True
Dgkb,DGKB,case_insensitive_unique,11949.0,348.0,True
Dgkd,DGKD,case_insensitive_unique,5304.0,10455.0,True
Dgke,DGKE,case_insensitive_unique,27932.0,6518.0,True
Dgkg,DGKG,case_insensitive_unique,6987.0,695.0,True
Dgkh,DGKH,case_insensitive_unique,22077.0,10646.0,True
Dgki,DGKI,case_insensitive_unique,12996.0,1259.0,True
Dgkk,DGKK,case_insensitive_unique,13697.0,11.0,False
Dgkq,DGKQ,case_insensitive_unique,7175.0,4722.0,True
Dgkz,DGKZ,case_insensitive_unique,17581.0,14169.0,True
Dguok,DGUOK,case_insensitive_unique,3889.0,30490.0,True
Dhcr7,DHCR7,case_insensitive_unique,18164.0,11565.0,True
Dhfr,DHFR,case_insensitive_unique,9133.0,8236.0,True
Dhfrl1,,unmatched,,,False
Dhodh,DHODH,case_insensitive_unique,26264.0,4625.0,True
Dhrs1,DHRS1,case_insensitive_unique,22845.0,8524.0,True
Dhrs2,DHRS2,case_insensitive_unique,22811.0,3148.0,True
Dhrs3,DHRS3,case_insensitive_unique,278.0,23825.0,True
Dhrs4,DHRS4,case_insensitive_unique,22814.0,4338.0,True
Dhrs7b,DHRS7B,case_insensitive_unique,27124.0,12782.0,True
Dhtkd1,DHTKD1,case_insensitive_unique,19000.0,8570.0,True
Dlat,DLAT,case_insensitive_unique,18542.0,10276.0,True
Dld,DLD,case_insensitive_unique,12767.0,19802.0,True
Dlst,DLST,case_insensitive_unique,23336.0,10631.0,True
Dmgdh,DMGDH,case_insensitive_unique,9113.0,1265.0,True
Dnase1,DNASE1,case_insensitive_unique,25290.0,5053.0,True
Dnase2,DNASE2,case_insensitive_unique,30557.0,13062.0,True
Dnase2b,DNASE2B,case_insensitive_unique,1295.0,78.0,True
Dnmt1,DNMT1,case_insensitive_unique,30432.0,15891.0,True
Dnmt3a,DNMT3A,case_insensitive_unique,3416.0,12029.0,True
Dnmt3b,DNMT3B,case_insensitive_unique,29511.0,1042.0,True
Dolk,DOLK,case_insensitive_unique,16714.0,9167.0,True
Dpyd,DPYD,case_insensitive_unique,1416.0,6119.0,True
Dpys,DPYS,case_insensitive_unique,15371.0,25.0,True
Dtymk,DTYMK,case_insensitive_unique,5419.0,19456.0,True
Dus2,DUS2,case_insensitive_unique,26174.0,3184.0,True
Dut,DUT,case_insensitive_unique,24307.0,40050.0,True
Ears2,EARS2,case_insensitive_unique,25574.0,3879.0,True
Ech1,ECH1,case_insensitive_unique,31170.0,30995.0,True
Echdc1,ECHDC1,case_insensitive_unique,11395.0,22760.0,True
Echdc2,ECHDC2,case_insensitive_unique,1038.0,17609.0,True
Echdc3,ECHDC3,case_insensitive_unique,18996.0,3351.0,True
Echs1,ECHS1,case_insensitive_unique,20092.0,32169.0,True
Eci1,ECI1,case_insensitive_unique,25204.0,24453.0,True
Eci2,ECI2,case_insensitive_unique,10222.0,26215.0,True
Eci3,,unmatched,,,False
Ehhadh,EHHADH,case_insensitive_unique,6977.0,2543.0,True
Elac1,ELAC1,case_insensitive_unique,28888.0,5339.0,True
Elac2,ELAC2,case_insensitive_unique,26952.0,11730.0,True
Endog,ENDOG,case_insensitive_unique,16708.0,19304.0,True
Eno1,ENO1,case_insensitive_unique,202.0,47699.0,True
Eno2,ENO2,case_insensitive_unique,20232.0,11730.0,True
Eno3,ENO3,case_insensitive_unique,26732.0,1761.0,True
Eno4,ENO4,case_insensitive_unique,19922.0,412.0,True
Enpp1,ENPP1,case_insensitive_unique,11423.0,6050.0,True
Enpp2,ENPP2,case_insensitive_unique,15434.0,8899.0,True
Enpp3,ENPP3,case_insensitive_unique,11420.0,183.0,True
Enpp4,ENPP4,case_insensitive_unique,10937.0,7950.0,True
Enpp5,ENPP5,case_insensitive_unique,10938.0,3191.0,True
Enpp6,ENPP6,case_insensitive_unique,8432.0,23845.0,True
Enpp7,ENPP7,case_insensitive_unique,28327.0,11.0,False
Entpd1,ENTPD1,case_insensitive_unique,19692.0,7376.0,True
Entpd2,ENTPD2,case_insensitive_unique,16910.0,846.0,True
Entpd3,ENTPD3,case_insensitive_unique,5729.0,162.0,True
Entpd4,ENTPD4,case_insensitive_unique,14673.0,13562.0,True
Entpd5,ENTPD5,case_insensitive_unique,23317.0,6644.0,True
Entpd6,ENTPD6,case_insensitive_unique,29448.0,9803.0,True
Entpd7,ENTPD7,case_insensitive_unique,19747.0,1329.0,True
Entpd8,ENTPD8,case_insensitive_unique,16942.0,360.0,True
Ephx1,EPHX1,case_insensitive_unique,2859.0,28742.0,True
Ephx2,EPHX2,case_insensitive_unique,14713.0,7327.0,True
Ephx3,EPHX3,case_insensitive_unique,30638.0,639.0,True
Ephx4,EPHX4,case_insensitive_unique,1369.0,896.0,True
Eprs,EPRS,case_insensitive_unique,2798.0,25976.0,True
Ept1,,unmatched,,,False
Eri1,ERI1,case_insensitive_unique,14503.0,7281.0,True
Eri2,ERI2,case_insensitive_unique,25529.0,3133.0,True
Eri3,ERI3,case_insensitive_unique,913.0,16718.0,True
Etfa,ETFA,case_insensitive_unique,24700.0,27007.0,True
Etfdh,ETFDH,case_insensitive_unique,8297.0,8902.0,True
Ethe1,ETHE1,case_insensitive_unique,31335.0,16335.0,True
Etnk1,ETNK1,case_insensitive_unique,20468.0,21353.0,True
Etnk2,ETNK2,case_insensitive_unique,2617.0,3738.0,True
Exog,EXOG,case_insensitive_unique,5709.0,9667.0,True
Fah,FAH,case_insensitive_unique,24758.0,8622.0,True
Fahd1,FAHD1,case_insensitive_unique,25167.0,11602.0,True
Fahd2a,FAHD2A,case_insensitive_unique,4123.0,13876.0,True
Fan1,FAN1,case_insensitive_unique,24041.0,6364.0,True
Fars2,FARS2,case_insensitive_unique,10239.0,7979.0,True
Fasn,FASN,case_insensitive_unique,28433.0,14486.0,True
Fbp1,FBP1,case_insensitive_unique,16326.0,4126.0,True
Fbp2,FBP2,case_insensitive_unique,16325.0,20.0,True
Fbp3,,unmatched,,,False
Fdft1,FDFT1,case_insensitive_unique,14548.0,22844.0,True
Fdps,FDPS,case_insensitive_unique,2015.0,34545.0,True
Fdxr,FDXR,case_insensitive_unique,28197.0,6696.0,True
Fech,FECH,case_insensitive_unique,28932.0,6515.0,True
Fh,FH,case_insensitive_unique,3038.0,16799.0,True
Fh1,,unmatched,,,False
Fhit,FHIT,case_insensitive_unique,6076.0,7454.0,True
Fkbp10,FKBP10,case_insensitive_unique,27578.0,23456.0,True
Fkbp11,FKBP11,case_insensitive_unique,20696.0,18209.0,True
Fkbp14,FKBP14,case_insensitive_unique,12092.0,17099.0,True
Fkbp15,FKBP15,case_insensitive_unique,16499.0,11533.0,True
Fkbp2,FKBP2,case_insensitive_unique,17921.0,39447.0,True
Fkbp3,FKBP3,case_insensitive_unique,23000.0,28770.0,True
Fkbp4,FKBP4,case_insensitive_unique,20142.0,21959.0,True
Fkbp5,FKBP5,case_insensitive_unique,10763.0,36894.0,True
Fkbp6,FKBP6,case_insensitive_unique,12403.0,40.0,True
Fkbp7,FKBP7,case_insensitive_unique,4804.0,12623.0,True
Fkbp8,FKBP8,case_insensitive_unique,30770.0,34979.0,True
Fkbp9,FKBP9,case_insensitive_unique,12128.0,21098.0,True
Flad1,FLAD1,case_insensitive_unique,1988.0,10245.0,True
Fnta,FNTA,case_insensitive_unique,14883.0,23415.0,True
Foxred1,FOXRED1,case_insensitive_unique,18797.0,7377.0,True
Foxred2,FOXRED2,case_insensitive_unique,32646.0,3781.0,True
Fpgs,FPGS,case_insensitive_unique,16662.0,8991.0,True
Ftcd,FTCD,case_insensitive_unique,33457.0,307.0,True
Fth1,FTH1,case_insensitive_unique,17832.0,58323.0,True
Ftmt,FTMT,case_insensitive_unique,9390.0,0.0,False
Fut1,FUT1,case_insensitive_unique,31550.0,342.0,True
Fut10,FUT10,case_insensitive_unique,14772.0,4211.0,True
Fut11,FUT11,case_insensitive_unique,19476.0,9270.0,True
Fut2,FUT2,case_insensitive_unique,31546.0,140.0,True
Fut3,FUT3,case_insensitive_unique,30271.0,12.0,False
Fut4,FUT4,case_insensitive_unique,18415.0,2915.0,True
Fut5,FUT5,case_insensitive_unique,30273.0,2.0,False
Fut6,FUT6,case_insensitive_unique,30270.0,92.0,True
Fut7,FUT7,case_insensitive_unique,16907.0,177.0,True
Fut8,FUT8,case_insensitive_unique,23214.0,10914.0,True
Fut9,FUT9,case_insensitive_unique,11200.0,1266.0,True
Fxn,FXN,case_insensitive_unique,16145.0,12882.0,True
G6pc,G6PC,case_insensitive_unique,27632.0,2.0,False
G6pc2,G6PC2,case_insensitive_unique,4689.0,4.0,False
G6pc3,G6PC3,case_insensitive_unique,27670.0,16797.0,True
G6pd,G6PD,case_insensitive_unique,14375.0,10859.0,True
G6pd2,,unmatched,,,False
G6pdx,,unmatched,,,False
Gaa,GAA,case_insensitive_unique,28340.0,12197.0,True
Gad1,GAD1,case_insensitive_unique,4713.0,225.0,True
Gad2,GAD2,case_insensitive_unique,19109.0,7.0,False
Gadl1,GADL1,case_insensitive_unique,5653.0,53.0,True
Gal3st1,GAL3ST1,case_insensitive_unique,32549.0,1178.0,True
Gal3st2,GAL3ST2,case_insensitive_unique,5425.0,7.0,False
Gal3st3,GAL3ST3,case_insensitive_unique,18021.0,252.0,True
Gal3st4,GAL3ST4,case_insensitive_unique,12636.0,4256.0,True
Galc,GALC,case_insensitive_unique,23449.0,5956.0,True
Gale,GALE,case_insensitive_unique,499.0,6688.0,True
Galk1,GALK1,case_insensitive_unique,28234.0,14363.0,True
Galk2,GALK2,case_insensitive_unique,24320.0,11284.0,True
Galt,GALT,case_insensitive_unique,15973.0,10518.0,True
Gamt,GAMT,case_insensitive_unique,30101.0,12466.0,True
Ganc,GANC,case_insensitive_unique,24208.0,4102.0,True
Gapdh,GAPDH,case_insensitive_unique,20203.0,56650.0,True
Gapdhs,GAPDHS,case_insensitive_unique,31034.0,35.0,True
Gars,GARS,case_insensitive_unique,12106.0,19351.0,True
Gart,GART,case_insensitive_unique,33226.0,13480.0,True
Gatc,GATC,case_insensitive_unique,21641.0,11610.0,True
Gatm,GATM,case_insensitive_unique,24278.0,6709.0,True
Gba,GBA,case_insensitive_unique,2009.0,8918.0,True
Gba2,GBA2,case_insensitive_unique,16008.0,9910.0,True
Gba3,,unmatched,,,False
Gbe1,GBE1,case_insensitive_unique,6168.0,12149.0,True
Gcdh,GCDH,case_insensitive_unique,30560.0,9261.0,True
Gch1,GCH1,case_insensitive_unique,23089.0,3711.0,True
Gck,GCK,case_insensitive_unique,12239.0,1597.0,True
Gclc,GCLC,case_insensitive_unique,11002.0,12561.0,True
Gclm,GCLM,case_insensitive_unique,1388.0,15015.0,True
Gcsh,GCSH,case_insensitive_unique,26381.0,29034.0,True
Gda,GDA,case_insensitive_unique,16168.0,27.0,True
Gfpt1,GFPT1,case_insensitive_unique,3826.0,16849.0,True
Gfpt2,GFPT2,case_insensitive_unique,10135.0,5529.0,True
Ggps1,GGPS1,case_insensitive_unique,2996.0,16238.0,True
Gk,GK,case_insensitive_unique,13525.0,6135.0,True
Gk2,GK2,case_insensitive_unique,7764.0,0.0,False
Gk3p,GK3P,case_insensitive_unique,8326.0,15.0,False
Gk5,GK5,case_insensitive_unique,6617.0,13418.0,True
Glb1,GLB1,case_insensitive_unique,5667.0,16642.0,True
Glb1l2,GLB1L2,case_insensitive_unique,18866.0,1762.0,True
Gldc,GLDC,case_insensitive_unique,15791.0,1595.0,True
Glo1,GLO1,case_insensitive_unique,10807.0,28721.0,True
Gls,GLS,case_insensitive_unique,4885.0,30330.0,True
Gls2,GLS2,case_insensitive_unique,20977.0,185.0,True
Glud1,GLUD1,case_insensitive_unique,19591.0,23232.0,True
Glud2,GLUD2,case_insensitive_unique,14114.0,138.0,True
Glul,GLUL,case_insensitive_unique,2425.0,41385.0,True
Glyat,GLYAT,case_insensitive_unique,17735.0,1.0,False
Glyctk,GLYCTK,case_insensitive_unique,5986.0,3247.0,True
Gmds,GMDS,case_insensitive_unique,10185.0,28302.0,True
Gmpr,GMPR,case_insensitive_unique,10332.0,13654.0,True
Gmpr2,GMPR2,case_insensitive_unique,22841.0,17028.0,True
Gmps,GMPS,case_insensitive_unique,6739.0,18330.0,True
Gne,GNE,case_insensitive_unique,16026.0,5136.0,True
Gnmt,GNMT,case_insensitive_unique,10873.0,237.0,True
Gnpda1,GNPDA1,case_insensitive_unique,9723.0,11550.0,True
Gnpda2,GNPDA2,case_insensitive_unique,7514.0,13101.0,True
Gnpnat1,GNPNAT1,case_insensitive_unique,23073.0,11041.0,True
Got1,GOT1,case_insensitive_unique,19739.0,12675.0,True
Got1l1,GOT1L1,case_insensitive_unique,14804.0,1.0,False
Got2,GOT2,case_insensitive_unique,26061.0,14119.0,True
Gpam,GPAM,case_insensitive_unique,19886.0,5163.0,True
Gpat2,GPAT2,case_insensitive_unique,4131.0,1538.0,True
Gpcpd1,GPCPD1,case_insensitive_unique,29259.0,14756.0,True
Gpd1,GPD1,case_insensitive_unique,20744.0,672.0,True
Gpd1l,GPD1L,case_insensitive_unique,5658.0,5692.0,True
Gpd2,GPD2,case_insensitive_unique,4613.0,7264.0,True
Gpi,GPI,case_insensitive_unique,30982.0,26064.0,True
Gpi1,,unmatched,,,False
Gpt,GPT,case_insensitive_unique,15705.0,190.0,True
Gpt2,GPT2,case_insensitive_unique,25872.0,4244.0,True
Gpx1,,unmatched,,,False
Gpx2,GPX2,case_insensitive_unique,23206.0,21.0,True
Gpx3,GPX3,case_insensitive_unique,9820.0,10207.0,True
Gpx4,GPX4,case_insensitive_unique,30084.0,48406.0,True
Gpx5,GPX5,case_insensitive_unique,10499.0,0.0,False
Gpx6,GPX6,case_insensitive_unique,10498.0,0.0,False
Gpx7,GPX7,case_insensitive_unique,1032.0,11446.0,True
Gpx8,GPX8,case_insensitive_unique,8902.0,25600.0,True
Grhpr,GRHPR,case_insensitive_unique,16038.0,30782.0,True
Gsr,GSR,case_insensitive_unique,14760.0,7593.0,True
Gss,GSS,case_insensitive_unique,29555.0,13528.0,True
Gsta1,GSTA1,case_insensitive_unique,10993.0,57.0,True
Gsta2,GSTA2,case_insensitive_unique,10992.0,1.0,False
Gsta3,GSTA3,case_insensitive_unique,10995.0,2.0,False
Gsta4,GSTA4,case_insensitive_unique,10996.0,13805.0,True
Gsta5,GSTA5,case_insensitive_unique,10994.0,0.0,False
Gsta6,,unmatched,,,False
Gstk1,GSTK1,case_insensitive_unique,13144.0,27504.0,True
Gstm1,GSTM1,case_insensitive_unique,1519.0,207.0,True
Gstm2,GSTM2,case_insensitive_unique,1518.0,2534.0,True
Gstm3,GSTM3,case_insensitive_unique,1523.0,26621.0,True
Gstm4,GSTM4,case_insensitive_unique,1517.0,7294.0,True
Gstm5,GSTM5,case_insensitive_unique,1521.0,9025.0,True
Gstm6,,unmatched,,,False
Gstm7,,unmatched,,,False
Gsto1,GSTO1,case_insensitive_unique,19851.0,37437.0,True
Gsto2,GSTO2,case_insensitive_unique,19852.0,2759.0,True
Gstp1,GSTP1,case_insensitive_unique,18094.0,51836.0,True
Gstp2,,unmatched,,,False
Gstt1,,unmatched,,,False
Gstt2,,unmatched,,,False
Gstt2b,GSTT2B,case_insensitive_unique,32413.0,1826.0,True
Gstt3,,unmatched,,,False
Gstt4,GSTT4,case_insensitive_unique,32417.0,8.0,False
Gstya,,unmatched,,,False
Gstz1,GSTZ1,case_insensitive_unique,23389.0,8466.0,True
Guk1,GUK1,case_insensitive_unique,2895.0,47927.0,True
Guk2,,unmatched,,,False
Gulo,,unmatched,,,False
Gusb,GUSB,case_insensitive_unique,12369.0,19092.0,True
Gys1,GYS1,case_insensitive_unique,31563.0,4705.0,True
Gys2,GYS2,case_insensitive_unique,20454.0,27.0,True
H2-Ke6,,unmatched,,,False
H6pd,H6PD,case_insensitive_unique,210.0,9119.0,True
Haao,HAAO,case_insensitive_unique,3604.0,6815.0,True
Hadh,HADH,case_insensitive_unique,7955.0,11773.0,True
Hadha,HADHA,case_insensitive_unique,3424.0,34432.0,True
Hadhb,HADHB,case_insensitive_unique,3425.0,30446.0,True
Hagh,HAGH,case_insensitive_unique,25166.0,27424.0,True
Hal,HAL,case_insensitive_unique,21338.0,97.0,True
Hao1,HAO1,case_insensitive_unique,29278.0,1.0,False
Hao2,HAO2,case_insensitive_unique,1665.0,11.0,False
Hars2,HARS2,case_insensitive_unique,9633.0,4813.0,True
Hccs,HCCS,case_insensitive_unique,13398.0,12080.0,True
Hdc,HDC,case_insensitive_unique,24328.0,253.0,True
Hdhd2,HDHD2,case_insensitive_unique,28851.0,10699.0,True
Hdhd3,HDHD3,case_insensitive_unique,16506.0,6906.0,True
Hemk1,HEMK1,case_insensitive_unique,5950.0,7703.0,True
Hgd,HGD,case_insensitive_unique,6384.0,47.0,True
Hibadh,HIBADH,case_insensitive_unique,12071.0,13420.0,True
Hibch,HIBCH,case_insensitive_unique,4876.0,17802.0,True
Hk1,HK1,case_insensitive_unique,19402.0,15313.0,True
Hk2,HK2,case_insensitive_unique,3927.0,4410.0,True
Hk3,HK3,case_insensitive_unique,10058.0,799.0,True
Hkdc1,HKDC1,case_insensitive_unique,19400.0,370.0,True
Hmbs,HMBS,case_insensitive_unique,18670.0,10541.0,True
Hmgcl,HMGCL,case_insensitive_unique,500.0,10150.0,True
Hmgcll1,HMGCLL1,case_insensitive_unique,11020.0,6269.0,True
Hmgcr,HMGCR,case_insensitive_unique,9078.0,13829.0,True
Hmgcs1,HMGCS1,case_insensitive_unique,8846.0,19008.0,True
Hmgcs2,HMGCS2,case_insensitive_unique,1670.0,26.0,True
Hmox1,HMOX1,case_insensitive_unique,32625.0,6067.0,True
Hmox2,HMOX2,case_insensitive_unique,25308.0,20185.0,True
Hmox2-ps1,,unmatched,,,False
Hnmt,HNMT,case_insensitive_unique,4528.0,21931.0,True
Hoga1,HOGA1,case_insensitive_unique,19720.0,1741.0,True
Hpd,HPD,case_insensitive_unique,21680.0,67.0,True
Hpgds,HPGDS,case_insensitive_unique,7863.0,2593.0,True
Hprt1,HPRT1,case_insensitive_unique,14168.0,21035.0,True
Hsd11b1,HSD11B1,case_insensitive_unique,2711.0,886.0,True
Hsd11b2,HSD11B2,case_insensitive_unique,26138.0,177.0,True
Hsd17b1,HSD17B1,case_insensitive_unique,27606.0,2845.0,True
Hsd17b10,HSD17B10,case_insensitive_unique,13736.0,30204.0,True
Hsd17b11,HSD17B11,case_insensitive_unique,7817.0,15628.0,True
Hsd17b12,HSD17B12,case_insensitive_unique,17532.0,29720.0,True
Hsd17b13,HSD17B13,case_insensitive_unique,7816.0,110.0,True
Hsd17b14,HSD17B14,case_insensitive_unique,31553.0,7768.0,True
Hsd17b2,HSD17B2,case_insensitive_unique,26391.0,13172.0,True
Hsd17b3,HSD17B3,case_insensitive_unique,16344.0,87.0,True
Hsd17b4,HSD17B4,case_insensitive_unique,9383.0,20194.0,True
Hsd17b5,,unmatched,,,False
Hsd17b6,HSD17B6,case_insensitive_unique,20984.0,583.0,True
Hsd17b7,HSD17B7,case_insensitive_unique,2228.0,7571.0,True
Hsd17b8,HSD17B8,case_insensitive_unique,10709.0,6781.0,True
Hsd3b,,unmatched,,,False
Hsd3b1,HSD3B1,case_insensitive_unique,1667.0,1.0,False
Hsd3b2,HSD3B2,case_insensitive_unique,1666.0,13.0,False
Hsd3b3,,unmatched,,,False
Hsd3b4,,unmatched,,,False
Hsd3b5,,unmatched,,,False
Hsd3b6,,unmatched,,,False
Hsd3b7,HSD3B7,case_insensitive_unique,25763.0,4098.0,True
Hsdl1,HSDL1,case_insensitive_unique,26413.0,6714.0,True
Hsdl2,HSDL2,case_insensitive_unique,16486.0,14354.0,True
Htatip2,HTATIP2,case_insensitive_unique,17385.0,11037.0,True
Hykk,HYKK,case_insensitive_unique,24734.0,3197.0,True
Iars,IARS,case_insensitive_unique,16290.0,21992.0,True
Iars2,IARS2,case_insensitive_unique,2800.0,19720.0,True
Ide,IDE,case_insensitive_unique,19655.0,8647.0,True
Idh1,IDH1,case_insensitive_unique,5038.0,14709.0,True
Idh2,IDH2,case_insensitive_unique,24890.0,17659.0,True
Idh3a,IDH3A,case_insensitive_unique,24723.0,15340.0,True
Idh3B,IDH3B,case_insensitive_unique,29193.0,21674.0,True
Idh3g,IDH3G,case_insensitive_unique,14338.0,27457.0,True
Idi1,IDI1,case_insensitive_unique,18887.0,29560.0,True
Idi2,IDI2,case_insensitive_unique,18885.0,289.0,True
Idnk,IDNK,case_insensitive_unique,16221.0,7096.0,True
Il4i1,IL4I1,case_insensitive_unique,31628.0,1834.0,True
Impa1,IMPA1,case_insensitive_unique,15162.0,12566.0,True
Impa2,IMPA2,case_insensitive_unique,28615.0,3657.0,True
Impad1,IMPAD1,case_insensitive_unique,14961.0,29624.0,True
Impdh1,IMPDH1,case_insensitive_unique,12895.0,10299.0,True
Impdh2,IMPDH2,case_insensitive_unique,5885.0,26854.0,True
Isoc2a,,unmatched,,,False
Isyna1,ISYNA1,case_insensitive_unique,30766.0,19295.0,True
Ivd,IVD,case_insensitive_unique,24149.0,16505.0,True
Jmjd4,JMJD4,case_insensitive_unique,2886.0,8823.0,True
Jmjd6,JMJD6,case_insensitive_unique,28276.0,17138.0,True
Jmjd7,JMJD7,case_insensitive_unique,24193.0,12.0,False
Jmjd8,JMJD8,case_insensitive_unique,25095.0,13573.0,True
Kars,KARS,case_insensitive_unique,26322.0,19657.0,True
Kat3,,unmatched,,,False
Kdsr,KDSR,case_insensitive_unique,28991.0,25389.0,True
Khk,KHK,case_insensitive_unique,3446.0,1314.0,True
Kmo,KMO,case_insensitive_unique,3039.0,945.0,True
Kynu,KYNU,case_insensitive_unique,4541.0,3014.0,True
L2hgdh,L2HGDH,case_insensitive_unique,23030.0,2156.0,True
Lactb,LACTB,case_insensitive_unique,24470.0,17710.0,True
Lactb2,LACTB2,case_insensitive_unique,15071.0,11174.0,True
Lars,LARS,case_insensitive_unique,9746.0,25410.0,True
Lars2,LARS2,case_insensitive_unique,5803.0,3583.0,True
Lclat1,LCLAT1,case_insensitive_unique,3506.0,6214.0,True
Ldha,LDHA,case_insensitive_unique,17358.0,48436.0,True
Ldhal6a,LDHAL6A,case_insensitive_unique,17360.0,37.0,True
Ldhal6b,LDHAL6B,case_insensitive_unique,24428.0,24.0,True
Ldhb,LDHB,case_insensitive_unique,20455.0,47620.0,True
Ldhc,LDHC,case_insensitive_unique,17359.0,279.0,True
Ldhd,LDHD,case_insensitive_unique,26302.0,1286.0,True
Lhpp,LHPP,case_insensitive_unique,19999.0,7586.0,True
Lias,LIAS,case_insensitive_unique,7469.0,6816.0,True
Lipa,LIPA,case_insensitive_unique,19617.0,18545.0,True
Lipc,LIPC,case_insensitive_unique,24415.0,441.0,True
Lipf,LIPF,case_insensitive_unique,19607.0,3.0,False
Lipg,LIPG,case_insensitive_unique,28874.0,1451.0,True
Lipt1,LIPT1,case_insensitive_unique,4191.0,3115.0,True
Lipt2,LIPT2,case_insensitive_unique,18237.0,971.0,True
Lpcat1,LPCAT1,case_insensitive_unique,8535.0,9696.0,True
Lpcat2,LPCAT2,case_insensitive_unique,25977.0,7536.0,True
Lpcat3,LPCAT3,case_insensitive_unique,20241.0,13452.0,True
Lpcat4,LPCAT4,case_insensitive_unique,24079.0,4483.0,True
Lpin1,LPIN1,case_insensitive_unique,3300.0,10197.0,True
Lpin2,LPIN2,case_insensitive_unique,28510.0,15930.0,True
Lpin3,LPIN3,case_insensitive_unique,29653.0,6739.0,True
Lpl,LPL,case_insensitive_unique,14612.0,3800.0,True
Lrat,LRAT,case_insensitive_unique,8266.0,425.0,True
Lss,LSS,case_insensitive_unique,33461.0,9342.0,True
Lypla1,LYPLA1,case_insensitive_unique,14938.0,25292.0,True
Lypla2,LYPLA2,case_insensitive_unique,498.0,8867.0,True
Lyplal1,LYPLAL1,case_insensitive_unique,2791.0,22202.0,True
Macrod1,MACROD1,case_insensitive_unique,17909.0,8237.0,True
Macrod2,MACROD2,case_insensitive_unique,29323.0,4247.0,True
Maoa,MAOA,case_insensitive_unique,13584.0,4208.0,True
Maob,MAOB,case_insensitive_unique,13585.0,670.0,True
Marc1,MARC1,case_insensitive_unique,2808.0,1974.0,True
Marc2,MARC2,case_insensitive_unique,2807.0,4092.0,True
Mars,MARS,case_insensitive_unique,21008.0,13305.0,True
Mars2,MARS2,case_insensitive_unique,4929.0,1417.0,True
Mat1a,MAT1A,case_insensitive_unique,19550.0,8.0,False
Mat2a,MAT2A,case_insensitive_unique,3977.0,30970.0,True
Mat2b,MAT2B,case_insensitive_unique,9930.0,13841.0,True
Mboat1,MBOAT1,case_insensitive_unique,10353.0,1753.0,True
Mboat2,MBOAT2,case_insensitive_unique,3247.0,20236.0,True
Mcat,MCAT,case_insensitive_unique,32831.0,5736.0,True
Mccc1,MCCC1,case_insensitive_unique,6927.0,7184.0,True
Mccc2,MCCC2,case_insensitive_unique,9032.0,11014.0,True
Mcee,MCEE,case_insensitive_unique,3862.0,8020.0,True
Mdh1,MDH1,case_insensitive_unique,3760.0,35727.0,True
Mdh2,MDH2,case_insensitive_unique,12446.0,35334.0,True
Mdp1,MDP1,case_insensitive_unique,22838.0,3936.0,True
Me1,ME1,case_insensitive_unique,11136.0,10699.0,True
Me2,ME2,case_insensitive_unique,28887.0,12673.0,True
Me3,ME3,case_insensitive_unique,18356.0,6591.0,True
Mecr,MECR,case_insensitive_unique,632.0,9892.0,True
Metap1d,METAP1D,case_insensitive_unique,4723.0,2941.0,True
Mettl1,METTL1,case_insensitive_unique,21028.0,7788.0,True
Mettl10,,unmatched,,,False
Mettl13,METTL13,case_insensitive_unique,2326.0,7371.0,True
Mettl14,METTL14,case_insensitive_unique,8018.0,9983.0,True
Mettl15,METTL15,case_insensitive_unique,17428.0,7757.0,True
Mettl16,METTL16,case_insensitive_unique,26652.0,11109.0,True
Mettl17,METTL17,case_insensitive_unique,22603.0,9474.0,True
Mettl18,METTL18,case_insensitive_unique,2302.0,3416.0,True
Mettl2,,unmatched,,,False
Mettl20,,unmatched,,,False
Mettl3,METTL3,case_insensitive_unique,22625.0,8247.0,True
Mettl4,METTL4,case_insensitive_unique,28505.0,5731.0,True
Mettl5,METTL5,case_insensitive_unique,4703.0,25868.0,True
Mettl6,METTL6,case_insensitive_unique,5581.0,7323.0,True
Mettl8,METTL8,case_insensitive_unique,4717.0,10665.0,True
Mettl9,METTL9,case_insensitive_unique,25542.0,30869.0,True
Mgam,MGAM,case_insensitive_unique,13044.0,301.0,True
Mgll,MGLL,case_insensitive_unique,6469.0,11908.0,True
Mgme1,MGME1,case_insensitive_unique,29342.0,7781.0,True
Mgmt,MGMT,case_insensitive_unique,20041.0,25667.0,True
Mgst1,MGST1,case_insensitive_unique,20423.0,9634.0,True
Mgst2,MGST2,case_insensitive_unique,8144.0,25256.0,True
Mgst3,MGST3,case_insensitive_unique,2244.0,44141.0,True
Miox,MIOX,case_insensitive_unique,32949.0,77.0,True
Mlycd,MLYCD,case_insensitive_unique,26405.0,5087.0,True
Mmab,MMAB,case_insensitive_unique,21479.0,18641.0,True
Mmachc,MMACHC,case_insensitive_unique,935.0,1566.0,True
Mocs1,MOCS1,case_insensitive_unique,10819.0,2857.0,True
Mocs2,MOCS2,case_insensitive_unique,8885.0,22875.0,True
Mocs3,MOCS3,case_insensitive_unique,29815.0,4798.0,True
Mogat1,MOGAT1,case_insensitive_unique,5200.0,76.0,True
Mogat2,MOGAT2,case_insensitive_unique,18258.0,14.0,False
Mogat3,MOGAT3,case_insensitive_unique,12684.0,84.0,True
Mpi,MPI,case_insensitive_unique,24665.0,10098.0,True
Mpst,MPST,case_insensitive_unique,32660.0,16908.0,True
Mrm1,MRM1,case_insensitive_unique,27400.0,2121.0,True
Mrm2,MRM2,case_insensitive_unique,11845.0,11681.0,True
Msra,MSRA,case_insensitive_unique,14518.0,7929.0,True
Msrb1,MSRB1,case_insensitive_unique,25172.0,9833.0,True
Msrb2,MSRB2,case_insensitive_unique,19092.0,26408.0,True
Msrb3,MSRB3,case_insensitive_unique,21086.0,23751.0,True
mt-Co1,MT-CO1,case_insensitive_unique,33475.0,58722.0,True
mt-Co2,MT-CO2,case_insensitive_unique,33476.0,58699.0,True
mt-Co3,MT-CO3,case_insensitive_unique,33479.0,58757.0,True
Mthfd1,MTHFD1,case_insensitive_unique,23192.0,10641.0,True
Mthfd1l,MTHFD1L,case_insensitive_unique,11605.0,10318.0,True
Mthfd2,MTHFD2,case_insensitive_unique,3898.0,10690.0,True
Mthfd2l,MTHFD2L,case_insensitive_unique,7707.0,7804.0,True
Mthfr,MTHFR,case_insensitive_unique,265.0,11703.0,True
Mthfs,MTHFS,case_insensitive_unique,24751.0,12127.0,True
mt-Nd1,MT-ND1,case_insensitive_unique,33473.0,58579.0,True
mt-Nd2,MT-ND2,case_insensitive_unique,33474.0,58211.0,True
mt-Nd3,MT-ND3,case_insensitive_unique,33480.0,58576.0,True
mt-Nd4,MT-ND4,case_insensitive_unique,33482.0,58633.0,True
mt-Nd4l,MT-ND4L,case_insensitive_unique,33481.0,45884.0,True
mt-Nd5,MT-ND5,case_insensitive_unique,33483.0,56438.0,True
mt-Nd6,MT-ND6,case_insensitive_unique,33484.0,38723.0,True
Mto1,MTO1,case_insensitive_unique,11081.0,7392.0,True
Mtr,MTR,case_insensitive_unique,3015.0,15535.0,True
Mut,MUT,case_insensitive_unique,10960.0,12392.0,True
Mutyh,MUTYH,case_insensitive_unique,931.0,3352.0,True
Mvd,MVD,case_insensitive_unique,26516.0,11499.0,True
Mvk,MVK,case_insensitive_unique,21480.0,7178.0,True
Nadk,NADK,case_insensitive_unique,78.0,12319.0,True
Nadk2,NADK2,case_insensitive_unique,8781.0,8346.0,True
Nadsyn1,NADSYN1,case_insensitive_unique,18166.0,9326.0,True
Naglu,NAGLU,case_insensitive_unique,27605.0,16438.0,True
Nags,NAGS,case_insensitive_unique,27667.0,2233.0,True
Nanp,NANP,case_insensitive_unique,29457.0,4984.0,True
Nans,NANS,case_insensitive_unique,16376.0,26419.0,True
Naprt1,,unmatched,,,False
Nars2,NARS2,case_insensitive_unique,18314.0,7189.0,True
Nat1,NAT1,case_insensitive_unique,14599.0,1886.0,True
Nat2,NAT2,case_insensitive_unique,14600.0,177.0,True
Nat3,,unmatched,,,False
Naxd,NAXD,case_insensitive_unique,22465.0,8487.0,True
ND1,,unmatched,,,False
ND2,,unmatched,,,False
ND3,,unmatched,,,False
ND4,,unmatched,,,False
ND4L,,unmatched,,,False
ND5,,unmatched,,,False
ND6,,unmatched,,,False
Ndor1,NDOR1,case_insensitive_unique,16927.0,1402.0,True
Ndufa1,NDUFA1,case_insensitive_unique,14085.0,46440.0,True
Ndufa10,NDUFA10,case_insensitive_unique,5381.0,30471.0,True
Ndufa11,NDUFA11,case_insensitive_unique,30275.0,42159.0,True
Ndufa12,NDUFA12,case_insensitive_unique,21325.0,39158.0,True
Ndufa13,NDUFA13,case_insensitive_unique,30808.0,41452.0,True
Ndufa2,NDUFA2,case_insensitive_unique,9627.0,37256.0,True
Ndufa3,NDUFA3,case_insensitive_unique,31803.0,35962.0,True
Ndufa4,NDUFA4,case_insensitive_unique,11934.0,50046.0,True
Ndufa5,NDUFA5,case_insensitive_unique,12854.0,34843.0,True
Ndufa6,NDUFA6,case_insensitive_unique,32808.0,29615.0,True
Ndufa7,NDUFA7,case_insensitive_unique,30370.0,16137.0,True
Ndufa8,NDUFA8,case_insensitive_unique,16575.0,30261.0,True
Ndufa9,NDUFA9,case_insensitive_unique,20172.0,24834.0,True
Ndufaf1,NDUFAF1,case_insensitive_unique,24182.0,10994.0,True
Ndufaf2,NDUFAF2,case_insensitive_unique,8951.0,23996.0,True
Ndufaf3,NDUFAF3,case_insensitive_unique,5884.0,36067.0,True
Ndufaf4,NDUFAF4,case_insensitive_unique,11206.0,14527.0,True
Ndufaf5,NDUFAF5,case_insensitive_unique,29321.0,10761.0,True
Ndufaf6,NDUFAF6,case_insensitive_unique,15269.0,9893.0,True
Ndufaf7,NDUFAF7,case_insensitive_unique,3555.0,7922.0,True
Ndufaf8,NDUFAF8,case_insensitive_unique,28371.0,33033.0,True
Ndufb1,NDUFB1,case_insensitive_unique,23504.0,39578.0,True
Ndufb10,NDUFB10,case_insensitive_unique,25174.0,39367.0,True
Ndufb11,NDUFB11,case_insensitive_unique,13609.0,41950.0,True
Ndufb2,NDUFB2,case_insensitive_unique,13025.0,46133.0,True
Ndufb3,NDUFB3,case_insensitive_unique,4957.0,36434.0,True
Ndufb4,NDUFB4,case_insensitive_unique,6383.0,42177.0,True
Ndufb5,NDUFB5,case_insensitive_unique,6899.0,35528.0,True
Ndufb6,NDUFB6,case_insensitive_unique,15918.0,30310.0,True
Ndufb7,NDUFB7,case_insensitive_unique,30619.0,42208.0,True
Ndufb8,NDUFB8,case_insensitive_unique,19767.0,42107.0,True
Ndufb9,NDUFB9,case_insensitive_unique,15491.0,33220.0,True
Ndufc1,NDUFC1,case_insensitive_unique,8137.0,39293.0,True
Ndufc2,NDUFC2,case_insensitive_unique,18305.0,44059.0,True
Ndufs1,NDUFS1,case_insensitive_unique,5003.0,22115.0,True
Ndufs2,NDUFS2,case_insensitive_unique,2192.0,32035.0,True
Ndufs3,NDUFS3,case_insensitive_unique,17610.0,31197.0,True
Ndufs4,NDUFS4,case_insensitive_unique,8888.0,35838.0,True
Ndufs5,NDUFS5,case_insensitive_unique,803.0,45230.0,True
Ndufs6,NDUFS6,case_insensitive_unique,8540.0,41502.0,True
Ndufs7,NDUFS7,case_insensitive_unique,30098.0,33995.0,True
Ndufs8,NDUFS8,case_insensitive_unique,18106.0,37991.0,True
Ndufv1,NDUFV1,case_insensitive_unique,18097.0,30536.0,True
Ndufv2,NDUFV2,case_insensitive_unique,28571.0,38384.0,True
Ndufv3,NDUFV3,case_insensitive_unique,33354.0,24657.0,True
Neu1,NEU1,case_insensitive_unique,10647.0,19969.0,True
Neu2,NEU2,case_insensitive_unique,5299.0,0.0,False
Neu3,NEU3,case_insensitive_unique,18243.0,3813.0,True
Neu4,NEU4,case_insensitive_unique,5428.0,548.0,True
Nfs1,NFS1,case_insensitive_unique,29578.0,8287.0,True
Nit1,NIT1,case_insensitive_unique,2184.0,10124.0,True
Nit2,NIT2,case_insensitive_unique,6234.0,20535.0,True
Nme1,NME1,case_insensitive_unique,27902.0,32945.0,True
Nme2,NME2,case_insensitive_unique,27904.0,8154.0,True
Nme2p1,,unmatched,,,False
Nme3,NME3,case_insensitive_unique,25160.0,30460.0,True
Nme4,NME4,case_insensitive_unique,25074.0,29856.0,True
Nme5,NME5,case_insensitive_unique,9569.0,5614.0,True
Nme6,NME6,case_insensitive_unique,5852.0,10544.0,True
Nme7,NME7,case_insensitive_unique,2290.0,9857.0,True
Nmnat1,NMNAT1,case_insensitive_unique,224.0,4174.0,True
Nmnat2,NMNAT2,case_insensitive_unique,2440.0,14138.0,True
Nmnat3,NMNAT3,case_insensitive_unique,6595.0,3101.0,True
Nnt,NNT,case_insensitive_unique,8854.0,15872.0,True
Nos1,NOS1,case_insensitive_unique,21592.0,1020.0,True
Nos2,NOS2,case_insensitive_unique,27153.0,261.0,True
Nos3,NOS3,case_insensitive_unique,13237.0,1121.0,True
Npl,NPL,case_insensitive_unique,2434.0,4155.0,True
Nrd1,,unmatched,,,False
Nsun2,NSUN2,case_insensitive_unique,8587.0,10844.0,True
Nsun3,NSUN3,case_insensitive_unique,6194.0,5437.0,True
Nsun4,NSUN4,case_insensitive_unique,955.0,6394.0,True
Nsun5,NSUN5,case_insensitive_unique,12401.0,11704.0,True
Nsun6,NSUN6,case_insensitive_unique,19063.0,8821.0,True
Nsun7,NSUN7,case_insensitive_unique,7483.0,1105.0,True
Nt5c,NT5C,case_insensitive_unique,28210.0,27269.0,True
Nt5c1a,NT5C1A,case_insensitive_unique,811.0,22.0,True
Nt5c1b,NT5C1B,case_insensitive_unique,3344.0,25.0,True
Nt5c2,NT5C2,case_insensitive_unique,19829.0,15177.0,True
Nt5c3a,NT5C3A,case_insensitive_unique,12129.0,14788.0,True
Nt5c3b,NT5C3B,case_insensitive_unique,27579.0,16483.0,True
Nt5dc1,NT5DC1,case_insensitive_unique,11333.0,13036.0,True
Nt5dc2,NT5DC2,case_insensitive_unique,5994.0,21213.0,True
Nt5dc3,NT5DC3,case_insensitive_unique,21406.0,7685.0,True
Nt5dc4,NT5DC4,case_insensitive_unique,4342.0,13.0,False
Nt5e,NT5E,case_insensitive_unique,11150.0,15866.0,True
Nt5m,NT5M,case_insensitive_unique,27029.0,2563.0,True
Nthl1,NTHL1,case_insensitive_unique,25188.0,14553.0,True
Ntpcr,NTPCR,case_insensitive_unique,2964.0,16428.0,True
Nudt1,NUDT1,case_insensitive_unique,11846.0,17728.0,True
Nudt10,NUDT10,case_insensitive_unique,13701.0,2488.0,True
Nudt11,NUDT11,case_insensitive_unique,13705.0,6651.0,True
Nudt12,NUDT12,case_insensitive_unique,9290.0,6062.0,True
Nudt13,NUDT13,case_insensitive_unique,19454.0,868.0,True
Nudt14,NUDT14,case_insensitive_unique,23724.0,9187.0,True
Nudt15,NUDT15,case_insensitive_unique,22141.0,10890.0,True
Nudt16,NUDT16,case_insensitive_unique,6519.0,17599.0,True
Nudt17,NUDT17,case_insensitive_unique,1717.0,3293.0,True
Nudt18,NUDT18,case_insensitive_unique,14634.0,5195.0,True
Nudt19,NUDT19,case_insensitive_unique,30954.0,6913.0,True
Nudt2,NUDT2,case_insensitive_unique,15960.0,12802.0,True
Nudt3,NUDT3,case_insensitive_unique,10741.0,20714.0,True
Nudt4,NUDT4,case_insensitive_unique,21309.0,25326.0,True
Nudt5,NUDT5,case_insensitive_unique,19002.0,23188.0,True
Nudt6,NUDT6,case_insensitive_unique,8056.0,5531.0,True
Nudt7,NUDT7,case_insensitive_unique,26342.0,4768.0,True
Nudt8,NUDT8,case_insensitive_unique,18098.0,7909.0,True
Nudt9,NUDT9,case_insensitive_unique,7818.0,14467.0,True
Oat,OAT,case_insensitive_unique,19997.0,27273.0,True
Obscn,OBSCN,case_insensitive_unique,2900.0,3356.0,True
Odc1,ODC1,case_insensitive_unique,3276.0,34910.0,True
Ogdh,OGDH,case_insensitive_unique,12246.0,13730.0,True
Ogdhl,OGDHL,case_insensitive_unique,19298.0,4287.0,True
Ogg1,OGG1,case_insensitive_unique,5497.0,8220.0,True
Olah,OLAH,case_insensitive_unique,19031.0,1307.0,True
Ostc,OSTC,case_insensitive_unique,7959.0,37648.0,True
Otc,OTC,case_insensitive_unique,13554.0,4.0,False
Oxct1,OXCT1,case_insensitive_unique,8829.0,13257.0,True
Oxct2,OXCT2,case_insensitive_unique,815.0,549.0,True
Oxct2a,,unmatched,,,False
Oxct2b,,unmatched,,,False
Oxnad1,OXNAD1,case_insensitive_unique,5590.0,5297.0,True
Oxsm,OXSM,case_insensitive_unique,5630.0,5113.0,True
P4ha1,P4HA1,case_insensitive_unique,19451.0,21908.0,True
P4ha2,P4HA2,case_insensitive_unique,9469.0,19199.0,True
P4ha3,P4HA3,case_insensitive_unique,18231.0,1546.0,True
P4hb,P4HB,case_insensitive_unique,28404.0,40626.0,True
Pah,PAH,case_insensitive_unique,21396.0,10.0,False
Paics,PAICS,case_insensitive_unique,7591.0,17113.0,True
Pank1,PANK1,case_insensitive_unique,19626.0,4266.0,True
Pank2,PANK2,case_insensitive_unique,29229.0,14360.0,True
Pank3,PANK3,case_insensitive_unique,9953.0,18040.0,True
Pank4,PANK4,case_insensitive_unique,99.0,2886.0,True
Papd4,,unmatched,,,False
Papd5,,unmatched,,,False
Papd7,,unmatched,,,False
Papss1,PAPSS1,case_insensitive_unique,7950.0,20316.0,True
Papss2,PAPSS2,case_insensitive_unique,19601.0,7917.0,True
Park2,,unmatched,,,False
Park7,PARK7,case_insensitive_unique,191.0,47184.0,True
Pars2,PARS2,case_insensitive_unique,1082.0,1056.0,True
Pc,PC,case_insensitive_unique,18065.0,4247.0,True
Pcbd1,PCBD1,case_insensitive_unique,19425.0,22683.0,True
Pcbd2,PCBD2,case_insensitive_unique,9525.0,6372.0,True
Pcca,PCCA,case_insensitive_unique,22399.0,12130.0,True
Pccb,PCCB,case_insensitive_unique,6556.0,10319.0,True
Pck1,PCK1,case_insensitive_unique,29871.0,293.0,True
Pck2,PCK2,case_insensitive_unique,22819.0,3515.0,True
Pcx,,unmatched,,,False
Pcyt1a,PCYT1A,case_insensitive_unique,7106.0,14152.0,True
Pcyt1b,PCYT1B,case_insensitive_unique,13501.0,1449.0,True
Pcyt2,PCYT2,case_insensitive_unique,28413.0,11161.0,True
Pde10a,PDE10A,case_insensitive_unique,11712.0,2400.0,True
Pde11a,PDE11A,case_insensitive_unique,4797.0,180.0,True
Pde12,PDE12,case_insensitive_unique,6046.0,14388.0,True
Pde1a,PDE1A,case_insensitive_unique,4835.0,14803.0,True
Pde1b,PDE1B,case_insensitive_unique,20895.0,1043.0,True
Pde1c,PDE1C,case_insensitive_unique,12120.0,3479.0,True
Pde2a,PDE2A,case_insensitive_unique,18199.0,1358.0,True
Pde3a,PDE3A,case_insensitive_unique,20441.0,4232.0,True
Pde3b,PDE3B,case_insensitive_unique,17319.0,4816.0,True
Pde4a,PDE4A,case_insensitive_unique,30450.0,7507.0,True
Pde4b,PDE4B,case_insensitive_unique,1174.0,7576.0,True
Pde4c,PDE4C,case_insensitive_unique,30757.0,29.0,True
Pde4d,PDE4D,case_insensitive_unique,8942.0,9250.0,True
Pde5a,PDE5A,case_insensitive_unique,8027.0,6816.0,True
Pde6a,PDE6A,case_insensitive_unique,9796.0,2705.0,True
Pde6b,PDE6B,case_insensitive_unique,7160.0,1889.0,True
Pde6c,PDE6C,case_insensitive_unique,19667.0,1.0,False
Pde6d,PDE6D,case_insensitive_unique,5277.0,9699.0,True
Pde7a,PDE7A,case_insensitive_unique,15029.0,10953.0,True
Pde7b,PDE7B,case_insensitive_unique,11472.0,2048.0,True
Pde8a,PDE8A,case_insensitive_unique,24835.0,10823.0,True
Pde8b,PDE8B,case_insensitive_unique,9103.0,3156.0,True
Pde9a,PDE9A,case_insensitive_unique,33348.0,1026.0,True
Pdha1,PDHA1,case_insensitive_unique,13465.0,23897.0,True
Pdha2,PDHA2,case_insensitive_unique,7870.0,0.0,False
Pdhb,PDHB,case_insensitive_unique,6062.0,26442.0,True
Pdhx,PDHX,case_insensitive_unique,17492.0,12231.0,True
Pdk1,PDK1,case_insensitive_unique,4732.0,8012.0,True
Pdk2,PDK2,case_insensitive_unique,27857.0,11972.0,True
Pdk3,PDK3,case_insensitive_unique,13500.0,5286.0,True
Pdk4,PDK4,case_insensitive_unique,12571.0,10895.0,True
Pdp1,PDP1,case_insensitive_unique,15252.0,13657.0,True
Pdp2,PDP2,case_insensitive_unique,26110.0,3604.0,True
Pdpr,PDPR,case_insensitive_unique,26218.0,10364.0,True
Pdss1,PDSS1,case_insensitive_unique,19112.0,3679.0,True
Pdss2,PDSS2,case_insensitive_unique,11254.0,7011.0,True
Pdxp,PDXP,case_insensitive_unique,32681.0,138.0,True
Pemt,PEMT,case_insensitive_unique,27032.0,12701.0,True
Peo1,,unmatched,,,False
Pfas,PFAS,case_insensitive_unique,26874.0,4928.0,True
Pfkfb1,PFKFB1,case_insensitive_unique,13748.0,42.0,True
Pfkfb2,PFKFB2,case_insensitive_unique,2680.0,2913.0,True
Pfkfb3,PFKFB3,case_insensitive_unique,18953.0,11535.0,True
Pfkfb4,PFKFB4,case_insensitive_unique,5862.0,2777.0,True
Pfkl,PFKL,case_insensitive_unique,33389.0,20018.0,True
Pfkm,PFKM,case_insensitive_unique,20667.0,17839.0,True
Pfkp,PFKP,case_insensitive_unique,18902.0,18084.0,True
Pgam1,PGAM1,case_insensitive_unique,19714.0,40334.0,True
Pgam2,PGAM2,case_insensitive_unique,12234.0,880.0,True
Pgam4,PGAM4,case_insensitive_unique,13884.0,8.0,False
Pgam5,PGAM5,case_insensitive_unique,21849.0,7238.0,True
Pgd,PGD,case_insensitive_unique,230.0,13168.0,True
Pgk1,PGK1,case_insensitive_unique,13883.0,44850.0,True
Pgk2,PGK2,case_insensitive_unique,10967.0,0.0,False
Pgls,PGLS,case_insensitive_unique,30730.0,32895.0,True
Pgm1,PGM1,case_insensitive_unique,1158.0,18104.0,True
Pgm2,PGM2,case_insensitive_unique,7447.0,8669.0,True
Pgm3,PGM3,case_insensitive_unique,11134.0,17478.0,True
Pgs1,PGS1,case_insensitive_unique,28310.0,7935.0,True
Phgdh,PHGDH,case_insensitive_unique,1669.0,8392.0,True
Phka1,PHKA1,case_insensitive_unique,13846.0,3764.0,True
Phka2,PHKA2,case_insensitive_unique,13463.0,5848.0,True
Phkb,PHKB,case_insensitive_unique,25881.0,18495.0,True
Phkg1,PHKG1,case_insensitive_unique,12331.0,3369.0,True
Phkg2,PHKG2,case_insensitive_unique,25750.0,11891.0,True
Phyh,PHYH,case_insensitive_unique,19010.0,11494.0,True
Pigz,PIGZ,case_insensitive_unique,7129.0,2956.0,True
Pisd,PISD,case_insensitive_unique,32575.0,7516.0,True
Pklr,PKLR,case_insensitive_unique,2014.0,65.0,True
Pkm,PKM,case_insensitive_unique,24602.0,44449.0,True
Pla2g10,PLA2G10,case_insensitive_unique,25435.0,5.0,False
Pla2g12a,PLA2G12A,case_insensitive_unique,7968.0,12988.0,True
Pla2g12b,PLA2G12B,case_insensitive_unique,19450.0,3.0,False
Pla2g15,PLA2G15,case_insensitive_unique,26181.0,7930.0,True
Pla2g16,PLA2G16,case_insensitive_unique,17896.0,29246.0,True
Pla2g1b,PLA2G1B,case_insensitive_unique,21635.0,509.0,True
Pla2g2a,PLA2G2A,case_insensitive_unique,424.0,700.0,True
Pla2g2c,PLA2G2C,case_insensitive_unique,429.0,35.0,True
Pla2g2d,PLA2G2D,case_insensitive_unique,426.0,6.0,False
Pla2g2e,PLA2G2E,case_insensitive_unique,423.0,0.0,False
Pla2g2f,PLA2G2F,case_insensitive_unique,427.0,2.0,False
Pla2g3,PLA2G3,case_insensitive_unique,32563.0,502.0,True
Pla2g4a,PLA2G4A,case_insensitive_unique,2473.0,1824.0,True
Pla2g4b,PLA2G4B,case_insensitive_unique,24195.0,69.0,True
Pla2g4c,PLA2G4C,case_insensitive_unique,31513.0,2894.0,True
Pla2g4d,PLA2G4D,case_insensitive_unique,24203.0,9.0,False
Pla2g4e,PLA2G4E,case_insensitive_unique,24201.0,0.0,False
Pla2g4f,PLA2G4F,case_insensitive_unique,24204.0,0.0,False
Pla2g5,PLA2G5,case_insensitive_unique,425.0,48.0,True
Pla2g6,PLA2G6,case_insensitive_unique,32703.0,2582.0,True
Pla2g7,PLA2G7,case_insensitive_unique,10945.0,1353.0,True
Plb1,PLB1,case_insensitive_unique,3487.0,1368.0,True
Pld1,PLD1,case_insensitive_unique,6851.0,11346.0,True
Pld2,PLD2,case_insensitive_unique,26724.0,6988.0,True
Pld3,PLD3,case_insensitive_unique,31230.0,35799.0,True
Pld4,PLD4,case_insensitive_unique,23717.0,3246.0,True
Pld5,PLD5,case_insensitive_unique,3046.0,213.0,True
Pld6,PLD6,case_insensitive_unique,27024.0,2541.0,True
Plod1,PLOD1,case_insensitive_unique,271.0,12227.0,True
Plod2,PLOD2,case_insensitive_unique,6639.0,20028.0,True
Plod3,PLOD3,case_insensitive_unique,12685.0,14217.0,True
Pmm1,PMM1,case_insensitive_unique,32790.0,13422.0,True
Pmm2,PMM2,case_insensitive_unique,25347.0,9381.0,True
Pmvk,PMVK,case_insensitive_unique,1981.0,19656.0,True
Pnlip,PNLIP,case_insensitive_unique,19917.0,0.0,False
Pnliprp1,PNLIPRP1,case_insensitive_unique,19918.0,0.0,False
Pnliprp2,,unmatched,,,False
Pnliprp3,PNLIPRP3,case_insensitive_unique,19916.0,7.0,False
Pnmt,PNMT,case_insensitive_unique,27469.0,800.0,True
Pnp,PNP,case_insensitive_unique,22578.0,12277.0,True
Pnpla1,PNPLA1,case_insensitive_unique,10776.0,34.0,True
Pnpla2,PNPLA2,case_insensitive_unique,17011.0,14691.0,True
Pnpla3,PNPLA3,case_insensitive_unique,32845.0,972.0,True
Pnpla4,PNPLA4,case_insensitive_unique,13379.0,13492.0,True
Pnpla5,PNPLA5,case_insensitive_unique,32844.0,1.0,False
Pnpla6,PNPLA6,case_insensitive_unique,30333.0,9572.0,True
Pnpla7,PNPLA7,case_insensitive_unique,16944.0,1059.0,True
Pnpla8,PNPLA8,case_insensitive_unique,12772.0,20854.0,True
Pnpo,PNPO,case_insensitive_unique,27782.0,8258.0,True
Pnpt1,PNPT1,case_insensitive_unique,3715.0,12907.0,True
Pola1,POLA1,case_insensitive_unique,13503.0,4633.0,True
Pola2,POLA2,case_insensitive_unique,17977.0,4945.0,True
Polb,POLB,case_insensitive_unique,14870.0,5775.0,True
Pold1,POLD1,case_insensitive_unique,31644.0,4310.0,True
Pold2,POLD2,case_insensitive_unique,12237.0,21702.0,True
Pold3,POLD3,case_insensitive_unique,18238.0,8137.0,True
Pold4,POLD4,case_insensitive_unique,18075.0,6431.0,True
Pole,POLE,case_insensitive_unique,21846.0,6136.0,True
Pole2,POLE2,case_insensitive_unique,23019.0,2131.0,True
Pole3,POLE3,case_insensitive_unique,16508.0,21114.0,True
Pole4,POLE4,case_insensitive_unique,3931.0,23932.0,True
Polg,POLG,case_insensitive_unique,24870.0,9472.0,True
Polg2,POLG2,case_insensitive_unique,28075.0,8384.0,True
Polh,POLH,case_insensitive_unique,10901.0,3434.0,True
Poli,POLI,case_insensitive_unique,28900.0,4761.0,True
Polk,POLK,case_insensitive_unique,9081.0,17529.0,True
Poll,POLL,case_insensitive_unique,19791.0,5927.0,True
Polm,POLM,case_insensitive_unique,12235.0,5367.0,True
Poln,POLN,case_insensitive_unique,7204.0,2394.0,True
Polq,POLQ,case_insensitive_unique,6389.0,1874.0,True
Polr1a,POLR1A,case_insensitive_unique,3992.0,8887.0,True
Polr1b,POLR1B,case_insensitive_unique,4337.0,5418.0,True
Polr1c,POLR1C,case_insensitive_unique,10897.0,8845.0,True
Polr1d,POLR1D,case_insensitive_unique,21963.0,33510.0,True
Polr1e,POLR1E,case_insensitive_unique,16040.0,9945.0,True
Polr2a,POLR2A,case_insensitive_unique,26828.0,24306.0,True
Polr2b,POLR2B,case_insensitive_unique,7600.0,19808.0,True
Polr2c,POLR2C,case_insensitive_unique,26027.0,19721.0,True
Polr2d,POLR2D,case_insensitive_unique,4448.0,10223.0,True
Polr2e,POLR2E,case_insensitive_unique,30083.0,29216.0,True
Polr2f,POLR2F,case_insensitive_unique,32694.0,29315.0,True
Polr2g,POLR2G,case_insensitive_unique,17872.0,29419.0,True
Polr2h,POLR2H,case_insensitive_unique,6962.0,23583.0,True
Polr2i,POLR2I,case_insensitive_unique,31080.0,32563.0,True
Polr2j,POLR2J,case_insensitive_unique,12705.0,34023.0,True
Polr2k,POLR2K,case_insensitive_unique,15315.0,33200.0,True
Polr2l,POLR2L,case_insensitive_unique,17015.0,45149.0,True
Polr2m,POLR2M,case_insensitive_unique,24410.0,15518.0,True
Polr3a,POLR3A,case_insensitive_unique,19518.0,8817.0,True
Polr3b,POLR3B,case_insensitive_unique,21435.0,4189.0,True
Polr3c,POLR3C,case_insensitive_unique,1716.0,5300.0,True
Polr3d,POLR3D,case_insensitive_unique,14641.0,11148.0,True
Polr3e,POLR3E,case_insensitive_unique,25557.0,10770.0,True
Polr3f,POLR3F,case_insensitive_unique,29351.0,8497.0,True
Polr3g,POLR3G,case_insensitive_unique,9201.0,2205.0,True
Polr3h,POLR3H,case_insensitive_unique,32788.0,10619.0,True
Polrmt,POLRMT,case_insensitive_unique,30053.0,8012.0,True
Ppa1,PPA1,case_insensitive_unique,19415.0,35059.0,True
Ppa2,PPA2,case_insensitive_unique,7935.0,21280.0,True
Ppap2a,,unmatched,,,False
Ppap2b,,unmatched,,,False
Ppap2c,,unmatched,,,False
Ppapdc1a,,unmatched,,,False
Ppapdc1b,,unmatched,,,False
Ppat,PPAT,case_insensitive_unique,7589.0,6839.0,True
Ppcdc,PPCDC,case_insensitive_unique,24670.0,5772.0,True
Ppcs,PPCS,case_insensitive_unique,862.0,22522.0,True
Ppif,PPIF,case_insensitive_unique,19530.0,15698.0,True
Ppox,PPOX,case_insensitive_unique,2189.0,6252.0,True
Prdx1,PRDX1,case_insensitive_unique,936.0,49396.0,True
Prdx2,PRDX2,case_insensitive_unique,30550.0,42453.0,True
Prdx3,PRDX3,case_insensitive_unique,19949.0,30816.0,True
Prdx4,PRDX4,case_insensitive_unique,13490.0,36167.0,True
Prdx5,PRDX5,case_insensitive_unique,17932.0,42760.0,True
Prdx6,PRDX6,case_insensitive_unique,2339.0,42218.0,True
Prg1,,unmatched,,,False
Prg2,PRG2,case_insensitive_unique,17695.0,9.0,False
Prg3,PRG3,case_insensitive_unique,17694.0,1.0,False
Prg4,PRG4,case_insensitive_unique,2464.0,2079.0,True
Prim1,PRIM1,case_insensitive_unique,20983.0,4823.0,True
Prim2,PRIM2,case_insensitive_unique,11031.0,7641.0,True
Prkaa1,PRKAA1,case_insensitive_unique,8822.0,15920.0,True
Prkaa2,PRKAA2,case_insensitive_unique,1103.0,6919.0,True
Prodh,PRODH,case_insensitive_unique,32195.0,523.0,True
Prodh2,PRODH2,case_insensitive_unique,31062.0,0.0,False
Prps1,PRPS1,case_insensitive_unique,14016.0,14820.0,True
Prps1l1,PRPS1L1,case_insensitive_unique,11977.0,0.0,False
Prps2,PRPS2,case_insensitive_unique,13405.0,10237.0,True
Prtfdc1,PRTFDC1,case_insensitive_unique,19099.0,7815.0,True
Prune,,unmatched,,,False
Psat1,PSAT1,case_insensitive_unique,16199.0,10798.0,True
Psph,PSPH,case_insensitive_unique,12328.0,4813.0,True
Pstk,PSTK,case_insensitive_unique,19984.0,5176.0,True
Ptgds,PTGDS,case_insensitive_unique,16900.0,25386.0,True
Ptges,PTGES,case_insensitive_unique,16743.0,5047.0,True
Ptges1,,unmatched,,,False
Ptges2,PTGES2,case_insensitive_unique,16678.0,19116.0,True
Ptges3,PTGES3,case_insensitive_unique,20981.0,46284.0,True
Ptges3l1,,unmatched,,,False
Ptgis,PTGIS,case_insensitive_unique,29788.0,6051.0,True
Ptgs1,PTGS1,case_insensitive_unique,16580.0,2362.0,True
Ptgs2,PTGS2,case_insensitive_unique,2471.0,5718.0,True
Pts,PTS,case_insensitive_unique,18552.0,24140.0,True
Pus1,PUS1,case_insensitive_unique,21825.0,7616.0,True
Pus10,PUS10,case_insensitive_unique,3738.0,3554.0,True
Pus3,PUS3,case_insensitive_unique,18785.0,7019.0,True
Pus7,PUS7,case_insensitive_unique,12740.0,6087.0,True
Pusl1,PUSL1,case_insensitive_unique,48.0,6242.0,True
Pycr1,PYCR1,case_insensitive_unique,28418.0,12135.0,True
Pycr2,PYCR2,case_insensitive_unique,2864.0,14477.0,True
Pycrl,,unmatched,,,False
Pygb,PYGB,case_insensitive_unique,29451.0,13403.0,True
Pygl,PYGL,case_insensitive_unique,23042.0,13808.0,True
Pygm,PYGM,case_insensitive_unique,17945.0,828.0,True
Qars,QARS,case_insensitive_unique,5888.0,18937.0,True
Qdpr,QDPR,case_insensitive_unique,7360.0,16504.0,True
Qprt,QPRT,case_insensitive_unique,25674.0,15883.0,True
Qrsl1,QRSL1,case_insensitive_unique,11248.0,6219.0,True
Qtrt1,QTRT1,case_insensitive_unique,30460.0,15367.0,True
Rars,RARS,case_insensitive_unique,9951.0,19182.0,True
Rars2,RARS2,case_insensitive_unique,11164.0,15213.0,True
Rbks,RBKS,case_insensitive_unique,3480.0,4149.0,True
Rdh1,,unmatched,,,False
Rdh10,RDH10,case_insensitive_unique,15091.0,10804.0,True
Rdh11,RDH11,case_insensitive_unique,23233.0,20122.0,True
Rdh12,RDH12,case_insensitive_unique,23234.0,50.0,True
Rdh13,RDH13,case_insensitive_unique,31851.0,6056.0,True
Rdh14,RDH14,case_insensitive_unique,3342.0,20134.0,True
Rdh16,RDH16,case_insensitive_unique,20986.0,83.0,True
Rdh19,,unmatched,,,False
Rdh2,,unmatched,,,False
Rdh5,RDH5,case_insensitive_unique,20925.0,2788.0,True
Rdh7,,unmatched,,,False
Rdh8,RDH8,case_insensitive_unique,30424.0,15.0,False
Rdh9,,unmatched,,,False
Renbp,RENBP,case_insensitive_unique,14346.0,1820.0,True
Rev3l,REV3L,case_insensitive_unique,11300.0,13357.0,True
Rexo1,REXO1,case_insensitive_unique,30121.0,7904.0,True
Rexo2,REXO2,case_insensitive_unique,18582.0,33633.0,True
Rexo4,REXO4,case_insensitive_unique,16804.0,13089.0,True
Rfk,RFK,case_insensitive_unique,16188.0,18192.0,True
Rnaseh1,RNASEH1,case_insensitive_unique,3207.0,14296.0,True
Rpa1,RPA1,case_insensitive_unique,26632.0,16763.0,True
Rpa2,RPA2,case_insensitive_unique,604.0,18869.0,True
Rpe,RPE,case_insensitive_unique,5044.0,12512.0,True
Rpe65,RPE65,case_insensitive_unique,1194.0,13.0,False
Rpia,RPIA,case_insensitive_unique,4024.0,13916.0,True
Rrm1,RRM1,case_insensitive_unique,17098.0,13596.0,True
Rrm2,RRM2,case_insensitive_unique,3272.0,5817.0,True
Rrm2b,RRM2B,case_insensitive_unique,15342.0,12603.0,True
Rsad1,RSAD1,case_insensitive_unique,27880.0,6399.0,True
Rsad2,RSAD2,case_insensitive_unique,3230.0,2776.0,True
Rtn4ip1,RTN4IP1,case_insensitive_unique,11247.0,2046.0,True
Sardh,SARDH,case_insensitive_unique,16814.0,2988.0,True
Sars2,SARS2,case_insensitive_unique,31179.0,4624.0,True
Sc5d,SC5D,case_insensitive_unique,18707.0,11782.0,True
Sccpdh,SCCPDH,case_insensitive_unique,3084.0,21703.0,True
Scd,SCD,case_insensitive_unique,19762.0,18406.0,True
Scd1,,unmatched,,,False
Scd2,,unmatched,,,False
Scd3,,unmatched,,,False
Scd4,,unmatched,,,False
Scd5,SCD5,case_insensitive_unique,7785.0,15090.0,True
Scp2,SCP2,case_insensitive_unique,1039.0,33355.0,True
Sdha,SDHA,case_insensitive_unique,8506.0,26656.0,True
Sdhb,SDHB,case_insensitive_unique,382.0,22018.0,True
Sdr16c5,SDR16C5,case_insensitive_unique,14955.0,445.0,True
Sdr39u1,SDR39U1,case_insensitive_unique,22857.0,10955.0,True
Sds,SDS,case_insensitive_unique,21545.0,978.0,True
Sdsl,SDSL,case_insensitive_unique,21546.0,12301.0,True
Seli,,unmatched,,,False
Sephs1,SEPHS1,case_insensitive_unique,19011.0,17769.0,True
Sephs2,SEPHS2,case_insensitive_unique,25728.0,20356.0,True
Sgms1,SGMS1,case_insensitive_unique,19305.0,11047.0,True
Sgms2,SGMS2,case_insensitive_unique,7951.0,7382.0,True
Shmt1,SHMT1,case_insensitive_unique,27055.0,6094.0,True
Shmt2,SHMT2,case_insensitive_unique,20997.0,17618.0,True
Si,SI,case_insensitive_unique,6799.0,0.0,False
Sirt1,SIRT1,case_insensitive_unique,19380.0,11212.0,True
Sirt2,SIRT2,case_insensitive_unique,31176.0,15206.0,True
Sirt3,SIRT3,case_insensitive_unique,16962.0,5016.0,True
Sirt4,SIRT4,case_insensitive_unique,21634.0,724.0,True
Sirt5,SIRT5,case_insensitive_unique,10311.0,7263.0,True
Sirt6,SIRT6,case_insensitive_unique,30213.0,5307.0,True
Sirt7,SIRT7,case_insensitive_unique,28414.0,11007.0,True
Smpd1,SMPD1,case_insensitive_unique,17188.0,15301.0,True
Smpd2,SMPD2,case_insensitive_unique,11277.0,3072.0,True
Smpd3,SMPD3,case_insensitive_unique,26186.0,254.0,True
Smpd4,SMPD4,case_insensitive_unique,4463.0,10221.0,True
Smpd5,,unmatched,,,False
Sms,SMS,case_insensitive_unique,13481.0,24652.0,True
Soat1,SOAT1,case_insensitive_unique,2387.0,12153.0,True
Soat2,SOAT2,case_insensitive_unique,20829.0,82.0,True
Sod1,SOD1,case_insensitive_unique,33185.0,46971.0,True
Sod2,SOD2,case_insensitive_unique,11674.0,30211.0,True
Sod3,SOD3,case_insensitive_unique,7392.0,15384.0,True
Sord,SORD,case_insensitive_unique,24267.0,6441.0,True
Spr,SPR,case_insensitive_unique,3870.0,5158.0,True
Sptlc1,SPTLC1,case_insensitive_unique,16288.0,22722.0,True
Sptlc2,SPTLC2,case_insensitive_unique,23396.0,17745.0,True
Sptlc3,SPTLC3,case_insensitive_unique,29314.0,16612.0,True
Sqle,SQLE,case_insensitive_unique,15499.0,19173.0,True
Sqrdl,,unmatched,,,False
Srd5a1,SRD5A1,case_insensitive_unique,8588.0,5984.0,True
Srd5a2,SRD5A2,case_insensitive_unique,3513.0,14.0,False
Srd5a3,SRD5A3,case_insensitive_unique,7576.0,8357.0,True
Srm,SRM,case_insensitive_unique,245.0,30099.0,True
Srr,SRR,case_insensitive_unique,26645.0,4621.0,True
St6galnac1,ST6GALNAC1,case_insensitive_unique,28272.0,698.0,True
St6galnac2,ST6GALNAC2,case_insensitive_unique,28270.0,78.0,True
St6galnac3,ST6GALNAC3,case_insensitive_unique,1251.0,2908.0,True
St6galnac4,ST6GALNAC4,case_insensitive_unique,16668.0,8772.0,True
St6galnac5,ST6GALNAC5,case_insensitive_unique,1254.0,215.0,True
St6galnac6,ST6GALNAC6,case_insensitive_unique,16667.0,489.0,True
Steap1,STEAP1,case_insensitive_unique,12516.0,1294.0,True
Steap2,STEAP2,case_insensitive_unique,12517.0,1861.0,True
Steap3,STEAP3,case_insensitive_unique,4392.0,3374.0,True
Steap4,STEAP4,case_insensitive_unique,12510.0,4179.0,True
Sts,STS,case_insensitive_unique,13377.0,2872.0,True
Sucla2,SUCLA2,case_insensitive_unique,22137.0,20508.0,True
Suclg1,SUCLG1,case_insensitive_unique,3964.0,31105.0,True
Suclg2,SUCLG2,case_insensitive_unique,6112.0,19494.0,True
Sugct,SUGCT,case_insensitive_unique,12205.0,6896.0,True
Sult1a1,SULT1A1,case_insensitive_unique,25638.0,7319.0,True
Sult1a2,SULT1A2,case_insensitive_unique,25637.0,10310.0,True
Sult1a3,SULT1A3,case_insensitive_unique,25716.0,1740.0,True
Sult1a4,SULT1A4,case_insensitive_unique,25669.0,32.0,True
Sult1b1,SULT1B1,case_insensitive_unique,7656.0,1986.0,True
Sult1c1,,unmatched,,,False
Sult1c2,SULT1C2,case_insensitive_unique,4288.0,5959.0,True
Sult1c3,SULT1C3,case_insensitive_unique,4287.0,0.0,False
Sult1c4,SULT1C4,case_insensitive_unique,4289.0,5248.0,True
Sult1d1,,unmatched,,,False
Sult1e1,SULT1E1,case_insensitive_unique,7658.0,351.0,True
Sult2a1,SULT2A1,case_insensitive_unique,31509.0,3.0,False
Sult2a2,,unmatched,,,False
Sult2a3,,unmatched,,,False
Sult2a4,,unmatched,,,False
Sult2a5,,unmatched,,,False
Sult2a6,,unmatched,,,False
Sult2a7,,unmatched,,,False
Sult2b1,SULT2B1,case_insensitive_unique,31537.0,959.0,True
Suox,SUOX,case_insensitive_unique,20940.0,5427.0,True
Taldo1,TALDO1,case_insensitive_unique,17002.0,37771.0,True
Tars,TARS,case_insensitive_unique,8753.0,20917.0,True
Tars2,TARS2,case_insensitive_unique,1806.0,6427.0,True
Tat,TAT,case_insensitive_unique,26251.0,16.0,False
Tbxas1,TBXAS1,case_insensitive_unique,13017.0,5925.0,True
Tdh,,unmatched,,,False
Tdo2,TDO2,case_insensitive_unique,8278.0,100.0,True
Tfb1m,TFB1M,case_insensitive_unique,11635.0,5082.0,True
Tfb2m,TFB2M,case_insensitive_unique,3080.0,8764.0,True
Tgds,TGDS,case_insensitive_unique,22351.0,5555.0,True
Th,TH,case_insensitive_unique,17060.0,596.0,True
Them4,THEM4,case_insensitive_unique,1869.0,11392.0,True
Them5,THEM5,case_insensitive_unique,1868.0,1.0,False
Them6,THEM6,case_insensitive_unique,15612.0,5479.0,True
Them7,,unmatched,,,False
Thg1l,THG1L,case_insensitive_unique,9879.0,8951.0,True
Tk1,TK1,case_insensitive_unique,28301.0,6326.0,True
Tk2,TK2,case_insensitive_unique,26091.0,11470.0,True
Tkt,TKT,case_insensitive_unique,6013.0,40163.0,True
Tktl1,TKTL1,case_insensitive_unique,14357.0,105.0,True
Tktl2,TKTL2,case_insensitive_unique,8313.0,15.0,False
Tmlhe,TMLHE,case_insensitive_unique,14403.0,5765.0,True
Tomt,,unmatched,,,False
Tph1,TPH1,case_insensitive_unique,17347.0,878.0,True
Tph2,TPH2,case_insensitive_unique,21167.0,21.0,True
Tpi1,TPI1,case_insensitive_unique,20228.0,48591.0,True
Tpo,TPO,case_insensitive_unique,3182.0,74.0,True
Trit1,TRIT1,case_insensitive_unique,819.0,5186.0,True
Trmt1,TRMT1,case_insensitive_unique,30573.0,12360.0,True
Trmt10c,TRMT10C,case_insensitive_unique,6243.0,19775.0,True
Trmt11,TRMT11,case_insensitive_unique,11390.0,13200.0,True
Trmt12,TRMT12,case_insensitive_unique,15486.0,3948.0,True
Trmt13,TRMT13,case_insensitive_unique,1436.0,8651.0,True
Trmt2a,TRMT2A,case_insensitive_unique,32232.0,5612.0,True
Trmt2b,TRMT2B,case_insensitive_unique,13933.0,3702.0,True
Trmt5,TRMT5,case_insensitive_unique,23160.0,6883.0,True
Trmt6,TRMT6,case_insensitive_unique,29262.0,12781.0,True
Trmu,TRMU,case_insensitive_unique,32889.0,7917.0,True
Trnt1,TRNT1,case_insensitive_unique,5449.0,13905.0,True
Trub1,TRUB1,case_insensitive_unique,19911.0,7349.0,True
Trub2,TRUB2,case_insensitive_unique,16686.0,13913.0,True
Tst,TST,case_insensitive_unique,32659.0,7478.0,True
Txndc11,TXNDC11,case_insensitive_unique,25395.0,12998.0,True
Txndc12,TXNDC12,case_insensitive_unique,1020.0,23370.0,True
Txndc15,TXNDC15,case_insensitive_unique,9524.0,21074.0,True
Txndc16,TXNDC16,case_insensitive_unique,23067.0,8423.0,True
Txndc17,TXNDC17,case_insensitive_unique,26769.0,34012.0,True
Txndc2,TXNDC2,case_insensitive_unique,28583.0,31.0,True
Txndc5,TXNDC5,case_insensitive_unique,10261.0,5216.0,True
Txndc8,TXNDC8,case_insensitive_unique,16468.0,0.0,False
Txndc9,TXNDC9,case_insensitive_unique,4197.0,21630.0,True
Txnrd1,TXNRD1,case_insensitive_unique,21416.0,18974.0,True
Txnrd2,TXNRD2,case_insensitive_unique,32224.0,13805.0,True
Txnrd3,TXNRD3,case_insensitive_unique,6456.0,2868.0,True
Tymp,TYMP,case_insensitive_unique,32954.0,15431.0,True
Tyms,TYMS,case_insensitive_unique,28488.0,12024.0,True
Tyr,TYR,case_insensitive_unique,18373.0,1.0,False
Uap1,UAP1,case_insensitive_unique,2226.0,15119.0,True
Uck1,UCK1,case_insensitive_unique,16774.0,10411.0,True
Uck1l,,unmatched,,,False
Uck2,UCK2,case_insensitive_unique,2249.0,11215.0,True
Uckl1,UCKL1,case_insensitive_unique,30016.0,12293.0,True
Ugdh,UGDH,case_insensitive_unique,7470.0,13911.0,True
Ugp2,UGP2,case_insensitive_unique,3761.0,28369.0,True
Ugt1a1,UGT1A1,case_insensitive_unique,5315.0,0.0,False
Ugt1a10,UGT1A10,case_insensitive_unique,5307.0,0.0,False
Ugt1a2,,unmatched,,,False
Ugt1a3,UGT1A3,case_insensitive_unique,5314.0,0.0,False
Ugt1a4,UGT1A4,case_insensitive_unique,5313.0,0.0,False
Ugt1a5,UGT1A5,case_insensitive_unique,5312.0,1.0,False
Ugt1a6,UGT1A6,case_insensitive_unique,5310.0,0.0,False
Ugt1a7c,,unmatched,,,False
Ugt1a8,UGT1A8,case_insensitive_unique,5306.0,0.0,False
Ugt1a9,UGT1A9,case_insensitive_unique,5308.0,0.0,False
Ugt2a1,UGT2A1,case_insensitive_unique,7654.0,33.0,True
Ugt2a2,UGT2A2,case_insensitive_unique,7655.0,1.0,False
Ugt2a3,UGT2A3,case_insensitive_unique,7648.0,0.0,False
Ugt2b,,unmatched,,,False
Ugt2b1,,unmatched,,,False
Ugt2b10,UGT2B10,case_insensitive_unique,7646.0,0.0,False
Ugt2b11,UGT2B11,case_insensitive_unique,7651.0,0.0,False
Ugt2b15,UGT2B15,case_insensitive_unique,7645.0,1.0,False
Ugt2b17,UGT2B17,case_insensitive_unique,7644.0,3.0,False
Ugt2b28,UGT2B28,case_insensitive_unique,7652.0,0.0,False
Ugt2b37,,unmatched,,,False
Ugt2b4,UGT2B4,case_insensitive_unique,7653.0,15.0,False
Ugt2b5,,unmatched,,,False
Ugt2b7,UGT2B7,case_insensitive_unique,7649.0,2.0,False
Ugt3a1,UGT3A1,case_insensitive_unique,8777.0,66.0,True
Ugt3a2,UGT3A2,case_insensitive_unique,8778.0,9487.0,True
Ugt8,UGT8,case_insensitive_unique,8005.0,2284.0,True
Umps,UMPS,case_insensitive_unique,6427.0,12599.0,True
Ung,UNG,case_insensitive_unique,21471.0,14188.0,True
Uox,,unmatched,,,False
Upb1,UPB1,case_insensitive_unique,32425.0,151.0,True
Upp1,UPP1,case_insensitive_unique,12283.0,12974.0,True
Upp2,UPP2,case_insensitive_unique,4621.0,63.0,True
Uqcrb,UQCRB,case_insensitive_unique,15281.0,52388.0,True
Uqcrc1,UQCRC1,case_insensitive_unique,5865.0,30529.0,True
Uqcrc2,UQCRC2,case_insensitive_unique,25548.0,32425.0,True
Uqcrfs1,UQCRFS1,case_insensitive_unique,30913.0,33137.0,True
Uqcrh,UQCRH,case_insensitive_unique,954.0,47065.0,True
Uqcrq,UQCRQ,case_insensitive_unique,9490.0,43428.0,True
Uroc1,UROC1,case_insensitive_unique,6452.0,6.0,False
Urod,UROD,case_insensitive_unique,927.0,19478.0,True
Uros,UROS,case_insensitive_unique,20018.0,21517.0,True
Vars,VARS,case_insensitive_unique,10641.0,12412.0,True
Vars2,VARS2,case_insensitive_unique,10580.0,5079.0,True
Vps29,VPS29,case_insensitive_unique,21497.0,37012.0,True
Vps4a,VPS4A,case_insensitive_unique,26202.0,16744.0,True
Vps4b,VPS4B,case_insensitive_unique,28993.0,19915.0,True
Wars2,WARS2,case_insensitive_unique,1660.0,5867.0,True
Wrnip1,WRNIP1,case_insensitive_unique,10191.0,15113.0,True
Xdh,XDH,case_insensitive_unique,3512.0,604.0,True
Xylb,XYLB,case_insensitive_unique,5706.0,1555.0,True
Yars2,YARS2,case_insensitive_unique,20575.0,13672.0,True
Zadh2,ZADH2,case_insensitive_unique,29068.0,9176.0,True
Znrd1,ZNRD1,case_insensitive_unique,10541.0,16784.0,True
