source_row_1based,gene_symbol,aggregated_row_1based
1,MIR1302-2HG,1
2,FAM138A,2
3,OR4F5,3
4,AL627309.1,4
5,AL627309.3,5
6,AL627309.2,6
7,AL627309.4,7
8,AL732372.1,8
9,OR4F29,9
10,AC114498.1,10
11,OR4F16,11
12,AL669831.2,12
13,AL669831.5,13
14,FAM87B,14
15,LINC00115,15
16,FAM41C,16
17,AL645608.7,17
18,AL645608.3,18
19,AL645608.5,19
20,AL645608.1,20
21,SAMD11,21
22,NOC2L,22
23,KLHL17,23
24,PLEKHN1,24
25,PERM1,25
26,AL645608.8,26
27,HES4,27
28,ISG15,28
29,AL645608.2,29
30,AGRN,30
31,AL645608.9,31
32,RNF223,32
33,C1orf159,33
34,LINC01342,34
35,AL390719.2,35
36,TTLL10-AS1,36
37,TTLL10,37
38,TNFRSF18,38
39,TNFRSF4,39
40,SDF4,40
41,B3GALT6,41
42,C1QTNF12,42
43,AL162741.1,43
44,UBE2J2,44
45,LINC01786,45
46,SCNN1D,46
47,ACAP3,47
48,PUSL1,48
49,INTS11,49
50,CPTP,50
51,TAS1R3,51
52,DVL1,52
53,MXRA8,53
54,AURKAIP1,54
55,CCNL2,55
56,MRPL20,56
57,AL391244.3,57
58,ANKRD65,58
59,AL391244.2,59
60,TMEM88B,60
61,LINC01770,61
62,VWA1,62
63,ATAD3C,63
64,ATAD3B,64
65,ATAD3A,65
66,TMEM240,66
67,SSU72,67
68,AL645728.1,68
69,FNDC10,69
70,AL691432.2,70
71,MIB2,71
72,MMP23B,72
73,CDK11B,73
74,FO704657.1,74
75,SLC35E2B,75
76,CDK11A,76
77,SLC35E2A,77
78,NADK,78
79,GNB1,79
80,AL109917.1,80
81,CALML6,81
82,TMEM52,82
83,CFAP74,83
84,AL391845.2,84
85,GABRD,85
86,AL391845.1,86
87,PRKCZ,87
88,AL590822.2,88
89,PRKCZ-AS1,89
90,FAAP20,90
91,AL590822.1,91
92,SKI,92
93,MORN1,93
94,RER1,94
95,PEX10,95
96,PLCH2,96
97,AL139246.1,97
98,AL139246.4,98
99,PANK4,99
100,HES5,100
101,AL139246.5,101
102,TNFRSF14-AS1,102
103,TNFRSF14,103
104,AL139246.3,104
105,FAM213B,105
106,MMEL1,106
107,AL831784.1,107
108,TTC34,108
109,AC242022.1,109
110,AL592464.2,110
111,AL592464.1,111
112,AL589702.1,112
113,ACTRT2,113
114,LINC00982,114
115,PRDM16,115
116,AL008733.1,116
117,AL590438.1,117
118,ARHGEF16,118
119,AL512413.1,119
120,MEGF6,120
121,AL513320.1,121
122,TPRG1L,122
123,WRAP73,123
124,TP73,124
125,AL136528.1,125
126,AL136528.2,126
127,CCDC27,127
128,SMIM1,128
129,LRRC47,129
130,AL365330.1,130
131,CEP104,131
132,DFFB,132
133,C1orf174,133
134,LINC01134,134
135,LINC01346,135
136,LINC01345,136
137,AL805961.1,137
138,AL805961.2,138
139,LINC01777,139
140,AL355602.1,140
141,Z98747.1,141
142,LINC01646,142
143,AJAP1,143
144,BX005132.2,144
145,BX005132.1,145
146,AL691497.1,146
147,AL139823.1,147
148,Z98259.3,148
149,Z98259.2,149
150,Z98259.1,150
151,AL365255.1,151
152,NPHP4,152
153,KCNAB2,153
154,CHD5,154
155,RPL22,155
156,AL031847.1,156
157,RNF207,157
158,ICMT,158
159,LINC00337,159
160,HES3,160
161,GPR153,161
162,ACOT7,162
163,AL031848.2,163
164,HES2,164
165,ESPN,165
166,AL031848.1,166
167,TNFRSF25,167
168,PLEKHG5,168
169,NOL9,169
170,TAS1R1,170
171,ZBTB48,171
172,KLHL21,172
173,PHF13,173
174,THAP3,174
175,DNAJC11,175
176,LINC01672,176
177,AL591163.1,177
178,CAMTA1-DT,178
179,CAMTA1,179
180,AL512330.1,180
181,Z97987.1,181
182,AL365194.1,182
183,AL359881.3,183
184,AL359881.2,184
185,AL359881.1,185
186,VAMP3,186
187,PER3,187
188,Z98884.1,188
189,UTS2,189
190,TNFRSF9,190
191,PARK7,191
192,AL034417.4,192
193,AL034417.3,193
194,ERRFI1,194
195,AL034417.2,195
196,LINC01714,196
197,AL358876.2,197
198,SLC45A1,198
199,RERE,199
200,AL096855.1,200
201,AL357552.2,201
202,ENO1,202
203,ENO1-AS1,203
204,CA6,204
205,SLC2A7,205
206,SLC2A5,206
207,GPR157,207
208,MIR34AHG,208
209,LINC01759,209
210,H6PD,210
211,SPSB1,211
212,BX323043.1,212
213,AL928921.2,213
214,AL928921.1,214
215,SLC25A33,215
216,TMEM201,216
217,PIK3CD,217
218,PIK3CD-AS1,218
219,PIK3CD-AS2,219
220,CLSTN1,220
221,CTNNBIP1,221
222,AL357140.1,222
223,LZIC,223
224,NMNAT1,224
225,RBP7,225
226,UBE4B,226
227,KIF1B,227
228,AL139424.3,228
229,AL139424.2,229
230,PGD,230
231,AL139424.1,231
232,CENPS-CORT,232
233,CENPS,233
234,CORT,234
235,DFFA,235
236,AL354956.1,236
237,PEX14,237
238,CASZ1,238
239,AL139423.1,239
240,C1orf127,240
241,TARDBP,241
242,AL109811.4,242
243,MASP2,243
244,AL109811.3,244
245,SRM,245
246,EXOSC10,246
247,AL109811.1,247
248,AL109811.2,248
249,MTOR,249
250,MTOR-AS1,250
251,ANGPTL7,251
252,UBIAD1,252
253,AL031291.1,253
254,DISP3,254
255,LINC01647,255
256,AL031731.1,256
257,FBXO2,257
258,FBXO44,258
259,FBXO6,259
260,MAD2L2,260
261,DRAXIN,261
262,AGTRAP,262
263,C1orf167,263
264,AL953897.1,264
265,MTHFR,265
266,CLCN6,266
267,NPPA-AS1,267
268,NPPA,268
269,NPPB,269
270,KIAA2013,270
271,PLOD1,271
272,MFN2,272
273,MIIP,273
274,TNFRSF8,274
275,TNFRSF1B,275
276,VPS13D,276
277,AC243836.1,277
278,DHRS3,278
279,AC254633.1,279
280,AADACL4,280
281,AADACL3,281
282,C1orf158,282
283,PRAMEF12,283
284,PRAMEF1,284
285,LINC01784,285
286,PRAMEF11,286
287,HNRNPCL1,287
288,PRAMEF2,288
289,PRAMEF4,289
290,PRAMEF10,290
291,PRAMEF7,291
292,PRAMEF6,292
293,PRAMEF27,293
294,HNRNPCL3,294
295,PRAMEF25,295
296,HNRNPCL2,296
297,AC245056.1,297
298,PRAMEF26,298
299,HNRNPCL4,299
300,PRAMEF9,300
301,PRAMEF13,301
302,PRAMEF18,302
303,PRAMEF5,303
304,PRAMEF8,304
305,PRAMEF33,305
306,PRAMEF15,306
307,AC243961.1,307
308,PRAMEF14,308
309,PRAMEF19,309
310,PRAMEF17,310
311,PRAMEF20,311
312,LRRC38,312
313,AL354712.1,313
314,PDPN,314
315,AL359771.1,315
316,PRDM2,316
317,KAZN,317
318,AL357873.1,318
319,KAZN-AS1,319
320,TMEM51-AS1,320
321,TMEM51,321
322,C1orf195,322
323,FHAD1,323
324,AL031283.2,324
325,AL031283.3,325
326,AL031283.1,326
327,EFHD2,327
328,CTRC,328
329,CELA2A,329
330,CELA2B,330
331,CASP9,331
332,DNAJC16,332
333,AL121992.3,333
334,AGMAT,334
335,AL121992.1,335
336,DDI2,336
337,RSC1A1,337
338,AL121992.2,338
339,PLEKHM2,339
340,AL450998.3,340
341,SLC25A34,341
342,SLC25A34-AS1,342
343,TMEM82,343
344,FBLIM1,344
345,UQCRHL,345
346,AL450998.2,346
347,SPEN,347
348,ZBTB17,348
349,SRARP,349
350,AL355994.3,350
351,HSPB7,351
352,CLCNKA,352
353,CLCNKB,353
354,FAM131C,354
355,EPHA2,355
356,AL451042.2,356
357,AL451042.1,357
358,ARHGEF19-AS1,358
359,ARHGEF19,359
360,CPLANE2,360
361,FBXO42,361
362,SZRD1,362
363,SPATA21,363
364,NECAP2,364
365,LINC01772,365
366,AL137802.2,366
367,AL137802.1,367
368,LINC01783,368
369,NBPF1,369
370,AL137798.1,370
371,AL137798.2,371
372,AL021920.1,372
373,AL021920.3,373
374,CROCC,374
375,BX284668.1,375
376,BX284668.2,376
377,BX284668.5,377
378,BX284668.6,378
379,MFAP2,379
380,AL049569.1,380
381,ATP13A2,381
382,SDHB,382
383,PADI2,383
384,AL590644.1,384
385,AL590644.3,385
386,PADI1,386
387,PADI3,387
388,PADI4,388
389,PADI6,389
390,AC004824.1,390
391,RCC2,391
392,ARHGEF10L,392
393,AL136529.1,393
394,ACTL8,394
395,AL357509.1,395
396,LINC01654,396
397,IGSF21,397
398,IGSF21-AS1,398
399,AL591896.1,399
400,KLHDC7A,400
401,PAX7,401
402,TAS1R2,402
403,AL080251.1,403
404,ALDH4A1,404
405,IFFO2,405
406,UBR4,406
407,AL035413.1,407
408,EMC1,408
409,MRTO4,409
410,AKR7A3,410
411,AKR7A2,411
412,PQLC2,412
413,CAPZB,413
414,AL031727.2,414
415,MINOS1,415
416,NBL1,416
417,MINOS1-NBL1,417
418,HTR6,418
419,TMCO4,419
420,RNF186,420
421,AL391883.1,421
422,OTUD3,422
423,PLA2G2E,423
424,PLA2G2A,424
425,PLA2G5,425
426,PLA2G2D,426
427,PLA2G2F,427
428,Z98257.1,428
429,PLA2G2C,429
430,UBXN10-AS1,430
431,UBXN10,431
432,LINC01757,432
433,Z98257.2,433
434,VWA5B1,434
435,AL020998.1,435
436,LINC01141,436
437,AL139254.1,437
438,AL139254.2,438
439,AL139254.3,439
440,CAMK2N1,440
441,MUL1,441
442,FAM43B,442
443,CDA,443
444,PINK1,444
445,PINK1-AS,445
446,DDOST,446
447,KIF17,447
448,SH2D5,448
449,AL663074.1,449
450,HP1BP3,450
451,EIF4G3,451
452,ECE1,452
453,AL031005.1,453
454,AL031728.1,454
455,AL592309.2,455
456,NBPF3,456
457,ALPL,457
458,AL359815.1,458
459,RAP1GAP,459
460,USP48,460
461,LDLRAD2,461
462,HSPG2,462
463,CELA3B,463
464,CELA3A,464
465,LINC01635,465
466,CDC42,466
467,AL031281.2,467
468,WNT4,468
469,ZBTB40,469
470,EPHA8,470
471,C1QA,471
472,C1QC,472
473,C1QB,473
474,EPHB2,474
475,AL512444.1,475
476,LACTBL1,476
477,TEX46,477
478,KDM1A,478
479,AL031428.1,479
480,LUZP1,480
481,HTR1D,481
482,LINC01355,482
483,AL109936.6,483
484,HNRNPR,484
485,ZNF436,485
486,ZNF436-AS1,486
487,AL109936.2,487
488,TCEA3,488
489,ASAP3,489
490,E2F2,490
491,AL021154.1,491
492,ID3,492
493,MDS2,493
494,RPL11,494
495,ELOA,495
496,ELOA-AS1,496
497,PITHD1,497
498,LYPLA2,498
499,GALE,499
500,HMGCL,500
501,FUCA1,501
502,CNR2,502
503,AL590609.3,503
504,PNRC2,504
505,SRSF10,505
506,AL591178.1,506
507,MYOM3,507
508,AL591178.2,508
509,IL22RA1,509
510,IFNLR1,510
511,AL590683.1,511
512,AL138902.1,512
513,GRHL3,513
514,STPG1,514
515,NIPAL3,515
516,RCAN3,516
517,AL445686.2,517
518,NCMAP,518
519,SRRM1,519
520,AL445648.1,520
521,CLIC4,521
522,RUNX3,522
523,AL445471.1,523
524,AL445471.2,524
525,AL050344.1,525
526,AL031432.1,526
527,SYF2,527
528,AL031432.5,528
529,RSRP1,529
530,AL031432.3,530
531,RHD,531
532,TMEM50A,532
533,RHCE,533
534,MACO1,534
535,LDLRAP1,535
536,AL606491.1,536
537,MAN1C1,537
538,AL031280.1,538
539,SELENON,539
540,AL020996.2,540
541,AL020996.1,541
542,MTFR1L,542
543,AL020996.3,543
544,AUNIP,544
545,AL033528.2,545
546,PAQR7,546
547,STMN1,547
548,PAFAH2,548
549,EXTL1,549
550,SLC30A2,550
551,TRIM63,551
552,PDIK1L,552
553,FAM110D,553
554,C1orf232,554
555,AL391650.1,555
556,ZNF593,556
557,CNKSR1,557
558,CATSPER4,558
559,CEP85,559
560,SH3BGRL3,560
561,UBXN11,561
562,CD52,562
563,CRYBG2,563
564,ZNF683,564
565,LIN28A,565
566,DHDDS,566
567,AL513365.2,567
568,HMGN2,568
569,RPS6KA1,569
570,AL512408.1,570
571,ARID1A,571
572,PIGV,572
573,ZDHHC18,573
574,SFN,574
575,AL034380.1,575
576,GPN2,576
577,GPATCH3,577
578,NUDC,578
579,NR0B2,579
580,KDF1,580
581,TRNP1,581
582,TENT5B,582
583,SLC9A1,583
584,AL590640.1,584
585,WDTC1,585
586,TMEM222,586
587,SYTL1,587
588,MAP3K6,588
589,FCN3,589
590,CD164L2,590
591,GPR3,591
592,WASF2,592
593,FO393419.2,593
594,BX293535.1,594
595,AHDC1,595
596,FGR,596
597,LINC02574,597
598,IFI6,598
599,AL445490.1,599
600,FAM76A,600
601,STX12,601
602,PPP1R8,602
603,THEMIS2,603
604,RPA2,604
605,SMPDL3B,605
606,AL512288.1,606
607,XKR8,607
608,EYA3,608
609,PTAFR,609
610,DNAJC8,610
611,ATP5IF1,611
612,AL353622.1,612
613,AL353622.2,613
614,SESN2,614
615,MED18,615
616,PHACTR4,616
617,RCC1,617
618,TRNAU1AP,618
619,SNHG12,619
620,TAF12,620
621,RAB42,621
622,LINC01715,622
623,AL360012.1,623
624,GMEB1,624
625,YTHDF2,625
626,OPRD1,626
627,AL009181.1,627
628,EPB41,628
629,TMEM200B,629
630,AL357500.1,630
631,SRSF4,631
632,MECR,632
633,AL590729.1,633
634,PTPRU,634
635,LINC01756,635
636,AC092265.1,636
637,AL645944.2,637
638,LINC01648,638
639,AL137076.1,639
640,AL161638.2,640
641,AL161638.1,641
642,MATN1,642
643,MATN1-AS1,643
644,LAPTM5,644
645,AL137027.1,645
646,LINC01778,646
647,AL445235.1,647
648,SDC3,648
649,PUM1,649
650,NKAIN1,650
651,SNRNP40,651
652,ZCCHC17,652
653,AL451070.1,653
654,FABP3,654
655,SERINC2,655
656,AC114488.1,656
657,TINAGL1,657
658,HCRTR1,658
659,PEF1,659
660,AC114488.2,660
661,AC114488.3,661
662,COL16A1,662
663,ADGRB2,663
664,AL354919.2,664
665,SPOCD1,665
666,AL354919.1,666
667,AL136115.2,667
668,PTP4A2,668
669,AL136115.1,669
670,AL136115.3,670
671,KHDRBS1,671
672,AL445248.1,672
673,TMEM39B,673
674,KPNA6,674
675,TXLNA,675
676,CCDC28B,676
677,AL049795.1,677
678,IQCC,678
679,DCDC2B,679
680,TMEM234,680
681,EIF3I,681
682,FAM167B,682
683,LCK,683
684,HDAC1,684
685,MARCKSL1,685
686,AL109945.1,686
687,TSSK3,687
688,FAM229A,688
689,BSDC1,689
690,AL033529.1,690
691,ZBTB8B,691
692,ZBTB8A,692
693,ZBTB8OS,693
694,RBBP4,694
695,SYNC,695
696,AC114489.1,696
697,KIAA1522,697
698,YARS,698
699,S100PBP,699
700,FNDC5,700
701,HPCA,701
702,TMEM54,702
703,RNF19B,703
704,AL020995.1,704
705,AK2,705
706,AZIN2,706
707,TRIM62,707
708,AL662907.3,708
709,ZNF362,709
710,AL513327.3,710
711,A3GALT2,711
712,AL513327.1,712
713,PHC2,713
714,AL513327.2,714
715,ZSCAN20,715
716,CSMD2,716
717,HMGB4,717
718,CSMD2-AS1,718
719,C1orf94,719
720,SMIM12,720
721,GJB5,721
722,GJB4,722
723,AL121988.1,723
724,GJB3,724
725,GJA4,725
726,AL122010.1,726
727,DLGAP3,727
728,AC114490.3,728
729,AC114490.2,729
730,TMEM35B,730
731,ZMYM6,731
732,ZMYM1,732
733,AL590434.1,733
734,SFPQ,734
735,ZMYM4,735
736,ZMYM4-AS1,736
737,KIAA0319L,737
738,NCDN,738
739,AC004865.2,739
740,TFAP2E,740
741,PSMB2,741
742,C1orf216,742
743,CLSPN,743
744,AL354864.1,744
745,AGO4,745
746,AGO1,746
747,AL139286.2,747
748,AGO3,748
749,AL138787.2,749
750,TEKT2,750
751,ADPRHL2,751
752,COL8A2,752
753,TRAPPC3,753
754,MAP7D1,754
755,THRAP3,755
756,SH3D21,756
757,EVA1B,757
758,AL591845.1,758
759,STK40,759
760,LSM10,760
761,OSCP1,761
762,MRPS15,762
763,CSF3R,763
764,AL596257.1,764
765,AC117945.2,765
766,AC117945.1,766
767,GRIK3,767
768,AL031430.1,768
769,AL353604.1,769
770,LINC01137,770
771,ZC3H12A,771
772,MEAF6,772
773,SNIP1,773
774,DNALI1,774
775,GNL2,775
776,RSPO1,776
777,C1orf109,777
778,CDCA8,778
779,EPHA10,779
780,MANEAL,780
781,AL929472.3,781
782,YRDC,782
783,C1orf122,783
784,MTF1,784
785,AL929472.2,785
786,INPP5B,786
787,SF3A3,787
788,FHL3,788
789,UTP11,789
790,POU3F1,790
791,AL139158.2,791
792,AL139158.3,792
793,LINC01343,793
794,LINC01685,794
795,AL354702.2,795
796,RRAGC,796
797,AL139260.1,797
798,MYCBP,798
799,AL139260.3,799
800,GJA9,800
801,RHBDL2,801
802,AKIRIN1,802
803,NDUFS5,803
804,MACF1,804
805,AL442071.1,805
806,BMP8A,806
807,PABPC4,807
808,AL365277.1,808
809,HEYL,809
810,AL035404.2,810
811,NT5C1A,811
812,HPCAL4,812
813,PPIE,813
814,BMP8B,814
815,OXCT2,815
816,AL033527.3,816
817,AL033527.5,817
818,AL033527.4,818
819,TRIT1,819
820,MYCL,820
821,AL033527.2,821
822,MFSD2A,822
823,CAP1,823
824,PPT1,824
825,RLF,825
826,TMCO2,826
827,AL050341.2,827
828,ZMPSTE24,828
829,COL9A2,829
830,SMAP2,830
831,AL031985.4,831
832,ZFP69B,832
833,ZFP69,833
834,AL603839.3,834
835,EXO5,835
836,AL603839.1,836
837,AL603839.2,837
838,ZNF684,838
839,RIMS3,839
840,AL031289.1,840
841,NFYC-AS1,841
842,NFYC,842
843,KCNQ4,843
844,CITED4,844
845,AC119677.1,845
846,CTPS1,846
847,SLFNL1-AS1,847
848,SLFNL1,848
849,SCMH1,849
850,AC093151.3,850
851,FOXO6,851
852,AC093151.2,852
853,EDN2,853
854,HIVEP3,854
855,AL445933.2,855
856,AC119676.1,856
857,GUCA2B,857
858,GUCA2A,858
859,FOXJ3,859
860,RIMKLA,860
861,ZMYND12,861
862,PPCS,862
863,CCDC30,863
864,PPIH,864
865,AC098484.2,865
866,YBX1,866
867,CLDN19,867
868,P3H1,868
869,C1orf50,869
870,AC098484.3,870
871,AC098484.1,871
872,TMEM269,872
873,SVBP,873
874,ERMAP,874
875,AL512353.1,875
876,ZNF691,876
877,SLC2A1,877
878,SLC2A1-AS1,878
879,AC099795.1,879
880,FAM183A,880
881,EBNA1BP2,881
882,CFAP57,882
883,TMEM125,883
884,C1orf210,884
885,TIE1,885
886,MPL,886
887,AL139289.2,887
888,CDC20,888
889,ELOVL1,889
890,MED8,890
891,AL139289.1,891
892,SZT2,892
893,SZT2-AS1,893
894,HYI,894
895,PTPRF,895
896,AL451062.3,896
897,KDM4A,897
898,KDM4A-AS1,898
899,ST3GAL3,899
900,AL451062.1,900
901,ARTN,901
902,AL357079.1,902
903,IPO13,903
904,DPH2,904
905,ATP6V0B,905
906,B4GALT2,906
907,CCDC24,907
908,SLC6A9,908
909,AL139220.2,909
910,KLF17,910
911,KLF18,911
912,DMAP1,912
913,ERI3,913
914,RNF220,914
915,TMEM53,915
916,ARMH1,916
917,KIF2C,917
918,AL592166.1,918
919,RPS8,919
920,BEST4,920
921,PLK3,921
922,TCTEX1D4,922
923,BTBD19,923
924,PTCH2,924
925,EIF2B3,925
926,HECTD3,926
927,UROD,927
928,ZSWIM5,928
929,LINC01144,929
930,HPDL,930
931,MUTYH,931
932,TOE1,932
933,TESK2,933
934,CCDC163,934
935,MMACHC,935
936,PRDX1,936
937,AKR1A1,937
938,NASP,938
939,CCDC17,939
940,GPBP1L1,940
941,TMEM69,941
942,IPP,942
943,MAST2,943
944,PIK3R3,944
945,AL358075.4,945
946,AL358075.1,946
947,AL358075.2,947
948,TSPAN1,948
949,AL672043.1,949
950,POMGNT1,950
951,LURAP1,951
952,RAD54L,952
953,LRRC41,953
954,UQCRH,954
955,NSUN4,955
956,FAAH,956
957,DMBX1,957
958,AL136373.1,958
959,MKNK1-AS1,959
960,KNCN,960
961,MKNK1,961
962,MOB3C,962
963,ATPAF1,963
964,TEX38,964
965,EFCAB14-AS1,965
966,EFCAB14,966
967,CYP4B1,967
968,CYP4A11,968
969,CYP4X1,969
970,CYP4Z1,970
971,CYP4A22-AS1,971
972,CYP4A22,972
973,LINC00853,973
974,PDZK1IP1,974
975,TAL1,975
976,AL135960.1,976
977,STIL,977
978,CMPK1,978
979,LINC01389,979
980,FOXE3,980
981,FOXD2-AS1,981
982,FOXD2,982
983,LINC01738,983
984,TRABD2B,984
985,AL691459.1,985
986,AC096541.1,986
987,AL356289.1,987
988,AL356289.2,988
989,AL109659.1,989
990,SLC5A9,990
991,AL109659.2,991
992,SPATA6,992
993,AGBL4,993
994,BEND5,994
995,AC099788.1,995
996,AL590432.1,996
997,ELAVL4,997
998,AL592182.2,998
999,AL592182.1,999
1000,AL596275.2,1000
1001,AL592182.3,1001
1002,DMRTA2,1002
1003,FAF1,1003
1004,AL049637.1,1004
1005,CDKN2C,1005
1006,C1orf185,1006
1007,LINC01562,1007
1008,RNF11,1008
1009,AL162430.2,1009
1010,TTC39A,1010
1011,TTC39A-AS1,1011
1012,EPS15,1012
1013,AC104170.2,1013
1014,AC104170.1,1014
1015,OSBPL9,1015
1016,NRDC,1016
1017,AL050343.1,1017
1018,AL050343.2,1018
1019,RAB3B,1019
1020,TXNDC12,1020
1021,KTI12,1021
1022,AL445685.1,1022
1023,TXNDC12-AS1,1023
1024,BTF3L4,1024
1025,ZFYVE9,1025
1026,CC2D1B,1026
1027,AL513218.1,1027
1028,ORC1,1028
1029,PRPF38A,1029
1030,TUT4,1030
1031,AL591167.1,1031
1032,GPX7,1032
1033,SHISAL2A,1033
1034,COA7,1034
1035,ZYG11B,1035
1036,ZYG11A,1036
1037,AC099677.4,1037
1038,ECHDC2,1038
1039,SCP2,1039
1040,PODN,1040
1041,AL445183.1,1041
1042,SLC1A7,1042
1043,AL445183.2,1043
1044,CPT2,1044
1045,AL606760.2,1045
1046,C1orf123,1046
1047,AL606760.3,1047
1048,MAGOH,1048
1049,AL606760.1,1049
1050,LRP8,1050
1051,AL355483.4,1051
1052,AL355483.2,1052
1053,AL355483.3,1053
1054,LINC01771,1054
1055,AC119428.1,1055
1056,AC119428.2,1056
1057,DMRTB1,1057
1058,GLIS1,1058
1059,NDC1,1059
1060,YIPF1,1060
1061,DIO1,1061
1062,HSPB11,1062
1063,LRRC42,1063
1064,LDLRAD1,1064
1065,TMEM59,1065
1066,TCEANC2,1066
1067,AL357673.1,1067
1068,CDCP2,1068
1069,AL357673.2,1069
1070,CYB5RL,1070
1071,MRPL37,1071
1072,SSBP3,1072
1073,SSBP3-AS1,1073
1074,AL161644.1,1074
1075,AL035415.1,1075
1076,AC099796.1,1076
1077,ACOT11,1077
1078,FAM151A,1078
1079,MROH7,1079
1080,MROH7-TTC4,1080
1081,TTC4,1081
1082,PARS2,1082
1083,TTC22,1083
1084,AC096536.2,1084
1085,LEXM,1085
1086,DHCR24,1086
1087,AC096536.3,1087
1088,AC096536.1,1088
1089,TMEM61,1089
1090,AL590440.1,1090
1091,BSND,1091
1092,PCSK9,1092
1093,USP24,1093
1094,MIR4422HG,1094
1095,AL603840.1,1095
1096,LINC01753,1096
1097,LINC01755,1097
1098,AL353681.1,1098
1099,AC119674.1,1099
1100,AC119674.2,1100
1101,LINC01767,1101
1102,PLPP3,1102
1103,PRKAA2,1103
1104,FYB2,1104
1105,AL360295.1,1105
1106,C8A,1106
1107,C8B,1107
1108,AL161740.1,1108
1109,DAB1,1109
1110,AL390243.1,1110
1111,DAB1-AS1,1111
1112,AL445193.2,1112
1113,OMA1,1113
1114,TACSTD2,1114
1115,MYSM1,1115
1116,AL136985.3,1116
1117,JUN,1117
1118,LINC01135,1118
1119,AL136985.2,1119
1120,AL136985.1,1120
1121,AC105277.1,1121
1122,LINC01358,1122
1123,AL592431.2,1123
1124,AL592431.1,1124
1125,AC093424.1,1125
1126,FGGY,1126
1127,AL035416.1,1127
1128,HOOK1,1128
1129,CYP2J2,1129
1130,C1orf87,1130
1131,AC097066.1,1131
1132,LINC01748,1132
1133,AC099792.1,1133
1134,NFIA,1134
1135,NFIA-AS2,1135
1136,AC099791.3,1136
1137,TM2D1,1137
1138,AC099791.2,1138
1139,PATJ,1139
1140,L1TD1,1140
1141,KANK4,1141
1142,USP1,1142
1143,DOCK7,1143
1144,ANGPTL3,1144
1145,AC103923.1,1145
1146,ATG4C,1146
1147,AC099794.1,1147
1148,LINC01739,1148
1149,AL162400.1,1149
1150,AL162400.2,1150
1151,AC096543.1,1151
1152,AC096543.2,1152
1153,FOXD3-AS1,1153
1154,FOXD3,1154
1155,ALG6,1155
1156,ITGB3BP,1156
1157,EFCAB7,1157
1158,PGM1,1158
1159,ROR1,1159
1160,ROR1-AS1,1160
1161,AL445205.1,1161
1162,UBE2U,1162
1163,CACHD1,1163
1164,RAVER2,1164
1165,JAK1,1165
1166,AL357078.3,1166
1167,AL357078.1,1167
1168,AK4,1168
1169,DNAJC6,1169
1170,AL139294.1,1170
1171,LEPROT,1171
1172,LEPR,1172
1173,AL513493.1,1173
1174,PDE4B,1174
1175,AL590783.1,1175
1176,SGIP1,1176
1177,AL139147.1,1177
1178,TCTEX1D1,1178
1179,INSL5,1179
1180,WDR78,1180
1181,AL592161.1,1181
1182,MIER1,1182
1183,SLC35D1,1183
1184,C1orf141,1184
1185,IL23R,1185
1186,IL12RB2,1186
1187,SERBP1,1187
1188,LINC01702,1188
1189,GADD45A,1189
1190,GNG12,1190
1191,GNG12-AS1,1191
1192,DIRAS3,1192
1193,WLS,1193
1194,RPE65,1194
1195,DEPDC1,1195
1196,AL138789.1,1196
1197,DEPDC1-AS1,1197
1198,AL035412.1,1198
1199,AL033530.1,1199
1200,AL691520.1,1200
1201,LINC01707,1201
1202,AL512271.1,1202
1203,LINC01758,1203
1204,LRRC7,1204
1205,AL158840.1,1205
1206,LRRC40,1206
1207,SRSF11,1207
1208,AL353771.1,1208
1209,ANKRD13C,1209
1210,HHLA3,1210
1211,AL158839.1,1211
1212,CTH,1212
1213,AL354872.2,1213
1214,LINC01788,1214
1215,AL513285.1,1215
1216,PTGER3,1216
1217,AL031429.1,1217
1218,ZRANB2-AS1,1218
1219,ZRANB2,1219
1220,NEGR1,1220
1221,AL354949.1,1221
1222,AL583808.1,1222
1223,AL583808.2,1223
1224,LINC01360,1224
1225,LINC02238,1225
1226,LRRIQ3,1226
1227,FPGT,1227
1228,FPGT-TNNI3K,1228
1229,TNNI3K,1229
1230,AC093158.1,1230
1231,AC105271.1,1231
1232,LRRC53,1232
1233,ERICH3,1233
1234,ERICH3-AS1,1234
1235,AC135803.1,1235
1236,CRYZ,1236
1237,TYW3,1237
1238,AC133865.1,1238
1239,AC099786.3,1239
1240,AC099786.1,1240
1241,LHX8,1241
1242,AC099786.2,1242
1243,SLC44A5,1243
1244,AL357314.1,1244
1245,ACADM,1245
1246,RABGGTB,1246
1247,MSH4,1247
1248,ASB17,1248
1249,AC092813.1,1249
1250,AC092813.2,1250
1251,ST6GALNAC3,1251
1252,AC104458.1,1252
1253,LINC02567,1253
1254,ST6GALNAC5,1254
1255,AL035409.1,1255
1256,PIGK,1256
1257,AK5,1257
1258,AC095030.1,1258
1259,AC118549.1,1259
1260,USP33,1260
1261,MIGA1,1261
1262,NEXN-AS1,1262
1263,NEXN,1263
1264,FUBP1,1264
1265,DNAJB4,1265
1266,GIPC2,1266
1267,AC103591.3,1267
1268,PTGFR,1268
1269,IFI44L,1269
1270,IFI44,1270
1271,ADGRL4,1271
1272,AL353651.2,1272
1273,AL353651.1,1273
1274,AL353651.3,1274
1275,AC099671.1,1275
1276,AC098657.2,1276
1277,AL606519.1,1277
1278,AL136234.1,1278
1279,LINC01781,1279
1280,AC093154.1,1280
1281,ADGRL2,1281
1282,AL138799.4,1282
1283,AC117944.1,1283
1284,AC093580.1,1284
1285,LINC01362,1285
1286,LINC01361,1286
1287,LINC01712,1287
1288,LINC01725,1288
1289,AL035706.1,1289
1290,TTLL7,1290
1291,AC104454.2,1291
1292,AL359504.2,1292
1293,PRKACB,1293
1294,SAMD13,1294
1295,DNASE2B,1295
1296,AL844170.1,1296
1297,RPF1,1297
1298,GNG5,1298
1299,SPATA1,1299
1300,CTBS,1300
1301,AL359762.2,1301
1302,LINC01555,1302
1303,SSX2IP,1303
1304,AC104169.1,1304
1305,LPAR3,1305
1306,MCOLN2,1306
1307,WDR63,1307
1308,MCOLN3,1308
1309,SYDE2,1309
1310,C1orf52,1310
1311,BCL10,1311
1312,AL078459.1,1312
1313,DDAH1,1313
1314,AL360219.1,1314
1315,AC092807.3,1315
1316,AC092807.2,1316
1317,CYR61,1317
1318,AC092807.1,1318
1319,ZNHIT6,1319
1320,COL24A1,1320
1321,AL136382.1,1321
1322,ODF2L,1322
1323,CLCA2,1323
1324,CLCA1,1324
1325,CLCA4,1325
1326,AL356270.1,1326
1327,AL049597.2,1327
1328,SH3GLB1,1328
1329,AL355981.1,1329
1330,SELENOF,1330
1331,HS2ST1,1331
1332,AL121989.1,1332
1333,AC093155.3,1333
1334,LINC01140,1334
1335,AC099062.1,1335
1336,LMO4,1336
1337,LINC01364,1337
1338,PKN2-AS1,1338
1339,PKN2,1339
1340,GTF2B,1340
1341,KYAT3,1341
1342,RBMXL1,1342
1343,GBP3,1343
1344,GBP1,1344
1345,GBP2,1345
1346,GBP7,1346
1347,GBP4,1347
1348,AC099063.4,1348
1349,GBP5,1349
1350,AC099063.1,1350
1351,GBP6,1351
1352,LRRC8B,1352
1353,LRRC8C-DT,1353
1354,LRRC8C,1354
1355,AC093423.3,1355
1356,AC099568.2,1356
1357,LRRC8D,1357
1358,AL391497.1,1358
1359,ZNF326,1359
1360,AC092783.1,1360
1361,BARHL2,1361
1362,LINC01763,1362
1363,AC091614.1,1363
1364,ZNF644,1364
1365,HFM1,1365
1366,CDC7,1366
1367,TGFBR3,1367
1368,BRDT,1368
1369,EPHX4,1369
1370,SETSIP,1370
1371,BTBD8,1371
1372,AC104836.1,1372
1373,C1orf146,1373
1374,GLMN,1374
1375,RPAP2,1375
1376,GFI1,1376
1377,EVI5,1377
1378,RPL5,1378
1379,FAM69A,1379
1380,MTF2,1380
1381,TMED5,1381
1382,CCDC18,1382
1383,DR1,1383
1384,FNBP1L,1384
1385,BCAR3,1385
1386,AL109613.1,1386
1387,DNTTIP2,1387
1388,GCLM,1388
1389,ABCA4,1389
1390,AC093579.1,1390
1391,ARHGAP29,1391
1392,AC097059.1,1392
1393,AC097059.2,1393
1394,ABCD3,1394
1395,F3,1395
1396,AC093117.1,1396
1397,SLC44A3,1397
1398,CNN3,1398
1399,AC105942.1,1399
1400,ALG14,1400
1401,AC095033.1,1401
1402,TMEM56,1402
1403,TMEM56-RWDD3,1403
1404,AC092802.1,1404
1405,RWDD3,1405
1406,AC092802.2,1406
1407,LINC01760,1407
1408,LINC01650,1408
1409,AL445218.1,1409
1410,LINC01761,1410
1411,AL356479.1,1411
1412,AL683887.1,1412
1413,AC099566.1,1413
1414,LINC01787,1414
1415,PTBP2,1415
1416,DPYD,1416
1417,DPYD-AS1,1417
1418,DPYD-AS2,1418
1419,MIR137HG,1419
1420,BX005019.1,1420
1421,LINC01776,1421
1422,SNX7,1422
1423,PLPPR5,1423
1424,AL445433.2,1424
1425,PLPPR4,1425
1426,LINC01708,1426
1427,PALMD,1427
1428,FRRS1,1428
1429,AGL,1429
1430,AC118553.1,1430
1431,SLC35A3,1431
1432,AC118553.2,1432
1433,MFSD14A,1433
1434,AC093019.2,1434
1435,SASS6,1435
1436,TRMT13,1436
1437,LRRC39,1437
1438,DBT,1438
1439,RTCA-AS1,1439
1440,RTCA,1440
1441,AC104457.2,1441
1442,CDC14A,1442
1443,AL589990.1,1443
1444,GPR88,1444
1445,LINC01349,1445
1446,VCAM1,1446
1447,EXTL2,1447
1448,AC104506.1,1448
1449,SLC30A7,1449
1450,DPH5,1450
1451,AC093157.2,1451
1452,AC093157.1,1452
1453,AL109741.1,1453
1454,S1PR1,1454
1455,LINC01307,1455
1456,LINC01709,1456
1457,OLFM3,1457
1458,AC114485.1,1458
1459,AC099567.1,1459
1460,COL11A1,1460
1461,AC095032.2,1461
1462,RNPC3,1462
1463,AMY2B,1463
1464,AMY2A,1464
1465,AMY1A,1465
1466,AMY1B,1466
1467,AMY1C,1467
1468,LINC01676,1468
1469,LINC01677,1469
1470,AL355306.2,1470
1471,LINC01661,1471
1472,PRMT6,1472
1473,NTNG1,1473
1474,VAV3,1474
1475,VAV3-AS1,1475
1476,AL390036.1,1476
1477,SLC25A24,1477
1478,AL359258.2,1478
1479,NBPF4,1479
1480,AL359258.1,1480
1481,AL390038.1,1481
1482,NBPF6,1482
1483,FAM102B,1483
1484,HENMT1,1484
1485,PRPF38B,1485
1486,FNDC7,1486
1487,AL591719.2,1487
1488,STXBP3,1488
1489,AKNAD1,1489
1490,AL449266.1,1490
1491,SPATA42,1491
1492,GPSM2,1492
1493,CLCC1,1493
1494,WDR47,1494
1495,TAF13,1495
1496,AL356488.3,1496
1497,TMEM167B,1497
1498,AL356488.2,1498
1499,C1orf194,1499
1500,KIAA1324,1500
1501,SARS,1501
1502,CELSR2,1502
1503,PSRC1,1503
1504,MYBPHL,1504
1505,SORT1,1505
1506,PSMA5,1506
1507,SYPL2,1507
1508,ATXN7L2,1508
1509,CYB561D1,1509
1510,AMIGO1,1510
1511,GPR61,1511
1512,AL355310.3,1512
1513,GNAI3,1513
1514,GNAT2,1514
1515,AMPD2,1515
1516,AL355310.2,1516
1517,GSTM4,1517
1518,GSTM2,1518
1519,GSTM1,1519
1520,AC000032.1,1520
1521,GSTM5,1521
1522,AL158847.1,1522
1523,GSTM3,1523
1524,EPS8L3,1524
1525,LINC01768,1525
1526,AL450468.1,1526
1527,AL450468.2,1527
1528,CSF1,1528
1529,AHCYL1,1529
1530,STRIP1,1530
1531,AL160006.1,1531
1532,ALX3,1532
1533,LINC01397,1533
1534,UBL4B,1534
1535,SLC6A17,1535
1536,AL355990.1,1536
1537,AL355990.2,1537
1538,LINC02586,1538
1539,KCNC4,1539
1540,RBM15-AS1,1540
1541,RBM15,1541
1542,SLC16A4,1542
1543,AL355488.1,1543
1544,LAMTOR5,1544
1545,PROK1,1545
1546,AL358215.1,1546
1547,AL358215.2,1547
1548,CYMP-AS1,1548
1549,KCNA10,1549
1550,KCNA2,1550
1551,AL365361.1,1551
1552,KCNA3,1552
1553,CD53,1553
1554,AL360270.1,1554
1555,LRIF1,1555
1556,AL360270.3,1556
1557,DRAM2,1557
1558,CEPT1,1558
1559,AL355816.1,1559
1560,AL355816.2,1560
1561,DENND2D,1561
1562,CHI3L2,1562
1563,CHIA,1563
1564,AL356387.1,1564
1565,PIFO,1565
1566,OVGP1,1566
1567,WDR77,1567
1568,ATP5PB,1568
1569,C1orf162,1569
1570,TMIGD3,1570
1571,ADORA3,1571
1572,RAP1A,1572
1573,LINC01160,1573
1574,INKA2,1574
1575,AL049557.1,1575
1576,DDX20,1576
1577,KCND3,1577
1578,KCND3-AS1,1578
1579,LINC01750,1579
1580,AL445426.1,1580
1581,CTTNBP2NL,1581
1582,WNT2B,1582
1583,AL354760.1,1583
1584,ST7L,1584
1585,CAPZA1,1585
1586,MOV10,1586
1587,AL603832.1,1587
1588,RHOC,1588
1589,AL603832.3,1589
1590,PPM1J,1590
1591,AL603832.2,1591
1592,FAM19A3,1592
1593,LINC01356,1593
1594,AL390729.1,1594
1595,SLC16A1,1595
1596,SLC16A1-AS1,1596
1597,AL357055.3,1597
1598,LRIG2,1598
1599,MAGI3,1599
1600,PHTF1,1600
1601,RSBN1,1601
1602,AL137856.1,1602
1603,PTPN22,1603
1604,AP4B1-AS1,1604
1605,BCL2L15,1605
1606,AP4B1,1606
1607,DCLRE1B,1607
1608,HIPK1-AS1,1608
1609,HIPK1,1609
1610,OLFML3,1610
1611,SYT6,1611
1612,AL121999.1,1612
1613,TRIM33,1613
1614,BCAS2,1614
1615,DENND2C,1615
1616,AMPD1,1616
1617,NRAS,1617
1618,CSDE1,1618
1619,SIKE1,1619
1620,SYCP1,1620
1621,TSHB,1621
1622,TSPAN2,1622
1623,LINC01765,1623
1624,AL512638.2,1624
1625,NGF,1625
1626,VANGL1,1626
1627,CASQ2,1627
1628,NHLH2,1628
1629,LINC01649,1629
1630,SLC22A15,1630
1631,AL365318.1,1631
1632,MAB21L3,1632
1633,LINC01779,1633
1634,ATP1A1,1634
1635,LINC01762,1635
1636,AL136376.1,1636
1637,AL390066.1,1637
1638,CD58,1638
1639,IGSF3,1639
1640,C1orf137,1640
1641,CD2,1641
1642,AL157904.1,1642
1643,PTGFRN,1643
1644,CD101,1644
1645,AL445231.1,1645
1646,TTF2,1646
1647,TRIM45,1647
1648,VTCN1,1648
1649,LINC01525,1649
1650,AL358072.1,1650
1651,MAN1A2,1651
1652,AL157902.1,1652
1653,TENT5C,1653
1654,GDAP2,1654
1655,WDR3,1655
1656,SPAG17,1656
1657,TBX15,1657
1658,AL139420.1,1658
1659,AL139420.2,1659
1660,WARS2,1660
1661,WARS2-IT1,1661
1662,AL359915.2,1662
1663,AL359915.1,1663
1664,LINC01780,1664
1665,HAO2,1665
1666,HSD3B2,1666
1667,HSD3B1,1667
1668,ZNF697,1668
1669,PHGDH,1669
1670,HMGCS2,1670
1671,REG4,1671
1672,ADAM30,1672
1673,NOTCH2,1673
1674,AC245008.1,1674
1675,SEC22B,1675
1676,NBPF26,1676
1677,PPIAL4A,1677
1678,LINC00623,1678
1679,FCGR1B,1679
1680,AC244453.3,1680
1681,AC244453.2,1681
1682,AC244453.1,1682
1683,FAM72B,1683
1684,SRGAP2C,1684
1685,SRGAP2-AS1,1685
1686,AC244021.1,1686
1687,AC244021.2,1687
1688,AL592494.1,1688
1689,AL592494.3,1689
1690,LINC01691,1690
1691,AC239859.3,1691
1692,AC239800.2,1692
1693,AC239800.3,1693
1694,AC239798.2,1694
1695,AC246680.1,1695
1696,HIST2H3PS2,1696
1697,FAM72C,1697
1698,IGKV1OR1-1,1698
1699,AC245595.1,1699
1700,PPIAL4E,1700
1701,AC246785.3,1701
1702,NBPF15,1702
1703,PPIAL4F,1703
1704,LINC01632,1704
1705,FP700111.1,1705
1706,SRGAP2B,1706
1707,FAM72D,1707
1708,PPIAL4D,1708
1709,AC245014.3,1709
1710,AC245014.1,1710
1711,NBPF20,1711
1712,GPR89A,1712
1713,PDZK1,1713
1714,CD160,1714
1715,RNF115,1715
1716,POLR3C,1716
1717,NUDT17,1717
1718,PIAS3,1718
1719,ANKRD35,1719
1720,ITGA10,1720
1721,AC243547.1,1721
1722,PEX11B,1722
1723,RBM8A,1723
1724,LIX1L-AS1,1724
1725,AC243547.3,1725
1726,LIX1L,1726
1727,ANKRD34A,1727
1728,AC243547.2,1728
1729,POLR3GL,1729
1730,TXNIP,1730
1731,HJV,1731
1732,LINC01719,1732
1733,NBPF10,1733
1734,AC239799.1,1734
1735,NOTCH2NL,1735
1736,AC239799.2,1736
1737,AC243756.1,1737
1738,AC245407.2,1738
1739,NBPF12,1739
1740,AC244394.2,1740
1741,PRKAB2,1741
1742,AC242426.2,1742
1743,FMO5,1743
1744,CHD1L,1744
1745,LINC00624,1745
1746,BCL9,1746
1747,ACP6,1747
1748,AC241644.1,1748
1749,GJA5,1749
1750,AC241644.3,1750
1751,AC241644.2,1751
1752,GJA8,1752
1753,GPR89B,1753
1754,AC239803.2,1754
1755,AC239803.3,1755
1756,NBPF11,1756
1757,AC239809.3,1757
1758,AC239803.1,1758
1759,LINC01731,1759
1760,AC245100.6,1760
1761,AC245100.1,1761
1762,AC245100.7,1762
1763,PPIAL4G,1763
1764,NBPF14,1764
1765,NUDT4B,1765
1766,PDE4DIP,1766
1767,AC239802.1,1767
1768,AC239802.2,1768
1769,AC239804.1,1769
1770,NBPF9,1770
1771,AC245297.3,1771
1772,AC245297.2,1772
1773,NBPF19,1773
1774,PPIAL4C,1774
1775,FCGR1A,1775
1776,HIST2H2BF,1776
1777,AC243772.2,1777
1778,HIST2H3D,1778
1779,HIST2H4A,1779
1780,HIST2H3C,1780
1781,HIST2H2AA3,1781
1782,AC239868.3,1782
1783,HIST2H2AA4,1783
1784,HIST2H3A,1784
1785,HIST2H4B,1785
1786,AC239868.2,1786
1787,HIST2H2BE,1787
1788,HIST2H2AC,1788
1789,HIST2H2AB,1789
1790,BOLA1,1790
1791,SV2A,1791
1792,SF3B4,1792
1793,MTMR11,1793
1794,OTUD7B,1794
1795,VPS45,1795
1796,PLEKHO1,1796
1797,ANP32E,1797
1798,AC242988.1,1798
1799,CA14,1799
1800,APH1A,1800
1801,C1orf54,1801
1802,CIART,1802
1803,MRPS21,1803
1804,PRPF3,1804
1805,RPRD2,1805
1806,TARS2,1806
1807,ECM1,1807
1808,FALEC,1808
1809,AL356356.1,1809
1810,ADAMTSL4,1810
1811,MCL1,1811
1812,ENSA,1812
1813,GOLPH3L,1813
1814,HORMAD1,1814
1815,CTSS,1815
1816,CTSK,1816
1817,ARNT,1817
1818,CTXND2,1818
1819,SETDB1,1819
1820,CERS2,1820
1821,AL590133.2,1821
1822,AL590133.1,1822
1823,ANXA9,1823
1824,MINDY1,1824
1825,PRUNE1,1825
1826,BNIPL,1826
1827,C1orf56,1827
1828,CDC42SE1,1828
1829,MLLT11,1829
1830,GABPB2,1830
1831,SEMA6C,1831
1832,TNFAIP8L2,1832
1833,SCNM1,1833
1834,LYSMD1,1834
1835,TMOD4,1835
1836,VPS72,1836
1837,PIP5K1A,1837
1838,PSMD4,1838
1839,AL391069.2,1839
1840,ZNF687,1840
1841,PI4KB,1841
1842,AL391069.4,1842
1843,RFX5,1843
1844,AL391069.1,1844
1845,AL391069.3,1845
1846,SELENBP1,1846
1847,PSMB4,1847
1848,POGZ,1848
1849,CGN,1849
1850,TUFT1,1850
1851,SNX27,1851
1852,AL391335.1,1852
1853,AL589765.1,1853
1854,CELF3,1854
1855,RIIAD1,1855
1856,AL589765.7,1856
1857,MRPL9,1857
1858,OAZ3,1858
1859,AL589765.4,1859
1860,AL589765.5,1860
1861,TDRKH,1861
1862,TDRKH-AS1,1862
1863,AL589765.6,1863
1864,LINGO4,1864
1865,RORC,1865
1866,C2CD4D,1866
1867,AL450992.2,1867
1868,THEM5,1868
1869,THEM4,1869
1870,S100A10,1870
1871,AL450992.1,1871
1872,S100A11,1872
1873,TCHHL1,1873
1874,TCHH,1874
1875,AL589986.1,1875
1876,RPTN,1876
1877,FLG-AS1,1877
1878,AL589986.2,1878
1879,HRNR,1879
1880,FLG,1880
1881,FLG2,1881
1882,CRNN,1882
1883,LCE5A,1883
1884,CRCT1,1884
1885,LCE3E,1885
1886,LCE3D,1886
1887,LCE3C,1887
1888,LCE3B,1888
1889,LCE3A,1889
1890,LINC00302,1890
1891,LCE2D,1891
1892,LCE2C,1892
1893,LCE2B,1893
1894,LCE2A,1894
1895,LCE4A,1895
1896,C1orf68,1896
1897,KPRP,1897
1898,LCE1F,1898
1899,LCE1E,1899
1900,LCE1D,1900
1901,LCE1C,1901
1902,LCE1B,1902
1903,LCE1A,1903
1904,LCE6A,1904
1905,SMCP,1905
1906,IVL,1906
1907,LINC01527,1907
1908,SPRR5,1908
1909,SPRR4,1909
1910,SPRR1A,1910
1911,SPRR3,1911
1912,SPRR1B,1912
1913,SPRR2D,1913
1914,SPRR2A,1914
1915,SPRR2B,1915
1916,SPRR2E,1916
1917,SPRR2F,1917
1918,SPRR2G,1918
1919,AL161636.1,1919
1920,LELP1,1920
1921,PRR9,1921
1922,LOR,1922
1923,PGLYRP3,1923
1924,PGLYRP4,1924
1925,S100A9,1925
1926,S100A12,1926
1927,S100A8,1927
1928,S100A7A,1928
1929,S100A7L2,1929
1930,S100A7,1930
1931,BX470102.1,1931
1932,S100A6,1932
1933,S100A5,1933
1934,S100A4,1934
1935,S100A3,1935
1936,S100A2,1936
1937,S100A16,1937
1938,S100A14,1938
1939,S100A13,1939
1940,S100A1,1940
1941,AL162258.2,1941
1942,CHTOP,1942
1943,SNAPIN,1943
1944,ILF2,1944
1945,NPR1,1945
1946,INTS3,1946
1947,AL513523.4,1947
1948,AL513523.3,1948
1949,SLC27A3,1949
1950,GATAD2B,1950
1951,AL358472.5,1951
1952,DENND4B,1952
1953,CRTC2,1953
1954,SLC39A1,1954
1955,AL358472.4,1955
1956,AL358472.3,1956
1957,CREB3L4,1957
1958,JTB,1958
1959,AL358472.2,1959
1960,RAB13,1960
1961,RPS27,1961
1962,NUP210L,1962
1963,TPM3,1963
1964,C1orf189,1964
1965,C1orf43,1965
1966,UBAP2L,1966
1967,HAX1,1967
1968,AQP10,1968
1969,ATP8B2,1969
1970,IL6R-AS1,1970
1971,IL6R,1971
1972,SHE,1972
1973,AL162591.2,1973
1974,TDRD10,1974
1975,UBE2Q1,1975
1976,UBE2Q1-AS1,1976
1977,CHRNB2,1977
1978,AL592078.1,1978
1979,ADAR,1979
1980,KCNN3,1980
1981,PMVK,1981
1982,AL451085.1,1982
1983,PBXIP1,1983
1984,PYGO2,1984
1985,AL451085.2,1985
1986,SHC1,1986
1987,CKS1B,1987
1988,FLAD1,1988
1989,LENEP,1989
1990,ZBTB7B,1990
1991,DCST2,1991
1992,DCST1,1992
1993,DCST1-AS1,1993
1994,ADAM15,1994
1995,EFNA4,1995
1996,AL691442.1,1996
1997,EFNA3,1997
1998,EFNA1,1998
1999,SLC50A1,1999
2000,DPM3,2000
2001,KRTCAP2,2001
2002,AL713999.1,2002
2003,TRIM46,2003
2004,MUC1,2004
2005,AC234582.1,2005
2006,THBS3,2006
2007,MTX1,2007
2008,AC234582.2,2008
2009,GBA,2009
2010,FAM189B,2010
2011,SCAMP3,2011
2012,CLK2,2012
2013,HCN3,2013
2014,PKLR,2014
2015,FDPS,2015
2016,RUSC1-AS1,2016
2017,RUSC1,2017
2018,ASH1L,2018
2019,ASH1L-AS1,2019
2020,AL353807.2,2020
2021,MSTO1,2021
2022,YY1AP1,2022
2023,DAP3,2023
2024,AL162734.1,2024
2025,GON4L,2025
2026,SYT11,2026
2027,RIT1,2027
2028,KHDC4,2028
2029,RXFP4,2029
2030,ARHGEF2,2030
2031,AL355388.2,2031
2032,AL355388.1,2032
2033,SSR2,2033
2034,UBQLN4,2034
2035,LAMTOR2,2035
2036,RAB25,2036
2037,MEX3A,2037
2038,LMNA,2038
2039,SEMA4A,2039
2040,SLC25A44,2040
2041,PMF1-BGLAP,2041
2042,PMF1,2042
2043,BGLAP,2043
2044,PAQR6,2044
2045,SMG5,2045
2046,TMEM79,2046
2047,GLMP,2047
2048,VHLL,2048
2049,CCT3,2049
2050,TSACC,2050
2051,RHBG,2051
2052,AL139130.1,2052
2053,C1orf61,2053
2054,AL139412.1,2054
2055,MEF2D,2055
2056,AL365181.1,2056
2057,IQGAP3,2057
2058,TTC24,2058
2059,NAXE,2059
2060,GPATCH4,2060
2061,AL365181.4,2061
2062,HAPLN2,2062
2063,AL365181.2,2063
2064,BCAN,2064
2065,AL365181.3,2065
2066,AL590666.2,2066
2067,NES,2067
2068,AL590666.3,2068
2069,CRABP2,2069
2070,AL590666.1,2070
2071,ISG20L2,2071
2072,RRNAD1,2072
2073,MRPL24,2073
2074,HDGF,2074
2075,PRCC,2075
2076,SH2D2A,2076
2077,NTRK1,2077
2078,INSRR,2078
2079,PEAR1,2079
2080,LRRC71,2080
2081,ARHGEF11,2081
2082,ETV3L,2082
2083,ETV3,2083
2084,AL138900.1,2084
2085,AL138900.3,2085
2086,AL138900.2,2086
2087,FCRL5,2087
2088,FCRL4,2088
2089,FCRL3,2089
2090,AL356276.1,2090
2091,FCRL2,2091
2092,FCRL1,2092
2093,CD5L,2093
2094,KIRREL1,2094
2095,LINC01704,2095
2096,CD1D,2096
2097,AL138899.1,2097
2098,CD1A,2098
2099,CD1C,2099
2100,CD1B,2100
2101,CD1E,2101
2102,OR10T2,2102
2103,OR10K2,2103
2104,OR10K1,2104
2105,OR10R2,2105
2106,AL365440.2,2106
2107,OR6Y1,2107
2108,OR6P1,2108
2109,OR10X1,2109
2110,OR10Z1,2110
2111,SPTA1,2111
2112,OR6K2,2112
2113,OR6K3,2113
2114,OR6N1,2114
2115,OR6K6,2115
2116,OR6N2,2116
2117,MNDA,2117
2118,PYHIN1,2118
2119,IFI16,2119
2120,AIM2,2120
2121,CADM3,2121
2122,CADM3-AS1,2122
2123,ACKR1,2123
2124,FCER1A,2124
2125,OR10J3,2125
2126,AL513323.1,2126
2127,OR10J1,2127
2128,AL663023.1,2128
2129,OR10J5,2129
2130,APCS,2130
2131,CRP,2131
2132,DUSP23,2132
2133,FCRL6,2133
2134,SLAMF8,2134
2135,AL590560.1,2135
2136,SNHG28,2136
2137,VSIG8,2137
2138,AL590560.2,2138
2139,CFAP45,2139
2140,TAGLN2,2140
2141,IGSF9,2141
2142,SLAMF9,2142
2143,LINC01133,2143
2144,KCNJ10,2144
2145,PIGM,2145
2146,AL121987.1,2146
2147,KCNJ9,2147
2148,IGSF8,2148
2149,ATP1A2,2149
2150,ATP1A4,2150
2151,CASQ1,2151
2152,AL121987.2,2152
2153,PEA15,2153
2154,DCAF8,2154
2155,AL139011.2,2155
2156,AL139011.1,2156
2157,PEX19,2157
2158,COPA,2158
2159,NCSTN,2159
2160,NHLH1,2160
2161,VANGL2,2161
2162,SLAMF6,2162
2163,AL138930.1,2163
2164,CD84,2164
2165,SLAMF1,2165
2166,AL121985.1,2166
2167,CD48,2167
2168,SLAMF7,2168
2169,LY9,2169
2170,CD244,2170
2171,ITLN1,2171
2172,AL354714.3,2172
2173,AL354714.1,2173
2174,ITLN2,2174
2175,F11R,2175
2176,AL591806.3,2176
2177,TSTD1,2177
2178,USF1,2178
2179,ARHGAP30,2179
2180,NECTIN4,2180
2181,AL591806.1,2181
2182,KLHDC9,2182
2183,PFDN2,2183
2184,NIT1,2184
2185,DEDD,2185
2186,UFC1,2186
2187,AL590714.1,2187
2188,USP21,2188
2189,PPOX,2189
2190,B4GALT3,2190
2191,ADAMTS4,2191
2192,NDUFS2,2192
2193,FCER1G,2193
2194,APOA2,2194
2195,TOMM40L,2195
2196,NR1I3,2196
2197,PCP4L1,2197
2198,MPZ,2198
2199,SDHC,2199
2200,CFAP126,2200
2201,AL592295.4,2201
2202,AL592295.3,2202
2203,AL831711.1,2203
2204,FCGR2A,2204
2205,HSPA6,2205
2206,FCGR3A,2206
2207,AL590385.1,2207
2208,FCGR3B,2208
2209,FCGR2B,2209
2210,AL451067.1,2210
2211,FCRLA,2211
2212,FCRLB,2212
2213,DUSP12,2213
2214,AL359541.1,2214
2215,ATF6,2215
2216,OLFML2B,2216
2217,AL590408.1,2217
2218,NOS1AP,2218
2219,AL512785.1,2219
2220,AL512785.2,2220
2221,C1orf226,2221
2222,SPATA46,2222
2223,SH2D1B,2223
2224,UHMK1,2224
2225,AL596325.1,2225
2226,UAP1,2226
2227,DDR2,2227
2228,HSD17B7,2228
2229,CCDC190,2229
2230,RGS4,2230
2231,RGS5,2231
2232,AL499616.1,2232
2233,RGS5,2231
2234,AL592435.1,2233
2235,NUF2,2234
2236,PBX1,2235
2237,AL357568.1,2236
2238,LMX1A,2237
2239,AL390730.1,2238
2240,AL390730.2,2239
2241,RXRG,2240
2242,AL157714.2,2241
2243,LRRC52,2242
2244,AL356441.1,2243
2245,MGST3,2244
2246,ALDH9A1,2245
2247,AL451074.6,2246
2248,TMCO1,2247
2249,AL451074.2,2248
2250,UCK2,2249
2251,AL358115.1,2250
2252,FAM78B,2251
2253,AL626787.1,2252
2254,AL390115.1,2253
2255,AL583804.1,2254
2256,LINC01675,2255
2257,POGK,2256
2258,TADA1,2257
2259,ILDR2,2258
2260,MAEL,2259
2261,AL158837.1,2260
2262,GPA33,2261
2263,DUSP27,2262
2264,LINC01363,2263
2265,AL451050.2,2264
2266,POU2F1,2265
2267,CD247,2266
2268,AL359962.2,2267
2269,CREG1,2268
2270,AL031733.2,2269
2271,RCSD1,2270
2272,MPZL1,2271
2273,ADCY10,2272
2274,Z99943.1,2273
2275,MPC2,2274
2276,DCAF6,2275
2277,GPR161,2276
2278,TIPRL,2277
2279,SFT2D2,2278
2280,TBX19,2279
2281,AL023755.1,2280
2282,AL022100.2,2281
2283,XCL2,2282
2284,XCL1,2283
2285,DPT,2284
2286,AL031275.1,2285
2287,LINC00626,2286
2288,LINC00970,2287
2289,AL031726.1,2288
2290,ATP1B1,2289
2291,NME7,2290
2292,Z99758.1,2291
2293,BLZF1,2292
2294,CCDC181,2293
2295,SLC19A2,2294
2296,AL021068.1,2295
2297,F5,2296
2298,SELP,2297
2299,C1orf112,2298
2300,SELL,2299
2301,SELE,2300
2302,AL021940.1,2301
2303,METTL18,2302
2304,SCYL3,2303
2305,KIFAP3,2304
2306,AL356475.1,2305
2307,METTL11B,2306
2308,LINC01681,2307
2309,LINC01142,2308
2310,AL354732.1,2309
2311,GORAB,2310
2312,AL162399.1,2311
2313,AL023495.1,2312
2314,PRRX1,2313
2315,Z97200.1,2314
2316,MROH9,2315
2317,FMO3,2316
2318,FMO2,2317
2319,AL021026.1,2318
2320,AL445673.1,2319
2321,FMO1,2320
2322,FMO4,2321
2323,PRRC2C,2322
2324,MYOCOS,2323
2325,MYOC,2324
2326,VAMP4,2325
2327,METTL13,2326
2328,DNM3,2327
2329,DNM3OS,2328
2330,PIGC,2329
2331,C1orf105,2330
2332,SUCO,2331
2333,FASLG,2332
2334,AL031599.1,2333
2335,Z97198.1,2334
2336,TNFSF18,2335
2337,AL022310.1,2336
2338,TNFSF4,2337
2339,AL645568.1,2338
2340,PRDX6,2339
2341,SLC9C2,2340
2342,AL139142.1,2341
2343,ANKRD45,2342
2344,TEX50,2343
2345,KLHL20,2344
2346,CENPL,2345
2347,DARS2,2346
2348,GAS5-AS1,2347
2349,ZBTB37,2348
2350,SERPINC1,2349
2351,RC3H1,2350
2352,AL121983.1,2351
2353,AL121983.2,2352
2354,RABGAP1L,2353
2355,GPR52,2354
2356,Z99127.1,2355
2357,CACYBP,2356
2358,MRPS14,2357
2359,TNN,2358
2360,KIAA0040,2359
2361,AL008626.1,2360
2362,Z94057.1,2361
2363,TNR,2362
2364,LINC01657,2363
2365,AL513329.1,2364
2366,COP1,2365
2367,AL590723.1,2366
2368,AL359265.3,2367
2369,PAPPA2,2368
2370,ASTN1,2369
2371,BRINP2,2370
2372,LINC01645,2371
2373,AL122019.1,2372
2374,LINC01741,2373
2375,SEC16B,2374
2376,RASAL2-AS1,2375
2377,RASAL2,2376
2378,CLEC20A,2377
2379,TEX35,2378
2380,C1orf220,2379
2381,AL137796.1,2380
2382,AL449106.1,2381
2383,RALGPS2,2382
2384,ANGPTL1,2383
2385,FAM20B,2384
2386,TOR3A,2385
2387,ABL2,2386
2388,SOAT1,2387
2389,AXDND1,2388
2390,AL160286.3,2389
2391,NPHS2,2390
2392,TDRD5,2391
2393,AL359853.3,2392
2394,FAM163A,2393
2395,AL359853.1,2394
2396,AL359853.2,2395
2397,TOR1AIP2,2396
2398,AL353708.3,2397
2399,TOR1AIP1,2398
2400,AL353708.2,2399
2401,AL353708.1,2400
2402,CEP350,2401
2403,AL390718.1,2402
2404,QSOX1,2403
2405,LHX4,2404
2406,ACBD6,2405
2407,OVAAL,2406
2408,XPR1,2407
2409,AL162431.1,2408
2410,KIAA1614,2409
2411,AL162431.2,2410
2412,KIAA1614-AS1,2411
2413,STX6,2412
2414,MR1,2413
2415,IER5,2414
2416,LINC01732,2415
2417,AL358393.1,2416
2418,LINC01699,2417
2419,CACNA1E,2418
2420,AL161734.1,2419
2421,ZNF648,2420
2422,AL355482.1,2421
2423,AL355482.2,2422
2424,AL390856.1,2423
2425,LINC01344,2424
2426,GLUL,2425
2427,TEDDM1,2426
2428,LINC00272,2427
2429,RGSL1,2428
2430,RNASEL,2429
2431,RGS16,2430
2432,LINC01686,2431
2433,RGS8,2432
2434,LINC01688,2433
2435,NPL,2434
2436,DHX9,2435
2437,SHCBP1L,2436
2438,LAMC1,2437
2439,LAMC1-AS1,2438
2440,LAMC2,2439
2441,NMNAT2,2440
2442,SMG7,2441
2443,NCF2,2442
2444,ARPC5,2443
2445,RGL1,2444
2446,APOBEC4,2445
2447,AL590422.1,2446
2448,COLGALT2,2447
2449,TSEN15,2448
2450,AL445228.1,2449
2451,AL445228.2,2450
2452,C1orf21,2451
2453,EDEM3,2452
2454,FAM129A,2453
2455,LINC01633,2454
2456,RNF2,2455
2457,TRMT1L,2456
2458,SWT1,2457
2459,IVNS1ABP,2458
2460,AL078644.2,2459
2461,LINC01350,2460
2462,AL133383.1,2461
2463,HMCN1,2462
2464,AL133553.1,2463
2465,PRG4,2464
2466,TPR,2465
2467,ODR4,2466
2468,OCLM,2467
2469,AL596220.1,2468
2470,PDC,2469
2471,AL096803.3,2470
2472,PTGS2,2471
2473,PACERR,2472
2474,PLA2G4A,2473
2475,ERVMER61-1,2474
2476,AL596211.1,2475
2477,AL929288.1,2476
2478,AL691515.1,2477
2479,AL691515.2,2478
2480,LINC01035,2479
2481,LINC01701,2480
2482,AL591504.1,2481
2483,BRINP3,2482
2484,AL354771.1,2483
2485,LINC01351,2484
2486,AL391645.1,2485
2487,LINC01720,2486
2488,AL713866.1,2487
2489,LINC01680,2488
2490,AL359081.1,2489
2491,AL954650.1,2490
2492,RGS18,2491
2493,AL390957.1,2492
2494,RGS21,2493
2495,AL136987.1,2494
2496,RGS1,2495
2497,RGS13,2496
2498,AL136454.1,2497
2499,RGS2,2498
2500,UCHL5,2499
2501,TROVE2,2500
2502,GLRX2,2501
2503,CDC73,2502
2504,B3GALT2,2503
2505,LINC01031,2504
2506,AL357793.1,2505
2507,AL357793.2,2506
2508,AL356272.1,2507
2509,AL513348.1,2508
2510,LINC01724,2509
2511,KCNT2,2510
2512,CFH,2511
2513,CFHR3,2512
2514,BX248415.1,2513
2515,CFHR1,2514
2516,CFHR4,2515
2517,CFHR2,2516
2518,CFHR5,2517
2519,F13B,2518
2520,ASPM,2519
2521,ZBTB41,2520
2522,CRB1,2521
2523,AL136322.1,2522
2524,DENND1B,2523
2525,AL365258.1,2524
2526,C1orf53,2525
2527,LHX9,2526
2528,NEK7,2527
2529,ATP6V1G3,2528
2530,AL157402.1,2529
2531,PTPRC,2530
2532,AL157402.2,2531
2533,MIR181A1HG,2532
2534,AC096631.1,2533
2535,LINC01222,2534
2536,LINC01221,2535
2537,AC099673.1,2536
2538,NR5A2,2537
2539,LINC00862,2538
2540,AC097065.2,2539
2541,AC104461.1,2540
2542,ZNF281,2541
2543,AL359834.1,2542
2544,KIF14,2543
2545,DDX59,2544
2546,AL445483.1,2545
2547,CAMSAP2,2546
2548,GPR25,2547
2549,INAVA,2548
2550,KIF21B,2549
2551,AL358473.1,2550
2552,AL358473.2,2551
2553,CACNA1S,2552
2554,ASCL5,2553
2555,TMEM9,2554
2556,IGFN1,2555
2557,AC103925.1,2556
2558,PKP1,2557
2559,TNNT2,2558
2560,LAD1,2559
2561,AC119427.1,2560
2562,TNNI1,2561
2563,PHLDA3,2562
2564,CSRP1,2563
2565,AC096677.1,2564
2566,NAV1,2565
2567,AC092800.1,2566
2568,IPO9-AS1,2567
2569,AL645504.1,2568
2570,IPO9,2569
2571,SHISA4,2570
2572,AL513217.1,2571
2573,LMOD1,2572
2574,TIMM17A,2573
2575,RNPEP,2574
2576,AC099676.1,2575
2577,ELF3-AS1,2576
2578,ELF3,2577
2579,GPR37L1,2578
2580,ARL8A,2579
2581,PTPN7,2580
2582,LGR6,2581
2583,UBE2T,2582
2584,PPP1R12B,2583
2585,SYT2,2584
2586,AC104463.2,2585
2587,AC104463.1,2586
2588,KDM5B,2587
2589,AC098934.4,2588
2590,PCAT6,2589
2591,RABIF,2590
2592,KLHL12,2591
2593,ADIPOR1,2592
2594,CYB5R1,2593
2595,TMEM183A,2594
2596,PPFIA4,2595
2597,MYOG,2596
2598,ADORA1,2597
2599,AC105940.2,2598
2600,AC105940.1,2599
2601,MYBPH,2600
2602,CHI3L1,2601
2603,CHIT1,2602
2604,LINC01353,2603
2605,LINC01136,2604
2606,BTG2,2605
2607,FMOD,2606
2608,PRELP,2607
2609,OPTC,2608
2610,ATP2B4,2609
2611,LAX1,2610
2612,ZC3H11A,2611
2613,ZBED6,2612
2614,SNRPE,2613
2615,LINC00303,2614
2616,SOX13,2615
2617,AL592146.1,2616
2618,ETNK2,2617
2619,ERLNC1,2618
2620,REN,2619
2621,KISS1,2620
2622,GOLT1A,2621
2623,PLEKHA6,2622
2624,AL592114.3,2623
2625,LINC00628,2624
2626,AL606489.1,2625
2627,PPP1R15B,2626
2628,PIK3C2B,2627
2629,MDM4,2628
2630,AL512306.3,2629
2631,LRRN2,2630
2632,AL512306.2,2631
2633,AL161793.1,2632
2634,NFASC,2633
2635,CNTN2,2634
2636,TMEM81,2635
2637,RBBP5,2636
2638,DSTYK,2637
2639,TMCC2,2638
2640,AC093422.2,2639
2641,NUAK2,2640
2642,KLHDC8A,2641
2643,LEMD1-AS1,2642
2644,LEMD1,2643
2645,BLACAT1,2644
2646,AC098936.1,2645
2647,CDK18,2646
2648,MFSD4A,2647
2649,ELK4,2648
2650,SLC45A3,2649
2651,NUCKS1,2650
2652,RAB29,2651
2653,SLC41A1,2652
2654,PM20D1,2653
2655,SLC26A9,2654
2656,AL713965.1,2655
2657,RAB7B,2656
2658,CTSE,2657
2659,RHEX,2658
2660,AVPR1B,2659
2661,AC244035.1,2660
2662,AC244035.2,2661
2663,FAM72A,2662
2664,SRGAP2,2663
2665,IKBKE,2664
2666,C1orf147,2665
2667,AC244034.2,2666
2668,RASSF5,2667
2669,EIF2D,2668
2670,AL591846.2,2669
2671,DYRK3,2670
2672,MAPKAPK2,2671
2673,IL10,2672
2674,IL19,2673
2675,IL20,2674
2676,IL24,2675
2677,FCMR,2676
2678,PIGR,2677
2679,FCAMR,2678
2680,C1orf116,2679
2681,PFKFB2,2680
2682,YOD1,2681
2683,C4BPB,2682
2684,C4BPA,2683
2685,AL445493.3,2684
2686,AL445493.2,2685
2687,AL596218.1,2686
2688,CD55,2687
2689,AL391597.1,2688
2690,CR2,2689
2691,CR1,2690
2692,AL137789.1,2691
2693,CR1L,2692
2694,AL137789.2,2693
2695,CD46,2694
2696,MIR29B2CHG,2695
2697,CD34,2696
2698,AL356275.1,2697
2699,PLXNA2,2698
2700,LINC01735,2699
2701,AC099793.1,2700
2702,LINC01717,2701
2703,LINC01774,2702
2704,AC092810.3,2703
2705,LINC01696,2704
2706,LINC01698,2705
2707,AL023754.1,2706
2708,CAMK1G,2707
2709,LAMB3,2708
2710,AL031316.1,2709
2711,G0S2,2710
2712,HSD11B1,2711
2713,TRAF3IP3,2712
2714,C1orf74,2713
2715,IRF6,2714
2716,UTP25,2715
2717,SYT14,2716
2718,SERTAD4-AS1,2717
2719,SERTAD4,2718
2720,HHAT,2719
2721,KCNH1,2720
2722,AL590132.1,2721
2723,AC092017.3,2722
2724,RCOR3,2723
2725,TRAF5,2724
2726,LINC00467,2725
2727,RD3,2726
2728,AC105275.1,2727
2729,SLC30A1,2728
2730,AL356310.1,2729
2731,LINC01693,2730
2732,NEK2,2731
2733,AC096637.2,2732
2734,AC096637.1,2733
2735,LPGAT1,2734
2736,AL445488.1,2735
2737,INTS7,2736
2738,DTL,2737
2739,AL606468.1,2738
2740,AL451060.1,2739
2741,PPP2R5A,2740
2742,AL360091.3,2741
2743,TMEM206,2742
2744,NENF,2743
2745,AC092803.1,2744
2746,LINC01740,2745
2747,AC092803.2,2746
2748,ATF3,2747
2749,AL590648.2,2748
2750,FAM71A,2749
2751,AL590648.3,2750
2752,BATF3,2751
2753,NSL1,2752
2754,TATDN3,2753
2755,SPATA45,2754
2756,FLVCR1-DT,2755
2757,FLVCR1,2756
2758,AC104333.4,2757
2759,VASH2,2758
2760,ANGEL2,2759
2761,RPS6KC1,2760
2762,AL592402.1,2761
2763,AC096639.1,2762
2764,LINC00538,2763
2765,PROX1,2764
2766,AC011700.1,2765
2767,AL606537.1,2766
2768,AL592287.1,2767
2769,SMYD2,2768
2770,PTPN14,2769
2771,CENPF,2770
2772,KCNK2,2771
2773,AL450990.1,2772
2774,KCTD3,2773
2775,USH2A,2774
2776,AL358452.1,2775
2777,AC093581.1,2776
2778,AC138024.1,2777
2779,ESRRG,2778
2780,GPATCH2,2779
2781,SPATA17,2780
2782,SPATA17-AS1,2781
2783,LINC00210,2782
2784,AL355526.1,2783
2785,LINC01653,2784
2786,RRP15,2785
2787,TGFB2-AS1,2786
2788,TGFB2,2787
2789,C1orf143,2788
2790,LINC01710,2789
2791,LYPLAL1-DT,2790
2792,LYPLAL1,2791
2793,AL360093.1,2792
2794,AC096642.1,2793
2795,AL513283.1,2794
2796,AL356364.1,2795
2797,ZC3H11B,2796
2798,SLC30A10,2797
2799,EPRS,2798
2800,BPNT1,2799
2801,IARS2,2800
2802,RAB3GAP2,2801
2803,AL451081.1,2802
2804,AC096644.4,2803
2805,AC096644.1,2804
2806,MARK1,2805
2807,C1orf115,2806
2808,MARC2,2807
2809,MARC1,2808
2810,RNU6ATAC35P,2809
2811,AL445423.1,2810
2812,LINC01352,2811
2813,HLX-AS1,2812
2814,HLX,2813
2815,AL445470.1,2814
2816,AL360013.2,2815
2817,DUSP10,2816
2818,LINC01655,2817
2819,LINC02257,2818
2820,LINC02474,2819
2821,LINC01705,2820
2822,AL356108.1,2821
2823,AL513314.1,2822
2824,AL513314.2,2823
2825,HHIPL2,2824
2826,TAF1A,2825
2827,TAF1A-AS1,2826
2828,MIA3,2827
2829,AL592148.3,2828
2830,AIDA,2829
2831,BROX,2830
2832,FAM177B,2831
2833,AL392172.1,2832
2834,AC093152.1,2833
2835,DISP1,2834
2836,TLR5,2835
2837,AL359979.2,2836
2838,AL359979.1,2837
2839,SUSD4,2838
2840,CCDC185,2839
2841,CAPN8,2840
2842,CAPN2,2841
2843,TP53BP2,2842
2844,AC138393.3,2843
2845,FBXO28,2844
2846,DEGS1,2845
2847,AC092809.4,2846
2848,NVL,2847
2849,CNIH4,2848
2850,WDR26,2849
2851,CNIH3,2850
2852,AL596330.1,2851
2853,AL391811.1,2852
2854,DNAH14,2853
2855,LBR,2854
2856,AC092811.2,2855
2857,ENAH,2856
2858,AC099066.2,2857
2859,SRP9,2858
2860,EPHX1,2859
2861,AL591895.1,2860
2862,TMEM63A,2861
2863,LEFTY1,2862
2864,AL117348.2,2863
2865,PYCR2,2864
2866,LEFTY2,2865
2867,SDE2,2866
2868,AL512343.2,2867
2869,H3F3A,2868
2870,LINC01703,2869
2871,ACBD3,2870
2872,ACBD3-AS1,2871
2873,MIXL1,2872
2874,LIN9,2873
2875,PARP1,2874
2876,STUM,2875
2877,ITPKB,2876
2878,ITPKB-AS1,2877
2879,PSEN2,2878
2880,COQ8A,2879
2881,CDC42BPA,2880
2882,AL353689.2,2881
2883,AL451047.1,2882
2884,LINC01641,2883
2885,ZNF678,2884
2886,SNAP47,2885
2887,JMJD4,2886
2888,SNAP47-AS1,2887
2889,PRSS38,2888
2890,WNT9A,2889
2891,WNT3A,2890
2892,AL136379.1,2891
2893,ARF1,2892
2894,C1orf35,2893
2895,MRPL55,2894
2896,GUK1,2895
2897,GJC2,2896
2898,IBA57-DT,2897
2899,IBA57,2898
2900,OBSCN-AS1,2899
2901,OBSCN,2900
2902,AL353593.1,2901
2903,AL353593.2,2902
2904,AL353593.3,2903
2905,AL670729.3,2904
2906,TRIM11,2905
2907,AL670729.2,2906
2908,AL670729.1,2907
2909,TRIM17,2908
2910,HIST3H3,2909
2911,HIST3H2A,2910
2912,HIST3H2BB,2911
2913,RNF187,2912
2914,RHOU,2913
2915,AL137793.2,2914
2916,AL137793.1,2915
2917,AL162595.2,2916
2918,TMEM78,2917
2919,RAB4A,2918
2920,SPHAR,2919
2921,AL117350.1,2920
2922,CCSAP,2921
2923,ACTA1,2922
2924,NUP133,2923
2925,AL121990.1,2924
2926,ABCB10,2925
2927,TAF5L,2926
2928,URB2,2927
2929,LINC01682,2928
2930,LINC01736,2929
2931,GALNT2,2930
2932,AL136988.2,2931
2933,AL136988.1,2932
2934,PGBD5,2933
2935,AL133516.1,2934
2936,LINC01737,2935
2937,COG2,2936
2938,AGT,2937
2939,AL512328.1,2938
2940,CAPN9,2939
2941,AL118511.2,2940
2942,C1orf198,2941
2943,AL118511.1,2942
2944,TTC13,2943
2945,ARV1,2944
2946,FAM89A,2945
2947,TRIM67,2946
2948,AL109810.2,2947
2949,C1orf131,2948
2950,GNPAT,2949
2951,EXOC8,2950
2952,SPRTN,2951
2953,EGLN1,2952
2954,AL445524.1,2953
2955,TSNAX,2954
2956,TSNAX-DISC1,2955
2957,LINC00582,2956
2958,DISC1,2957
2959,AL353052.1,2958
2960,AL353052.2,2959
2961,SIPA1L2,2960
2962,LINC01745,2961
2963,LINC01744,2962
2964,MAP10,2963
2965,NTPCR,2964
2966,PCNX2,2965
2967,MAP3K21,2966
2968,KCNK1,2967
2969,SLC35F3,2968
2970,AL122008.3,2969
2971,AL122008.4,2970
2972,AL355472.3,2971
2973,AL355472.4,2972
2974,AL355472.1,2973
2975,COA6,2974
2976,TARBP1,2975
2977,LINC01354,2976
2978,AL161640.1,2977
2979,IRF2BP2,2978
2980,AL160408.2,2979
2981,LINC00184,2980
2982,AL160408.5,2981
2983,AL160408.1,2982
2984,AL160408.4,2983
2985,AL160408.3,2984
2986,AL160408.6,2985
2987,LINC01132,2986
2988,AL360294.1,2987
2989,AL391832.1,2988
2990,AL391832.2,2989
2991,AL391832.3,2990
2992,LINC01348,2991
2993,AL732292.2,2992
2994,TOMM20,2993
2995,RBM34,2994
2996,ARID4B,2995
2997,GGPS1,2996
2998,TBCE,2997
2999,AL357556.4,2998
3000,TBCE,2997
3001,B3GALNT2,2999
3002,GNG4,3000
3003,LYST,3001
3004,LYST-AS1,3002
3005,AL139161.2,3003
3006,AL139161.1,3004
3007,NID1,3005
3008,GPR137B,3006
3009,ERO1B,3007
3010,EDARADD,3008
3011,LGALS8,3009
3012,LGALS8-AS1,3010
3013,AL359921.2,3011
3014,AL359921.1,3012
3015,HEATR1,3013
3016,ACTN2,3014
3017,MTR,3015
3018,MT1HL1,3016
3019,RYR2,3017
3020,AL359924.1,3018
3021,ZP4,3019
3022,MTRNR2L11,3020
3023,AL356010.2,3021
3024,LINC01139,3022
3025,AL359551.1,3023
3026,AC093426.1,3024
3027,CHRM3,3025
3028,CHRM3-AS2,3026
3029,CHRM3-AS1,3027
3030,AL356361.2,3028
3031,FMN2,3029
3032,AL359918.2,3030
3033,AL590490.1,3031
3034,GREM2,3032
3035,AL358176.1,3033
3036,AL365184.2,3034
3037,AL365184.1,3035
3038,RGS7,3036
3039,AL359764.1,3037
3040,FH,3038
3041,KMO,3039
3042,OPN3,3040
3043,CHML,3041
3044,WDR64,3042
3045,EXO1,3043
3046,BECN2,3044
3047,MAP1LC3C,3045
3048,PLD5,3046
3049,AL591686.2,3047
3050,AL591686.1,3048
3051,AL606534.3,3049
3052,CEP170,3050
3053,AL606534.1,3051
3054,AL606534.2,3052
3055,SDCCAG8,3053
3056,AKT3,3054
3057,AL591721.1,3055
3058,AL591885.1,3056
3059,ZBTB18,3057
3060,AL590483.1,3058
3061,AL590483.2,3059
3062,C1orf100,3060
3063,AL645465.1,3061
3064,ADSS,3062
3065,CATSPERE,3063
3066,DESI2,3064
3067,AL451007.3,3065
3068,AL451007.2,3066
3069,COX20,3067
3070,HNRNPU,3068
3071,BX323046.1,3069
3072,AL356512.1,3070
3073,EFCAB2,3071
3074,KIF26B,3072
3075,KIF26B-AS1,3073
3076,AC104462.2,3074
3077,AC104462.1,3075
3078,SMYD3,3076
3079,AC118555.1,3077
3080,AC092801.1,3078
3081,LINC01743,3079
3082,TFB2M,3080
3083,CNST,3081
3084,AL591848.3,3082
3085,AL591848.2,3083
3086,SCCPDH,3084
3087,AL591848.4,3085
3088,AHCTF1,3086
3089,ZNF695,3087
3090,ZNF670-ZNF695,3088
3091,ZNF670,3089
3092,ZNF669,3090
3093,C1orf229,3091
3094,ZNF124,3092
3095,AL390728.6,3093
3096,AL390728.5,3094
3097,ZNF496,3095
3098,NLRP3,3096
3099,OR2B11,3097
3100,GCSAML,3098
3101,OR2C3,3099
3102,GCSAML-AS1,3100
3103,AL606804.1,3101
3104,OR2G2,3102
3105,OR2G3,3103
3106,AL390860.1,3104
3107,OR13G1,3105
3108,OR6F1,3106
3109,AC118470.1,3107
3110,OR14A2,3108
3111,OR14K1,3109
3112,OR1C1,3110
3113,OR14A16,3111
3114,OR11L1,3112
3115,TRIM58,3113
3116,OR2W3,3114
3117,OR2T8,3115
3118,OR2AJ1,3116
3119,OR2L8,3117
3120,OR2AK2,3118
3121,OR2L5,3119
3122,OR2L2,3120
3123,OR2L3,3121
3124,OR2L13,3122
3125,OR2M5,3123
3126,OR2M2,3124
3127,OR2M3,3125
3128,OR2M4,3126
3129,OR2T33,3127
3130,OR2T12,3128
3131,OR2M7,3129
3132,OR14C36,3130
3133,OR2T4,3131
3134,OR2T6,3132
3135,OR2T1,3133
3136,OR2T2,3134
3137,OR2T3,3135
3138,AC138089.1,3136
3139,OR2T5,3137
3140,OR2G6,3138
3141,AC098483.1,3139
3142,OR2T29,3140
3143,OR2T34,3141
3144,OR2T10,3142
3145,OR2T11,3143
3146,OR2T35,3144
3147,OR2T27,3145
3148,OR14I1,3146
3149,LYPD8,3147
3150,SH3BP5L,3148
3151,ZNF672,3149
3152,ZNF692,3150
3153,AL672291.1,3151
3154,PGBD2,3152
3155,FAM110C,3153
3156,AC079779.1,3154
3157,SH3YL1,3155
3158,ACP1,3156
3159,ALKAL2,3157
3160,AC079779.3,3158
3161,AC079779.4,3159
3162,LINC01865,3160
3163,AC105393.2,3161
3164,AC105393.1,3162
3165,LINC01874,3163
3166,AC093326.2,3164
3167,LINC01875,3165
3168,AC093326.1,3166
3169,TMEM18,3167
3170,AC092159.2,3168
3171,AC092159.3,3169
3172,AC092159.1,3170
3173,AC116609.3,3171
3174,AC116609.2,3172
3175,AC116609.1,3173
3176,LINC01115,3174
3177,LINC01939,3175
3178,AC113607.1,3176
3179,AC116614.1,3177
3180,SNTG2,3178
3181,AC114808.1,3179
3182,AC114808.2,3180
3183,AC108462.1,3181
3184,TPO,3182
3185,AC141930.1,3183
3186,AC141930.3,3184
3187,AC141930.2,3185
3188,AC144450.1,3186
3189,PXDN,3187
3190,MYT1L,3188
3191,AC093390.2,3189
3192,AC093390.1,3190
3193,MYT1L-AS1,3191
3194,AC018685.2,3192
3195,AC018685.1,3193
3196,AC011995.2,3194
3197,AC011995.1,3195
3198,LINC01250,3196
3199,AC019118.2,3197
3200,AC019118.1,3198
3201,EIPR1,3199
3202,TRAPPC12,3200
3203,TRAPPC12-AS1,3201
3204,AC114810.1,3202
3205,ADI1,3203
3206,AC231981.1,3204
3207,AC108488.1,3205
3208,AC108488.2,3206
3209,RNASEH1,3207
3210,RNASEH1-AS1,3208
3211,RPS7,3209
3212,COLEC11,3210
3213,AC010907.2,3211
3214,ALLC,3212
3215,AC010907.1,3213
3216,DCDC2C,3214
3217,LINC01304,3215
3218,AC012445.1,3216
3219,LINC01249,3217
3220,AC107057.1,3218
3221,LINC01248,3219
3222,SOX11,3220
3223,AC010729.1,3221
3224,LINC01810,3222
3225,AC017053.1,3223
3226,LINC01247,3224
3227,LINC01824,3225
3228,MIR7515HG,3226
3229,LINC00487,3227
3230,NRIR,3228
3231,CMPK2,3229
3232,RSAD2,3230
3233,AC017076.1,3231
3234,RNF144A,3232
3235,AC068481.1,3233
3236,AC010904.2,3234
3237,AC092580.2,3235
3238,LINC01871,3236
3239,AC007463.1,3237
3240,LINC00298,3238
3241,LINC00299,3239
3242,U91324.1,3240
3243,AC011747.2,3241
3244,LINC01814,3242
3245,AC011747.1,3243
3246,ID2-AS1,3244
3247,ID2,3245
3248,KIDINS220,3246
3249,MBOAT2,3247
3250,AC093904.4,3248
3251,AC093904.3,3249
3252,AC093904.1,3250
3253,ASAP2,3251
3254,ITGB1BP1,3252
3255,CPSF3,3253
3256,IAH1,3254
3257,ADAM17,3255
3258,AC080162.1,3256
3259,AC073195.1,3257
3260,YWHAQ,3258
3261,AC082651.1,3259
3262,AC082651.4,3260
3263,AC082651.3,3261
3264,TAF1B,3262
3265,AC010969.2,3263
3266,GRHL1,3264
3267,AC010969.1,3265
3268,AC104794.3,3266
3269,AC104794.2,3267
3270,KLF11,3268
3271,AC104794.4,3269
3272,CYS1,3270
3273,AC104794.1,3271
3274,RRM2,3272
3275,AC007240.1,3273
3276,C2orf48,3274
3277,HPCAL1,3275
3278,ODC1,3276
3279,AC007249.2,3277
3280,AC007249.1,3278
3281,NOL10,3279
3282,AC007314.1,3280
3283,RN7SL832P,3281
3284,AC092687.2,3282
3285,ATP6V1C2,3283
3286,AC092687.3,3284
3287,PDIA6,3285
3288,AC092687.1,3286
3289,LINC01954,3287
3290,KCNF1,3288
3291,AC062028.1,3289
3292,C2orf50,3290
3293,PQLC3,3291
3294,ROCK2,3292
3295,AC099344.1,3293
3296,AC099344.2,3294
3297,LINC00570,3295
3298,E2F6,3296
3299,GREB1,3297
3300,NTSR2,3298
3301,AC106875.2,3299
3302,LPIN1,3300
3303,AC012456.1,3301
3304,AC012456.2,3302
3305,MIR3681HG,3303
3306,AC096559.1,3304
3307,AC009486.1,3305
3308,TRIB2,3306
3309,AC073062.1,3307
3310,LINC00276,3308
3311,AC016730.1,3309
3312,AC011897.1,3310
3313,FAM84A,3311
3314,AC068286.1,3312
3315,NBAS,3313
3316,AC008278.2,3314
3317,DDX1,3315
3318,AC008278.1,3316
3319,LINC01804,3317
3320,AC113608.2,3318
3321,MYCNUT,3319
3322,MYCNOS,3320
3323,MYCN,3321
3324,AC010145.1,3322
3325,GACAT3,3323
3326,AC130710.1,3324
3327,AC010745.1,3325
3328,AC010745.2,3326
3329,AC010745.3,3327
3330,AC010745.5,3328
3331,AC010745.4,3329
3332,AC010880.1,3330
3333,AC104623.1,3331
3334,FAM49A,3332
3335,AC008164.1,3333
3336,LINC01866,3334
3337,RAD51AP2,3335
3338,VSNL1,3336
3339,SMC6,3337
3340,GEN1,3338
3341,MSGN1,3339
3342,KCNS3,3340
3343,AC079148.1,3341
3344,RDH14,3342
3345,NT5C1B-RDH14,3343
3346,NT5C1B,3344
3347,AC106053.1,3345
3348,LINC01376,3346
3349,OSR1,3347
3350,AC010096.1,3348
3351,LINC01808,3349
3352,AC019055.1,3350
3353,LINC00954,3351
3354,TTC32,3352
3355,AC013400.1,3353
3356,WDR35,3354
3357,AC079145.1,3355
3358,MATN3,3356
3359,LAPTM4A,3357
3360,AC098828.2,3358
3361,AC098828.3,3359
3362,SDC1,3360
3363,PUM2,3361
3364,RHOB,3362
3365,AC023137.1,3363
3366,AC012065.1,3364
3367,HS1BP3,3365
3368,AC012065.3,3366
3369,GDF7,3367
3370,AC012065.4,3368
3371,LDAH,3369
3372,AC012361.1,3370
3373,AC115619.1,3371
3374,APOB,3372
3375,TDRD15,3373
3376,AC018742.1,3374
3377,AC011752.1,3375
3378,AC009411.2,3376
3379,AC009411.1,3377
3380,LINC01822,3378
3381,LINC01830,3379
3382,AC068490.1,3380
3383,AC096570.1,3381
3384,LINC01884,3382
3385,AC018467.1,3383
3386,AC012506.1,3384
3387,AC012506.3,3385
3388,AC012506.2,3386
3389,AC012506.4,3387
3390,KLHL29,3388
3391,AC011239.1,3389
3392,AC009242.1,3390
3393,ATAD2B,3391
3394,UBXN2A,3392
3395,MFSD2B,3393
3396,WDCP,3394
3397,FKBP1B,3395
3398,SF3B6,3396
3399,FAM228B,3397
3400,TP53I3,3398
3401,PFN4,3399
3402,AC008073.3,3400
3403,AC008073.2,3401
3404,FAM228A,3402
3405,AC008073.1,3403
3406,ITSN2,3404
3407,AC009228.1,3405
3408,NCOA1,3406
3409,PTRHD1,3407
3410,CENPO,3408
3411,ADCY3,3409
3412,AC012073.1,3410
3413,DNAJC27,3411
3414,DNAJC27-AS1,3412
3415,EFR3B,3413
3416,POMC,3414
3417,LINC01381,3415
3418,DNMT3A,3416
3419,AC012074.1,3417
3420,DTNB,3418
3421,AC104699.1,3419
3422,ASXL2,3420
3423,KIF3C,3421
3424,RAB10,3422
3425,GAREM2,3423
3426,HADHA,3424
3427,HADHB,3425
3428,ADGRF3,3426
3429,SELENOI,3427
3430,DRC1,3428
3431,OTOF,3429
3432,C2orf70,3430
3433,CIB4,3431
3434,AC015977.2,3432
3435,KCNK3,3433
3436,SLC35F6,3434
3437,CENPA,3435
3438,DPYSL5,3436
3439,AC013472.2,3437
3440,MAPRE3,3438
3441,TMEM214,3439
3442,AGBL5,3440
3443,AGBL5-AS1,3441
3444,AC013472.3,3442
3445,AC013403.2,3443
3446,OST4,3444
3447,EMILIN1,3445
3448,KHK,3446
3449,CGREF1,3447
3450,ABHD1,3448
3451,PREB,3449
3452,PRR30,3450
3453,TCF23,3451
3454,SLC5A6,3452
3455,ATRAID,3453
3456,CAD,3454
3457,SLC30A3,3455
3458,DNAJC5G,3456
3459,TRIM54,3457
3460,UCN,3458
3461,MPV17,3459
3462,GTF3C2,3460
3463,GTF3C2-AS1,3461
3464,AC074117.1,3462
3465,EIF2B4,3463
3466,SNX17,3464
3467,ZNF513,3465
3468,PPM1G,3466
3469,NRBP1,3467
3470,KRTCAP3,3468
3471,IFT172,3469
3472,FNDC4,3470
3473,GCKR,3471
3474,C2orf16,3472
3475,ZNF512,3473
3476,CCDC121,3474
3477,GPN1,3475
3478,SUPT7L,3476
3479,SLC4A1AP,3477
3480,LINC01460,3478
3481,MRPL33,3479
3482,RBKS,3480
3483,BABAM2,3481
3484,AC093690.1,3482
3485,AC104695.2,3483
3486,FOSL2,3484
3487,AC104695.3,3485
3488,AC104695.1,3486
3489,PLB1,3487
3490,AC074011.1,3488
3491,AC092164.1,3489
3492,PPP1CB,3490
3493,SPDYA,3491
3494,AC097724.1,3492
3495,TRMT61B,3493
3496,WDR43,3494
3497,TOGARAM2,3495
3498,C2orf71,3496
3499,AC105398.1,3497
3500,CLIP4,3498
3501,ALK,3499
3502,AC106870.2,3500
3503,AC106870.1,3501
3504,AC016907.2,3502
3505,YPEL5,3503
3506,LBH,3504
3507,LINC01936,3505
3508,LCLAT1,3506
3509,CAPN13,3507
3510,GALNT14,3508
3511,AC009305.1,3509
3512,CAPN14,3510
3513,EHD3,3511
3514,XDH,3512
3515,SRD5A2,3513
3516,AL133247.1,3514
3517,LINC01946,3515
3518,AL121652.1,3516
3519,MEMO1,3517
3520,DPY30,3518
3521,AL121655.1,3519
3522,SPAST,3520
3523,AL121658.1,3521
3524,SLC30A6,3522
3525,NLRC4,3523
3526,YIPF4,3524
3527,AL133245.1,3525
3528,BIRC6,3526
3529,BIRC6-AS1,3527
3530,TTC27,3528
3531,LINC00486,3529
3532,AL121656.1,3530
3533,LTBP1,3531
3534,RASGRP3,3532
3535,AC020594.1,3533
3536,FAM98A,3534
3537,LINC01317,3535
3538,LINC01318,3536
3539,AC068599.1,3537
3540,LINC01320,3538
3541,AC073218.2,3539
3542,AC073218.1,3540
3543,AC012593.1,3541
3544,AC019064.1,3542
3545,AC009414.2,3543
3546,CRIM1,3544
3547,AC007378.1,3545
3548,FEZ2,3546
3549,VIT,3547
3550,STRN,3548
3551,HEATR5B,3549
3552,GPATCH11,3550
3553,EIF2AK2,3551
3554,SULT6B1,3552
3555,CEBPZOS,3553
3556,CEBPZ,3554
3557,NDUFAF7,3555
3558,PRKD3,3556
3559,AC007391.1,3557
3560,QPCT,3558
3561,AC006369.1,3559
3562,CDC42EP3,3560
3563,AC006369.2,3561
3564,LINC00211,3562
3565,RMDN2,3563
3566,RMDN2-AS1,3564
3567,CYP1B1,3565
3568,CYP1B1-AS1,3566
3569,AC009229.2,3567
3570,AC009229.3,3568
3571,AC009229.1,3569
3572,ATL2,3570
3573,AC011247.1,3571
3574,LINC01883,3572
3575,HNRNPLL,3573
3576,AC011247.2,3574
3577,GALM,3575
3578,AC074366.1,3576
3579,SRSF7,3577
3580,GEMIN6,3578
3581,DHX57,3579
3582,AC018693.1,3580
3583,MORN2,3581
3584,ARHGEF33,3582
3585,AC019171.1,3583
3586,SOS1,3584
3587,CDKL4,3585
3588,MAP4K3,3586
3589,AC007388.1,3587
3590,TMEM178A,3588
3591,THUMPD2,3589
3592,SLC8A1-AS1,3590
3593,SLC8A1,3591
3594,LINC01794,3592
3595,LINC01913,3593
3596,LINC01914,3594
3597,C2orf91,3595
3598,AC013480.1,3596
3599,PKDCC,3597
3600,AC083949.1,3598
3601,EML4,3599
3602,COX7A2L,3600
3603,KCNG3,3601
3604,MTA3,3602
3605,OXER1,3603
3606,HAAO,3604
3607,AC016735.1,3605
3608,LINC01819,3606
3609,LINC02590,3607
3610,LINC02580,3608
3611,ZFP36L2,3609
3612,LINC01126,3610
3613,AC010883.1,3611
3614,THADA,3612
3615,PLEKHH2,3613
3616,C1GALT1C1L,3614
3617,DYNC2LI1,3615
3618,ABCG5,3616
3619,ABCG8,3617
3620,LRPPRC,3618
3621,AC019129.2,3619
3622,PPM1B,3620
3623,SLC3A1,3621
3624,PREPL,3622
3625,CAMKMT,3623
3626,LINC01833,3624
3627,SIX3-AS1,3625
3628,SIX3,3626
3629,AC012354.1,3627
3630,SIX2,3628
3631,AC093702.1,3629
3632,AC093833.1,3630
3633,SRBD1,3631
3634,PRKCE,3632
3635,U51244.1,3633
3636,AC017006.2,3634
3637,AC017006.1,3635
3638,EPAS1,3636
3639,LINC01820,3637
3640,LINC02583,3638
3641,TMEM247,3639
3642,ATP6V1E2,3640
3643,AC018682.2,3641
3644,RHOQ,3642
3645,AC018682.1,3643
3646,PIGF,3644
3647,CRIPT,3645
3648,SOCS5,3646
3649,AC016722.3,3647
3650,LINC01118,3648
3651,LINC01119,3649
3652,AC016722.1,3650
3653,AC016722.2,3651
3654,MCFD2,3652
3655,TTC7A,3653
3656,AC093732.2,3654
3657,AC093732.1,3655
3658,STPG4,3656
3659,AC073283.3,3657
3660,AC073283.1,3658
3661,CALM2,3659
3662,AC106869.1,3660
3663,AC073283.2,3661
3664,EPCAM,3662
3665,MSH2,3663
3666,KCNK12,3664
3667,AC138655.1,3665
3668,MSH6,3666
3669,FBXO11,3667
3670,AC079807.1,3668
3671,AC092650.1,3669
3672,FOXN2,3670
3673,AC093635.1,3671
3674,PPP1R21,3672
3675,STON1,3673
3676,STON1-GTF2A1L,3674
3677,GTF2A1L,3675
3678,AC073082.1,3676
3679,LHCGR,3677
3680,AC009975.1,3678
3681,FSHR,3679
3682,AC009975.2,3680
3683,AC009971.1,3681
3684,NRXN1,3682
3685,AC009234.1,3683
3686,AC007402.1,3684
3687,LINC01867,3685
3688,AC139712.3,3686
3689,AC010967.1,3687
3690,AC010967.2,3688
3691,ASB3,3689
3692,GPR75-ASB3,3690
3693,CHAC2,3691
3694,ERLEC1,3692
3695,GPR75,3693
3696,PSME4,3694
3697,ACYP2,3695
3698,AC008280.3,3696
3699,TSPYL6,3697
3700,C2orf73,3698
3701,SPTBN1,3699
3702,AC092839.1,3700
3703,AC092839.2,3701
3704,AC093110.1,3702
3705,EML6,3703
3706,AC104781.1,3704
3707,RTN4,3705
3708,CLHC1,3706
3709,AC012358.1,3707
3710,RPS27A,3708
3711,MTIF2,3709
3712,AC012358.3,3710
3713,CCDC88A,3711
3714,CFAP36,3712
3715,PPP4R3B,3713
3716,AC015982.1,3714
3717,PNPT1,3715
3718,EFEMP1,3716
3719,AC011306.1,3717
3720,MIR217HG,3718
3721,LINC01813,3719
3722,AC007743.1,3720
3723,CCDC85A,3721
3724,VRK2,3722
3725,FANCL,3723
3726,AC007250.1,3724
3727,LINC01795,3725
3728,LINC01122,3726
3729,LINC01793,3727
3730,AC007100.1,3728
3731,AC007179.2,3729
3732,AC007179.1,3730
3733,AC007381.1,3731
3734,MIR4432HG,3732
3735,BCL11A,3733
3736,AC009970.1,3734
3737,PAPOLG,3735
3738,LINC01185,3736
3739,REL,3737
3740,PUS10,3738
3741,PEX13,3739
3742,KIAA1841,3740
3743,C2orf74,3741
3744,AC016747.2,3742
3745,USP34,3743
3746,AC016727.1,3744
3747,XPO1,3745
3748,FAM161A,3746
3749,CCT4,3747
3750,AC107081.2,3748
3751,COMMD1,3749
3752,AC018462.1,3750
3753,B3GNT2,3751
3754,AC093159.1,3752
3755,TMEM17,3753
3756,AC092155.1,3754
3757,EHBP1,3755
3758,AC092567.1,3756
3759,AC009501.1,3757
3760,OTX1,3758
3761,WDPCP,3759
3762,MDH1,3760
3763,UGP2,3761
3764,VPS54,3762
3765,AC012368.2,3763
3766,PELI1,3764
3767,AC012368.1,3765
3768,LINC00309,3766
3769,AC114752.1,3767
3770,AC114752.2,3768
3771,AC008074.1,3769
3772,LGALSL,3770
3773,LINC01805,3771
3774,AC008074.3,3772
3775,AFTPH,3773
3776,LINC02579,3774
3777,SERTAD2,3775
3778,AC007365.1,3776
3779,LINC01800,3777
3780,LINC02245,3778
3781,SLC1A4,3779
3782,LINC02576,3780
3783,CEP68,3781
3784,RAB1A,3782
3785,ACTR2,3783
3786,SPRED2,3784
3787,AC012370.2,3785
3788,AC007389.3,3786
3789,AC007389.5,3787
3790,AC118345.1,3788
3791,AC092669.1,3789
3792,LINC01873,3790
3793,MEIS1-AS3,3791
3794,MEIS1,3792
3795,MEIS1-AS2,3793
3796,LINC01798,3794
3797,LINC01797,3795
3798,LINC01799,3796
3799,LINC01628,3797
3800,AC007403.1,3798
3801,LINC01828,3799
3802,LINC01829,3800
3803,AC023115.1,3801
3804,ETAA1,3802
3805,AC007422.1,3803
3806,AC007422.2,3804
3807,LINC01812,3805
3808,C1D,3806
3809,WDR92,3807
3810,AC017083.3,3808
3811,PNO1,3809
3812,PPP3R1,3810
3813,AC017083.2,3811
3814,AC017083.1,3812
3815,CNRIP1,3813
3816,AC015969.1,3814
3817,PLEK,3815
3818,FBXO48,3816
3819,APLF,3817
3820,PROKR1,3818
3821,ARHGAP25,3819
3822,LINC01888,3820
3823,LINC01890,3821
3824,BMP10,3822
3825,GKN2,3823
3826,GKN1,3824
3827,ANTXR1,3825
3828,GFPT1,3826
3829,NFU1,3827
3830,AAK1,3828
3831,ANXA4,3829
3832,AC092431.1,3830
3833,GMCL1,3831
3834,SNRNP27,3832
3835,MXD1,3833
3836,ASPRV1,3834
3837,PCBP1,3835
3838,AC016700.3,3836
3839,LINC01816,3837
3840,C2orf42,3838
3841,TIA1,3839
3842,PCYOX1,3840
3843,SNRPG,3841
3844,FAM136A,3842
3845,AC022201.2,3843
3846,AC022201.1,3844
3847,TGFA,3845
3848,ADD2,3846
3849,AC005234.1,3847
3850,FIGLA,3848
3851,CLEC4F,3849
3852,CD207,3850
3853,LINC01143,3851
3854,VAX2,3852
3855,ATP6V1B1,3853
3856,AC007040.2,3854
3857,ATP6V1B1-AS1,3855
3858,ANKRD53,3856
3859,TEX261,3857
3860,AC007040.1,3858
3861,AC007881.2,3859
3862,NAGK,3860
3863,AC007881.3,3861
3864,MCEE,3862
3865,MPHOSPH10,3863
3866,PAIP2B,3864
3867,ZNF638,3865
3868,AC007878.1,3866
3869,DYSF,3867
3870,CYP26B1,3868
3871,EXOC6B,3869
3872,SPR,3870
3873,EMX1,3871
3874,AC012366.1,3872
3875,SFXN5,3873
3876,RAB11FIP5,3874
3877,NOTO,3875
3878,SMYD5,3876
3879,PRADC1,3877
3880,CCT7,3878
3881,FBXO41,3879
3882,EGR4,3880
3883,ALMS1,3881
3884,NAT8,3882
3885,TPRKB,3883
3886,AC092653.1,3884
3887,DUSP11,3885
3888,C2orf78,3886
3889,STAMBP,3887
3890,ACTG2,3888
3891,DGUOK,3889
3892,DGUOK-AS1,3890
3893,AC073046.1,3891
3894,TET3,3892
3895,AC073263.1,3893
3896,BOLA3,3894
3897,BOLA3-AS1,3895
3898,MOB1A,3896
3899,AC073263.2,3897
3900,MTHFD2,3898
3901,AC006030.1,3899
3902,SLC4A5,3900
3903,DCTN1,3901
3904,DCTN1-AS1,3902
3905,AC005041.1,3903
3906,C2orf81,3904
3907,WDR54,3905
3908,RTKN,3906
3909,INO80B,3907
3910,INO80B-WBP1,3908
3911,WBP1,3909
3912,MOGS,3910
3913,MRPL53,3911
3914,CCDC142,3912
3915,TTC31,3913
3916,LBX2,3914
3917,AC005041.3,3915
3918,LBX2-AS1,3916
3919,PCGF1,3917
3920,TLX2,3918
3921,DQX1,3919
3922,AUP1,3920
3923,HTRA2,3921
3924,LOXL3,3922
3925,DOK1,3923
3926,M1AP,3924
3927,SEMA4F,3925
3928,AC019069.1,3926
3929,HK2,3927
3930,LINC01291,3928
3931,AC104135.1,3929
3932,LINC01293,3930
3933,POLE4,3931
3934,TACR1,3932
3935,AC007681.1,3933
3936,EVA1A,3934
3937,AC007099.2,3935
3938,AC007099.1,3936
3939,MRPL19,3937
3940,GCFC2,3938
3941,AC005034.3,3939
3942,AC005034.2,3940
3943,AC005034.4,3941
3944,LRRTM4,3942
3945,AC079117.1,3943
3946,AC084149.1,3944
3947,AC084149.2,3945
3948,LINC01851,3946
3949,AC012494.1,3947
3950,AC092660.1,3948
3951,REG3G,3949
3952,REG1B,3950
3953,REG1A,3951
3954,REG3A,3952
3955,CTNNA2,3953
3956,AC010975.1,3954
3957,AC016716.2,3955
3958,LRRTM1,3956
3959,AC008067.1,3957
3960,AC012355.1,3958
3961,LINC01815,3959
3962,AC079896.1,3960
3963,AC010105.1,3961
3964,LINC01809,3962
3965,AC106874.1,3963
3966,SUCLG1,3964
3967,DNAH6,3965
3968,TRABD2A,3966
3969,TMSB10,3967
3970,KCMF1,3968
3971,LINC01964,3969
3972,TCF7L1,3970
3973,TGOLN2,3971
3974,RETSAT,3972
3975,ELMOD3,3973
3976,AC062037.2,3974
3977,CAPG,3975
3978,SH2D6,3976
3979,MAT2A,3977
3980,GGCX,3978
3981,VAMP8,3979
3982,VAMP5,3980
3983,RNF181,3981
3984,TMEM150A,3982
3985,USP39,3983
3986,C2orf68,3984
3987,SFTPB,3985
3988,GNLY,3986
3989,ATOH8,3987
3990,AC105053.1,3988
3991,ST3GAL5,3989
3992,ST3GAL5-AS1,3990
3993,AC012511.1,3991
3994,POLR1A,3992
3995,PTCD3,3993
3996,IMMT,3994
3997,AC009309.1,3995
3998,MRPL35,3996
3999,REEP1,3997
4000,KDM3A,3998
4001,CHMP3,3999
4002,RNF103-CHMP3,4000
4003,AC015971.1,4001
4004,RNF103,4002
4005,RMND5A,4003
4006,CD8A,4004
4007,CD8B,4005
4008,RGPD1,4006
4009,PLGLB1,4007
4010,LINC01955,4008
4011,IGKV3OR2-268,4009
4012,LINC01943,4010
4013,CYTOR,4011
4014,AC133644.2,4012
4015,PLGLB2,4013
4016,RGPD2,4014
4017,KRCC1,4015
4018,SMYD1,4016
4019,FABP1,4017
4020,THNSL2,4018
4021,FOXI3,4019
4022,TEX37,4020
4023,AC104134.1,4021
4024,EIF2AK3,4022
4025,AC062029.1,4023
4026,RPIA,4024
4027,IGKC,4025
4028,IGKJ5,4026
4029,IGKJ4,4027
4030,IGKJ3,4028
4031,IGKJ2,4029
4032,IGKJ1,4030
4033,IGKV4-1,4031
4034,IGKV5-2,4032
4035,IGKV7-3,4033
4036,IGKV2-4,4034
4037,IGKV1-5,4035
4038,IGKV1-6,4036
4039,IGKV3-7,4037
4040,IGKV1-8,4038
4041,IGKV1-9,4039
4042,IGKV2-10,4040
4043,IGKV3-11,4041
4044,IGKV1-12,4042
4045,IGKV1-13,4043
4046,IGKV2-14,4044
4047,IGKV3-15,4045
4048,IGKV1-16,4046
4049,IGKV1-17,4047
4050,IGKV2-18,4048
4051,IGKV2-19,4049
4052,IGKV3-20,4050
4053,IGKV6-21,4051
4054,IGKV1-22,4052
4055,IGKV2-23,4053
4056,IGKV2-24,4054
4057,IGKV3-25,4055
4058,IGKV2-26,4056
4059,IGKV1-27,4057
4060,IGKV2-28,4058
4061,IGKV2-29,4059
4062,IGKV2-30,4060
4063,IGKV3-31,4061
4064,IGKV1-32,4062
4065,IGKV1-33,4063
4066,IGKV3-34,4064
4067,IGKV1-35,4065
4068,IGKV2-36,4066
4069,IGKV1-37,4067
4070,IGKV2-38,4068
4071,IGKV1-39,4069
4072,IGKV2-40,4070
4073,IGKV2D-40,4071
4074,IGKV1D-39,4072
4075,IGKV2D-38,4073
4076,IGKV1D-37,4074
4077,IGKV2D-36,4075
4078,IGKV1D-35,4076
4079,IGKV3D-34,4077
4080,IGKV1D-33,4078
4081,IGKV1D-32,4079
4082,IGKV3D-31,4080
4083,IGKV2D-30,4081
4084,IGKV2D-29,4082
4085,IGKV2D-28,4083
4086,IGKV1D-27,4084
4087,IGKV2D-26,4085
4088,IGKV3D-25,4086
4089,IGKV2D-24,4087
4090,IGKV2D-23,4088
4091,IGKV1D-22,4089
4092,IGKV6D-21,4090
4093,IGKV3D-20,4091
4094,IGKV2D-19,4092
4095,IGKV2D-18,4093
4096,IGKV6D-41,4094
4097,IGKV1D-17,4095
4098,IGKV1D-16,4096
4099,IGKV3D-15,4097
4100,IGKV2D-14,4098
4101,IGKV1D-13,4099
4102,IGKV1D-12,4100
4103,IGKV3D-11,4101
4104,IGKV2D-10,4102
4105,IGKV1D-42,4103
4106,IGKV1D-43,4104
4107,IGKV1D-8,4105
4108,IGKV3D-7,4106
4109,IGKV1OR2-118,4107
4110,AC233263.6,4108
4111,AC233266.2,4109
4112,IGKV1OR2-1,4110
4113,AL845331.2,4111
4114,ANKRD20A8P,4112
4115,TEKT4,4113
4116,AC103563.7,4114
4117,MAL,4115
4118,AC103563.2,4116
4119,MRPS5,4117
4120,ZNF514,4118
4121,ZNF2,4119
4122,AC092835.1,4120
4123,PROM2,4121
4124,KCNIP3,4122
4125,FAHD2A,4123
4126,TRIM43B,4124
4127,AC009237.14,4125
4128,AC009237.15,4126
4129,TRIM43,4127
4130,AC008268.1,4128
4131,LINC00342,4129
4132,ANKRD36C,4130
4133,GPAT2,4131
4134,ADRA2B,4132
4135,ASTL,4133
4136,DUSP2,4134
4137,AC012307.1,4135
4138,STARD7,4136
4139,TMEM127,4137
4140,CIAO1,4138
4141,SNRNP200,4139
4142,AC021188.1,4140
4143,ITPRIPL1,4141
4144,NCAPH,4142
4145,NEURL3,4143
4146,AC013270.1,4144
4147,ARID5A,4145
4148,KANSL3,4146
4149,FER1L5,4147
4150,LMAN2L,4148
4151,CNNM4,4149
4152,CNNM3-DT,4150
4153,CNNM3,4151
4154,ANKRD23,4152
4155,ANKRD39,4153
4156,SEMA4C,4154
4157,FAM178B,4155
4158,IGKV2OR2-1,4156
4159,IGKV2OR2-2,4157
4160,IGKV1OR2-3,4158
4161,FAHD2B,4159
4162,ANKRD36,4160
4163,AC159540.2,4161
4164,AC159540.1,4162
4165,IGKV1OR2-9,4163
4166,IGKV2OR2-10,4164
4167,IGKV2OR2-7D,4165
4168,IGKV3OR2-5,4166
4169,IGKV1OR2-6,4167
4170,IGKV2OR2-7,4168
4171,IGKV2OR2-8,4169
4172,IGKV1OR2-11,4170
4173,AC092683.1,4171
4174,AC092683.2,4172
4175,ANKRD36B,4173
4176,COX5B,4174
4177,ACTR1B,4175
4178,C2orf92,4176
4179,ZAP70,4177
4180,TMEM131,4178
4181,VWA3B,4179
4182,AC092675.1,4180
4183,CNGA3,4181
4184,INPP4A,4182
4185,COA5,4183
4186,UNC50,4184
4187,MGAT4A,4185
4188,AC109826.1,4186
4189,KIAA1211L,4187
4190,TSGA10,4188
4191,C2orf15,4189
4192,AC079447.1,4190
4193,LIPT1,4191
4194,AC092587.1,4192
4195,MITD1,4193
4196,MRPL30,4194
4197,LYG2,4195
4198,LYG1,4196
4199,TXNDC9,4197
4200,EIF5B,4198
4201,REV1,4199
4202,AC018690.1,4200
4203,AFF3,4201
4204,AC092667.1,4202
4205,LINC01104,4203
4206,LONRF2,4204
4207,CHST10,4205
4208,NMS,4206
4209,PDCL3,4207
4210,LINC01849,4208
4211,LINC01868,4209
4212,AC092168.1,4210
4213,NPAS2,4211
4214,AC016738.2,4212
4215,AC016738.1,4213
4216,RPL31,4214
4217,TBC1D8,4215
4218,TBC1D8-AS1,4216
4219,CNOT11,4217
4220,RNF149,4218
4221,CREG2,4219
4222,RFX8,4220
4223,LINC01870,4221
4224,MAP4K4,4222
4225,LINC01127,4223
4226,IL1R2,4224
4227,IL1R1,4225
4228,AC007271.1,4226
4229,IL1RL2,4227
4230,IL1RL1,4228
4231,IL18R1,4229
4232,IL18RAP,4230
4233,SLC9A4,4231
4234,SLC9A2,4232
4235,MFSD9,4233
4236,TMEM182,4234
4237,LINC01796,4235
4238,LINC01935,4236
4239,AC108051.1,4237
4240,AC073987.1,4238
4241,AC013727.1,4239
4242,AC013727.2,4240
4243,LINC01965,4241
4244,AC096554.1,4242
4245,AC068535.1,4243
4246,LINC01831,4244
4247,LINC01102,4245
4248,LINC01103,4246
4249,AC013402.2,4247
4250,AC013402.3,4248
4251,AC013402.1,4249
4252,AC068057.1,4250
4253,LINC01114,4251
4254,POU3F3,4252
4255,AC018730.1,4253
4256,AC010884.1,4254
4257,MRPS9,4255
4258,AC104655.1,4256
4259,LINC01918,4257
4260,GPR45,4258
4261,AC012360.2,4259
4262,TGFBRAP1,4260
4263,AC012360.1,4261
4264,AC012360.3,4262
4265,C2orf49,4263
4266,FHL2,4264
4267,AC108058.1,4265
4268,NCK2,4266
4269,AC010978.1,4267
4270,AC009505.1,4268
4271,C2orf40,4269
4272,UXS1,4270
4273,AC018878.1,4271
4274,RGPD3,4272
4275,CD8B2,4273
4276,AC108868.1,4274
4277,ST6GAL2,4275
4278,AC016994.1,4276
4279,LINC01789,4277
4280,AC096669.1,4278
4281,LINC01885,4279
4282,LINC01886,4280
4283,GACAT1,4281
4284,RGPD4-AS1,4282
4285,RGPD4,4283
4286,SLC5A7,4284
4287,LINC01593,4285
4288,LINC01594,4286
4289,SULT1C3,4287
4290,SULT1C2,4288
4291,SULT1C4,4289
4292,GCC2,4290
4293,GCC2-AS1,4291
4294,LIMS1,4292
4295,LIMS1-AS1,4293
4296,RANBP2,4294
4297,CCDC138,4295
4298,EDAR,4296
4299,SH3RF3-AS1,4297
4300,SH3RF3,4298
4301,SEPT10,4299
4302,SOWAHC,4300
4303,AC074387.1,4301
4304,RGPD5,4302
4305,LIMS3,4303
4306,AC013271.1,4304
4307,LINC01123,4305
4308,MALL,4306
4309,NPHP1,4307
4310,SMIM37,4308
4311,LINC01106,4309
4312,AC112229.3,4310
4313,LIMS4,4311
4314,AC112229.2,4312
4315,RGPD6,4313
4316,AC226101.1,4314
4317,BUB1,4315
4318,AC114776.1,4316
4319,ACOXL,4317
4320,MIR4435-2HG,4318
4321,ACOXL-AS1,4319
4322,BCL2L11,4320
4323,AC108463.2,4321
4324,AC108463.3,4322
4325,AC068491.2,4323
4326,AC068491.3,4324
4327,AC017002.5,4325
4328,AC017002.3,4326
4329,AC017002.1,4327
4330,AC017002.2,4328
4331,ANAPC1,4329
4332,MERTK,4330
4333,TMEM87B,4331
4334,FBLN7,4332
4335,ZC3H8,4333
4336,ZC3H6,4334
4337,RGPD8,4335
4338,TTL,4336
4339,POLR1B,4337
4340,CHCHD5,4338
4341,AC012442.1,4339
4342,AC079922.2,4340
4343,SLC20A1,4341
4344,NT5DC4,4342
4345,CKAP2L,4343
4346,IL1A,4344
4347,IL1B,4345
4348,IL37,4346
4349,IL36G,4347
4350,IL36A,4348
4351,IL36B,4349
4352,IL36RN,4350
4353,IL1F10,4351
4354,IL1RN,4352
4355,PSD4,4353
4356,AC016683.1,4354
4357,PAX8,4355
4358,IGKV1OR2-108,4356
4359,AC016745.1,4357
4360,AC016745.2,4358
4361,CBWD2,4359
4362,FOXD4L1,4360
4363,LINC01961,4361
4364,PGM5P4-AS1,4362
4365,FAM138B,4363
4366,RABL2A,4364
4367,AC017074.2,4365
4368,AC017074.1,4366
4369,SLC35F5,4367
4370,AC104653.2,4368
4371,AC104653.1,4369
4372,AC110769.2,4370
4373,ACTR3,4371
4374,LINC01191,4372
4375,AC110769.1,4373
4376,AC010982.1,4374
4377,DPP10,4375
4378,DPP10-AS3,4376
4379,DPP10-AS2,4377
4380,DPP10-AS1,4378
4381,AC009312.1,4379
4382,DDX18,4380
4383,AC009404.1,4381
4384,CCDC93,4382
4385,AC009303.2,4383
4386,AC009303.3,4384
4387,INSIG2,4385
4388,AC093901.1,4386
4389,LINC01956,4387
4390,EN1,4388
4391,MARCO,4389
4392,AC013457.1,4390
4393,C1QL2,4391
4394,STEAP3,4392
4395,STEAP3-AS1,4393
4396,C2orf76,4394
4397,DBI,4395
4398,TMEM37,4396
4399,SCTR,4397
4400,AC013275.1,4398
4401,CFAP221,4399
4402,TMEM177,4400
4403,PTPN4,4401
4404,EPB41L5,4402
4405,AC012363.1,4403
4406,TMEM185B,4404
4407,RALB,4405
4408,AC012363.2,4406
4409,INHBB,4407
4410,AC073257.2,4408
4411,AC073257.1,4409
4412,AC018866.1,4410
4413,GLI2,4411
4414,AC017033.1,4412
4415,AC067960.1,4413
4416,AC079988.1,4414
4417,TFCP2L1,4415
4418,CLASP1,4416
4419,AC012447.1,4417
4420,NIFK-AS1,4418
4421,NIFK,4419
4422,TSN,4420
4423,LINC01823,4421
4424,AC062020.1,4422
4425,LINC01826,4423
4426,AC073409.1,4424
4427,AC079154.1,4425
4428,CNTNAP5,4426
4429,LINC01889,4427
4430,LINC01941,4428
4431,AC023347.1,4429
4432,GYPC,4430
4433,TEX51,4431
4434,AC012508.2,4432
4435,AC012508.1,4433
4436,BIN1,4434
4437,CYP27C1,4435
4438,ERCC3,4436
4439,MAP3K2,4437
4440,AC068282.1,4438
4441,PROC,4439
4442,IWS1,4440
4443,AC010976.1,4441
4444,MYO7B,4442
4445,AC010976.2,4443
4446,LIMS2,4444
4447,GPR17,4445
4448,WDR33,4446
4449,SFT2D3,4447
4450,POLR2D,4448
4451,AMMECR1L,4449
4452,AC012306.2,4450
4453,SAP130,4451
4454,UGGT1,4452
4455,HS6ST1,4453
4456,AC012451.1,4454
4457,AC068483.1,4455
4458,LINC01854,4456
4459,LINC02572,4457
4460,LINC01856,4458
4461,RAB6C,4459
4462,POTEF,4460
4463,AC018865.1,4461
4464,CCDC74B,4462
4465,SMPD4,4463
4466,MZT2B,4464
4467,TUBA3E,4465
4468,CCDC115,4466
4469,IMP4,4467
4470,PTPN18,4468
4471,POTEI,4469
4472,AC013269.2,4470
4473,CFC1B,4471
4474,AC013269.1,4472
4475,PRSS40B,4473
4476,PRSS40A,4474
4477,AC140481.2,4475
4478,CFC1,4476
4479,POTEJ,4477
4480,GPR148,4478
4481,AC140481.1,4479
4482,AMER3,4480
4483,AC133785.1,4481
4484,ARHGEF4,4482
4485,AC009477.2,4483
4486,FAM168B,4484
4487,PLEKHB2,4485
4488,POTEE,4486
4489,RAB6D,4487
4490,AC073869.5,4488
4491,LINC01120,4489
4492,AC073869.3,4490
4493,MZT2A,4491
4494,TUBA3D,4492
4495,CCDC74A,4493
4496,LINC01087,4494
4497,C2orf27B,4495
4498,AC103564.1,4496
4499,AJ239322.2,4497
4500,AJ239322.1,4498
4501,LINC01945,4499
4502,ANKRD30BL,4500
4503,AC097532.1,4501
4504,AC097532.2,4502
4505,GPR39,4503
4506,LYPD1,4504
4507,AC010974.1,4505
4508,NCKAP5,4506
4509,AC016909.2,4507
4510,AC010890.1,4508
4511,AC011243.1,4509
4512,MGAT5,4510
4513,TMEM163,4511
4514,CCNT2-AS1,4512
4515,ACMSD,4513
4516,CCNT2,4514
4517,MAP3K19,4515
4518,RAB3GAP1,4516
4519,ZRANB3,4517
4520,R3HDM1,4518
4521,UBXN4,4519
4522,LCT,4520
4523,AC011893.1,4521
4524,MCM6,4522
4525,DARS,4523
4526,DARS-AS1,4524
4527,AC068492.1,4525
4528,CXCR4,4526
4529,THSD7B,4527
4530,HNMT,4528
4531,LINC01832,4529
4532,AC114763.1,4530
4533,AC114763.2,4531
4534,SPOPL,4532
4535,AC092620.3,4533
4536,AC092620.1,4534
4537,NXPH2,4535
4538,AC062021.1,4536
4539,AC016710.1,4537
4540,AC078851.1,4538
4541,LINC01853,4539
4542,LRP1B,4540
4543,KYNU,4541
4544,ARHGAP15,4542
4545,AC013437.1,4543
4546,AC096558.1,4544
4547,AC096558.2,4545
4548,AC079793.1,4546
4549,AC092652.1,4547
4550,AC092652.2,4548
4551,AC079584.2,4549
4552,AC079584.1,4550
4553,AC016910.1,4551
4554,GTDC1,4552
4555,ZEB2,4553
4556,AC009951.2,4554
4557,ZEB2-AS1,4555
4558,LINC01412,4556
4559,TEX41,4557
4560,AC023128.1,4558
4561,LINC01966,4559
4562,AC096666.1,4560
4563,AC092484.1,4561
4564,AC079163.1,4562
4565,AC062031.1,4563
4566,LINC01911,4564
4567,AC062032.1,4565
4568,ACVR2A,4566
4569,AC009480.1,4567
4570,ORC4,4568
4571,MBD5,4569
4572,EPC2,4570
4573,AC105402.3,4571
4574,KIF5C,4572
4575,LYPD6B,4573
4576,LYPD6,4574
4577,MMADHC,4575
4578,AC007364.1,4576
4579,LINC01931,4577
4580,LINC01818,4578
4581,LINC01817,4579
4582,RND3,4580
4583,LINC01920,4581
4584,AC104777.3,4582
4585,AC104777.2,4583
4586,AC104777.1,4584
4587,AC023469.2,4585
4588,AC023469.1,4586
4589,AC018731.1,4587
4590,RBM43,4588
4591,NMI,4589
4592,TNFAIP6,4590
4593,RIF1,4591
4594,NEB,4592
4595,ARL5A,4593
4596,AC068547.1,4594
4597,CACNB4,4595
4598,AC079790.1,4596
4599,STAM2,4597
4600,FMNL2,4598
4601,PRPF40A,4599
4602,ARL6IP6,4600
4603,AC079150.1,4601
4604,LINC01850,4602
4605,RPRM,4603
4606,GALNT13,4604
4607,AC009227.1,4605
4608,AC009227.2,4606
4609,AC061961.1,4607
4610,KCNJ3,4608
4611,AC092625.1,4609
4612,LINC01876,4610
4613,AC074099.1,4611
4614,NR4A2,4612
4615,GPD2,4613
4616,LINC01958,4614
4617,GALNT5,4615
4618,ERMN,4616
4619,CYTIP,4617
4620,ACVR1C,4618
4621,AC019186.1,4619
4622,ACVR1,4620
4623,UPP2,4621
4624,AC013731.1,4622
4625,AC091488.1,4623
4626,CCDC148-AS1,4624
4627,CCDC148,4625
4628,PKP4,4626
4629,PKP4-AS1,4627
4630,AC005042.2,4628
4631,DAPL1,4629
4632,TANC1,4630
4633,WDSUB1,4631
4634,BAZ2B,4632
4635,AC008277.1,4633
4636,AC009506.1,4634
4637,AC009961.1,4635
4638,MARCH7,4636
4639,CD302,4637
4640,LY75-CD302,4638
4641,LY75,4639
4642,PLA2R1,4640
4643,ITGB6,4641
4644,LINC02478,4642
4645,RBMS1,4643
4646,AC009313.1,4644
4647,TANK,4645
4648,AC009299.3,4646
4649,LINC01806,4647
4650,PSMD14,4648
4651,TBR1,4649
4652,AC009487.1,4650
4653,SLC4A10,4651
4654,DPP4,4652
4655,AC008063.1,4653
4656,AC008063.2,4654
4657,GCG,4655
4658,AC007750.1,4656
4659,FAP,4657
4660,IFIH1,4658
4661,GCA,4659
4662,KCNH7,4660
4663,AC011900.1,4661
4664,FIGN,4662
4665,AC016766.1,4663
4666,GRB14,4664
4667,COBLL1,4665
4668,AC019197.1,4666
4669,SLC38A11,4667
4670,SCN3A,4668
4671,SCN2A,4669
4672,CSRNP3,4670
4673,GALNT3,4671
4674,AC009495.3,4672
4675,AC009495.1,4673
4676,AC009495.2,4674
4677,TTC21B,4675
4678,AC010127.1,4676
4679,SCN1A,4677
4680,SCN9A,4678
4681,SCN7A,4679
4682,XIRP2,4680
4683,XIRP2-AS1,4681
4684,AC073050.1,4682
4685,AC016723.1,4683
4686,B3GALT1,4684
4687,STK39,4685
4688,CERS6,4686
4689,NOSTRIN,4687
4690,SPC25,4688
4691,G6PC2,4689
4692,ABCB11,4690
4693,DHRS9,4691
4694,AC007556.1,4692
4695,LRP2,4693
4696,BBS5,4694
4697,AC093899.2,4695
4698,KLHL41,4696
4699,FASTKD1,4697
4700,PPIG,4698
4701,CCDC173,4699
4702,PHOSPHO2,4700
4703,KLHL23,4701
4704,SSB,4702
4705,METTL5,4703
4706,UBR3,4704
4707,MYO3B,4705
4708,AC012594.1,4706
4709,AC007277.1,4707
4710,LINC01124,4708
4711,SP5,4709
4712,AC007405.1,4710
4713,AC007405.3,4711
4714,ERICH2,4712
4715,GAD1,4713
4716,AC007405.2,4714
4717,GORASP2,4715
4718,TLK1,4716
4719,METTL8,4717
4720,DCAF17,4718
4721,CYBRD1,4719
4722,DYNC1I2,4720
4723,SLC25A12,4721
4724,HAT1,4722
4725,METAP1D,4723
4726,DLX1,4724
4727,DLX2,4725
4728,DLX2-DT,4726
4729,AC104088.1,4727
4730,ITGA6,4728
4731,AC078883.2,4729
4732,AC078883.3,4730
4733,AC078883.1,4731
4734,PDK1,4732
4735,RAPGEF4-AS1,4733
4736,RAPGEF4,4734
4737,MAP3K20,4735
4738,MAP3K20-AS1,4736
4739,CDCA7,4737
4740,AC106900.2,4738
4741,AC106900.1,4739
4742,SP3,4740
4743,AC016737.1,4741
4744,AC016737.2,4742
4745,LINC01960,4743
4746,OLA1,4744
4747,LINC01305,4745
4748,SP9,4746
4749,CIR1,4747
4750,SCRN3,4748
4751,GPR155,4749
4752,AC010894.2,4750
4753,AC010894.3,4751
4754,WIPF1,4752
4755,AC010894.4,4753
4756,CHRNA1,4754
4757,CHN1,4755
4758,ATF2,4756
4759,AC096649.1,4757
4760,ATP5MC3,4758
4761,AC093459.1,4759
4762,AC016751.2,4760
4763,AC016751.1,4761
4764,LNPK,4762
4765,EVX2,4763
4766,HOXD13,4764
4767,HOXD12,4765
4768,HOXD11,4766
4769,HOXD10,4767
4770,HOXD-AS2,4768
4771,HOXD9,4769
4772,HOXD8,4770
4773,HOXD3,4771
4774,AC009336.2,4772
4775,HOXD4,4773
4776,HAGLR,4774
4777,AC009336.1,4775
4778,HAGLROS,4776
4779,HOXD1,4777
4780,MTX2,4778
4781,AC017048.1,4779
4782,AC017048.2,4780
4783,AC017048.3,4781
4784,LINC01116,4782
4785,LINC01117,4783
4786,AC092162.2,4784
4787,AC073636.1,4785
4788,AC074286.1,4786
4789,AC079305.3,4787
4790,HNRNPA3,4788
4791,NFE2L2,4789
4792,AC079305.1,4790
4793,AC019080.3,4791
4794,AC019080.4,4792
4795,AGPS,4793
4796,TTC30B,4794
4797,AC073834.1,4795
4798,TTC30A,4796
4799,PDE11A,4797
4800,PDE11A,4797
4801,AC012499.1,4798
4802,RBM45,4799
4803,OSBPL6,4800
4804,AC009948.1,4801
4805,PRKRA,4802
4806,PJVK,4803
4807,FKBP7,4804
4808,PLEKHA3,4805
4809,TTN-AS1,4806
4810,TTN,4807
4811,AC009948.4,4808
4812,AC009948.3,4809
4813,AC010680.3,4810
4814,AC010680.2,4811
4815,AC010680.4,4812
4816,AC010680.5,4813
4817,AC010680.1,4814
4818,CCDC141,4815
4819,SESTD1,4816
4820,AC093911.1,4817
4821,ZNF385B,4818
4822,CWC22,4819
4823,AC009478.1,4820
4824,SCHLAP1,4821
4825,UBE2E3,4822
4826,AC104076.1,4823
4827,AC068196.1,4824
4828,LINC01934,4825
4829,AC020595.1,4826
4830,ITGA4,4827
4831,CERKL,4828
4832,NEUROD1,4829
4833,AC013733.2,4830
4834,AC013733.1,4831
4835,AC009962.1,4832
4836,SSFA2,4833
4837,PPP1R1C,4834
4838,PDE1A,4835
4839,DNAJC10,4836
4840,FRZB,4837
4841,NCKAP1,4838
4842,DUSP19,4839
4843,AC064871.1,4840
4844,NUP35,4841
4845,AC021851.1,4842
4846,AC093639.1,4843
4847,AC096667.1,4844
4848,ZNF804A,4845
4849,AC007966.1,4846
4850,FSIP2,4847
4851,FSIP2-AS1,4848
4852,LINC01473,4849
4853,AC017071.1,4850
4854,ZC3H15,4851
4855,ITGAV,4852
4856,AC017101.1,4853
4857,FAM171B,4854
4858,ZSWIM2,4855
4859,AC007319.1,4856
4860,CALCRL,4857
4861,TFPI,4858
4862,LINC01090,4859
4863,GULP1,4860
4864,DIRC1,4861
4865,COL3A1,4862
4866,COL5A2,4863
4867,AC133106.1,4864
4868,WDR75,4865
4869,SLC40A1,4866
4870,ASNSD1,4867
4871,ANKAR,4868
4872,OSGEPL1,4869
4873,OSGEPL1-AS1,4870
4874,AC013468.1,4871
4875,ORMDL1,4872
4876,PMS1,4873
4877,C2orf88,4874
4878,MSTN,4875
4879,HIBCH,4876
4880,INPP1,4877
4881,MFSD6,4878
4882,AC093388.1,4879
4883,NEMP2,4880
4884,AC108047.1,4881
4885,NAB1,4882
4886,AC006460.1,4883
4887,AC005540.1,4884
4888,GLS,4885
4889,STAT1,4886
4890,AC067945.2,4887
4891,STAT4,4888
4892,AC092614.1,4889
4893,MYO1B,4890
4894,NABP1,4891
4895,AC098872.1,4892
4896,CAVIN2,4893
4897,AC098617.1,4894
4898,TMEFF2,4895
4899,AC062039.1,4896
4900,AC013401.1,4897
4901,PCGEM1,4898
4902,AC068135.2,4899
4903,LINC01821,4900
4904,LINC01790,4901
4905,AC010983.1,4902
4906,AC104823.1,4903
4907,AC064834.1,4904
4908,LINC01825,4905
4909,LINC01827,4906
4910,SLC39A10,4907
4911,DNAH7,4908
4912,STK17B,4909
4913,AC114760.2,4910
4914,HECW2,4911
4915,AC020571.1,4912
4916,AC068544.1,4913
4917,CCDC150,4914
4918,GTF3C3,4915
4919,C2orf66,4916
4920,PGAP1,4917
4921,ANKRD44,4918
4922,AC013264.1,4919
4923,AC010746.1,4920
4924,SF3B1,4921
4925,COQ10B,4922
4926,HSPD1,4923
4927,HSPE1,4924
4928,HSPE1-MOB4,4925
4929,MOB4,4926
4930,RFTN2,4927
4931,AC011997.1,4928
4932,MARS2,4929
4933,BOLL,4930
4934,PLCL1,4931
4935,AC020719.1,4932
4936,LINC01923,4933
4937,AC019330.1,4934
4938,AC020718.1,4935
4939,SATB2,4936
4940,AC016746.1,4937
4941,SATB2-AS1,4938
4942,LINC01877,4939
4943,FTCDNL1,4940
4944,C2orf69,4941
4945,TYW5,4942
4946,MAIP1,4943
4947,SPATS2L,4944
4948,KCTD18,4945
4949,SGO2,4946
4950,AOX1,4947
4951,LINC01792,4948
4952,AC007163.1,4949
4953,BZW1,4950
4954,CLK1,4951
4955,PPIL3,4952
4956,NIF3L1,4953
4957,ORC2,4954
4958,AC005037.1,4955
4959,FAM126B,4956
4960,NDUFB3,4957
4961,AC007272.1,4958
4962,CFLAR,4959
4963,CFLAR-AS1,4960
4964,CASP10,4961
4965,CASP8,4962
4966,ALS2CR12,4963
4967,TRAK2,4964
4968,STRADB,4965
4969,C2CD6,4966
4970,TMEM237,4967
4971,MPP4,4968
4972,ALS2,4969
4973,CDK15,4970
4974,AC069148.1,4971
4975,FZD7,4972
4976,KIAA2012,4973
4977,AC079354.1,4974
4978,AC079354.3,4975
4979,SUMO1,4976
4980,NOP58,4977
4981,AC064836.2,4978
4982,AC064836.3,4979
4983,BMPR2,4980
4984,FAM117B,4981
4985,ICA1L,4982
4986,WDR12,4983
4987,CARF,4984
4988,NBEAL1,4985
4989,CYP20A1,4986
4990,ABI2,4987
4991,AC080075.1,4988
4992,RAPH1,4989
4993,CD28,4990
4994,CTLA4,4991
4995,ICOS,4992
4996,AC009965.1,4993
4997,AC009498.1,4994
4998,AC016903.1,4995
4999,AC016903.2,4996
5000,PARD3B,4997
5001,NRP2,4998
5002,AC007362.1,4999
5003,AC007679.1,5000
5004,INO80D,5001
5005,AC007383.2,5002
5006,NDUFS1,5003
5007,AC007383.3,5004
5008,EEF1B2,5005
5009,GPR1,5006
5010,ZDBF2,5007
5011,ADAM23,5008
5012,AC010731.2,5009
5013,AC010731.3,5010
5014,FAM237A,5011
5015,DYTN,5012
5016,MDH1B,5013
5017,FASTKD2,5014
5018,AC008269.2,5015
5019,AC008269.1,5016
5020,CPO,5017
5021,KLF7,5018
5022,AC007879.1,5019
5023,AC007879.3,5020
5024,AC007879.2,5021
5025,AC007879.4,5022
5026,MYOSLID,5023
5027,AC009226.1,5024
5028,LINC01802,5025
5029,CREB1,5026
5030,METTL21A,5027
5031,LINC01857,5028
5032,CCNYL1,5029
5033,AC096772.1,5030
5034,FZD5,5031
5035,PLEKHM3,5032
5036,CRYGD,5033
5037,CRYGC,5034
5038,CRYGB,5035
5039,CRYGA,5036
5040,C2orf80,5037
5041,IDH1,5038
5042,IDH1-AS1,5039
5043,PIKFYVE,5040
5044,PTH2R,5041
5045,MAP2,5042
5046,UNC80,5043
5047,RPE,5044
5048,KANSL1L,5045
5049,AC007038.2,5046
5050,AC007038.1,5047
5051,ACADL,5048
5052,MYL1,5049
5053,LANCL1-AS1,5050
5054,LANCL1,5051
5055,CPS1,5052
5056,ERBB4,5053
5057,LINC01878,5054
5058,AC108066.1,5055
5059,IKZF2,5056
5060,AC079610.2,5057
5061,LINC01953,5058
5062,AC079610.3,5059
5063,AC079610.1,5060
5064,SPAG16,5061
5065,AC068051.1,5062
5066,VWC2L,5063
5067,BARD1,5064
5068,AC016708.1,5065
5069,ABCA12,5066
5070,AC072062.1,5067
5071,AC073284.1,5068
5072,ATIC,5069
5073,FN1,5070
5074,AC012462.3,5071
5075,AC012462.1,5072
5076,AC012462.2,5073
5077,AC012668.2,5074
5078,AC012668.3,5075
5079,AC012668.1,5076
5080,LINC00607,5077
5081,LINC01614,5078
5082,AC122136.1,5079
5083,AC093382.1,5080
5084,MREG,5081
5085,PECR,5082
5086,TMEM169,5083
5087,XRCC5,5084
5088,LINC01963,5085
5089,MARCH4,5086
5090,AC012513.1,5087
5091,AC069155.1,5088
5092,AC098820.2,5089
5093,SMARCAL1,5090
5094,AC098820.3,5091
5095,RPL37A,5092
5096,LINC01280,5093
5097,AC073321.1,5094
5098,IGFBP2,5095
5099,IGFBP5,5096
5100,AC007563.2,5097
5101,AC007563.1,5098
5102,AC007557.2,5099
5103,TNP1,5100
5104,AC007557.4,5101
5105,AC007557.1,5102
5106,AC007557.3,5103
5107,LINC01921,5104
5108,AC007749.1,5105
5109,DIRC3-AS1,5106
5110,DIRC3,5107
5111,TNS1,5108
5112,AC010136.1,5109
5113,RUFY4,5110
5114,CXCR2,5111
5115,CXCR1,5112
5116,ARPC2,5113
5117,GPBAR1,5114
5118,AAMP,5115
5119,PNKD,5116
5120,TMBIM1,5117
5121,CATIP-AS2,5118
5122,CATIP,5119
5123,SLC11A1,5120
5124,CTDSP1,5121
5125,AC021016.3,5122
5126,VIL1,5123
5127,USP37,5124
5128,CNOT9,5125
5129,PLCD4,5126
5130,AC012510.1,5127
5131,ZNF142,5128
5132,BCS1L,5129
5133,RNF25,5130
5134,STK36,5131
5135,TTLL4,5132
5136,CYP27A1,5133
5137,AC009974.1,5134
5138,PRKAG3,5135
5139,WNT6,5136
5140,WNT10A,5137
5141,LINC01494,5138
5142,AC097468.2,5139
5143,CDK5R2,5140
5144,LINC00608,5141
5145,FEV,5142
5146,CRYBA2,5143
5147,AC097468.1,5144
5148,CFAP65,5145
5149,IHH,5146
5150,AC097468.3,5147
5151,NHEJ1,5148
5152,AC068946.1,5149
5153,SLC23A3,5150
5154,CNPPD1,5151
5155,RETREG2,5152
5156,ZFAND2B,5153
5157,ABCB6,5154
5158,AC068946.2,5155
5159,ATG9A,5156
5160,ANKZF1,5157
5161,GLB1L,5158
5162,STK16,5159
5163,TUBA4A,5160
5164,TUBA4B,5161
5165,DNAJB2,5162
5166,PTPRN,5163
5167,AC114803.1,5164
5168,RESP18,5165
5169,DNPEP,5166
5170,AC053503.2,5167
5171,DES,5168
5172,AC053503.4,5169
5173,SPEG,5170
5174,AC053503.1,5171
5175,AC053503.5,5172
5176,GMPPA,5173
5177,ASIC4,5174
5178,CHPF,5175
5179,TMEM198,5176
5180,AC009955.3,5177
5181,OBSL1,5178
5182,AC009955.4,5179
5183,INHA,5180
5184,STK11IP,5181
5185,AC009955.1,5182
5186,SLC4A3,5183
5187,AC009955.2,5184
5188,AC009502.1,5185
5189,LINC01803,5186
5190,AC019211.1,5187
5191,AC093083.1,5188
5192,AC067956.1,5189
5193,AC093843.1,5190
5194,EPHA4,5191
5195,AC079834.2,5192
5196,AC068489.1,5193
5197,PAX3,5194
5198,CCDC140,5195
5199,AC010980.2,5196
5200,SGPP2,5197
5201,AC097461.1,5198
5202,FARSB,5199
5203,MOGAT1,5200
5204,ACSL3,5201
5205,AC013476.1,5202
5206,KCNE4,5203
5207,AC013448.1,5204
5208,AC013448.2,5205
5209,SCG2,5206
5210,AP1S3,5207
5211,WDFY1,5208
5212,MRPL44,5209
5213,AC073641.1,5210
5214,SERPINE2,5211
5215,FAM124B,5212
5216,AC073052.2,5213
5217,CUL3,5214
5218,CCDC195,5215
5219,DOCK10,5216
5220,NYAP2,5217
5221,AC016717.2,5218
5222,AC062015.1,5219
5223,IRS1,5220
5224,AC010735.2,5221
5225,RHBDD1,5222
5226,COL4A4,5223
5227,COL4A3,5224
5228,AC097662.1,5225
5229,MFF,5226
5230,TM4SF20,5227
5231,SCYGR1,5228
5232,AGFG1,5229
5233,SCYGR2,5230
5234,SCYGR10,5231
5235,C2orf83,5232
5236,SCYGR3,5233
5237,AC064853.1,5234
5238,SCYGR4,5235
5239,SCYGR5,5236
5240,SLC19A3,5237
5241,SCYGR6,5238
5242,SCYGR7,5239
5243,SCYGR8,5240
5244,CCL20,5241
5245,DAW1,5242
5246,SPHKAP,5243
5247,LINC01807,5244
5248,AC012070.1,5245
5249,PID1,5246
5250,DNER,5247
5251,TRIP12,5248
5252,FBXO36,5249
5253,SLC16A14,5250
5254,AC009950.1,5251
5255,SP110,5252
5256,SP140,5253
5257,SP140L,5254
5258,SP100,5255
5259,AC010149.1,5256
5260,LINC01907,5257
5261,CAB39,5258
5262,ITM2C,5259
5263,AC012507.2,5260
5264,GPR55,5261
5265,AC012507.1,5262
5266,AC012507.4,5263
5267,SPATA3-AS1,5264
5268,SPATA3,5265
5269,C2orf72,5266
5270,PSMD1,5267
5271,HTR2B,5268
5272,ARMC9,5269
5273,B3GNT7,5270
5274,AC017104.3,5271
5275,NCL,5272
5276,LINC00471,5273
5277,NMUR1,5274
5278,TEX44,5275
5279,PTMA,5276
5280,PDE6D,5277
5281,COPS7B,5278
5282,NPPC,5279
5283,DIS3L2,5280
5284,AC019130.1,5281
5285,ALPP,5282
5286,AC068134.1,5283
5287,ALPG,5284
5288,AC068134.2,5285
5289,ALPI,5286
5290,ECEL1,5287
5291,PRSS56,5288
5292,CHRND,5289
5293,CHRNG,5290
5294,TIGD1,5291
5295,EIF4E2,5292
5296,AC073254.1,5293
5297,EFHD1,5294
5298,GIGYF2,5295
5299,KCNJ13,5296
5300,SNORC,5297
5301,NGEF,5298
5302,NEU2,5299
5303,INPP5D,5300
5304,ATG16L1,5301
5305,SAG,5302
5306,AC013726.1,5303
5307,DGKD,5304
5308,USP40,5305
5309,UGT1A8,5306
5310,UGT1A10,5307
5311,UGT1A9,5308
5312,UGT1A7,5309
5313,UGT1A6,5310
5314,AC114812.2,5311
5315,UGT1A5,5312
5316,UGT1A4,5313
5317,UGT1A3,5314
5318,UGT1A1,5315
5319,MROH2A,5316
5320,HJURP,5317
5321,TRPM8,5318
5322,AC005538.1,5319
5323,SPP2,5320
5324,AC006037.1,5321
5325,AC122134.1,5322
5326,AC097713.1,5323
5327,LINC01891,5324
5328,ARL4C,5325
5329,LINC01173,5326
5330,SH3BP4,5327
5331,AC114814.1,5328
5332,AC114814.3,5329
5333,AGAP1,5330
5334,AC064874.1,5331
5335,GBX2,5332
5336,AC019068.1,5333
5337,ASB18,5334
5338,IQCA1,5335
5339,AC093915.1,5336
5340,IQCA1-AS1,5337
5341,ACKR3,5338
5342,AC084030.1,5339
5343,AC105760.1,5340
5344,AC105760.2,5341
5345,COPS8,5342
5346,AC107079.1,5343
5347,AC112715.1,5344
5348,COL6A3,5345
5349,AC112721.1,5346
5350,AC112721.2,5347
5351,MLPH,5348
5352,PRLH,5349
5353,RAB17,5350
5354,AC104667.2,5351
5355,AC104667.1,5352
5356,LRRFIP1,5353
5357,RBM44,5354
5358,RAMP1,5355
5359,UBE2F,5356
5360,UBE2F-SCLY,5357
5361,SCLY,5358
5362,ESPNL,5359
5363,KLHL30,5360
5364,ERFE,5361
5365,ILKAP,5362
5366,HES6,5363
5367,PER2,5364
5368,AC012485.3,5365
5369,AC012485.2,5366
5370,TRAF3IP1,5367
5371,ASB1,5368
5372,AC016999.1,5369
5373,LINC01107,5370
5374,LINC01937,5371
5375,AC145625.1,5372
5376,TWIST2,5373
5377,LINC01940,5374
5378,HDAC4,5375
5379,AC062017.1,5376
5380,AC079612.1,5377
5381,AC079612.2,5378
5382,AC093802.2,5379
5383,AC093802.1,5380
5384,NDUFA10,5381
5385,OR6B2,5382
5386,OR6B3,5383
5387,COPS9,5384
5388,OTOS,5385
5389,AC124861.1,5386
5390,GPC1,5387
5391,ANKMY1,5388
5392,DUSP28,5389
5393,RNPEPL1,5390
5394,CAPN10-DT,5391
5395,CAPN10,5392
5396,GPR35,5393
5397,AQP12B,5394
5398,AC011298.1,5395
5399,AQP12A,5396
5400,KIF1A,5397
5401,AGXT,5398
5402,C2orf54,5399
5403,CROCC2,5400
5404,AC104809.1,5401
5405,SNED1,5402
5406,AC093585.1,5403
5407,AC005237.1,5404
5408,MTERF4,5405
5409,PASK,5406
5410,PPP1R7,5407
5411,ANO7,5408
5412,HDLBP,5409
5413,SEPT2,5410
5414,AC005104.1,5411
5415,FARP2,5412
5416,STK25,5413
5417,BOK-AS1,5414
5418,BOK,5415
5419,AC133528.1,5416
5420,THAP4,5417
5421,ATG4B,5418
5422,DTYMK,5419
5423,ING5,5420
5424,AC114730.3,5421
5425,D2HGDH,5422
5426,AC114730.1,5423
5427,AC114730.2,5424
5428,GAL3ST2,5425
5429,AC131097.1,5426
5430,AC131097.3,5427
5431,NEU4,5428
5432,AC131097.4,5429
5433,PDCD1,5430
5434,RTP5,5431
5435,AC131097.2,5432
5436,LINC01238,5433
5437,AC093642.1,5434
5438,LINC01880,5435
5439,LINC01238,5433
5440,LINC01986,5436
5441,AC066595.1,5437
5442,CHL1,5438
5443,CHL1-AS1,5439
5444,LINC01266,5440
5445,AC090044.1,5441
5446,AC087430.1,5442
5447,CNTN6,5443
5448,AC018814.1,5444
5449,CNTN4,5445
5450,CNTN4-AS2,5446
5451,CNTN4-AS1,5447
5452,IL5RA,5448
5453,TRNT1,5449
5454,CRBN,5450
5455,AC024060.1,5451
5456,AC034195.1,5452
5457,SUMF1,5453
5458,LRRN1,5454
5459,SETMAR,5455
5460,ITPR1-DT,5456
5461,ITPR1,5457
5462,EGOT,5458
5463,AC018816.1,5459
5464,BHLHE40-AS1,5460
5465,BHLHE40,5461
5466,ARL8B,5462
5467,AC026202.2,5463
5468,AC026202.3,5464
5469,EDEM1,5465
5470,AC026202.1,5466
5471,AC087857.1,5467
5472,AC026167.1,5468
5473,AC069277.1,5469
5474,GRM7-AS3,5470
5475,GRM7,5471
5476,GRM7-AS2,5472
5477,GRM7-AS1,5473
5478,AC068313.1,5474
5479,LMCD1-AS1,5475
5480,AC018832.1,5476
5481,AC023481.1,5477
5482,LMCD1,5478
5483,AC034187.1,5479
5484,SSUH2,5480
5485,CAV3,5481
5486,OXTR,5482
5487,RAD18,5483
5488,SRGAP3,5484
5489,SRGAP3-AS1,5485
5490,SRGAP3-AS2,5486
5491,SRGAP3-AS3,5487
5492,SRGAP3-AS4,5488
5493,AC026191.1,5489
5494,THUMPD3-AS1,5490
5495,THUMPD3,5491
5496,SETD5,5492
5497,LHFPL4,5493
5498,MTMR14,5494
5499,CPNE9,5495
5500,BRPF1,5496
5501,OGG1,5497
5502,CAMK1,5498
5503,TADA3,5499
5504,ARPC4,5500
5505,ARPC4-TTLL3,5501
5506,TTLL3,5502
5507,AC022382.1,5503
5508,RPUSD3,5504
5509,CIDEC,5505
5510,JAGN1,5506
5511,IL17RE,5507
5512,IL17RC,5508
5513,CRELD1,5509
5514,PRRT3,5510
5515,PRRT3-AS1,5511
5516,AC018809.2,5512
5517,EMC3,5513
5518,AC022007.1,5514
5519,FANCD2,5515
5520,FANCD2OS,5516
5521,BRK1,5517
5522,VHL,5518
5523,IRAK2,5519
5524,TATDN2,5520
5525,AC022384.1,5521
5526,LINC00852,5522
5527,GHRL,5523
5528,GHRLOS,5524
5529,SEC13,5525
5530,ATP2B2,5526
5531,LINC00606,5527
5532,AC018495.1,5528
5533,SLC6A11,5529
5534,SLC6A1,5530
5535,SLC6A1-AS1,5531
5536,HRH1,5532
5537,ATG7,5533
5538,VGLL4,5534
5539,AC022001.2,5535
5540,AC022001.3,5536
5541,TAMM41,5537
5542,SYN2,5538
5543,TIMP4,5539
5544,PPARG,5540
5545,TSEN2,5541
5546,MKRN2OS,5542
5547,MKRN2,5543
5548,RAF1,5544
5549,TMEM40,5545
5550,CAND2,5546
5551,AC034198.2,5547
5552,RPL32,5548
5553,LINC02022,5549
5554,IQSEC1,5550
5555,NUP210,5551
5556,HDAC11-AS1,5552
5557,HDAC11,5553
5558,FBLN2,5554
5559,LINC00620,5555
5560,WNT7A,5556
5561,CHCHD4,5557
5562,TMEM43,5558
5563,AC090004.1,5559
5564,AC093495.1,5560
5565,XPC,5561
5566,LSM3,5562
5567,AC093496.1,5563
5568,LINC01267,5564
5569,SLC6A6,5565
5570,GRIP2,5566
5571,AC090952.2,5567
5572,AC090952.1,5568
5573,CCDC174,5569
5574,C3orf20,5570
5575,AC090957.1,5571
5576,LINC02011,5572
5577,FGD5,5573
5578,FGD5-AS1,5574
5579,NR2C2,5575
5580,MRPS25,5576
5581,RBSN,5577
5582,CAPN7,5578
5583,SH3BP5-AS1,5579
5584,SH3BP5,5580
5585,METTL6,5581
5586,EAF1,5582
5587,EAF1-AS1,5583
5588,COLQ,5584
5589,HACL1,5585
5590,BTD,5586
5591,ANKRD28,5587
5592,GALNT15,5588
5593,DPH3,5589
5594,OXNAD1,5590
5595,RFTN1,5591
5596,AC090948.1,5592
5597,AC090948.2,5593
5598,AC090948.3,5594
5599,AC010139.1,5595
5600,LINC00690,5596
5601,DAZL,5597
5602,AC091493.1,5598
5603,PLCL2,5599
5604,PLCL2-AS1,5600
5605,TBC1D5,5601
5606,AC132807.1,5602
5607,AC132807.2,5603
5608,SATB1,5604
5609,KCNH8,5605
5610,EFHB,5606
5611,RAB5A,5607
5612,PP2D1,5608
5613,KAT2B,5609
5614,SGO1,5610
5615,AC116096.1,5611
5616,AC099753.1,5612
5617,ZNF385D,5613
5618,ZNF385D-AS1,5614
5619,ZNF385D-AS2,5615
5620,UBE2E2-AS1,5616
5621,UBE2E2,5617
5622,UBE2E1-AS1,5618
5623,UBE2E1,5619
5624,NKIRAS1,5620
5625,RPL15,5621
5626,NR1D2,5622
5627,LINC00691,5623
5628,THRB,5624
5629,AC012087.1,5625
5630,AC092422.1,5626
5631,RARB,5627
5632,TOP2B,5628
5633,NGLY1,5629
5634,OXSM,5630
5635,AC099754.1,5631
5636,LRRC3B,5632
5637,AC114877.1,5633
5638,NEK10,5634
5639,SLC4A7,5635
5640,AC098614.4,5636
5641,LINC02084,5637
5642,EOMES,5638
5643,LINC01980,5639
5644,LINC01981,5640
5645,LINC01967,5641
5646,CMC1,5642
5647,AZI2,5643
5648,ZCWPW2,5644
5649,AC098650.1,5645
5650,RBMS3,5646
5651,RBMS3-AS3,5647
5652,RBMS3-AS2,5648
5653,RBMS3-AS1,5649
5654,LINC01985,5650
5655,AC116035.1,5651
5656,TGFBR2,5652
5657,GADL1,5653
5658,STT3B,5654
5659,OSBPL10,5655
5660,OSBPL10-AS1,5656
5661,ZNF860,5657
5662,GPD1L,5658
5663,CMTM8,5659
5664,CMTM7,5660
5665,CMTM6,5661
5666,DYNC1LI1,5662
5667,CNOT10,5663
5668,CNOT10-AS1,5664
5669,TRIM71,5665
5670,CCR4,5666
5671,GLB1,5667
5672,TMPPE,5668
5673,CRTAP,5669
5674,AC112211.1,5670
5675,SUSD5,5671
5676,FBXL2,5672
5677,UBP1,5673
5678,CLASP2,5674
5679,AC112220.3,5675
5680,AC112220.4,5676
5681,AC112220.2,5677
5682,PDCD6IP,5678
5683,LINC01811,5679
5684,AC123023.1,5680
5685,AC018359.1,5681
5686,ARPP21,5682
5687,ARPP21-AS1,5683
5688,STAC,5684
5689,DCLK3,5685
5690,LINC02033,5686
5691,TRANK1,5687
5692,AC011816.2,5688
5693,EPM2AIP1,5689
5694,MLH1,5690
5695,LRRFIP2,5691
5696,AC126118.1,5692
5697,AC097359.3,5693
5698,AC097359.2,5694
5699,GOLGA4,5695
5700,ITGA9,5696
5701,CTDSPL,5697
5702,VILL,5698
5703,PLCD1,5699
5704,DLEC1,5700
5705,ACAA1,5701
5706,MYD88,5702
5707,OXSR1,5703
5708,SLC22A13,5704
5709,SLC22A14,5705
5710,XYLB,5706
5711,ACVR2B-AS1,5707
5712,ACVR2B,5708
5713,EXOG,5709
5714,SCN5A,5710
5715,SCN10A,5711
5716,AC116038.1,5712
5717,SCN11A,5713
5718,WDR48,5714
5719,GORASP1,5715
5720,TTC21A,5716
5721,CSRNP1,5717
5722,AC092053.3,5718
5723,AC092053.2,5719
5724,XIRP1,5720
5725,CX3CR1,5721
5726,CCR8,5722
5727,SLC25A38,5723
5728,RPSA,5724
5729,MOBP,5725
5730,MYRIP,5726
5731,EIF1B,5727
5732,ENTPD3-AS1,5728
5733,ENTPD3,5729
5734,RPL14,5730
5735,ZNF619,5731
5736,ZNF620,5732
5737,ZNF621,5733
5738,AC122683.1,5734
5739,AC099560.1,5735
5740,AC099541.1,5736
5741,AC009743.1,5737
5742,CTNNB1,5738
5743,ULK4,5739
5744,TRAK1,5740
5745,CCK,5741
5746,AC018358.1,5742
5747,LYZL4,5743
5748,VIPR1,5744
5749,VIPR1-AS1,5745
5750,SEC22C,5746
5751,SS18L2,5747
5752,NKTR,5748
5753,AC006059.1,5749
5754,ZBTB47,5750
5755,KLHL40,5751
5756,CCDC13,5752
5757,HHATL,5753
5758,HHATL-AS1,5754
5759,CCDC13-AS1,5755
5760,AC099329.3,5756
5761,LINC02158,5757
5762,HIGD1A,5758
5763,AC099329.1,5759
5764,ACKR2,5760
5765,AC092042.3,5761
5766,KRBOX1,5762
5767,CYP8B1,5763
5768,ZNF662,5764
5769,KRBOX1-AS1,5765
5770,FAM198A,5766
5771,POMGNT2,5767
5772,AC092042.1,5768
5773,SNRK,5769
5774,AC104184.1,5770
5775,SNRK-AS1,5771
5776,ANO10,5772
5777,ABHD5,5773
5778,AC006055.1,5774
5779,AC006058.2,5775
5780,AC006058.3,5776
5781,AC006058.1,5777
5782,TOPAZ1,5778
5783,AC104187.1,5779
5784,TCAIM,5780
5785,LINC01988,5781
5786,ZNF445,5782
5787,ZNF852,5783
5788,ZKSCAN7,5784
5789,AC099669.1,5785
5790,ZNF660,5786
5791,ZNF197,5787
5792,ZNF197-AS1,5788
5793,ZNF35,5789
5794,AC124045.1,5790
5795,ZNF502,5791
5796,ZNF501,5792
5797,KIAA1143,5793
5798,KIF15,5794
5799,TMEM42,5795
5800,TGM4,5796
5801,AC098649.1,5797
5802,ZDHHC3,5798
5803,EXOSC7,5799
5804,CLEC3B,5800
5805,CDCP1,5801
5806,TMEM158,5802
5807,LARS2,5803
5808,LARS2-AS1,5804
5809,LIMD1,5805
5810,SACM1L,5806
5811,SLC6A20,5807
5812,LZTFL1,5808
5813,CCR9,5809
5814,FYCO1,5810
5815,CXCR6,5811
5816,XCR1,5812
5817,CCR3,5813
5818,CCR1,5814
5819,CCR2,5815
5820,AC098613.1,5816
5821,CCR5,5817
5822,CCRL2,5818
5823,LINC02009,5819
5824,LTF,5820
5825,RTP3,5821
5826,LRRC2,5822
5827,LRRC2-AS1,5823
5828,TDGF1,5824
5829,AC104304.1,5825
5830,FAM240A,5826
5831,ALS2CL,5827
5832,TMIE,5828
5833,PRSS50,5829
5834,PRSS50,5829
5835,PRSS45,5830
5836,AC109583.3,5831
5837,PRSS42,5832
5838,MYL3,5833
5839,PTH1R,5834
5840,CCDC12,5835
5841,NBEAL2,5836
5842,SETD2,5837
5843,KIF9-AS1,5838
5844,KIF9,5839
5845,KLHL18,5840
5846,AC099778.1,5841
5847,PTPN23,5842
5848,SCAP,5843
5849,ELP6,5844
5850,CSPG5,5845
5851,SMARCC1,5846
5852,DHX30,5847
5853,MAP4,5848
5854,CDC25A,5849
5855,CAMP,5850
5856,ZNF589,5851
5857,NME6,5852
5858,SPINK8,5853
5859,FBXW12,5854
5860,PLXNB1,5855
5861,CCDC51,5856
5862,TMA7,5857
5863,AC134772.1,5858
5864,ATRIP,5859
5865,TREX1,5860
5866,SHISA5,5861
5867,PFKFB4,5862
5868,UCN2,5863
5869,COL7A1,5864
5870,UQCRC1,5865
5871,TMEM89,5866
5872,SLC26A6,5867
5873,CELSR3,5868
5874,LINC02585,5869
5875,AC141002.1,5870
5876,NCKIPSD,5871
5877,IP6K2,5872
5878,PRKAR2A,5873
5879,PRKAR2A-AS1,5874
5880,SLC25A20,5875
5881,ARIH2OS,5876
5882,ARIH2,5877
5883,AC137630.2,5878
5884,AC137630.1,5879
5885,AC137630.4,5880
5886,P4HTM,5881
5887,WDR6,5882
5888,DALRD3,5883
5889,NDUFAF3,5884
5890,IMPDH2,5885
5891,AC137630.3,5886
5892,QRICH1,5887
5893,QARS,5888
5894,USP19,5889
5895,LAMB2,5890
5896,CCDC71,5891
5897,KLHDC8B,5892
5898,C3orf84,5893
5899,CCDC36,5894
5900,AC121247.1,5895
5901,C3orf62,5896
5902,USP4,5897
5903,RHOA,5898
5904,TCTA,5899
5905,AMT,5900
5906,AC104452.1,5901
5907,NICN1,5902
5908,DAG1,5903
5909,BSN-DT,5904
5910,BSN,5905
5911,BSN-AS1,5906
5912,APEH,5907
5913,MST1,5908
5914,RNF123,5909
5915,AMIGO3,5910
5916,GMPPB,5911
5917,IP6K1,5912
5918,CDHR4,5913
5919,INKA1,5914
5920,UBA7,5915
5921,TRAIP,5916
5922,CAMKV,5917
5923,MST1R,5918
5924,AC105935.2,5919
5925,AC105935.1,5920
5926,MON1A,5921
5927,RBM6,5922
5928,RBM5,5923
5929,RBM5-AS1,5924
5930,SEMA3F-AS1,5925
5931,SEMA3F,5926
5932,GNAT1,5927
5933,SLC38A3,5928
5934,GNAI2,5929
5935,U73166.1,5930
5936,SEMA3B-AS1,5931
5937,SEMA3B,5932
5938,LSMEM2,5933
5939,IFRD2,5934
5940,HYAL3,5935
5941,NAA80,5936
5942,HYAL1,5937
5943,HYAL2,5938
5944,TUSC2,5939
5945,RASSF1,5940
5946,RASSF1-AS1,5941
5947,ZMYND10-AS1,5942
5948,ZMYND10,5943
5949,NPRL2,5944
5950,CYB561D2,5945
5951,Z84492.1,5946
5952,TMEM115,5947
5953,CACNA2D2,5948
5954,CYB561D2,5945
5955,C3orf18,5949
5956,HEMK1,5950
5957,AC096920.1,5951
5958,CISH,5952
5959,MAPKAPK3,5953
5960,LINC02019,5954
5961,DOCK3,5955
5962,MANF,5956
5963,RBM15B,5957
5964,DCAF1,5958
5965,RAD54L2,5959
5966,TEX264,5960
5967,GRM2,5961
5968,IQCF6,5962
5969,IQCF3,5963
5970,IQCF2,5964
5971,IQCF5-AS1,5965
5972,IQCF5,5966
5973,IQCF1,5967
5974,RRP9,5968
5975,PARP3,5969
5976,GPR62,5970
5977,PCBP4,5971
5978,ABHD14B,5972
5979,ABHD14A,5973
5980,ABHD14A-ACY1,5974
5981,ACY1,5975
5982,RPL29,5976
5983,DUSP7,5977
5984,POC1A,5978
5985,ALAS1,5979
5986,TLR9,5980
5987,AC097637.1,5981
5988,TWF2,5982
5989,AC006252.1,5983
5990,PPM1M,5984
5991,WDR82,5985
5992,GLYCTK,5986
5993,DNAH1,5987
5994,BAP1,5988
5995,PHF7,5989
5996,SEMA3G,5990
5997,TNNC1,5991
5998,NISCH,5992
5999,STAB1,5993
6000,NT5DC2,5994
6001,SMIM4,5995
6002,PBRM1,5996
6003,GNL3,5997
6004,GLT8D1,5998
6005,SPCS1,5999
6006,NEK4,6000
6007,ITIH1,6001
6008,ITIH3,6002
6009,ITIH4,6003
6010,AC006254.1,6004
6011,ITIH4-AS1,6005
6012,MUSTN1,6006
6013,TMEM110-MUSTN1,6007
6014,STIMATE,6008
6015,SFMBT1,6009
6016,AC096887.1,6010
6017,RFT1,6011
6018,PRKCD,6012
6019,TKT,6013
6020,DCP1A,6014
6021,CACNA1D,6015
6022,AC012467.1,6016
6023,CHDH,6017
6024,IL17RB,6018
6025,AC012467.2,6019
6026,ACTR8,6020
6027,SELENOK,6021
6028,CACNA2D3,6022
6029,CACNA2D3-AS1,6023
6030,LRTM1,6024
6031,AC092059.1,6025
6032,LINC02017,6026
6033,LINC02030,6027
6034,AC121764.2,6028
6035,AC121764.3,6029
6036,WNT5A,6030
6037,WNT5A-AS1,6031
6038,AC121764.1,6032
6039,ERC2,6033
6040,AC025572.1,6034
6041,CCDC66,6035
6042,FAM208A,6036
6043,ARHGEF3,6037
6044,ARHGEF3-AS1,6038
6045,SPATA12,6039
6046,AC097358.2,6040
6047,IL17RD,6041
6048,HESX1,6042
6049,APPL1,6043
6050,ASB14,6044
6051,DNAH12,6045
6052,PDE12,6046
6053,ARF4,6047
6054,ARF4-AS1,6048
6055,DENND6A,6049
6056,DENND6A-AS1,6050
6057,DENND6A-DT,6051
6058,SLMAP,6052
6059,FLNB,6053
6060,FLNB-AS1,6054
6061,AC137936.1,6055
6062,DNASE1L3,6056
6063,ABHD6,6057
6064,RPP14,6058
6065,HTD2,6059
6066,AC098479.1,6060
6067,PXK,6061
6068,PDHB,6062
6069,AC135507.1,6063
6070,AC116036.2,6064
6071,KCTD6,6065
6072,ACOX2,6066
6073,FAM107A,6067
6074,AC119424.1,6068
6075,FAM3D-AS1,6069
6076,FAM3D,6070
6077,C3orf67,6071
6078,C3orf67-AS1,6072
6079,AC114400.1,6073
6080,AC138057.1,6074
6081,AC126121.2,6075
6082,FHIT,6076
6083,PTPRG,6077
6084,C3orf14,6078
6085,FEZF2,6079
6086,CADPS,6080
6087,LINC00698,6081
6088,SYNPR,6082
6089,SYNPR-AS1,6083
6090,SNTN,6084
6091,C3orf49,6085
6092,THOC7,6086
6093,THOC7-AS1,6087
6094,ATXN7,6088
6095,ATXN7,6088
6096,SCAANT1,6089
6097,PSMD6-AS2,6090
6098,AC012557.1,6091
6099,PSMD6,6092
6100,PSMD6-AS1,6093
6101,AC012557.2,6094
6102,AC092040.1,6095
6103,LINC00994,6096
6104,PRICKLE2,6097
6105,PRICKLE2-AS1,6098
6106,PRICKLE2-AS2,6099
6107,PRICKLE2-AS3,6100
6108,AC096888.1,6101
6109,ADAMTS9,6102
6110,ADAMTS9-AS1,6103
6111,ADAMTS9-AS2,6104
6112,LINC02040,6105
6113,MAGI1,6106
6114,MAGI1-AS1,6107
6115,SLC25A26,6108
6116,LRIG1,6109
6117,KBTBD8,6110
6118,AC114401.1,6111
6119,SUCLG2,6112
6120,SUCLG2-AS1,6113
6121,FAM19A1,6114
6122,FAM19A4,6115
6123,EOGT,6116
6124,AC109587.1,6117
6125,TMF1,6118
6126,UBA3,6119
6127,ARL6IP5,6120
6128,LMOD3,6121
6129,FRMD4B,6122
6130,AC099328.2,6123
6131,AC104445.1,6124
6132,MITF,6125
6133,SAMMSON,6126
6134,MDFIC2,6127
6135,FOXP1,6128
6136,FOXP1-AS1,6129
6137,AC097634.2,6130
6138,AC097634.3,6131
6139,AC097634.1,6132
6140,EIF4E3,6133
6141,GPR27,6134
6142,PROK2,6135
6143,LINC00877,6136
6144,AC105265.3,6137
6145,AC105265.4,6138
6146,LINC00870,6139
6147,AC112219.2,6140
6148,AC112219.1,6141
6149,AC134508.1,6142
6150,RYBP,6143
6151,AC104435.2,6144
6152,SHQ1,6145
6153,GXYLT2,6146
6154,PPP4R2,6147
6155,EBLN2,6148
6156,PDZRN3,6149
6157,PDZRN3-AS1,6150
6158,LINC02005,6151
6159,LINC02047,6152
6160,CNTN3,6153
6161,LINC02018,6154
6162,FRG2C,6155
6163,LINC00960,6156
6164,ZNF717,6157
6165,ROBO2,6158
6166,LINC02077,6159
6167,AC117462.1,6160
6168,AC108752.1,6161
6169,ROBO1,6162
6170,AC068756.1,6163
6171,LINC02050,6164
6172,LINC02027,6165
6173,AC099542.2,6166
6174,AC099542.1,6167
6175,GBE1,6168
6176,AC017015.2,6169
6177,AC129807.1,6170
6178,LINC02008,6171
6179,LINC00971,6172
6180,LINC02025,6173
6181,CADM2,6174
6182,CADM2-AS2,6175
6183,CADM2-AS1,6176
6184,AC108733.1,6177
6185,LINC02070,6178
6186,VGLL3,6179
6187,AC107204.1,6180
6188,CHMP2B,6181
6189,POU1F1,6182
6190,AC117513.1,6183
6191,HTR1F,6184
6192,CGGBP1,6185
6193,ZNF654,6186
6194,C3orf38,6187
6195,CSNKA2IP,6188
6196,EPHA3,6189
6197,PROS1,6190
6198,ARL13B,6191
6199,STX19,6192
6200,DHFR2,6193
6201,NSUN3,6194
6202,LINC00879,6195
6203,MTRNR2L12,6196
6204,EPHA6,6197
6205,AC110491.1,6198
6206,ARL6,6199
6207,AC110491.3,6200
6208,CRYBG3,6201
6209,AC110491.2,6202
6210,RIOX2,6203
6211,GABRR3,6204
6212,OR5AC2,6205
6213,AC117460.1,6206
6214,OR5H1,6207
6215,OR5H14,6208
6216,OR5H15,6209
6217,AC117473.1,6210
6218,OR5H6,6211
6219,OR5H2,6212
6220,OR5K4,6213
6221,OR5K3,6214
6222,OR5K1,6215
6223,OR5K2,6216
6224,CLDND1,6217
6225,CPOX,6218
6226,AC021660.2,6219
6227,GPR15,6220
6228,ST3GAL6-AS1,6221
6229,ST3GAL6,6222
6230,DCBLD2,6223
6231,AC091212.1,6224
6232,LINC00973,6225
6233,AC078828.1,6226
6234,AC107029.1,6227
6235,AC107029.2,6228
6236,COL8A1,6229
6237,AC069222.1,6230
6238,CMSS1,6231
6239,FILIP1L,6232
6240,TBC1D23,6233
6241,NIT2,6234
6242,TOMM70,6235
6243,LNP1,6236
6244,TMEM45A,6237
6245,ADGRG7,6238
6246,TFG,6239
6247,ABI3BP,6240
6248,IMPG2,6241
6249,SENP7,6242
6250,TRMT10C,6243
6251,PCNP,6244
6252,ZBTB11,6245
6253,ZBTB11-AS1,6246
6254,RPL24,6247
6255,CEP97,6248
6256,NXPE3,6249
6257,AC020651.1,6250
6258,NFKBIZ,6251
6259,LINC02085,6252
6260,AC106712.1,6253
6261,ZPLD1,6254
6262,AC108748.1,6255
6263,ALCAM,6256
6264,CBLB,6257
6265,LINC00882,6258
6266,DUBR,6259
6267,AC063944.1,6260
6268,AC063944.3,6261
6269,CCDC54,6262
6270,LINC01990,6263
6271,BBX,6264
6272,LINC00635,6265
6273,LINC00636,6266
6274,CD47,6267
6275,LINC01215,6268
6276,IFT57,6269
6277,HHLA2,6270
6278,MYH15,6271
6279,CIP2A,6272
6280,DZIP3,6273
6281,RETNLB,6274
6282,TRAT1,6275
6283,GUCA1C,6276
6284,MORC1,6277
6285,MORC1-AS1,6278
6286,C3orf85,6279
6287,AC063923.2,6280
6288,LINC00488,6281
6289,DPPA2,6282
6290,DPPA4,6283
6291,LINC01205,6284
6292,AC078980.1,6285
6293,AC117430.1,6286
6294,AC117402.1,6287
6295,NECTIN3-AS1,6288
6296,NECTIN3,6289
6297,CD96,6290
6298,AC092916.1,6291
6299,ZBED2,6292
6300,PLCXD2,6293
6301,PLCXD2-AS1,6294
6302,PHLDB2,6295
6303,ABHD10,6296
6304,TAGLN3,6297
6305,TMPRSS7,6298
6306,C3orf52,6299
6307,GCSAM,6300
6308,AC128688.2,6301
6309,SLC9C1,6302
6310,AC112487.1,6303
6311,CD200,6304
6312,AC092894.1,6305
6313,BTLA,6306
6314,ATG3,6307
6315,SLC35A5,6308
6316,CCDC80,6309
6317,LINC02042,6310
6318,CD200R1L,6311
6319,CD200R1,6312
6320,AC074044.1,6313
6321,GTPBP8,6314
6322,NEPRO,6315
6323,AC078785.1,6316
6324,AC078785.2,6317
6325,LINC02044,6318
6326,BOC,6319
6327,CFAP44,6320
6328,CFAP44-AS1,6321
6329,SPICE1,6322
6330,SIDT1,6323
6331,SIDT1-AS1,6324
6332,USF3,6325
6333,NAA50,6326
6334,AC108693.2,6327
6335,ATP6V1A,6328
6336,GRAMD1C,6329
6337,AC128687.2,6330
6338,ZDHHC23,6331
6339,CCDC191,6332
6340,QTRT2,6333
6341,DRD3,6334
6342,AC093010.2,6335
6343,ZNF80,6336
6344,TIGIT,6337
6345,ZBTB20,6338
6346,ZBTB20-AS1,6339
6347,ZBTB20-AS5,6340
6348,ZBTB20-AS2,6341
6349,ZBTB20-AS3,6342
6350,ZBTB20-AS4,6343
6351,AC046136.1,6344
6352,GAP43,6345
6353,LSAMP,6346
6354,LSAMP-AS1,6347
6355,LINC00903,6348
6356,TUSC7,6349
6357,LINC00901,6350
6358,AC092691.1,6351
6359,LINC02024,6352
6360,AC092691.3,6353
6361,AC068633.1,6354
6362,IGSF11,6355
6363,IGSF11-AS1,6356
6364,C3orf30,6357
6365,AC083800.1,6358
6366,UPK1B,6359
6367,B4GALT4,6360
6368,B4GALT4-AS1,6361
6369,ARHGAP31,6362
6370,ARHGAP31-AS1,6363
6371,TMEM39A,6364
6372,POGLUT1,6365
6373,AC073352.1,6366
6374,TIMMDC1,6367
6375,CD80,6368
6376,AC073352.2,6369
6377,ADPRH,6370
6378,PLA1A,6371
6379,POPDC2,6372
6380,COX17,6373
6381,MAATS1,6374
6382,AC069444.1,6375
6383,NR1I2,6376
6384,GSK3B,6377
6385,AC092910.3,6378
6386,GPR156,6379
6387,LRRC58,6380
6388,AC063952.4,6381
6389,FSTL1,6382
6390,NDUFB4,6383
6391,HGD,6384
6392,RABL3,6385
6393,GTF2E1,6386
6394,LINC02049,6387
6395,STXBP5L,6388
6396,POLQ,6389
6397,ARGFX,6390
6398,FBXO40,6391
6399,HCLS1,6392
6400,GOLGB1,6393
6401,IQCB1,6394
6402,EAF2,6395
6403,SLC15A2,6396
6404,ILDR1,6397
6405,CD86,6398
6406,CASR,6399
6407,CSTA,6400
6408,CCDC58,6401
6409,FAM162A,6402
6410,WDR5B,6403
6411,AC083798.2,6404
6412,KPNA1,6405
6413,PARP9,6406
6414,DTX3L,6407
6415,PARP15,6408
6416,PARP14,6409
6417,HSPBAP1,6410
6418,DIRC2,6411
6419,LINC02035,6412
6420,SEMA5B,6413
6421,PDIA5,6414
6422,SEC22A,6415
6423,AC112503.2,6416
6424,ADCY5,6417
6425,AC112503.1,6418
6426,HACD2,6419
6427,MYLK-AS1,6420
6428,MYLK,6421
6429,MYLK-AS2,6422
6430,AC020634.1,6423
6431,CCDC14,6424
6432,ROPN1,6425
6433,KALRN,6426
6434,UMPS,6427
6435,ITGB5,6428
6436,ITGB5-AS1,6429
6437,MUC13,6430
6438,HEG1,6431
6439,SLC12A8,6432
6440,ZNF148,6433
6441,SNX4,6434
6442,OSBPL11,6435
6443,AC092902.3,6436
6444,AC092903.2,6437
6445,ALG1L,6438
6446,ROPN1B,6439
6447,SLC41A3,6440
6448,AC117422.1,6441
6449,AC079848.1,6442
6450,ALDH1L1,6443
6451,ALDH1L1-AS1,6444
6452,ALDH1L1-AS2,6445
6453,AC016924.1,6446
6454,AC063919.1,6447
6455,KLF15,6448
6456,CCDC37-DT,6449
6457,CFAP100,6450
6458,ZXDC,6451
6459,UROC1,6452
6460,CHST13,6453
6461,C3orf22,6454
6462,TXNRD3NB,6455
6463,TXNRD3NB,6455
6464,TXNRD3,6456
6465,CHCHD6,6457
6466,PLXNA1,6458
6467,C3orf56,6459
6468,LINC02016,6460
6469,LINC01471,6461
6470,AC016968.1,6462
6471,LINC02034,6463
6472,AC084035.1,6464
6473,TPRA1,6465
6474,MCM2,6466
6475,PODXL2,6467
6476,ABTB1,6468
6477,MGLL,6469
6478,KBTBD12,6470
6479,SEC61A1,6471
6480,RUVBL1,6472
6481,RUVBL1-AS1,6473
6482,EEFSEC,6474
6483,DNAJB8,6475
6484,DNAJB8-AS1,6476
6485,GATA2,6477
6486,GATA2-AS1,6478
6487,LINC01565,6479
6488,RPN1,6480
6489,RAB7A,6481
6490,AC112484.3,6482
6491,AC112484.1,6483
6492,ACAD9,6484
6493,KIAA1257,6485
6494,EFCC1,6486
6495,GP9,6487
6496,RAB43,6488
6497,ISY1-RAB43,6489
6498,AC108673.2,6490
6499,ISY1,6491
6500,AC108673.3,6492
6501,CNBP,6493
6502,COPG1,6494
6503,HMCES,6495
6504,H1FX,6496
6505,H1FX-AS1,6497
6506,EFCAB12,6498
6507,MBD4,6499
6508,IFT122,6500
6509,RHO,6501
6510,H1FOO,6502
6511,PLXND1,6503
6512,TMCC1,6504
6513,TMCC1-AS1,6505
6514,AC083906.3,6506
6515,TRH,6507
6516,ALG1L2,6508
6517,LINC02014,6509
6518,LINC02021,6510
6519,COL6A5,6511
6520,COL6A6,6512
6521,PIK3R4,6513
6522,ATP2C1,6514
6523,AC055733.2,6515
6524,ASTE1,6516
6525,NEK11,6517
6526,AC116424.1,6518
6527,NUDT16,6519
6528,MRPL3,6520
6529,AC107027.1,6521
6530,CPNE4,6522
6531,ACPP,6523
6532,DNAJC13,6524
6533,ACAD11,6525
6534,NPHP3-ACAD11,6526
6535,ACKR4,6527
6536,UBA5,6528
6537,NPHP3,6529
6538,NPHP3-AS1,6530
6539,AC079942.1,6531
6540,TMEM108,6532
6541,TMEM108-AS1,6533
6542,BFSP2,6534
6543,BFSP2-AS1,6535
6544,AC022296.3,6536
6545,CDV3,6537
6546,TOPBP1,6538
6547,TF,6539
6548,SRPRB,6540
6549,RAB6B,6541
6550,C3orf36,6542
6551,SLCO2A1,6543
6552,LINC02000,6544
6553,RYK,6545
6554,LINC02004,6546
6555,AC010207.1,6547
6556,AMOTL2,6548
6557,ANAPC13,6549
6558,CEP63,6550
6559,EPHB1,6551
6560,KY,6552
6561,PPP2R3A,6553
6562,AC072039.2,6554
6563,MSL2,6555
6564,PCCB,6556
6565,STAG1,6557
6566,AC117382.2,6558
6567,SLC35G2,6559
6568,AC096992.2,6560
6569,NCK1-DT,6561
6570,NCK1,6562
6571,IL20RB,6563
6572,IL20RB-AS1,6564
6573,SOX14,6565
6574,LINC01210,6566
6575,AC007159.1,6567
6576,CLDN18,6568
6577,AC016252.1,6569
6578,DZIP1L,6570
6579,A4GNT,6571
6580,DBR1,6572
6581,ARMC8,6573
6582,NME9,6574
6583,MRAS,6575
6584,ESYT3,6576
6585,CEP70,6577
6586,FAIM,6578
6587,PIK3CB,6579
6588,LINC01391,6580
6589,FOXL2,6581
6590,FOXL2NB,6582
6591,PRR23A,6583
6592,MRPS22,6584
6593,PRR23B,6585
6594,PRR23C,6586
6595,BPESC1,6587
6596,PISRT1,6588
6597,AC024933.1,6589
6598,COPB2,6590
6599,AC097103.2,6591
6600,RBP2,6592
6601,AC097103.1,6593
6602,RBP1,6594
6603,NMNAT3,6595
6604,AC110716.2,6596
6605,AC110716.1,6597
6606,AC016933.1,6598
6607,CLSTN2,6599
6608,AC010181.1,6600
6609,AC010181.2,6601
6610,CLSTN2-AS1,6602
6611,TRIM42,6603
6612,AC121333.1,6604
6613,SLC25A36,6605
6614,SPSB4,6606
6615,AC108727.2,6607
6616,PXYLP1,6608
6617,AC117383.1,6609
6618,ZBTB38,6610
6619,RASA2,6611
6620,RNF7,6612
6621,GRK7,6613
6622,ATP1B3,6614
6623,ATP1B3-AS1,6615
6624,TFDP2,6616
6625,GK5,6617
6626,XRN1,6618
6627,ATR,6619
6628,PLS1,6620
6629,PLS1-AS1,6621
6630,TRPC1,6622
6631,PCOLCE2,6623
6632,AC021074.3,6624
6633,PAQR9,6625
6634,PAQR9-AS1,6626
6635,U2SURP,6627
6636,AC026304.1,6628
6637,AC018450.2,6629
6638,CHST2,6630
6639,SLC9A9,6631
6640,SLC9A9-AS1,6632
6641,SLC9A9-AS2,6633
6642,C3orf58,6634
6643,AC055758.2,6635
6644,AC055758.1,6636
6645,AC107021.1,6637
6646,LNCSRLR,6638
6647,PLOD2,6639
6648,PLSCR4,6640
6649,PLSCR2,6641
6650,PLSCR1,6642
6651,PLSCR5,6643
6652,PLSCR5-AS1,6644
6653,AC092957.1,6645
6654,LINC02010,6646
6655,ZIC4,6647
6656,ZIC4-AS1,6648
6657,ZIC1,6649
6658,AC092925.1,6650
6659,AC092958.1,6651
6660,LINC02032,6652
6661,AC092958.2,6653
6662,AC025566.1,6654
6663,LINC02045,6655
6664,LINC02046,6656
6665,AGTR1,6657
6666,CPB1,6658
6667,AC092979.1,6659
6668,CPA3,6660
6669,GYG1,6661
6670,HLTF,6662
6671,HLTF-AS1,6663
6672,HPS3,6664
6673,CP,6665
6674,AC093001.1,6666
6675,TM4SF18,6667
6676,TM4SF1,6668
6677,TM4SF1-AS1,6669
6678,AC108751.4,6670
6679,TM4SF4,6671
6680,WWTR1,6672
6681,WWTR1-AS1,6673
6682,COMMD2,6674
6683,ANKUB1,6675
6684,RNF13,6676
6685,PFN2,6677
6686,AC117395.1,6678
6687,AC117386.2,6679
6688,LINC01998,6680
6689,AC117386.1,6681
6690,LINC01213,6682
6691,LINC01214,6683
6692,TSC22D2,6684
6693,SERP1,6685
6694,EIF2A,6686
6695,SELENOT,6687
6696,ERICH6,6688
6697,ERICH6-AS1,6689
6698,SIAH2,6690
6699,SIAH2-AS1,6691
6700,CLRN1-AS1,6692
6701,MINDY4B,6693
6702,AC020636.2,6694
6703,AC020636.1,6695
6704,CLRN1,6696
6705,MED12L,6697
6706,GPR171,6698
6707,P2RY14,6699
6708,GPR87,6700
6709,P2RY13,6701
6710,P2RY12,6702
6711,IGSF10,6703
6712,LINC02066,6704
6713,AADACL2,6705
6714,AADACL2-AS1,6706
6715,AADAC,6707
6716,SUCNR1,6708
6717,AC108718.1,6709
6718,MBNL1,6710
6719,MBNL1-AS1,6711
6720,AC026347.1,6712
6721,AC092924.1,6713
6722,P2RY1,6714
6723,AC117394.2,6715
6724,RAP2B,6716
6725,AC078788.1,6717
6726,AC078788.2,6718
6727,LINC02083,6719
6728,C3orf79,6720
6729,AC068985.1,6721
6730,ARHGEF26,6722
6731,DHX36,6723
6732,GPR149,6724
6733,AC092994.1,6725
6734,AC073359.2,6726
6735,AC073359.1,6727
6736,MME,6728
6737,MME-AS1,6729
6738,LINC01487,6730
6739,DWORF,6731
6740,AC104831.1,6732
6741,PLCH1,6733
6742,PLCH1-AS1,6734
6743,PLCH1-AS2,6735
6744,C3orf33,6736
6745,AC104472.3,6737
6746,SLC33A1,6738
6747,GMPS,6739
6748,KCNAB1,6740
6749,KCNAB1-AS2,6741
6750,KCNAB1-AS1,6742
6751,AC084036.1,6743
6752,SSR3,6744
6753,TIPARP-AS1,6745
6754,TIPARP,6746
6755,LINC00886,6747
6756,LEKR1,6748
6757,LINC00880,6749
6758,LINC02029,6750
6759,LINC00881,6751
6760,CCNL1,6752
6761,AC104411.1,6753
6762,VEPH1,6754
6763,PTX3,6755
6764,PQLC2L,6756
6765,AC079943.1,6757
6766,AC079943.2,6758
6767,SHOX2,6759
6768,RSRC1,6760
6769,AC106707.1,6761
6770,MLF1,6762
6771,GFM1,6763
6772,LXN,6764
6773,AC080013.4,6765
6774,AC080013.6,6766
6775,RARRES1,6767
6776,MFSD1,6768
6777,AC080013.1,6769
6778,AC080013.5,6770
6779,IQCJ-SCHIP1,6771
6780,IQCJ,6772
6781,IQCJ-SCHIP1-AS1,6773
6782,SCHIP1,6774
6783,IL12A-AS1,6775
6784,IL12A,6776
6785,LINC01100,6777
6786,C3orf80,6778
6787,AC079594.2,6779
6788,IFT80,6780
6789,SMC4,6781
6790,TRIM59,6782
6791,KPNA4,6783
6792,ARL14,6784
6793,AC069224.1,6785
6794,PPM1L,6786
6795,B3GALNT1,6787
6796,NMD3,6788
6797,SPTSSB,6789
6798,LINC02067,6790
6799,AC112491.1,6791
6800,OTOL1,6792
6801,AC131211.1,6793
6802,AC128685.1,6794
6803,LINC01192,6795
6804,AC079910.1,6796
6805,LINC01323,6797
6806,LINC01324,6798
6807,SI,6799
6808,LINC02023,6800
6809,SLITRK3,6801
6810,LINC01322,6802
6811,BCHE,6803
6812,LINC01326,6804
6813,AC069439.2,6805
6814,ZBBX,6806
6815,LINC01327,6807
6816,SERPINI2,6808
6817,WDR49,6809
6818,PDCD10,6810
6819,SERPINI1,6811
6820,AC026353.1,6812
6821,GOLIM4,6813
6822,AC124893.1,6814
6823,LINC02082,6815
6824,AC092954.1,6816
6825,AC092954.2,6817
6826,LINC01997,6818
6827,MECOM,6819
6828,AC074033.1,6820
6829,TERC,6821
6830,ACTRT3,6822
6831,AC078802.1,6823
6832,MYNN,6824
6833,AC078795.1,6825
6834,LRRC34,6826
6835,AC078795.3,6827
6836,AC078795.2,6828
6837,LRRIQ4,6829
6838,LRRC31,6830
6839,SAMD7,6831
6840,AC008040.1,6832
6841,SEC62,6833
6842,SEC62-AS1,6834
6843,GPR160,6835
6844,PHC3,6836
6845,AC008040.5,6837
6846,PRKCI,6838
6847,AC073288.1,6839
6848,SKIL,6840
6849,AC073288.2,6841
6850,CLDN11,6842
6851,AC026316.5,6843
6852,SLC7A14,6844
6853,AC026316.2,6845
6854,RPL22L1,6846
6855,EIF5A2,6847
6856,SLC2A2,6848
6857,TNIK,6849
6858,AC092919.1,6850
6859,PLD1,6851
6860,TMEM212,6852
6861,TMEM212-AS1,6853
6862,FNDC3B,6854
6863,GHSR,6855
6864,TNFSF10,6856
6865,LINC02068,6857
6866,NCEH1,6858
6867,ECT2,6859
6868,SPATA16,6860
6869,AC068759.1,6861
6870,NLGN1,6862
6871,NLGN1-AS1,6863
6872,NAALADL2,6864
6873,NAALADL2-AS2,6865
6874,NAALADL2-AS1,6866
6875,AC104640.1,6867
6876,LINC01208,6868
6877,AC092920.1,6869
6878,LINC01209,6870
6879,TBL1XR1,6871
6880,TBL1XR1-AS1,6872
6881,LINC00501,6873
6882,AC117465.1,6874
6883,LINC00578,6875
6884,AC026355.2,6876
6885,AC026355.1,6877
6886,LINC02015,6878
6887,AC007953.1,6879
6888,AC007953.2,6880
6889,AC109779.1,6881
6890,KCNMB2,6882
6891,AC117457.1,6883
6892,KCNMB2-AS1,6884
6893,ZMAT3,6885
6894,AC076966.1,6886
6895,PIK3CA,6887
6896,KCNMB3,6888
6897,ZNF639,6889
6898,AC007823.1,6890
6899,MFN1,6891
6900,GNB4,6892
6901,AC007620.2,6893
6902,AC007620.3,6894
6903,ACTL6A,6895
6904,AC090425.2,6896
6905,AC090425.1,6897
6906,MRPL47,6898
6907,NDUFB5,6899
6908,USP13,6900
6909,PEX5L,6901
6910,AC007687.1,6902
6911,PEX5L-AS1,6903
6912,PEX5L-AS2,6904
6913,LINC02053,6905
6914,AC125618.1,6906
6915,TTC14,6907
6916,CCDC39,6908
6917,CCDC39,6908
6918,CCDC39-AS1,6909
6919,AC108734.4,6910
6920,FXR1,6911
6921,DNAJC19,6912
6922,AC022294.1,6913
6923,AC125613.1,6914
6924,SOX2,6915
6925,LINC01206,6916
6926,AC012081.1,6917
6927,AC084211.1,6918
6928,LINC01994,6919
6929,LINC01995,6920
6930,LINC02031,6921
6931,AC083801.2,6922
6932,AC069431.1,6923
6933,ATP11B,6924
6934,AC092953.2,6925
6935,DCUN1D1,6926
6936,MCCC1,6927
6937,MCCC1-AS1,6928
6938,LAMP3,6929
6939,MCF2L2,6930
6940,B3GNT5,6931
6941,KLHL6,6932
6942,KLHL6-AS1,6933
6943,KLHL24,6934
6944,YEATS2,6935
6945,YEATS2-AS1,6936
6946,AC131160.1,6937
6947,MAP6D1,6938
6948,PARL,6939
6949,ABCC5,6940
6950,ABCC5-AS1,6941
6951,HTR3D,6942
6952,HTR3C,6943
6953,HTR3E-AS1,6944
6954,HTR3E,6945
6955,AC131235.4,6946
6956,AC131235.3,6947
6957,EIF2B5,6948
6958,DVL3,6949
6959,AP2M1,6950
6960,ABCF3,6951
6961,VWA5B2,6952
6962,ALG3,6953
6963,EEF1AKMT4,6954
6964,EEF1AKMT4-ECE2,6955
6965,CAMK2N2,6956
6966,ECE2,6957
6967,PSMD2,6958
6968,EIF4G1,6959
6969,FAM131A,6960
6970,CLCN2,6961
6971,POLR2H,6962
6972,THPO,6963
6973,CHRD,6964
6974,LINC02054,6965
6975,LINC01839,6966
6976,LINC01840,6967
6977,EPHB3,6968
6978,MAGEF1,6969
6979,AC107294.2,6970
6980,AC107294.3,6971
6981,AC107294.1,6972
6982,LINC02069,6973
6983,VPS8,6974
6984,C3orf70,6975
6985,EHHADH-AS1,6976
6986,EHHADH,6977
6987,MAP3K13,6978
6988,TMEM41A,6979
6989,LIPH,6980
6990,SENP2,6981
6991,IGF2BP2,6982
6992,IGF2BP2-AS1,6983
6993,TRA2B,6984
6994,ETV5,6985
6995,ETV5-AS1,6986
6996,DGKG,6987
6997,LINC02020,6988
6998,LINC02052,6989
6999,LINC02051,6990
7000,CRYGS,6991
7001,TBCCD1,6992
7002,DNAJB11,6993
7003,AC068631.1,6994
7004,AC068631.2,6995
7005,AHSG,6996
7006,FETUB,6997
7007,HRG,6998
7008,KNG1,6999
7009,AC112907.3,7000
7010,EIF4A2,7001
7011,RFC4,7002
7012,AC112907.1,7003
7013,LINC02043,7004
7014,ADIPOQ,7005
7015,ADIPOQ-AS1,7006
7016,ST6GAL1,7007
7017,RPL39L,7008
7018,AC007920.1,7009
7019,RTP1,7010
7020,MASP1,7011
7021,AC007920.2,7012
7022,RTP4,7013
7023,LINC02041,7014
7024,SST,7015
7025,RTP2,7016
7026,AC072022.1,7017
7027,BCL6,7018
7028,AC108681.1,7019
7029,AC068295.1,7020
7030,LINC01991,7021
7031,AC092941.1,7022
7032,AC092941.2,7023
7033,AC022498.1,7024
7034,LPP-AS2,7025
7035,LPP,7026
7036,LPP-AS1,7027
7037,TPRG1-AS1,7028
7038,TPRG1,7029
7039,TPRG1-AS2,7030
7040,TP63,7031
7041,P3H2,7032
7042,P3H2-AS1,7033
7043,CLDN1,7034
7044,CLDN16,7035
7045,TMEM207,7036
7046,IL1RAP,7037
7047,AC108747.1,7038
7048,LINC02013,7039
7049,GMNC,7040
7050,OSTN,7041
7051,OSTN-AS1,7042
7052,UTS2B,7043
7053,CCDC50,7044
7054,AC073365.1,7045
7055,PYDC2,7046
7056,AC026320.1,7047
7057,FGF12,7048
7058,FGF12-AS1,7049
7059,FGF12-AS2,7050
7060,FGF12-AS3,7051
7061,MB21D2,7052
7062,AC092966.1,7053
7063,HRASLS,7054
7064,ATP13A5,7055
7065,ATP13A5-AS1,7056
7066,ATP13A4,7057
7067,ATP13A4-AS1,7058
7068,OPA1,7059
7069,OPA1-AS1,7060
7070,LINC02038,7061
7071,LINC02026,7062
7072,AC024559.1,7063
7073,AC024559.2,7064
7074,AC080129.1,7065
7075,AC080129.2,7066
7076,HES1,7067
7077,LINC02036,7068
7078,LINC02037,7069
7079,LINC02048,7070
7080,LINC00887,7071
7081,CPN2,7072
7082,LRRC15,7073
7083,GP5,7074
7084,ATP13A3,7075
7085,LINC00884,7076
7086,TMEM44-AS1,7077
7087,TMEM44,7078
7088,AC046143.1,7079
7089,AC046143.2,7080
7090,LSG1,7081
7091,FAM43A,7082
7092,AC106706.1,7083
7093,LINC01968,7084
7094,LINC01972,7085
7095,AC090505.2,7086
7096,XXYLT1,7087
7097,XXYLT1-AS1,7088
7098,XXYLT1-AS2,7089
7099,ACAP2,7090
7100,PPP1R2,7091
7101,AC069213.1,7092
7102,APOD,7093
7103,AC233280.1,7094
7104,MUC20-OT1,7095
7105,MUC20,7096
7106,MUC4,7097
7107,LINC01983,7098
7108,TNK2,7099
7109,TNK2-AS1,7100
7110,AC124944.1,7101
7111,TFRC,7102
7112,LINC00885,7103
7113,ZDHHC19,7104
7114,SLC51A,7105
7115,PCYT1A,7106
7116,AC069257.3,7107
7117,AC069257.1,7108
7118,TCTEX1D2,7109
7119,TM4SF19-TCTEX1D2,7110
7120,TM4SF19-AS1,7111
7121,TM4SF19,7112
7122,UBXN7,7113
7123,UBXN7-AS1,7114
7124,RNF168,7115
7125,AC117490.2,7116
7126,SMCO1,7117
7127,WDR53,7118
7128,FBXO45,7119
7129,LINC01063,7120
7130,NRROS,7121
7131,PIGX,7122
7132,CEP19,7123
7133,PAK2,7124
7134,SENP5,7125
7135,NCBP2,7126
7136,NCBP2-AS1,7127
7137,NCBP2-AS2,7128
7138,PIGZ,7129
7139,MELTF,7130
7140,MELTF-AS1,7131
7141,DLG1,7132
7142,DLG1-AS1,7133
7143,AC128709.2,7134
7144,AC128709.1,7135
7145,AC128709.3,7136
7146,LINC02012,7137
7147,BDH1,7138
7148,AC024560.3,7139
7149,AC024560.1,7140
7150,RUBCN,7141
7151,FYTTD1,7142
7152,AC055764.2,7143
7153,LRCH3,7144
7154,AC055764.1,7145
7155,IQCG,7146
7156,RPL35A,7147
7157,LMLN,7148
7158,LMLN-AS1,7149
7159,ZNF595,7150
7160,ZNF718,7151
7161,ZNF732,7152
7162,ZNF141,7153
7163,AC092574.2,7154
7164,AC092574.1,7155
7165,ZNF721,7156
7166,PIGG,7157
7167,AC116565.1,7158
7168,AC116565.2,7159
7169,PDE6B,7160
7170,AC107464.1,7161
7171,AC107464.3,7162
7172,ATP5ME,7163
7173,MYL5,7164
7174,SLC49A3,7165
7175,PCGF3,7166
7176,AC107464.2,7167
7177,AC139887.4,7168
7178,AC139887.2,7169
7179,AC139887.1,7170
7180,CPLX1,7171
7181,AC139887.3,7172
7182,GAK,7173
7183,TMEM175,7174
7184,DGKQ,7175
7185,SLC26A1,7176
7186,IDUA,7177
7187,FGFRL1,7178
7188,AC019103.1,7179
7189,RNF212,7180
7190,AC092535.3,7181
7191,AC092535.1,7182
7192,SPON2,7183
7193,AC092535.4,7184
7194,CTBP1-AS,7185
7195,CTBP1,7186
7196,CTBP1-DT,7187
7197,MAEA,7188
7198,UVSSA,7189
7199,NKX1-1,7190
7200,AC147067.2,7191
7201,AC147067.1,7192
7202,FAM53A,7193
7203,SLBP,7194
7204,AC016773.1,7195
7205,TMEM129,7196
7206,TACC3,7197
7207,FGFR3,7198
7208,LETM1,7199
7209,NSD2,7200
7210,NELFA,7201
7211,C4orf48,7202
7212,NAT8L,7203
7213,POLN,7204
7214,AL136360.2,7205
7215,HAUS3,7206
7216,MXD4,7207
7217,ZFYVE28,7208
7218,AL158068.2,7209
7219,CFAP99,7210
7220,RNF4,7211
7221,FAM193A,7212
7222,TNIP2,7213
7223,SH3BP2,7214
7224,ADD1,7215
7225,MFSD10,7216
7226,NOP14-AS1,7217
7227,NOP14,7218
7228,GRK4,7219
7229,HTT-AS,7220
7230,HTT,7221
7231,MSANTD1,7222
7232,RGS12,7223
7233,HGFAC,7224
7234,DOK7,7225
7235,LRPAP1,7226
7236,AL590235.2,7227
7237,AL121796.1,7228
7238,LINC02171,7229
7239,AC141928.1,7230
7240,ADRA2C,7231
7241,OTOP1,7232
7242,TMEM128,7233
7243,LYAR,7234
7244,ZBTB49,7235
7245,AC105415.1,7236
7246,NSG1,7237
7247,STX18,7238
7248,STX18-AS1,7239
7249,LINC01396,7240
7250,MSX1,7241
7251,CYTL1,7242
7252,STK32B,7243
7253,EVC2,7244
7254,EVC,7245
7255,CRMP1,7246
7256,C4orf50,7247
7257,JAKMIP1,7248
7258,AC092442.1,7249
7259,AC113615.1,7250
7260,WFS1,7251
7261,PPP2R2C,7252
7262,MAN2B2,7253
7263,MRFAP1,7254
7264,LINC02482,7255
7265,AC093323.1,7256
7266,LINC002481,7257
7267,S100P,7258
7268,MRFAP1L1,7259
7269,BLOC1S4,7260
7270,KIAA0232,7261
7271,TBC1D14,7262
7272,AC097382.2,7263
7273,CCDC96,7264
7274,TADA2B,7265
7275,GRPEL1,7266
7276,LINC02447,7267
7277,SORCS2,7268
7278,PSAPL1,7269
7279,AFAP1-AS1,7270
7280,AFAP1,7271
7281,AC097381.1,7272
7282,ABLIM2,7273
7283,AC097381.3,7274
7284,AC097381.2,7275
7285,SH3TC1,7276
7286,HTRA3,7277
7287,LINC02517,7278
7288,AC104825.1,7279
7289,ACOX3,7280
7290,TRMT44,7281
7291,AC105345.2,7282
7292,AC105345.1,7283
7293,GPR78,7284
7294,CPZ,7285
7295,AC209005.1,7286
7296,HMX1,7287
7297,FAM90A26,7288
7298,USP17L10,7289
7299,USP17L11,7290
7300,USP17L12,7291
7301,USP17L13,7292
7302,USP17L15,7293
7303,USP17L17,7294
7304,USP17L18,7295
7305,USP17L19,7296
7306,USP17L20,7297
7307,USP17L21,7298
7308,USP17L22,7299
7309,USP17L23,7300
7310,USP17L24,7301
7311,USP17L25,7302
7312,USP17L26,7303
7313,USP17L5,7304
7314,USP17L27,7305
7315,USP17L28,7306
7316,USP17L29,7307
7317,USP17L30,7308
7318,DEFB131A,7309
7319,SLC2A9,7310
7320,DRD5,7311
7321,AC108199.1,7312
7322,AC005674.1,7313
7323,WDR1,7314
7324,ZNF518B,7315
7325,CLNK,7316
7326,AC084048.1,7317
7327,LINC02498,7318
7328,HS3ST1,7319
7329,AC025539.1,7320
7330,AC005699.1,7321
7331,LINC02360,7322
7332,AC108037.1,7323
7333,LINC02270,7324
7334,AC007370.2,7325
7335,AC007370.1,7326
7336,RAB28,7327
7337,LINC01097,7328
7338,NKX3-2,7329
7339,LINC01096,7330
7340,BOD1L1,7331
7341,LINC01182,7332
7342,AC007126.1,7333
7343,AC073848.1,7334
7344,AC092546.1,7335
7345,AC006296.2,7336
7346,AC006296.1,7337
7347,LINC00504,7338
7348,CPEB2-DT,7339
7349,CPEB2,7340
7350,AC098829.1,7341
7351,C1QTNF7,7342
7352,AC099550.1,7343
7353,CC2D2A,7344
7354,AC116651.1,7345
7355,FBXL5,7346
7356,FAM200B,7347
7357,BST1,7348
7358,CD38,7349
7359,FGFBP1,7350
7360,FGFBP2,7351
7361,PROM1,7352
7362,TAPT1,7353
7363,AC108063.1,7354
7364,TAPT1-AS1,7355
7365,AC097515.1,7356
7366,LDB2,7357
7367,AC106894.1,7358
7368,LINC02493,7359
7369,QDPR,7360
7370,CLRN2,7361
7371,LAP3,7362
7372,AC006160.1,7363
7373,MED28,7364
7374,FAM184B,7365
7375,DCAF16,7366
7376,NCAPG,7367
7377,LCORL,7368
7378,AC093871.1,7369
7379,LINC02438,7370
7380,AC024230.1,7371
7381,AC110767.1,7372
7382,SLIT2,7373
7383,PACRGL,7374
7384,KCNIP4,7375
7385,AC097505.1,7376
7386,AC110296.1,7377
7387,AC096576.3,7378
7388,AC096576.2,7379
7389,KCNIP4-IT1,7380
7390,AC096719.1,7381
7391,ADGRA3,7382
7392,AC097512.1,7383
7393,AC114912.1,7384
7394,AC092440.1,7385
7395,AC093607.1,7386
7396,ERVH-1,7387
7397,PPARGC1A,7388
7398,AC092834.1,7389
7399,DHX15,7390
7400,LINC02473,7391
7401,SOD3,7392
7402,CCDC149,7393
7403,LGI2,7394
7404,SEPSECS,7395
7405,SEPSECS-AS1,7396
7406,AC104662.2,7397
7407,AC104662.1,7398
7408,PI4K2B,7399
7409,ZCCHC4,7400
7410,ANAPC4,7401
7411,AC092436.2,7402
7412,SLC34A2,7403
7413,SEL1L3,7404
7414,AC092436.4,7405
7415,SMIM20,7406
7416,AC133961.1,7407
7417,LINC02357,7408
7418,RBPJ,7409
7419,CCKAR,7410
7420,TBC1D19,7411
7421,STIM2,7412
7422,AC106047.1,7413
7423,AC024132.2,7414
7424,AC024132.1,7415
7425,LINC02261,7416
7426,AC024132.3,7417
7427,AC007106.1,7418
7428,AC109588.1,7419
7429,AC097480.1,7420
7430,LINC02364,7421
7431,AC068944.1,7422
7432,AC109349.1,7423
7433,LINC02472,7424
7434,PCDH7,7425
7435,AC097716.1,7426
7436,LINC02497,7427
7437,AC104071.1,7428
7438,LINC02501,7429
7439,LINC02506,7430
7440,LINC02353,7431
7441,AC097535.1,7432
7442,AC016687.3,7433
7443,AC016687.2,7434
7444,LINC02484,7435
7445,AC093689.1,7436
7446,ARAP2,7437
7447,AC104078.1,7438
7448,DTHD1,7439
7449,AC104078.2,7440
7450,LINC02505,7441
7451,AL136537.1,7442
7452,NWD2,7443
7453,C4orf19,7444
7454,AC027607.1,7445
7455,RELL1,7446
7456,PGM2,7447
7457,TBC1D1,7448
7458,PTTG2,7449
7459,AC098680.1,7450
7460,LINC02513,7451
7461,LINC01258,7452
7462,LINC01259,7453
7463,LINC02278,7454
7464,AC021860.1,7455
7465,KLF3,7456
7466,TLR10,7457
7467,TLR1,7458
7468,TLR6,7459
7469,FAM114A1,7460
7470,TMEM156,7461
7471,KLHL5,7462
7472,AC079921.1,7463
7473,AC079921.2,7464
7474,WDR19,7465
7475,RFC1,7466
7476,KLB,7467
7477,RPL9,7468
7478,LIAS,7469
7479,UGDH,7470
7480,UGDH-AS1,7471
7481,SMIM14,7472
7482,AC108471.2,7473
7483,UBE2K,7474
7484,PDS5A,7475
7485,N4BP2,7476
7486,RHOH,7477
7487,AC095057.2,7478
7488,LINC02265,7479
7489,CHRNA9,7480
7490,RBM47,7481
7491,AC098869.2,7482
7492,NSUN7,7483
7493,APBB2,7484
7494,AC131953.1,7485
7495,UCHL1-AS1,7486
7496,UCHL1,7487
7497,LIMCH1,7488
7498,AC105389.2,7489
7499,PHOX2B,7490
7500,AC105389.3,7491
7501,AC105389.1,7492
7502,LINC00682,7493
7503,AC108210.1,7494
7504,TMEM33,7495
7505,DCAF4L1,7496
7506,AC106052.1,7497
7507,SLC30A9,7498
7508,BEND4,7499
7509,AC111006.1,7500
7510,AC024022.1,7501
7511,SHISA3,7502
7512,ATP8A1,7503
7513,AC096734.2,7504
7514,AC096734.1,7505
7515,GRXCR1,7506
7516,AC111198.1,7507
7517,LINC02383,7508
7518,AC110799.1,7509
7519,LINC02475,7510
7520,KCTD8,7511
7521,YIPF7,7512
7522,GUF1,7513
7523,GNPDA2,7514
7524,AC096586.2,7515
7525,AC096586.1,7516
7526,AC108467.1,7517
7527,GABRG1,7518
7528,GABRA2,7519
7529,AC095060.1,7520
7530,COX7B2,7521
7531,GABRA4,7522
7532,GABRB1,7523
7533,COMMD8,7524
7534,ATP10D,7525
7535,AC107398.2,7526
7536,CORIN,7527
7537,AC107068.2,7528
7538,AC107068.1,7529
7539,NFXL1,7530
7540,NIPAL1,7531
7541,CNGA1,7532
7542,TXK,7533
7543,TEC,7534
7544,SLAIN2,7535
7545,SLC10A4,7536
7546,ZAR1,7537
7547,FRYL,7538
7548,OCIAD1,7539
7549,OCIAD1-AS1,7540
7550,OCIAD2,7541
7551,CWH43,7542
7552,DCUN1D4,7543
7553,AC027271.1,7544
7554,LRRC66,7545
7555,SGCB,7546
7556,LINC02480,7547
7557,SPATA18,7548
7558,USP46,7549
7559,USP46-AS1,7550
7560,AC104066.2,7551
7561,ERVMER34-1,7552
7562,LINC01618,7553
7563,RASL11B,7554
7564,SCFD2,7555
7565,AC023154.1,7556
7566,FIP1L1,7557
7567,AC058822.1,7558
7568,LNX1,7559
7569,LNX1-AS1,7560
7570,AC110792.3,7561
7571,CHIC2,7562
7572,AC110792.2,7563
7573,GSX2,7564
7574,PDGFRA,7565
7575,LINC02283,7566
7576,AC098587.1,7567
7577,AC098868.1,7568
7578,LINC02260,7569
7579,KIT,7570
7580,AC097494.1,7571
7581,LINC02358,7572
7582,AC111194.1,7573
7583,AC111194.2,7574
7584,KDR,7575
7585,SRD5A3,7576
7586,AC069200.1,7577
7587,TMEM165,7578
7588,CLOCK,7579
7589,AC024243.1,7580
7590,PDCL2,7581
7591,NMU,7582
7592,EXOC1L,7583
7593,EXOC1,7584
7594,CEP135,7585
7595,KIAA1211,7586
7596,AASDH,7587
7597,AC068620.1,7588
7598,PPAT,7589
7599,AC068620.2,7590
7600,PAICS,7591
7601,SRP72,7592
7602,ARL9,7593
7603,THEGL,7594
7604,HOPX,7595
7605,SPINK2,7596
7606,REST,7597
7607,AC069307.1,7598
7608,NOA1,7599
7609,POLR2B,7600
7610,IGFBP7,7601
7611,IGFBP7-AS1,7602
7612,AC105390.1,7603
7613,LINC02380,7604
7614,AC013724.1,7605
7615,AC107396.1,7606
7616,AC093725.2,7607
7617,AC093725.1,7608
7618,LINC02494,7609
7619,AC019133.1,7610
7620,AC017091.1,7611
7621,LINC02429,7612
7622,AC097501.2,7613
7623,AC108517.1,7614
7624,AC096588.1,7615
7625,AC093857.1,7616
7626,LINC02496,7617
7627,LINC02271,7618
7628,ADGRL3,7619
7629,AC020741.1,7620
7630,ADGRL3-AS1,7621
7631,AC097491.1,7622
7632,AC093730.1,7623
7633,TECRL,7624
7634,LINC02232,7625
7635,EPHA5,7626
7636,EPHA5-AS1,7627
7637,AC104137.1,7628
7638,AC097110.1,7629
7639,AC116049.2,7630
7640,AC096721.1,7631
7641,AC104806.2,7632
7642,CENPC,7633
7643,STAP1,7634
7644,UBA6,7635
7645,UBA6-AS1,7636
7646,GNRHR,7637
7647,TMPRSS11D,7638
7648,TMPRSS11A,7639
7649,TMPRSS11F,7640
7650,TMPRSS11B,7641
7651,YTHDC1,7642
7652,TMPRSS11E,7643
7653,UGT2B17,7644
7654,UGT2B15,7645
7655,UGT2B10,7646
7656,AC021146.12,7647
7657,UGT2A3,7648
7658,UGT2B7,7649
7659,AC111000.4,7650
7660,UGT2B11,7651
7661,UGT2B28,7652
7662,UGT2B4,7653
7663,UGT2A1,7654
7664,UGT2A2,7655
7665,SULT1B1,7656
7666,AC108941.2,7657
7667,SULT1E1,7658
7668,CSN1S1,7659
7669,CSN2,7660
7670,STATH,7661
7671,HTN3,7662
7672,HTN1,7663
7673,PRR27,7664
7674,ODAM,7665
7675,FDCSP,7666
7676,CSN3,7667
7677,CABS1,7668
7678,SMR3A,7669
7679,SMR3B,7670
7680,OPRPN,7671
7681,MUC7,7672
7682,AMTN,7673
7683,AMBN,7674
7684,ENAM,7675
7685,JCHAIN,7676
7686,UTP3,7677
7687,AC009570.1,7678
7688,RUFY3,7679
7689,GRSF1,7680
7690,MOB1B,7681
7691,DCK,7682
7692,SLC4A4,7683
7693,GC,7684
7694,AC068721.1,7685
7695,NPFFR2,7686
7696,ADAMTS3,7687
7697,AC095056.1,7688
7698,COX18,7689
7699,ANKRD17,7690
7700,AC053527.1,7691
7701,ALB,7692
7702,AFP,7693
7703,AFM,7694
7704,LINC02499,7695
7705,RASSF6,7696
7706,AC112518.1,7697
7707,CXCL8,7698
7708,CXCL6,7699
7709,PF4V1,7700
7710,CXCL1,7701
7711,PF4,7702
7712,PPBP,7703
7713,CXCL5,7704
7714,CXCL3,7705
7715,CXCL2,7706
7716,MTHFD2L,7707
7717,AC093677.2,7708
7718,EPGN,7709
7719,EREG,7710
7720,AC021180.1,7711
7721,AREG,7712
7722,AC239584.1,7713
7723,BTC,7714
7724,PARM1,7715
7725,AC110760.2,7716
7726,AC110760.1,7717
7727,LINC02562,7718
7728,AC025244.1,7719
7729,AC025244.2,7720
7730,LINC02483,7721
7731,AC096759.1,7722
7732,AC096759.2,7723
7733,RCHY1,7724
7734,THAP6,7725
7735,ODAPH,7726
7736,CDKL2,7727
7737,G3BP2,7728
7738,USO1,7729
7739,AC110615.1,7730
7740,PPEF2,7731
7741,NAAA,7732
7742,SDAD1,7733
7743,AC112719.2,7734
7744,CXCL9,7735
7745,ART3,7736
7746,CXCL10,7737
7747,CXCL11,7738
7748,NUP54,7739
7749,SCARB2,7740
7750,FAM47E,7741
7751,FAM47E-STBD1,7742
7752,STBD1,7743
7753,CCDC158,7744
7754,SHROOM3,7745
7755,AC107072.2,7746
7756,AC107072.1,7747
7757,SOWAHB,7748
7758,SEPT11,7749
7759,CCNI,7750
7760,CCNG2,7751
7761,AC092674.1,7752
7762,CXCL13,7753
7763,CNOT6L,7754
7764,MRPL1,7755
7765,FRAS1,7756
7766,ANXA3,7757
7767,LINC01094,7758
7768,AC098818.2,7759
7769,BMP2K,7760
7770,PAQR3,7761
7771,LINC01088,7762
7772,NAA11,7763
7773,GK2,7764
7774,LINC00989,7765
7775,AC092542.1,7766
7776,LINC02469,7767
7777,PCAT4,7768
7778,ANTXR2,7769
7779,AC021127.1,7770
7780,PRDM8,7771
7781,FGF5,7772
7782,CFAP299,7773
7783,BMP3,7774
7784,PRKG2,7775
7785,AC139722.1,7776
7786,RASGEF1B,7777
7787,AC124016.2,7778
7788,HNRNPD,7779
7789,AC124016.1,7780
7790,HNRNPDL,7781
7791,ENOPH1,7782
7792,TMEM150C,7783
7793,LINC00575,7784
7794,SCD5,7785
7795,SEC31A,7786
7796,THAP9-AS1,7787
7797,THAP9,7788
7798,LIN54,7789
7799,COPS4,7790
7800,PLAC8,7791
7801,AC114781.2,7792
7802,COQ2,7793
7803,HPSE,7794
7804,HELQ,7795
7805,MRPS18C,7796
7806,ABRAXAS1,7797
7807,GPAT3,7798
7808,AC021192.1,7799
7809,AC104063.1,7800
7810,NKX6-1,7801
7811,CDS1,7802
7812,WDFY3,7803
7813,WDFY3-AS1,7804
7814,ARHGAP24,7805
7815,MAPK10,7806
7816,AC104827.1,7807
7817,PTPN13,7808
7818,SLC10A6,7809
7819,C4orf36,7810
7820,AC093827.5,7811
7821,AC093827.4,7812
7822,AFF1,7813
7823,KLHL8,7814
7824,AC108516.1,7815
7825,HSD17B13,7816
7826,HSD17B11,7817
7827,NUDT9,7818
7828,AC112250.2,7819
7829,SPARCL1,7820
7830,AC093895.1,7821
7831,DSPP,7822
7832,DMP1,7823
7833,IBSP,7824
7834,MEPE,7825
7835,SPP1,7826
7836,PKD2,7827
7837,ABCG2,7828
7838,PPM1K,7829
7839,AC107067.1,7830
7840,HERC6,7831
7841,HERC5,7832
7842,PYURF,7833
7843,PIGY,7834
7844,AC098582.1,7835
7845,AC083829.2,7836
7846,HERC3,7837
7847,NAP1L5,7838
7848,FAM13A-AS1,7839
7849,FAM13A,7840
7850,TIGD2,7841
7851,AC104785.1,7842
7852,GPRIN3,7843
7853,AC097478.1,7844
7854,SNCA,7845
7855,AC097478.2,7846
7856,AC097478.4,7847
7857,AC097478.3,7848
7858,SNCA-AS1,7849
7859,MMRN1,7850
7860,CCSER1,7851
7861,AC004054.1,7852
7862,AC074124.1,7853
7863,AC093810.1,7854
7864,LNCPRESS2,7855
7865,AC112695.1,7856
7866,GRID2,7857
7867,AC095059.1,7858
7868,AC110800.1,7859
7869,ATOH1,7860
7870,AC096746.1,7861
7871,SMARCAD1,7862
7872,HPGDS,7863
7873,PDLIM5,7864
7874,AC108067.1,7865
7875,BMPR1B-DT,7866
7876,BMPR1B,7867
7877,UNC5C,7868
7878,AC106881.1,7869
7879,PDHA2,7870
7880,LINC02267,7871
7881,AC108515.1,7872
7882,STPG2,7873
7883,STPG2-AS1,7874
7884,AC019077.1,7875
7885,RAP1GDS1,7876
7886,TSPAN5,7877
7887,AC108159.1,7878
7888,AC114811.2,7879
7889,EIF4E,7880
7890,AC019131.1,7881
7891,METAP1,7882
7892,AC019131.2,7883
7893,ADH5,7884
7894,AP002026.1,7885
7895,ADH4,7886
7896,ADH6,7887
7897,ADH1A,7888
7898,ADH1B,7889
7899,ADH1C,7890
7900,ADH7,7891
7901,C4orf17,7892
7902,TRMT10A,7893
7903,MTTP,7894
7904,AC083902.1,7895
7905,C4orf54,7896
7906,DAPP1,7897
7907,LAMTOR3,7898
7908,DNAJB14,7899
7909,H2AFZ,7900
7910,AC097460.1,7901
7911,DDIT4L,7902
7912,AP001961.1,7903
7913,EMCN,7904
7914,PPP3CA,7905
7915,AP001816.1,7906
7916,BANK1,7907
7917,AP002075.1,7908
7918,SLC39A8,7909
7919,AC098487.1,7910
7920,AF213884.3,7911
7921,NFKB1,7912
7922,MANBA,7913
7923,UBE2D3,7914
7924,AC018797.2,7915
7925,CISD2,7916
7926,SLC9B1,7917
7927,SLC9B2,7918
7928,BDH2,7919
7929,CENPE,7920
7930,LINC02428,7921
7931,AC105460.2,7922
7932,AC105460.1,7923
7933,TACR3,7924
7934,LINC02503,7925
7935,AC004052.1,7926
7936,CXXC4,7927
7937,CXXC4-AS1,7928
7938,AC004063.1,7929
7939,AC004053.1,7930
7940,AC096577.1,7931
7941,AC004069.1,7932
7942,TET2,7933
7943,TET2-AS1,7934
7944,PPA2,7935
7945,AC004066.2,7936
7946,ARHGEF38,7937
7947,INTS12,7938
7948,GSTCD,7939
7949,AC008243.1,7940
7950,NPNT,7941
7951,AC109361.2,7942
7952,AC109361.1,7943
7953,TBCK,7944
7954,AIMP1,7945
7955,GIMD1,7946
7956,LINC02173,7947
7957,DKK2,7948
7958,AC104663.1,7949
7959,PAPSS1,7950
7960,SGMS2,7951
7961,AC096564.1,7952
7962,CYP2U1,7953
7963,AC096564.2,7954
7964,HADH,7955
7965,LEF1,7956
7966,RPL34-AS1,7957
7967,RPL34,7958
7968,OSTC,7959
7969,ETNPPL,7960
7970,COL25A1,7961
7971,ZCCHC23,7962
7972,SEC24B-AS1,7963
7973,SEC24B,7964
7974,MCUB,7965
7975,CASP6,7966
7976,AC004067.1,7967
7977,PLA2G12A,7968
7978,AC126283.2,7969
7979,CFI,7970
7980,AC126283.1,7971
7981,GAR1,7972
7982,RRH,7973
7983,LRIT3,7974
7984,EGF,7975
7985,ELOVL6,7976
7986,ENPEP,7977
7987,AC098798.1,7978
7988,PANCR,7979
7989,PITX2,7980
7990,LINC01438,7981
7991,AC083795.2,7982
7992,AC139718.2,7983
7993,AC139718.1,7984
7994,AC004704.1,7985
7995,FAM241A,7986
7996,AC109347.1,7987
7997,AP1AR,7988
7998,AC109347.2,7989
7999,TIFA,7990
8000,ALPK1,7991
8001,NEUROG2,7992
8002,AC023886.1,7993
8003,ZGRF1,7994
8004,LARP7,7995
8005,AC106864.1,7996
8006,AC106864.2,7997
8007,ANK2,7998
8008,AC017007.5,7999
8009,AC093879.1,8000
8010,AC093879.2,8001
8011,CAMK2D,8002
8012,ARSJ,8003
8013,AC104779.1,8004
8014,UGT8,8005
8015,NDST4,8006
8016,MTRNR2L13,8007
8017,AC106892.1,8008
8018,TRAM1L1,8009
8019,LINC02262,8010
8020,LINC02263,8011
8021,LINC01378,8012
8022,LINC02264,8013
8023,NDST3,8014
8024,SNHG8,8015
8025,PRSS12,8016
8026,AC110079.2,8017
8027,METTL14,8018
8028,SEC24D,8019
8029,SYNPO2,8020
8030,MYOZ2,8021
8031,USP53,8022
8032,C4orf3,8023
8033,FABP2,8024
8034,AC093752.3,8025
8035,AC093752.2,8026
8036,PDE5A,8027
8037,LINC01365,8028
8038,LINC02502,8029
8039,AC097173.2,8030
8040,MAD2L1,8031
8041,AC108866.1,8032
8042,AC025741.1,8033
8043,PRDM5,8034
8044,NDNF,8035
8045,AC105254.1,8036
8046,TNIP3,8037
8047,QRFPR,8038
8048,ANXA5,8039
8049,AC079341.3,8040
8050,TMEM155,8041
8051,AC079341.1,8042
8052,EXOSC9,8043
8053,CCNA2,8044
8054,BBS7,8045
8055,AC079341.2,8046
8056,TRPC3,8047
8057,KIAA1109,8048
8058,ADAD1,8049
8059,IL2,8050
8060,IL21,8051
8061,IL21-AS1,8052
8062,BBS12,8053
8063,FGF2,8054
8064,AC021205.3,8055
8065,NUDT6,8056
8066,SPATA5,8057
8067,SPRY1,8058
8068,AC093821.1,8059
8069,LINC02435,8060
8070,LINC01091,8061
8071,AC096732.1,8062
8072,AC121154.1,8063
8073,LINC02516,8064
8074,ANKRD50,8065
8075,FAT4,8066
8076,AC105919.1,8067
8077,LINC02379,8068
8078,AC096773.1,8069
8079,AC093772.1,8070
8080,INTU,8071
8081,SLC25A31,8072
8082,HSPA4L,8073
8083,AC093591.2,8074
8084,PLK4,8075
8085,MFSD8,8076
8086,ABHD18,8077
8087,LARP1B,8078
8088,PGRMC2,8079
8089,AC108062.1,8080
8090,AC110609.1,8081
8091,AC078850.1,8082
8092,AC078850.2,8083
8093,JADRR,8084
8094,JADE1,8085
8095,SCLT1,8086
8096,C4orf33,8087
8097,AC082650.1,8088
8098,LINC02466,8089
8099,LINC02465,8090
8100,LINC02479,8091
8101,AC093831.1,8092
8102,LINC02377,8093
8103,SNHG27,8094
8104,AC096711.2,8095
8105,AC096711.3,8096
8106,AC096711.1,8097
8107,AC114741.1,8098
8108,LINC01256,8099
8109,AC115622.1,8100
8110,AC110751.1,8101
8111,AC105383.1,8102
8112,PCDH10,8103
8113,AC079380.1,8104
8114,PABPC4L,8105
8115,AC109830.1,8106
8116,LINC02462,8107
8117,AC093722.1,8108
8118,AC104619.2,8109
8119,AC107463.1,8110
8120,LINC02485,8111
8121,AC105362.1,8112
8122,LINC00613,8113
8123,AC073429.2,8114
8124,AC018680.1,8115
8125,AC073429.1,8116
8126,LINC02511,8117
8127,LINC02510,8118
8128,PCDH18,8119
8129,LINC02172,8120
8130,AC116563.1,8121
8131,AC131956.2,8122
8132,AC131956.1,8123
8133,LINC00616,8124
8134,SLC7A11,8125
8135,AC093903.1,8126
8136,LINC00498,8127
8137,LINC00499,8128
8138,LINC00500,8129
8139,AC098859.2,8130
8140,AC093766.1,8131
8141,AC109927.1,8132
8142,AC109927.2,8133
8143,NOCT,8134
8144,ELF2,8135
8145,MGARP,8136
8146,NDUFC1,8137
8147,NAA15,8138
8148,AC097376.2,8139
8149,RAB33B,8140
8150,SETD7,8141
8151,AC112236.2,8142
8152,AC112236.1,8143
8153,MGST2,8144
8154,MAML3,8145
8155,AC131182.1,8146
8156,SCOC,8147
8157,SCOC-AS1,8148
8158,CLGN,8149
8159,MGAT4D,8150
8160,ELMOD2,8151
8161,UCP1,8152
8162,TBC1D9,8153
8163,AC096733.1,8154
8164,AC096733.2,8155
8165,RNF150,8156
8166,ZNF330,8157
8167,AC107220.1,8158
8168,LINC02432,8159
8169,AC097504.2,8160
8170,LINC02276,8161
8171,IL15,8162
8172,INPP4B,8163
8173,AC139720.2,8164
8174,AC139720.1,8165
8175,AC104596.1,8166
8176,USP38,8167
8177,AC097658.2,8168
8178,GAB1,8169
8179,SMARCA5,8170
8180,SMARCA5-AS1,8171
8181,FREM3,8172
8182,GYPE,8173
8183,GYPB,8174
8184,GYPA,8175
8185,AC106871.1,8176
8186,HHIP-AS1,8177
8187,HHIP,8178
8188,ANAPC10,8179
8189,AC109811.1,8180
8190,ABCE1,8181
8191,OTUD4,8182
8192,LINC02266,8183
8193,SMAD1,8184
8194,SMAD1-AS2,8185
8195,SMAD1-AS1,8186
8196,LINC02491,8187
8197,MMAA,8188
8198,AC093864.1,8189
8199,C4orf51,8190
8200,ZNF827,8191
8201,AC104791.1,8192
8202,AC108206.1,8193
8203,AC097372.2,8194
8204,LINC01095,8195
8205,LSM6,8196
8206,REELD1,8197
8207,AC097372.1,8198
8208,SLC10A7,8199
8209,POU4F2,8200
8210,TTC29,8201
8211,AC092435.2,8202
8212,AC092435.1,8203
8213,AC092435.3,8204
8214,EDNRA,8205
8215,LINC02507,8206
8216,AC093835.1,8207
8217,TMEM184C,8208
8218,PRMT9,8209
8219,ARHGAP10,8210
8220,NR3C2,8211
8221,AC069272.1,8212
8222,AC108935.1,8213
8223,AC108156.1,8214
8224,LINC02430,8215
8225,LINC02355,8216
8226,IQCM,8217
8227,AC093893.1,8218
8228,AC105343.1,8219
8229,DCLK2,8220
8230,LRBA,8221
8231,AC110813.1,8222
8232,MAB21L2,8223
8233,RPS3A,8224
8234,SH3D19,8225
8235,AC095055.1,8226
8236,PRSS48,8227
8237,AC104819.3,8228
8238,FAM160A1-DT,8229
8239,FAM160A1,8230
8240,AC092611.2,8231
8241,GATB,8232
8242,AC092611.1,8233
8243,AC107074.1,8234
8244,AC112242.1,8235
8245,AC097375.2,8236
8246,AC097375.1,8237
8247,LINC02273,8238
8248,AC079340.1,8239
8249,AC079340.2,8240
8250,AC080078.1,8241
8251,AC080078.2,8242
8252,FBXW7,8243
8253,FBXW7-AS1,8244
8254,TMEM154,8245
8255,AC106882.1,8246
8256,TIGD4,8247
8257,ARFIP1,8248
8258,FHDC1,8249
8259,AC093599.1,8250
8260,TRIM2,8251
8261,MND1,8252
8262,TMEM131L,8253
8263,TLR2,8254
8264,RNF175,8255
8265,AC020703.1,8256
8266,SFRP2,8257
8267,AC079298.3,8258
8268,DCHS2,8259
8269,AC079298.1,8260
8270,AC079298.2,8261
8271,PLRG1,8262
8272,FGB,8263
8273,FGA,8264
8274,FGG,8265
8275,LRAT,8266
8276,AC009567.1,8267
8277,RBM46,8268
8278,AC097467.3,8269
8279,AC104407.1,8270
8280,NPY2R,8271
8281,AC097467.1,8272
8282,MAP9,8273
8283,AC107208.1,8274
8284,GUCY1A1,8275
8285,GUCY1B1,8276
8286,ASIC5,8277
8287,TDO2,8278
8288,CTSO,8279
8289,AC096736.3,8280
8290,LINC02272,8281
8291,AC096736.2,8282
8292,AC096736.1,8283
8293,PDGFC,8284
8294,AC092608.1,8285
8295,GLRB,8286
8296,GRIA2,8287
8297,LINC02433,8288
8298,AC093817.1,8289
8299,FAM198B,8290
8300,FAM198B-AS1,8291
8301,AC098679.1,8292
8302,TMEM144,8293
8303,RXFP1,8294
8304,AC121161.2,8295
8305,C4orf46,8296
8306,ETFDH,8297
8307,PPID,8298
8308,FNIP2,8299
8309,C4orf45,8300
8310,RAPGEF2,8301
8311,AC074344.2,8302
8312,LINC02233,8303
8313,LINC02477,8304
8314,AC104793.1,8305
8315,FSTL5,8306
8316,AC023136.1,8307
8317,AC005150.1,8308
8318,AC022272.1,8309
8319,NAF1,8310
8320,NPY1R,8311
8321,NPY5R,8312
8322,TKTL2,8313
8323,TMA16,8314
8324,MARCH1,8315
8325,AC093788.1,8316
8326,SMIM31,8317
8327,APELA,8318
8328,TRIM61,8319
8329,FAM218A,8320
8330,AC106872.10,8321
8331,TRIM60,8322
8332,TRIM75P,8323
8333,TMEM192,8324
8334,KLHL2,8325
8335,GK3P,8326
8336,MSMO1,8327
8337,CPE,8328
8338,LINC01179,8329
8339,TLL1,8330
8340,AC097487.1,8331
8341,SPOCK3,8332
8342,AC079349.1,8333
8343,AC116634.1,8334
8344,ANXA10,8335
8345,DDX60,8336
8346,DDX60L,8337
8347,PALLD,8338
8348,AC079858.1,8339
8349,AC080188.1,8340
8350,CBR4,8341
8351,AC021151.1,8342
8352,SH3RF1,8343
8353,AC096741.1,8344
8354,NEK1,8345
8355,CLCN3,8346
8356,HPF1,8347
8357,LINC02275,8348
8358,AC084866.2,8349
8359,AC084866.1,8350
8360,MFAP3L,8351
8361,AADAT,8352
8362,LINC01612,8353
8363,LINC02512,8354
8364,LINC02382,8355
8365,LINC02431,8356
8366,LINC02504,8357
8367,AC074254.1,8358
8368,LINC02174,8359
8369,GALNTL6,8360
8370,AC105285.1,8361
8371,GALNT7,8362
8372,AC097534.1,8363
8373,HMGB2,8364
8374,AC097534.2,8365
8375,SAP30,8366
8376,SCRG1,8367
8377,AC093849.1,8368
8378,HAND2,8369
8379,HAND2-AS1,8370
8380,AC106895.1,8371
8381,LINC02269,8372
8382,AC106895.2,8373
8383,LINC02268,8374
8384,AC012055.1,8375
8385,AC012055.2,8376
8386,FBXO8,8377
8387,CEP44,8378
8388,AC116616.1,8379
8389,HPGD,8380
8390,AC096751.2,8381
8391,GLRA3,8382
8392,ADAM29,8383
8393,AC105914.2,8384
8394,AC095050.1,8385
8395,AC131094.1,8386
8396,GPM6A,8387
8397,AC097537.1,8388
8398,WDR17,8389
8399,SPATA4,8390
8400,ASB5,8391
8401,AC019163.1,8392
8402,SPCS3,8393
8403,AC093801.1,8394
8404,VEGFC,8395
8405,AC092673.1,8396
8406,LINC02509,8397
8407,AC097518.1,8398
8408,NEIL3,8399
8409,AC027627.1,8400
8410,AGA,8401
8411,AC078881.1,8402
8412,AC103879.1,8403
8413,LINC01098,8404
8414,LINC01099,8405
8415,AC020551.1,8406
8416,AC104803.1,8407
8417,LINC00290,8408
8418,LINC02500,8409
8419,TEMN3-AS1,8410
8420,AC098864.1,8411
8421,TENM3,8412
8422,AC079226.2,8413
8423,AC079226.1,8414
8424,AC079766.1,8415
8425,DCTD,8416
8426,AC019193.3,8417
8427,AC019193.2,8418
8428,WWC2-AS2,8419
8429,WWC2,8420
8430,WWC2-AS1,8421
8431,CLDN22,8422
8432,CLDN24,8423
8433,CDKN2AIP,8424
8434,AC107214.1,8425
8435,ING2,8426
8436,AC107214.2,8427
8437,RWDD4,8428
8438,TRAPPC11,8429
8439,AC108477.1,8430
8440,STOX2,8431
8441,ENPP6,8432
8442,LINC02363,8433
8443,LINC02362,8434
8444,IRF2,8435
8445,LINC02427,8436
8446,LINC02365,8437
8447,CASP3,8438
8448,PRIMPOL,8439
8449,CENPU,8440
8450,ACSL1,8441
8451,AC084871.2,8442
8452,MIR3945HG,8443
8453,LINC01093,8444
8454,LINC02437,8445
8455,HELT,8446
8456,LINC02436,8447
8457,SLC25A4,8448
8458,CFAP97,8449
8459,SNX25,8450
8460,LRP2BP,8451
8461,AC112722.1,8452
8462,ANKRD37,8453
8463,UFSP2,8454
8464,C4orf47,8455
8465,CCDC110,8456
8466,AC106897.1,8457
8467,PDLIM3,8458
8468,SORBS2,8459
8469,AC093797.1,8460
8470,AC108472.1,8461
8471,AC096659.1,8462
8472,TLR3,8463
8473,FAM149A,8464
8474,CYP4V2,8465
8475,KLKB1,8466
8476,F11,8467
8477,F11-AS1,8468
8478,AC018709.1,8469
8479,MTNR1A,8470
8480,FAT1,8471
8481,AC108865.1,8472
8482,AC108865.2,8473
8483,AC110772.1,8474
8484,AC108474.1,8475
8485,LINC02374,8476
8486,AC097652.1,8477
8487,LINC02514,8478
8488,LINC02515,8479
8489,AC093763.1,8480
8490,LINC02492,8481
8491,AC097521.1,8482
8492,ZFP42,8483
8493,TRIML2,8484
8494,TRIML1,8485
8495,AC138781.1,8486
8496,LINC02434,8487
8497,LINC01060,8488
8498,AC093909.2,8489
8499,LINC02508,8490
8500,AC093909.4,8491
8501,AC122138.1,8492
8502,AC107391.1,8493
8503,AC105924.1,8494
8504,LINC01262,8495
8505,AF250324.1,8496
8506,FRG1-DT,8497
8507,LINC01596,8498
8508,FRG1,8499
8509,FRG2,8500
8510,DBET,8501
8511,DUX4,8502
8512,PLEKHG4B,8503
8513,LRRC14B,8504
8514,CCDC127,8505
8515,SDHA,8506
8516,AC021087.1,8507
8517,PDCD6,8508
8518,AHRR,8509
8519,EXOC3-AS1,8510
8520,EXOC3,8511
8521,SLC9A3,8512
8522,AC106772.2,8513
8523,AC106772.1,8514
8524,CEP72,8515
8525,TPPP,8516
8526,AC026740.1,8517
8527,ZDHHC11B,8518
8528,ZDHHC11,8519
8529,BRD9,8520
8530,TRIP13,8521
8531,AC122719.1,8522
8532,AC122719.2,8523
8533,AC116351.1,8524
8534,AC116351.2,8525
8535,NKD2,8526
8536,SLC12A7,8527
8537,AC114291.1,8528
8538,SLC6A19,8529
8539,SLC6A18,8530
8540,TERT,8531
8541,CLPTM1L,8532
8542,LINC01511,8533
8543,SLC6A3,8534
8544,LPCAT1,8535
8545,AC091849.2,8536
8546,AC026412.3,8537
8547,AC112176.1,8538
8548,MRPL36,8539
8549,NDUFS6,8540
8550,AC025183.3,8541
8551,LINC02116,8542
8552,IRX4,8543
8553,AC025183.1,8544
8554,AC025183.2,8545
8555,AC126768.2,8546
8556,AC126768.1,8547
8557,AC126768.3,8548
8558,AC091891.2,8549
8559,AC091891.1,8550
8560,IRX2,8551
8561,C5orf38,8552
8562,AC094105.1,8553
8563,AC112192.1,8554
8564,AC091832.1,8555
8565,LINC01019,8556
8566,LINC02162,8557
8567,LINC01017,8558
8568,IRX1,8559
8569,AC016595.1,8560
8570,AC025773.1,8561
8571,AC025187.1,8562
8572,LINC02063,8563
8573,AC106799.3,8564
8574,AC106799.2,8565
8575,AC106799.1,8566
8576,AC010634.1,8567
8577,LINC02114,8568
8578,AC026719.1,8569
8579,AC026719.2,8570
8580,AC026415.1,8571
8581,AC010451.3,8572
8582,AC010451.1,8573
8583,LINC01020,8574
8584,AC010451.2,8575
8585,LINC02121,8576
8586,AC022424.1,8577
8587,ADAMTS16,8578
8588,AC022424.2,8579
8589,ICE1,8580
8590,AC010266.2,8581
8591,AC010266.1,8582
8592,LINC02145,8583
8593,MED10,8584
8594,UBE2QL1,8585
8595,LINC01018,8586
8596,NSUN2,8587
8597,SRD5A1,8588
8598,LINC02102,8589
8599,TENT4A,8590
8600,AC122710.2,8591
8601,AC122710.3,8592
8602,LINC02236,8593
8603,AC122710.1,8594
8604,LINC02196,8595
8605,AC091951.4,8596
8606,AC027343.3,8597
8607,LINC02123,8598
8608,AC027343.1,8599
8609,AC027343.2,8600
8610,LINC02142,8601
8611,ADCY2,8602
8612,AC093305.1,8603
8613,C5orf49,8604
8614,MTRR,8605
8615,FASTKD3,8606
8616,AC025174.1,8607
8617,LINC02226,8608
8618,AC091965.1,8609
8619,AC091965.4,8610
8620,MIR4458HG,8611
8621,AC027328.1,8612
8622,AC091932.1,8613
8623,LINC02199,8614
8624,AC021088.1,8615
8625,SEMA5A,8616
8626,AC091906.1,8617
8627,SEMA5A-AS1,8618
8628,SNHG18,8619
8629,TAS2R1,8620
8630,LINC02112,8621
8631,LINC02221,8622
8632,AC034229.1,8623
8633,AC034229.2,8624
8634,AC034229.3,8625
8635,AC034229.4,8626
8636,FAM173B,8627
8637,AC012640.1,8628
8638,CCT5,8629
8639,AC012640.4,8630
8640,AC012640.3,8631
8641,CMBL,8632
8642,AC012640.2,8633
8643,MARCH6,8634
8644,ROPN1L-AS1,8635
8645,ROPN1L,8636
8646,LINC01513,8637
8647,AC092336.1,8638
8648,LINC02212,8639
8649,LINC02213,8640
8650,ANKRD33B,8641
8651,ANKRD33B-AS1,8642
8652,DAP,8643
8653,AC012629.2,8644
8654,AC012629.1,8645
8655,CTNND2,8646
8656,AC106771.1,8647
8657,LINC01194,8648
8658,LINC02220,8649
8659,AC016553.1,8650
8660,DNAH5,8651
8661,AC016576.1,8652
8662,TRIO,8653
8663,OTULINL,8654
8664,AC010491.1,8655
8665,OTULIN,8656
8666,ANKH,8657
8667,AC016575.1,8658
8668,AC016651.1,8659
8669,LINC02149,8660
8670,FBXL7,8661
8671,AC010638.1,8662
8672,MARCH11,8663
8673,AC016650.1,8664
8674,AC092335.1,8665
8675,LINC02150,8666
8676,AC020980.1,8667
8677,ZNF622,8668
8678,RETREG1,8669
8679,AC022113.1,8670
8680,AC022113.2,8671
8681,MYO10,8672
8682,BASP1,8673
8683,AC026790.1,8674
8684,BASP1-AS1,8675
8685,AC026785.2,8676
8686,AC026785.3,8677
8687,LINC02111,8678
8688,LINC02217,8679
8689,LINC02218,8680
8690,AC106774.10,8681
8691,AC106774.8,8682
8692,AC106774.9,8683
8693,AC106774.7,8684
8694,AC106774.6,8685
8695,AC106774.5,8686
8696,AC233724.20,8687
8697,AC233724.17,8688
8698,AC233724.18,8689
8699,AC233724.19,8690
8700,AC233724.15,8691
8701,AC233724.6,8692
8702,AC233724.16,8693
8703,AC233724.12,8694
8704,H3.Y,8695
8705,LINC02223,8696
8706,LINC02100,8697
8707,AC106744.1,8698
8708,AC106744.2,8699
8709,CDH18,8700
8710,CDH18-AS1,8701
8711,LINC02241,8702
8712,LINC02146,8703
8713,AC093274.1,8704
8714,AC091946.2,8705
8715,AC091946.1,8706
8716,CDH12,8707
8717,AC010445.1,8708
8718,PRDM9,8709
8719,C5orf17,8710
8720,AC010387.1,8711
8721,CDH10,8712
8722,AC091885.2,8713
8723,LINC02239,8714
8724,AC106821.1,8715
8725,LINC02228,8716
8726,LINC02211,8717
8727,AC099499.2,8718
8728,AC099499.1,8719
8729,AC106754.1,8720
8730,AC022140.1,8721
8731,AC025475.1,8722
8732,AC113347.4,8723
8733,CDH9,8724
8734,AC113355.1,8725
8735,PURPL,8726
8736,LINC02103,8727
8737,AC008825.1,8728
8738,LINC02109,8729
8739,LINC02064,8730
8740,AC113386.1,8731
8741,CDH6,8732
8742,DROSHA,8733
8743,C5orf22,8734
8744,PDZD2,8735
8745,AC022447.3,8736
8746,AC022447.1,8737
8747,AC022447.7,8738
8748,AC025178.1,8739
8749,GOLPH3,8740
8750,AC025181.2,8741
8751,MTMR12,8742
8752,ZFR,8743
8753,SUB1,8744
8754,LINC02061,8745
8755,NPR3,8746
8756,AC010343.3,8747
8757,LINC02120,8748
8758,AC034223.1,8749
8759,AC034223.2,8750
8760,LINC02160,8751
8761,AC034231.1,8752
8762,TARS,8753
8763,AC034232.2,8754
8764,ADAMTS12,8755
8765,RXFP3,8756
8766,SLC45A2,8757
8767,AMACR,8758
8768,C1QTNF3-AMACR,8759
8769,C1QTNF3,8760
8770,AC139792.1,8761
8771,AC025754.2,8762
8772,RAI14,8763
8773,AC025754.1,8764
8774,AC026801.2,8765
8775,TTC23L,8766
8776,RAD1,8767
8777,BRIX1,8768
8778,DNAJC21,8769
8779,AGXT2,8770
8780,PRLR,8771
8781,SPEF2,8772
8782,AC137810.1,8773
8783,IL7R,8774
8784,CAPSL,8775
8785,AC112204.2,8776
8786,UGT3A1,8777
8787,UGT3A2,8778
8788,LMBRD2,8779
8789,SKP2,8780
8790,NADK2,8781
8791,NADK2-AS1,8782
8792,RANBP3L,8783
8793,SLC1A3,8784
8794,AC008957.2,8785
8795,AC008957.1,8786
8796,AC026741.1,8787
8797,NIPBL,8788
8798,CPLANE1,8789
8799,NUP155,8790
8800,WDR70,8791
8801,GDNF-AS1,8792
8802,GDNF,8793
8803,LINC02117,8794
8804,AC008869.1,8795
8805,LINC02110,8796
8806,AC034226.1,8797
8807,LINC02107,8798
8808,LINC02119,8799
8809,EGFLAM,8800
8810,EGFLAM-AS4,8801
8811,EGFLAM-AS3,8802
8812,EGFLAM-AS2,8803
8813,EGFLAM-AS1,8804
8814,AC010457.1,8805
8815,LIFR,8806
8816,LIFR-AS1,8807
8817,AC010425.1,8808
8818,OSMR-AS1,8809
8819,AC091435.2,8810
8820,OSMR,8811
8821,RICTOR,8812
8822,FYB1,8813
8823,C9,8814
8824,DAB2,8815
8825,LINC02104,8816
8826,LINC00603,8817
8827,LINC00604,8818
8828,AC093277.1,8819
8829,TTC33,8820
8830,PTGER4,8821
8831,PRKAA1,8822
8832,RPL37,8823
8833,CARD6,8824
8834,C7,8825
8835,MROH2B,8826
8836,C6,8827
8837,PLCXD3,8828
8838,OXCT1,8829
8839,C5orf51,8830
8840,FBXO4,8831
8841,AC108099.1,8832
8842,GHR,8833
8843,CCDC152,8834
8844,SELENOP,8835
8845,AC008945.1,8836
8846,AC008875.1,8837
8847,AC025171.3,8838
8848,AC025171.5,8839
8849,ANXA2R,8840
8850,AC025171.2,8841
8851,AC025171.4,8842
8852,ZNF131,8843
8853,NIM1K,8844
8854,AC114947.2,8845
8855,HMGCS1,8846
8856,CCL28,8847
8857,TMEM267,8848
8858,C5orf34,8849
8859,AC114956.2,8850
8860,AC114956.1,8851
8861,PAIP1,8852
8862,NNT-AS1,8853
8863,NNT,8854
8864,AC104119.1,8855
8865,FGF10,8856
8866,FGF10-AS1,8857
8867,LINC02224,8858
8868,AC093292.1,8859
8869,MRPS30-DT,8860
8870,AC093297.1,8861
8871,MRPS30,8862
8872,AC093297.2,8863
8873,AC114954.1,8864
8874,HCN1,8865
8875,AC122694.1,8866
8876,EMB,8867
8877,AC112187.3,8868
8878,PARP8,8869
8879,AC022441.1,8870
8880,AC022441.2,8871
8881,AC008808.2,8872
8882,LINC02106,8873
8883,AC008808.1,8874
8884,AC010478.1,8875
8885,ISL1,8876
8886,AC091860.2,8877
8887,LINC02118,8878
8888,AC022126.1,8879
8889,ITGA1,8880
8890,PELO,8881
8891,AC025180.1,8882
8892,ITGA2,8883
8893,AC008966.2,8884
8894,MOCS2,8885
8895,AC008966.1,8886
8896,FST,8887
8897,NDUFS4,8888
8898,LINC02105,8889
8899,AC025175.1,8890
8900,ARL15,8891
8901,LINC01033,8892
8902,HSPB3,8893
8903,SNX18,8894
8904,AC112198.3,8895
8905,ESM1,8896
8906,GZMK,8897
8907,AC034238.3,8898
8908,AC034238.2,8899
8909,GZMA,8900
8910,CDC20B,8901
8911,GPX8,8902
8912,MCIDAS,8903
8913,CCNO,8904
8914,AC026704.1,8905
8915,DHX29,8906
8916,MTREX,8907
8917,PLPP1,8908
8918,SLC38A9,8909
8919,DDX4,8910
8920,IL31RA,8911
8921,IL6ST,8912
8922,AC008914.1,8913
8923,AC008892.1,8914
8924,AC016596.1,8915
8925,ANKRD55,8916
8926,AC034245.1,8917
8927,LINC01948,8918
8928,C5orf67,8919
8929,AC008940.1,8920
8930,MAP3K1,8921
8931,AC008937.2,8922
8932,AC008937.1,8923
8933,SETD9,8924
8934,MIER3,8925
8935,AC008937.3,8926
8936,AC016644.1,8927
8937,GPBP1,8928
8938,AC025470.2,8929
8939,ACTBL2,8930
8940,AC008780.1,8931
8941,AC008780.2,8932
8942,AC106822.1,8933
8943,LINC02225,8934
8944,LINC02101,8935
8945,PLK2,8936
8946,GAPT,8937
8947,LINC02108,8938
8948,RAB3C,8939
8949,AC016642.1,8940
8950,AC008852.1,8941
8951,PDE4D,8942
8952,AC092343.1,8943
8953,AC034234.1,8944
8954,PART1,8945
8955,DEPDC1B,8946
8956,ELOVL7,8947
8957,AC104113.1,8948
8958,ERCC8,8949
8959,AC022445.1,8950
8960,NDUFAF2,8951
8961,SMIM15,8952
8962,SMIM15-AS1,8953
8963,LINC02057,8954
8964,ZSWIM6,8955
8965,AC026746.1,8956
8966,C5orf64-AS1,8957
8967,AC026434.1,8958
8968,KIF2A,8959
8969,DIMT1,8960
8970,IPO11,8961
8971,LRRC70,8962
8972,HTR1A,8963
8973,RNF180,8964
8974,RGS7BP,8965
8975,SHISAL2B,8966
8976,SREK1IP1,8967
8977,CWC27,8968
8978,AC092354.2,8969
8979,AC092354.1,8970
8980,ADAMTS6,8971
8981,AC025176.1,8972
8982,CENPK,8973
8983,PPWD1,8974
8984,TRIM23,8975
8985,TRAPPC13,8976
8986,SHLD3,8977
8987,SGTB,8978
8988,NLN,8979
8989,AC010359.1,8980
8990,ERBIN,8981
8991,SREK1,8982
8992,AC025442.1,8983
8993,LINC02065,8984
8994,AC113378.1,8985
8995,LINC02229,8986
8996,MAST4,8987
8997,MAST4-AS1,8988
8998,CD180,8989
8999,AC010420.1,8990
9000,AC112206.2,8991
9001,LINC02242,8992
9002,AC106798.1,8993
9003,AC024581.1,8994
9004,LINC02219,8995
9005,PIK3R1,8996
9006,AC024579.1,8997
9007,AC010280.2,8998
9008,AC010280.3,8999
9009,AC010280.1,9000
9010,AC093523.1,9001
9011,AC093248.1,9002
9012,LINC02198,9003
9013,AC010273.2,9004
9014,SLC30A5,9005
9015,AC010273.1,9006
9016,CCNB1,9007
9017,CENPH,9008
9018,MRPS36,9009
9019,CDK7,9010
9020,CCDC125,9011
9021,AK6,9012
9022,TAF9,9013
9023,RAD17,9014
9024,MARVELD2,9015
9025,AC145146.1,9016
9026,OCLN,9017
9027,GTF2H2C,9018
9028,SERF1B,9019
9029,SMN2,9020
9030,AC140134.2,9021
9031,AC146944.4,9022
9032,SERF1A,9023
9033,SMN1,9024
9034,AC139834.1,9025
9035,NAIP,9026
9036,GTF2H2,9027
9037,LINC02197,9028
9038,AC145141.2,9029
9039,AC145141.1,9030
9040,BDP1,9031
9041,MCCC2,9032
9042,CARTPT,9033
9043,MAP1B,9034
9044,MRPS27,9035
9045,PTCD2,9036
9046,ZNF366,9037
9047,LINC02056,9038
9048,AC063979.2,9039
9049,AC035140.1,9040
9050,TNPO1,9041
9051,AC008972.1,9042
9052,AC008972.2,9043
9053,FCHO2,9044
9054,TMEM171,9045
9055,AC116345.3,9046
9056,TMEM174,9047
9057,AC116345.1,9048
9058,LINC02230,9049
9059,FOXD1,9050
9060,FOXD1-AS1,9051
9061,LINC01385,9052
9062,LINC01386,9053
9063,AC099522.2,9054
9064,BTF3,9055
9065,ANKRA2,9056
9066,UTP15,9057
9067,ARHGEF28,9058
9068,AC091868.2,9059
9069,AC093283.1,9060
9070,LINC02122,9061
9071,LINC01335,9062
9072,AC106732.1,9063
9073,LINC01333,9064
9074,LINC01332,9065
9075,LINC01331,9066
9076,ENC1,9067
9077,HEXB,9068
9078,GFM2,9069
9079,NSA2,9070
9080,FAM169A,9071
9081,AC010501.1,9072
9082,AC116337.3,9073
9083,GCNT4,9074
9084,LINC01336,9075
9085,ANKRD31,9076
9086,AC008897.2,9077
9087,HMGCR,9078
9088,COL4A3BP,9079
9089,AC008897.3,9080
9090,POLK,9081
9091,AC010245.1,9082
9092,AC010245.2,9083
9093,ANKDD1B,9084
9094,POC5,9085
9095,AC026774.1,9086
9096,SV2C,9087
9097,AC113404.1,9088
9098,IQGAP2,9089
9099,AC026725.1,9090
9100,F2RL2,9091
9101,AC025188.1,9092
9102,F2R,9093
9103,F2RL1,9094
9104,S100Z,9095
9105,CRHBP,9096
9106,AGGF1,9097
9107,AC008581.2,9098
9108,ZBED3,9099
9109,AC008581.1,9100
9110,ZBED3-AS1,9101
9111,AC022414.1,9102
9112,PDE8B,9103
9113,WDR41,9104
9114,OTP,9105
9115,TBCA,9106
9116,AC108482.1,9107
9117,AP3B1,9108
9118,SCAMP1-AS1,9109
9119,SCAMP1,9110
9120,LHFPL2,9111
9121,ARSB,9112
9122,DMGDH,9113
9123,BHMT2,9114
9124,BHMT,9115
9125,JMY,9116
9126,HOMER1,9117
9127,TENT2,9118
9128,CMYA5,9119
9129,AC008496.2,9120
9130,LINC01455,9121
9131,MTX3,9122
9132,THBS4,9123
9133,AC012636.1,9124
9134,SERINC5,9125
9135,AC010260.1,9126
9136,SPZ1,9127
9137,ZFYVE16,9128
9138,AC008771.1,9129
9139,FAM151B,9130
9140,ANKRD34B,9131
9141,LINC01337,9132
9142,DHFR,9133
9143,AC008434.1,9134
9144,MSH3,9135
9145,RASGRF2-AS1,9136
9146,RASGRF2,9137
9147,AC026427.1,9138
9148,CKMT2-AS1,9139
9149,CKMT2,9140
9150,ZCCHC9,9141
9151,ACOT12,9142
9152,SSBP2,9143
9153,AC026726.1,9144
9154,ATG10,9145
9155,ATG10-AS1,9146
9156,RPS23,9147
9157,ATP6AP1L,9148
9158,AC026782.1,9149
9159,AC026782.2,9150
9160,AC008885.2,9151
9161,LINC01338,9152
9162,AC108174.1,9153
9163,AC027338.2,9154
9164,AC027338.1,9155
9165,AC104118.1,9156
9166,TMEM167A,9157
9167,XRCC4,9158
9168,VCAN,9159
9169,VCAN-AS1,9160
9170,HAPLN1,9161
9171,EDIL3,9162
9172,AC113383.1,9163
9173,AC114928.1,9164
9174,AC117522.2,9165
9175,AC010486.1,9166
9176,AC010486.2,9167
9177,AC010486.3,9168
9178,AC010595.1,9169
9179,AC026414.1,9170
9180,AC016550.1,9171
9181,AC016550.2,9172
9182,AC016550.3,9173
9183,COX7C,9174
9184,LINC02059,9175
9185,AC008539.1,9176
9186,AC109492.1,9177
9187,LINC01949,9178
9188,RASA1,9179
9189,CCNH,9180
9190,AC018754.1,9181
9191,LINC02488,9182
9192,LINC02144,9183
9193,TMEM161B,9184
9194,TMEM161B-AS1,9185
9195,LINC02060,9186
9196,AC091826.2,9187
9197,LINC00461,9188
9198,MEF2C-AS2,9189
9199,AC008525.1,9190
9200,AC008525.2,9191
9201,MEF2C,9192
9202,MEF2C-AS1,9193
9203,AC074131.1,9194
9204,LINC02161,9195
9205,AC008448.1,9196
9206,AC113167.1,9197
9207,AC099554.1,9198
9208,CETN3,9199
9209,MBLAC2,9200
9210,POLR3G,9201
9211,LYSMD3,9202
9212,ADGRV1,9203
9213,AC093281.1,9204
9214,AC093281.2,9205
9215,AC123595.1,9206
9216,LUCAT1,9207
9217,AC123595.2,9208
9218,AC008799.2,9209
9219,ARRDC3,9210
9220,ARRDC3-AS1,9211
9221,AC114316.2,9212
9222,AC114316.1,9213
9223,AC124854.1,9214
9224,AC026780.1,9215
9225,AC026780.2,9216
9226,AC008517.1,9217
9227,LINC02058,9218
9228,AC012625.1,9219
9229,NR2F1-AS1,9220
9230,NR2F1,9221
9231,FAM172A,9222
9232,POU5F2,9223
9233,AC108102.1,9224
9234,KIAA0825,9225
9235,SLF1,9226
9236,MCTP1,9227
9237,AC008534.1,9228
9238,AC012312.1,9229
9239,FAM81B,9230
9240,TTC37,9231
9241,ARSK,9232
9242,GPR150,9233
9243,RFESD,9234
9244,SPATA9,9235
9245,AC008840.1,9236
9246,RHOBTB3,9237
9247,GLRX,9238
9248,AC008592.4,9239
9249,AC008592.5,9240
9250,LINC01554,9241
9251,ELL2,9242
9252,AC104123.1,9243
9253,AC008592.2,9244
9254,MIR583HG,9245
9255,AC099509.1,9246
9256,AC099509.2,9247
9257,PCSK1,9248
9258,CAST,9249
9259,AC020900.1,9250
9260,ERAP1,9251
9261,AC008906.1,9252
9262,AC008906.2,9253
9263,AC009126.1,9254
9264,ERAP2,9255
9265,LNPEP,9256
9266,LIX1-AS1,9257
9267,LIX1,9258
9268,RIOK2,9259
9269,AC008883.1,9260
9270,AC008883.2,9261
9271,LINC01340,9262
9272,LINC02234,9263
9273,LINC01846,9264
9274,RGMB,9265
9275,RGMB-AS1,9266
9276,AC008522.1,9267
9277,CHD1,9268
9278,LINC02062,9269
9279,LINC02113,9270
9280,AC113385.1,9271
9281,AC021086.1,9272
9282,FAM174A,9273
9283,AC027315.1,9274
9284,ST8SIA4,9275
9285,AC008948.1,9276
9286,SLCO4C1,9277
9287,SLCO6A1,9278
9288,AC094108.1,9279
9289,LINC00492,9280
9290,AC099487.1,9281
9291,LINC00491,9282
9292,PAM,9283
9293,GIN1,9284
9294,PPIP5K2,9285
9295,AC011362.1,9286
9296,C5orf30,9287
9297,AC010406.1,9288
9298,LINC02115,9289
9299,NUDT12,9290
9300,LINC02163,9291
9301,AC099520.1,9292
9302,AC099520.2,9293
9303,AC091987.1,9294
9304,LINC01950,9295
9305,EFNA5,9296
9306,AC024587.2,9297
9307,FBXL17,9298
9308,LINC01023,9299
9309,FER,9300
9310,AC008871.1,9301
9311,AC008467.1,9302
9312,PJA2,9303
9313,AC091917.3,9304
9314,AC091917.2,9305
9315,AC091917.1,9306
9316,AC012603.1,9307
9317,MAN2A1,9308
9318,LINC01848,9309
9319,TMEM232,9310
9320,SLC25A46,9311
9321,AC010395.1,9312
9322,TSLP,9313
9323,AC008572.1,9314
9324,WDR36,9315
9325,CAMK4,9316
9326,AC010468.2,9317
9327,AC010275.1,9318
9328,STARD4,9319
9329,STARD4-AS1,9320
9330,NREP,9321
9331,NREP-AS1,9322
9332,EPB41L4A,9323
9333,EPB41L4A-AS1,9324
9334,AC010261.1,9325
9335,AC010261.2,9326
9336,AC104126.1,9327
9337,EPB41L4A-DT,9328
9338,LINC02200,9329
9339,APC,9330
9340,AC008575.1,9331
9341,SRP19,9332
9342,REEP5,9333
9343,DCP2,9334
9344,MCC,9335
9345,AC079465.1,9336
9346,TSSK1B,9337
9347,YTHDC2,9338
9348,AC106789.1,9339
9349,KCNN2,9340
9350,AC010230.1,9341
9351,LINC01957,9342
9352,AC094104.2,9343
9353,AC094104.1,9344
9354,TRIM36,9345
9355,AC008494.2,9346
9356,PGGT1B,9347
9357,AC008494.3,9348
9358,CCDC112,9349
9359,FEM1C,9350
9360,TMED7-TICAM2,9351
9361,TICAM2,9352
9362,AC010226.1,9353
9363,TMED7,9354
9364,AC008549.2,9355
9365,AC008549.1,9356
9366,CDO1,9357
9367,ATG12,9358
9368,AP3S1,9359
9369,LVRN,9360
9370,ARL14EPL,9361
9371,AC034236.3,9362
9372,AC034236.2,9363
9373,COMMD10,9364
9374,AC018752.1,9365
9375,SEMA6A,9366
9376,SEMA6A-AS1,9367
9377,SEMA6A-AS2,9368
9378,LINC02214,9369
9379,AC010267.1,9370
9380,AC093534.2,9371
9381,LINC00992,9372
9382,LINC02147,9373
9383,LINC02148,9374
9384,LINC02208,9375
9385,LINC02216,9376
9386,LINC02215,9377
9387,AC093206.1,9378
9388,DTWD2,9379
9389,AC008629.1,9380
9390,DMXL1,9381
9391,TNFAIP8,9382
9392,HSD17B4,9383
9393,FAM170A,9384
9394,AC008574.1,9385
9395,AC113418.1,9386
9396,PRR16,9387
9397,AC114284.1,9388
9398,AC008568.1,9389
9399,FTMT,9390
9400,SRFBP1,9391
9401,LOX,9392
9402,AC010255.1,9393
9403,ZNF474,9394
9404,AC010255.3,9395
9405,AC010255.2,9396
9406,AC113349.2,9397
9407,SNCAIP,9398
9408,AC113349.1,9399
9409,AC119150.1,9400
9410,AC022101.1,9401
9411,LINC02201,9402
9412,SNX2,9403
9413,SNX24,9404
9414,PPIC,9405
9415,AC106786.2,9406
9416,AC106786.1,9407
9417,PRDM6,9408
9418,CEP120,9409
9419,CSNK1G3,9410
9420,LINC01170,9411
9421,AC016556.1,9412
9422,AC025465.2,9413
9423,AC025465.4,9414
9424,AC025465.3,9415
9425,AC025465.1,9416
9426,ZNF608,9417
9427,AC112196.1,9418
9428,LINC02240,9419
9429,AC109464.1,9420
9430,AC109464.2,9421
9431,AC109471.1,9422
9432,AC010235.1,9423
9433,LINC02039,9424
9434,GRAMD2B,9425
9435,AC093535.1,9426
9436,ALDH7A1,9427
9437,PHAX,9428
9438,TEX43,9429
9439,LMNB1-DT,9430
9440,LMNB1,9431
9441,MARCH3,9432
9442,C5orf63,9433
9443,AC011416.3,9434
9444,MEGF10,9435
9445,AC010424.2,9436
9446,PRRC1,9437
9447,AC010424.3,9438
9448,CTXN3,9439
9449,AC022118.1,9440
9450,CCDC192,9441
9451,AC068658.1,9442
9452,LINC01184,9443
9453,SLC12A2,9444
9454,FBN2,9445
9455,SLC27A6,9446
9456,ISOC1,9447
9457,ADAMTS19-AS1,9448
9458,ADAMTS19,9449
9459,AC008591.1,9450
9460,KIAA1024L,9451
9461,CHSY3,9452
9462,HINT1,9453
9463,LYRM7,9454
9464,CDC42SE2,9455
9465,RAPGEF6,9456
9466,AC008695.1,9457
9467,FNIP1,9458
9468,MEIKIN,9459
9469,AC026398.1,9460
9470,AC034228.3,9461
9471,ACSL6,9462
9472,AC034228.1,9463
9473,AC034228.2,9464
9474,IL3,9465
9475,CSF2,9466
9476,AC063976.1,9467
9477,P4HA2-AS1,9468
9478,P4HA2,9469
9479,PDLIM4,9470
9480,SLC22A4,9471
9481,SLC22A5,9472
9482,AC116366.3,9473
9483,AC116366.2,9474
9484,AC116366.1,9475
9485,IRF1,9476
9486,IL5,9477
9487,RAD50,9478
9488,TH2LCRR,9479
9489,IL13,9480
9490,IL4,9481
9491,AC004039.1,9482
9492,KIF3A,9483
9493,CCNI2,9484
9494,SEPT8,9485
9495,SOWAHA,9486
9496,AC004775.1,9487
9497,SHROOM1,9488
9498,GDF9,9489
9499,UQCRQ,9490
9500,LEAP2,9491
9501,AFF4,9492
9502,AC010240.3,9493
9503,ZCCHC10,9494
9504,HSPA4,9495
9505,AC113410.2,9496
9506,AC010307.2,9497
9507,FSTL4,9498
9508,AC010307.3,9499
9509,AC010307.4,9500
9510,AC010608.1,9501
9511,WSPAR,9502
9512,C5orf15,9503
9513,VDAC1,9504
9514,AC008608.2,9505
9515,TCF7,9506
9516,SKP1,9507
9517,AC104109.3,9508
9518,PPP2CA,9509
9519,AC104109.2,9510
9520,CDKL3,9511
9521,UBE2B,9512
9522,AC109454.2,9513
9523,CDKN2AIPNL,9514
9524,AC109454.3,9515
9525,AC005355.1,9516
9526,LINC01843,9517
9527,JADE2,9518
9528,SAR1B,9519
9529,SEC24A,9520
9530,CAMLG,9521
9531,DDX46,9522
9532,C5orf24,9523
9533,TXNDC15,9524
9534,PCBD2,9525
9535,CATSPER3,9526
9536,PITX1,9527
9537,C5orf66,9528
9538,AC008406.3,9529
9539,C5orf66-AS1,9530
9540,AC008406.2,9531
9541,AC008406.1,9532
9542,C5orf66-AS2,9533
9543,H2AFY,9534
9544,AC026691.1,9535
9545,DCANP1,9536
9546,TIFAB,9537
9547,AC022092.1,9538
9548,NEUROG1,9539
9549,AC034206.1,9540
9550,CXCL14,9541
9551,SLC25A48,9542
9552,LINC01959,9543
9553,IL9,9544
9554,AC002428.2,9545
9555,AC002428.1,9546
9556,LECT2,9547
9557,TGFBI,9548
9558,SMAD5-AS1,9549
9559,SMAD5,9550
9560,SMIM32,9551
9561,TRPC7,9552
9562,TRPC7-AS1,9553
9563,TRPC7-AS2,9554
9564,AC063980.1,9555
9565,AC112178.1,9556
9566,AC109439.2,9557
9567,SPOCK1,9558
9568,KLHL3,9559
9569,HNRNPA0,9560
9570,AC106791.2,9561
9571,AC106791.1,9562
9572,MYOT,9563
9573,PKD2L2,9564
9574,FAM13B,9565
9575,AC113382.1,9566
9576,AC113382.2,9567
9577,WNT8A,9568
9578,NME5,9569
9579,BRD8,9570
9580,KIF20A,9571
9581,CDC23,9572
9582,GFRA3,9573
9583,CDC25C,9574
9584,FAM53C,9575
9585,AC104116.1,9576
9586,KDM3B,9577
9587,REEP2,9578
9588,EGR1,9579
9589,ETF1,9580
9590,HSPA9,9581
9591,CTNNA1,9582
9592,AC034243.1,9583
9593,LRRTM2,9584
9594,SIL1,9585
9595,AC011405.1,9586
9596,MATR3,9587
9597,SNHG4,9588
9598,MATR3,9587
9599,PAIP2,9589
9600,AC135457.1,9590
9601,SLC23A1,9591
9602,MZB1,9592
9603,PROB1,9593
9604,SPATA24,9594
9605,DNAJC18,9595
9606,AC142391.1,9596
9607,ECSCR,9597
9608,SMIM33,9598
9609,TMEM173,9599
9610,UBE2D2,9600
9611,AC113361.1,9601
9612,CXXC5,9602
9613,CXXC5-AS1,9603
9614,AC008667.1,9604
9615,PSD2-AS1,9605
9616,AC008667.3,9606
9617,AC008667.4,9607
9618,PSD2,9608
9619,NRG2,9609
9620,AC008667.2,9610
9621,MALINC1,9611
9622,PURA,9612
9623,IGIP,9613
9624,CYSTM1,9614
9625,PFDN1,9615
9626,HBEGF,9616
9627,AC008438.2,9617
9628,SLC4A9,9618
9629,AC008438.1,9619
9630,ANKHD1,9620
9631,ANKHD1-EIF4EBP3,9621
9632,SRA1,9622
9633,EIF4EBP3,9623
9634,APBB3,9624
9635,SLC35A4,9625
9636,CD14,9626
9637,NDUFA2,9627
9638,TMCO6,9628
9639,IK,9629
9640,WDR55,9630
9641,DND1,9631
9642,HARS,9632
9643,HARS2,9633
9644,ZMAT2,9634
9645,PCDHA1,9635
9646,AC005609.5,9636
9647,PCDHA2,9637
9648,PCDHA3,9638
9649,PCDHA4,9639
9650,PCDHA5,9640
9651,PCDHA6,9641
9652,PCDHA7,9642
9653,PCDHA8,9643
9654,PCDHA9,9644
9655,AC005609.2,9645
9656,PCDHA10,9646
9657,AC005609.4,9647
9658,PCDHA11,9648
9659,PCDHA12,9649
9660,AC005609.3,9650
9661,AC005609.1,9651
9662,PCDHA13,9652
9663,PCDHAC1,9653
9664,AC010223.1,9654
9665,PCDHAC2,9655
9666,AC244517.5,9656
9667,PCDHB1,9657
9668,AC244517.9,9658
9669,PCDHB2,9659
9670,AC244517.2,9660
9671,PCDHB3,9661
9672,AC244517.1,9662
9673,PCDHB4,9663
9674,PCDHB5,9664
9675,AC244517.11,9665
9676,PCDHB6,9666
9677,AC244517.12,9667
9678,PCDHB7,9668
9679,PCDHB8,9669
9680,PCDHB16,9670
9681,AC244517.6,9671
9682,AC244517.4,9672
9683,PCDHB9,9673
9684,AC244517.7,9674
9685,PCDHB10,9675
9686,PCDHB11,9676
9687,PCDHB12,9677
9688,PCDHB13,9678
9689,PCDHB14,9679
9690,AC244517.10,9680
9691,PCDHB15,9681
9692,TAF7,9682
9693,SLC25A2,9683
9694,AC005618.1,9684
9695,PCDHGA1,9685
9696,PCDHGA2,9686
9697,PCDHGA3,9687
9698,PCDHGB1,9688
9699,AC005618.3,9689
9700,PCDHGA4,9690
9701,PCDHGB2,9691
9702,PCDHGA5,9692
9703,PCDHGB3,9693
9704,PCDHGA6,9694
9705,PCDHGA7,9695
9706,PCDHGB4,9696
9707,PCDHGA8,9697
9708,PCDHGB5,9698
9709,PCDHGA9,9699
9710,PCDHGB6,9700
9711,PCDHGA10,9701
9712,PCDHGB7,9702
9713,PCDHGA11,9703
9714,AC005618.2,9704
9715,PCDHGA12,9705
9716,PCDHGC3,9706
9717,PCDHGC4,9707
9718,PCDHGC5,9708
9719,DIAPH1,9709
9720,AC008781.2,9710
9721,AC008781.1,9711
9722,HDAC3,9712
9723,RELL2,9713
9724,FCHSD1,9714
9725,ARAP3,9715
9726,AC005753.1,9716
9727,PCDH1,9717
9728,DELE1,9718
9729,PCDH12,9719
9730,AC005740.4,9720
9731,RNF14,9721
9732,AC005740.3,9722
9733,GNPDA1,9723
9734,NDFIP1,9724
9735,SPRY4,9725
9736,SPRY4-AS1,9726
9737,FGF1,9727
9738,AC005592.1,9728
9739,LINC01844,9729
9740,ARHGAP26,9730
9741,ARHGAP26-AS1,9731
9742,NR3C1,9732
9743,AC016598.1,9733
9744,AC016598.2,9734
9745,HMHB1,9735
9746,YIPF5,9736
9747,KCTD16,9737
9748,AC132803.1,9738
9749,AC137770.1,9739
9750,AC008700.1,9740
9751,PRELID2,9741
9752,GRXCR2,9742
9753,SH3RF2,9743
9754,PLAC8L1,9744
9755,AC091887.1,9745
9756,LARS,9746
9757,AC091959.3,9747
9758,RBM27,9748
9759,AC011396.2,9749
9760,POU4F3,9750
9761,AC011396.1,9751
9762,TCERG1,9752
9763,GPR151,9753
9764,AC008728.1,9754
9765,PPP2R2B,9755
9766,STK32A-AS1,9756
9767,STK32A,9757
9768,DPYSL3,9758
9769,AC011373.1,9759
9770,JAKMIP2-AS1,9760
9771,JAKMIP2,9761
9772,SPINK1,9762
9773,SCGB3A2,9763
9774,C5orf46,9764
9775,AC011352.1,9765
9776,AC011352.3,9766
9777,SPINK5,9767
9778,SPINK14,9768
9779,SPINK6,9769
9780,MARCOL,9770
9781,SPINK13,9771
9782,AC091948.1,9772
9783,SPINK7,9773
9784,SPINK9,9774
9785,FBXO38,9775
9786,AC114939.1,9776
9787,HTR4,9777
9788,ADRB2,9778
9789,SH3TC2,9779
9790,AC116312.1,9780
9791,SH3TC2-DT,9781
9792,ABLIM3,9782
9793,AC012613.1,9783
9794,AC012613.2,9784
9795,AFAP1L1,9785
9796,GRPEL2,9786
9797,GRPEL2-AS1,9787
9798,PCYOX1L,9788
9799,IL17B,9789
9800,AC131025.1,9790
9801,CARMN,9791
9802,AC131025.2,9792
9803,CSNK1A1,9793
9804,ARHGEF37,9794
9805,PPARGC1B,9795
9806,PDE6A,9796
9807,SLC26A2,9797
9808,TIGD6,9798
9809,HMGXB3,9799
9810,CSF1R,9800
9811,PDGFRB,9801
9812,CDX1,9802
9813,SLC6A7,9803
9814,CAMK2A,9804
9815,ARSI,9805
9816,TCOF1,9806
9817,CD74,9807
9818,RPS14,9808
9819,NDST1-AS1,9809
9820,NDST1,9810
9821,SYNPO,9811
9822,AC011383.1,9812
9823,MYOZ3,9813
9824,AC008453.1,9814
9825,RBM22,9815
9826,DCTN4,9816
9827,SMIM3,9817
9828,IRGM,9818
9829,ZNF300,9819
9830,GPX3,9820
9831,TNIP1,9821
9832,ANXA6,9822
9833,AC008641.1,9823
9834,CCDC69,9824
9835,GM2A,9825
9836,SLC36A3,9826
9837,SLC36A2,9827
9838,SLC36A1,9828
9839,FAT2,9829
9840,AC011337.1,9830
9841,AC011374.1,9831
9842,SPARC,9832
9843,CLMAT3,9833
9844,AC011374.2,9834
9845,ATOX1,9835
9846,AC091982.1,9836
9847,AC091982.3,9837
9848,G3BP1,9838
9849,GLRA1,9839
9850,LINC01933,9840
9851,NMUR2,9841
9852,LINC01470,9842
9853,GRIA1,9843
9854,LINC01861,9844
9855,AC091962.1,9845
9856,FAM114A2,9846
9857,MFAP3,9847
9858,GALNT10,9848
9859,SAP30L-AS1,9849
9860,SAP30L,9850
9861,HAND1,9851
9862,AC026688.2,9852
9863,LARP1,9853
9864,FAXDC2,9854
9865,CNOT8,9855
9866,GEMIN5,9856
9867,MRPL22,9857
9868,KIF4B,9858
9869,SGCD,9859
9870,AC025434.1,9860
9871,PPP1R2B,9861
9872,TIMD4,9862
9873,HAVCR1,9863
9874,HAVCR2,9864
9875,AC011377.1,9865
9876,MED7,9866
9877,ITK,9867
9878,FAM71B,9868
9879,AC010609.1,9869
9880,AC009185.1,9870
9881,CYFIP2,9871
9882,FNDC9,9872
9883,AC008676.1,9873
9884,ADAM19,9874
9885,NIPAL4,9875
9886,AC106801.1,9876
9887,SOX30,9877
9888,C5orf52,9878
9889,THG1L,9879
9890,LSM11,9880
9891,CLINT1,9881
9892,AC025437.5,9882
9893,AC025437.4,9883
9894,AC025437.3,9884
9895,AC025437.2,9885
9896,AC025437.1,9886
9897,LINC02227,9887
9898,AC091979.1,9888
9899,AC091979.2,9889
9900,AC091939.1,9890
9901,EBF1,9891
9902,AC136424.2,9892
9903,AC136424.1,9893
9904,LINC02202,9894
9905,RNF145,9895
9906,AC134043.1,9896
9907,LINC01932,9897
9908,UBLCP1,9898
9909,AC008691.1,9899
9910,IL12B,9900
9911,LINC01845,9901
9912,AC008703.1,9902
9913,LINC01847,9903
9914,ADRA1B,9904
9915,TTC1,9905
9916,PWWP2A,9906
9917,FABP6,9907
9918,AC008609.1,9908
9919,CCNJL,9909
9920,C1QTNF2,9910
9921,ZBED8,9911
9922,SLU7,9912
9923,PTTG1,9913
9924,MIR3142HG,9914
9925,ATP10B,9915
9926,AC008456.1,9916
9927,AC011363.1,9917
9928,LINC02159,9918
9929,GABRB2,9919
9930,GABRA6,9920
9931,AC091944.1,9921
9932,GABRA1,9922
9933,LINC01202,9923
9934,GABRG2,9924
9935,AC113414.1,9925
9936,CCNG1,9926
9937,NUDCD2,9927
9938,HMMR,9928
9939,HMMR-AS1,9929
9940,MAT2B,9930
9941,AC008662.1,9931
9942,AC008662.2,9932
9943,AC109466.1,9933
9944,LINC02143,9934
9945,LINC01938,9935
9946,AC008415.1,9936
9947,AC114321.1,9937
9948,LINC01947,9938
9949,AC091819.2,9939
9950,AC091819.1,9940
9951,TENM2,9941
9952,AC091820.2,9942
9953,AC091820.1,9943
9954,AC008601.1,9944
9955,AC008708.2,9945
9956,AC008464.1,9946
9957,AC008705.1,9947
9958,AC011369.1,9948
9959,AC008637.1,9949
9960,WWC1,9950
9961,RARS,9951
9962,FBLL1,9952
9963,PANK3,9953
9964,AC011365.2,9954
9965,SLIT3,9955
9966,AC011365.1,9956
9967,AC011389.2,9957
9968,AC011389.1,9958
9969,SPDL1,9959
9970,DOCK2,9960
9971,AC008680.1,9961
9972,FAM196B,9962
9973,FOXI1,9963
9974,LINC01187,9964
9975,C5orf58,9965
9976,LCP2,9966
9977,AC034199.1,9967
9978,LINC01366,9968
9979,KCNIP1,9969
9980,KCNMB1,9970
9981,AC027306.1,9971
9982,AC008619.1,9972
9983,AC027312.1,9973
9984,AC008514.1,9974
9985,GABRP,9975
9986,RANBP17,9976
9987,AC091980.2,9977
9988,TLX3,9978
9989,NPM1,9979
9990,FGF18,9980
9991,AC011410.1,9981
9992,SMIM23,9982
9993,FBXW11,9983
9994,STK10,9984
9995,EFCAB9,9985
9996,UBTD2,9986
9997,SH3PXD2B,9987
9998,LINC01944,9988
9999,NEURL1B,9989
10000,AC027309.1,9990
10001,AC022217.2,9991
10002,AC022217.3,9992
10003,DUSP1,9993
10004,AC110011.1,9994
10005,ERGIC1,9995
10006,AC008429.1,9996
10007,AC008429.3,9997
10008,RPL26L1,9998
10009,ATP6V0E1,9999
10010,CREBRF,10000
10011,AC008378.1,10001
10012,BNIP1,10002
10013,NKX2-5,10003
10014,STC2,10004
10015,AC016573.1,10005
10016,AC008632.1,10006
10017,AC008663.1,10007
10018,AC008663.3,10008
10019,AC008663.2,10009
10020,BOD1,10010
10021,LINC01863,10011
10022,LINC01942,10012
10023,LINC01484,10013
10024,LINC01485,10014
10025,CPEB4,10015
10026,C5orf47,10016
10027,NSG2,10017
10028,AC113423.1,10018
10029,AC113423.2,10019
10030,AC025752.1,10020
10031,LINC01411,10021
10032,AC108112.1,10022
10033,MSX2,10023
10034,AC113346.2,10024
10035,AC113346.1,10025
10036,LINC01951,10026
10037,AC008413.2,10027
10038,DRD1,10028
10039,SFXN1,10029
10040,HRH2,10030
10041,CPLX2,10031
10042,THOC3,10032
10043,AC138965.1,10033
10044,AC139491.3,10034
10045,AC139491.1,10035
10046,FAM153B,10036
10047,AC139491.7,10037
10048,AC139491.4,10038
10049,SIMC1,10039
10050,KIAA1191,10040
10051,AC138956.1,10041
10052,AC138956.2,10042
10053,ARL10,10043
10054,NOP16,10044
10055,HIGD2A,10045
10056,CLTB,10046
10057,FAF2,10047
10058,RNF44,10048
10059,CDHR2,10049
10060,GPRIN1,10050
10061,SNCB,10051
10062,EIF4E1B,10052
10063,TSPAN17,10053
10064,AC113391.1,10054
10065,AC113391.2,10055
10066,LINC01574,10056
10067,UNC5A,10057
10068,HK3,10058
10069,UIMC1,10059
10070,ZNF346,10060
10071,FGFR4,10061
10072,NSD1,10062
10073,RAB24,10063
10074,MXD3,10064
10075,PRELID1,10065
10076,LMAN2,10066
10077,RGS14,10067
10078,SLC34A1,10068
10079,PFN3,10069
10080,F12,10070
10081,GRK6,10071
10082,PRR7-AS1,10072
10083,PRR7,10073
10084,DBN1,10074
10085,PDLIM7,10075
10086,AC145098.1,10076
10087,DOK3,10077
10088,DDX41,10078
10089,FAM193B,10079
10090,AC139795.3,10080
10091,TMED9,10081
10092,B4GALT7,10082
10093,AC139795.2,10083
10094,AC138819.1,10084
10095,FAM153A,10085
10096,AC140125.2,10086
10097,AC140125.1,10087
10098,AC140125.3,10088
10099,AC106795.3,10089
10100,AC106795.2,10090
10101,AC106795.5,10091
10102,PROP1,10092
10103,FAM153C,10093
10104,N4BP3,10094
10105,RMND5B,10095
10106,NHP2,10096
10107,HNRNPAB,10097
10108,PHYKPL,10098
10109,COL23A1,10099
10110,AC136601.1,10100
10111,CLK4,10101
10112,ZNF354A,10102
10113,ZNF354B,10103
10114,ZFP2,10104
10115,AC104117.5,10105
10116,ZNF454,10106
10117,AC104117.3,10107
10118,GRM6,10108
10119,ZNF879,10109
10120,ZNF354C,10110
10121,ADAMTS2,10111
10122,AC109479.3,10112
10123,AC109479.1,10113
10124,AC136628.1,10114
10125,AC136628.4,10115
10126,RUFY1,10116
10127,AC136604.2,10117
10128,HNRNPH1,10118
10129,C5orf60,10119
10130,AC136604.3,10120
10131,CBY3,10121
10132,CANX,10122
10133,MAML1,10123
10134,LTC4S,10124
10135,MGAT4B,10125
10136,SQSTM1,10126
10137,MRNIP,10127
10138,AC008393.1,10128
10139,TBC1D9B,10129
10140,RNF130,10130
10141,AC010285.1,10131
10142,RASGEF1C,10132
10143,MAPK9,10133
10144,AC008610.1,10134
10145,GFPT2,10135
10146,AC034213.1,10136
10147,CNOT6,10137
10148,SCGB3A1,10138
10149,FLT4,10139
10150,LINC02222,10140
10151,OR2Y1,10141
10152,MGAT1,10142
10153,LINC00847,10143
10154,ZFP62,10144
10155,BTNL8,10145
10156,BTNL3,10146
10157,BTNL9,10147
10158,OR2V1,10148
10159,OR2V2,10149
10160,LINC01962,10150
10161,AC008443.5,10151
10162,TRIM7,10152
10163,AC008443.6,10153
10164,AC008443.4,10154
10165,TRIM41,10155
10166,AC008443.2,10156
10167,RACK1,10157
10168,TRIM52,10158
10169,AC008443.3,10159
10170,AC138035.1,10160
10171,AC138035.2,10161
10172,OR4F3,10162
10173,AL035696.3,10163
10174,AL035696.1,10164
10175,DUSP22,10165
10176,IRF4,10166
10177,EXOC2,10167
10178,AL031770.1,10168
10179,HUS1B,10169
10180,AL357054.4,10170
10181,AL357054.2,10171
10182,AL357054.3,10172
10183,AL392183.1,10173
10184,AL356130.1,10174
10185,AL356130.2,10175
10186,AL033381.2,10176
10187,AL033381.1,10177
10188,FOXQ1,10178
10189,LINC01394,10179
10190,AL034346.1,10180
10191,FOXF2,10181
10192,AL512329.2,10182
10193,FOXCUT,10183
10194,FOXC1,10184
10195,GMDS,10185
10196,GMDS-DT,10186
10197,AL031768.1,10187
10198,LINC01600,10188
10199,LINC02521,10189
10200,MYLK4,10190
10201,WRNIP1,10191
10202,SERPINB1,10192
10203,SERPINB9P1,10193
10204,SERPINB9,10194
10205,AL133351.2,10195
10206,SERPINB6,10196
10207,LINC01011,10197
10208,NQO2,10198
10209,AL133351.1,10199
10210,AL031963.2,10200
10211,RIPK1,10201
10212,AL031963.3,10202
10213,BPHL,10203
10214,AL031963.1,10204
10215,TUBB2A,10205
10216,LINC02525,10206
10217,TUBB2B,10207
10218,PSMG4,10208
10219,SLC22A23,10209
10220,AL445309.1,10210
10221,AL138881.1,10211
10222,PXDC1,10212
10223,AL391422.3,10213
10224,FAM50B,10214
10225,AL590004.3,10215
10226,AL590004.4,10216
10227,AL138831.2,10217
10228,AL138831.1,10218
10229,PRPF4B,10219
10230,FAM217A,10220
10231,C6orf201,10221
10232,ECI2,10222
10233,AL136309.4,10223
10234,AL136309.2,10224
10235,AL136309.3,10225
10236,AL162718.1,10226
10237,AL159166.1,10227
10238,LINC02533,10228
10239,AL034376.2,10229
10240,AL034376.1,10230
10241,CDYL,10231
10242,AL356747.1,10232
10243,AL022725.1,10233
10244,RPP40,10234
10245,AL359643.3,10235
10246,AL359643.2,10236
10247,PPP1R3G,10237
10248,LYRM4,10238
10249,FARS2,10239
10250,AL021328.1,10240
10251,AL022097.1,10241
10252,AL136307.1,10242
10253,NRN1,10243
10254,F13A1,10244
10255,LY86-AS1,10245
10256,LY86,10246
10257,AL031123.2,10247
10258,AL031123.1,10248
10259,AL136361.1,10249
10260,AL158817.1,10250
10261,AL139390.1,10251
10262,RREB1,10252
10263,SSR1,10253
10264,AL139095.4,10254
10265,CAGE1,10255
10266,RIOK1,10256
10267,AL031058.1,10257
10268,DSP,10258
10269,SNRNP48,10259
10270,BMP6,10260
10271,TXNDC5,10261
10272,BLOC1S5-TXNDC5,10262
10273,BLOC1S5,10263
10274,EEF1E1-BLOC1S5,10264
10275,EEF1E1,10265
10276,AL359378.1,10266
10277,SLC35B3,10267
10278,AL137220.1,10268
10279,TFAP2A,10269
10280,AL138885.3,10270
10281,TFAP2A-AS1,10271
10282,AL138885.2,10272
10283,LINC00518,10273
10284,MIR5689HG,10274
10285,LINC02522,10275
10286,GCNT2,10276
10287,AL139039.3,10277
10288,C6orf52,10278
10289,PAK1IP1,10279
10290,TMEM14C,10280
10291,AL024498.1,10281
10292,TMEM14B,10282
10293,AL024498.2,10283
10294,MAK,10284
10295,GCM2,10285
10296,AL357497.1,10286
10297,SYCP2L,10287
10298,ELOVL2,10288
10299,ELOVL2-AS1,10289
10300,SMIM13,10290
10301,ERVFRD-1,10291
10302,AL139807.1,10292
10303,NEDD9,10293
10304,AL445430.1,10294
10305,AL445430.2,10295
10306,TMEM170B,10296
10307,AL357518.1,10297
10308,ADTRP,10298
10309,AL022724.1,10299
10310,AL157373.1,10300
10311,AL157373.2,10301
10312,HIVEP1,10302
10313,EDN1,10303
10314,LINC02530,10304
10315,PHACTR1,10305
10316,AL008729.1,10306
10317,TBC1D7,10307
10318,AL008729.2,10308
10319,GFOD1,10309
10320,GFOD1-AS1,10310
10321,SIRT5,10311
10322,AL441883.1,10312
10323,NOL7,10313
10324,RANBP9,10314
10325,MCUR1,10315
10326,AL023583.1,10316
10327,RNF182,10317
10328,AL022396.1,10318
10329,CD83,10319
10330,AL353152.1,10320
10331,LINC01108,10321
10332,AL080313.2,10322
10333,AL080313.1,10323
10334,AL109914.1,10324
10335,AL138720.1,10325
10336,AL136162.1,10326
10337,JARID2,10327
10338,JARID2-AS1,10328
10339,DTNBP1,10329
10340,LINC02543,10330
10341,MYLIP,10331
10342,GMPR,10332
10343,AL009031.1,10333
10344,ATXN1,10334
10345,AL137003.1,10335
10346,AL137003.2,10336
10347,STMND1,10337
10348,RBM24,10338
10349,CAP2,10339
10350,FAM8A1,10340
10351,NUP153,10341
10352,AL138724.1,10342
10353,KIF13A,10343
10354,NHLRC1,10344
10355,TPMT,10345
10356,KDM1B,10346
10357,DEK,10347
10358,RNF144B,10348
10359,MIR548A1HG,10349
10360,AL357052.1,10350
10361,AL022068.1,10351
10362,ID4,10352
10363,MBOAT1,10353
10364,AL158198.1,10354
10365,E2F3,10355
10366,CDKAL1,10356
10367,AL513188.1,10357
10368,AL031767.1,10358
10369,LINC00581,10359
10370,AL512380.1,10360
10371,AL512380.2,10361
10372,SOX4,10362
10373,CASC15,10363
10374,NBAT1,10364
10375,AL359694.2,10365
10376,PRL,10366
10377,HDGFL1,10367
10378,AL033539.1,10368
10379,AL035401.1,10369
10380,AL139231.1,10370
10381,NRSN1,10371
10382,DCDC2,10372
10383,KAAG1,10373
10384,MRS2,10374
10385,GPLD1,10375
10386,ALDH5A1,10376
10387,KIAA0319,10377
10388,TDP2,10378
10389,ACOT13,10379
10390,AL031775.1,10380
10391,C6orf62,10381
10392,AL031775.2,10382
10393,AL133264.2,10383
10394,GMNN,10384
10395,ARMH2,10385
10396,AL512428.1,10386
10397,RIPOR2,10387
10398,AL133268.3,10388
10399,AL133268.2,10389
10400,CARMIL1,10390
10401,SCGN,10391
10402,HIST1H2AA,10392
10403,HIST1H2BA,10393
10404,SLC17A4,10394
10405,SLC17A1,10395
10406,SLC17A3,10396
10407,SLC17A2,10397
10408,TRIM38,10398
10409,U91328.2,10399
10410,U91328.1,10400
10411,U91328.3,10401
10412,HIST1H1A,10402
10413,HIST1H3A,10403
10414,HIST1H4A,10404
10415,HIST1H4B,10405
10416,HIST1H3B,10406
10417,HIST1H2AB,10407
10418,HIST1H2BB,10408
10419,HIST1H3C,10409
10420,HIST1H1C,10410
10421,HFE,10411
10422,HIST1H4C,10412
10423,HIST1H1T,10413
10424,HIST1H2BC,10414
10425,HIST1H2AC,10415
10426,HIST1H1E,10416
10427,HIST1H2BD,10417
10428,AL353759.1,10418
10429,HIST1H2BE,10419
10430,HIST1H4D,10420
10431,AL031777.3,10421
10432,HIST1H3D,10422
10433,HIST1H2AD,10423
10434,HIST1H2BF,10424
10435,HIST1H4E,10425
10436,HIST1H2BG,10426
10437,HIST1H2AE,10427
10438,HIST1H3E,10428
10439,HIST1H1D,10429
10440,HIST1H4F,10430
10441,HIST1H4G,10431
10442,HIST1H3F,10432
10443,HIST1H2BH,10433
10444,HIST1H3G,10434
10445,HIST1H2BI,10435
10446,HIST1H4H,10436
10447,BTN3A2,10437
10448,BTN2A2,10438
10449,BTN3A1,10439
10450,BTN3A3,10440
10451,BTN2A1,10441
10452,BTN1A1,10442
10453,HCG11,10443
10454,HMGN4,10444
10455,AL121936.1,10445
10456,ABT1,10446
10457,AL513548.3,10447
10458,ZNF322,10448
10459,AL513548.1,10449
10460,LINC00240,10450
10461,AL133255.1,10451
10462,AL021807.1,10452
10463,HIST1H2BJ,10453
10464,HIST1H2AG,10454
10465,HIST1H4I,10455
10466,HIST1H2BK,10456
10467,HIST1H2AH,10457
10468,PRSS16,10458
10469,POM121L2,10459
10470,ZNF391,10460
10471,AL031118.1,10461
10472,ZNF184,10462
10473,AL009179.1,10463
10474,HIST1H2BL,10464
10475,HIST1H2AI,10465
10476,HIST1H3H,10466
10477,HIST1H2AJ,10467
10478,HIST1H2BM,10468
10479,HIST1H4J,10469
10480,HIST1H4K,10470
10481,HIST1H2BN,10471
10482,HIST1H2AK,10472
10483,HIST1H2AL,10473
10484,HIST1H1B,10474
10485,HIST1H3I,10475
10486,HIST1H4L,10476
10487,HIST1H3J,10477
10488,HIST1H2AM,10478
10489,HIST1H2BO,10479
10490,OR2B2,10480
10491,OR2B6,10481
10492,AL121944.1,10482
10493,ZNF165,10483
10494,ZSCAN16-AS1,10484
10495,ZSCAN16,10485
10496,AL358933.1,10486
10497,ZKSCAN8,10487
10498,ZSCAN9,10488
10499,ZKSCAN4,10489
10500,NKAPL,10490
10501,ZSCAN26,10491
10502,AL021997.3,10492
10503,PGBD1,10493
10504,ZSCAN31,10494
10505,ZKSCAN3,10495
10506,ZSCAN12,10496
10507,ZSCAN23,10497
10508,GPX6,10498
10509,GPX5,10499
10510,ZBED9,10500
10511,AL049543.1,10501
10512,LINC00533,10502
10513,AL662890.1,10503
10514,LINC01623,10504
10515,HCG14,10505
10516,TRIM27,10506
10517,LINC01556,10507
10518,HCG15,10508
10519,AL662791.1,10509
10520,ZNF311,10510
10521,AL662791.2,10511
10522,OR2W1,10512
10523,OR2B3,10513
10524,OR2J1,10514
10525,OR2J3,10515
10526,AL645937.2,10516
10527,AL645937.4,10517
10528,OR2J2,10518
10529,OR14J1,10519
10530,OR5V1,10520
10531,OR12D3,10521
10532,OR12D2,10522
10533,OR11A1,10523
10534,OR10C1,10524
10535,OR2H1,10525
10536,MAS1L,10526
10537,AL662860.1,10527
10538,LINC01015,10528
10539,OR2I1P,10529
10540,UBD,10530
10541,GABBR1,10531
10542,OR2H2,10532
10543,MOG,10533
10544,ZFP57,10534
10545,HLA-F,10535
10546,AL645939.4,10536
10547,HLA-G,10537
10548,AL645929.2,10538
10549,HLA-A,10539
10550,HCG9,10540
10551,ZNRD1,10541
10552,PPP1R11,10542
10553,RNF39,10543
10554,TRIM31,10544
10555,TRIM31-AS1,10545
10556,TRIM40,10546
10557,TRIM10,10547
10558,TRIM15,10548
10559,TRIM26,10549
10560,HCG17,10550
10561,HCG18,10551
10562,TRIM39,10552
10563,TRIM39-RPP21,10553
10564,RPP21,10554
10565,HLA-E,10555
10566,LINC02569,10556
10567,GNL1,10557
10568,PRR3,10558
10569,ABCF1,10559
10570,PPP1R10,10560
10571,MRPS18B,10561
10572,ATAT1,10562
10573,C6orf136,10563
10574,DHX16,10564
10575,PPP1R18,10565
10576,NRM,10566
10577,MDC1,10567
10578,MDC1-AS1,10568
10579,TUBB,10569
10580,AL662797.1,10570
10581,FLOT1,10571
10582,IER3-AS1,10572
10583,IER3,10573
10584,HCG20,10574
10585,LINC00243,10575
10586,LINC02570,10576
10587,DDR1-DT,10577
10588,DDR1,10578
10589,GTF2H4,10579
10590,VARS2,10580
10591,SFTA2,10581
10592,MUCL3,10582
10593,HCG21,10583
10594,MUC21,10584
10595,MUC22,10585
10596,HCG22,10586
10597,C6orf15,10587
10598,PSORS1C1,10588
10599,CDSN,10589
10600,PSORS1C2,10590
10601,CCHCR1,10591
10602,TCF19,10592
10603,POU5F1,10593
10604,AL662844.4,10594
10605,HCG27,10595
10606,AL662844.3,10596
10607,HLA-C,10597
10608,HLA-B,10598
10609,LINC02571,10599
10610,AL645933.2,10600
10611,MICA,10601
10612,LINC01149,10602
10613,MICB,10603
10614,MCCD1,10604
10615,DDX39B,10605
10616,ATP6V1G2-DDX39B,10606
10617,DDX39B-AS1,10607
10618,ATP6V1G2,10608
10619,NFKBIL1,10609
10620,LTA,10610
10621,TNF,10611
10622,LTB,10612
10623,LST1,10613
10624,NCR3,10614
10625,AIF1,10615
10626,PRRC2A,10616
10627,BAG6,10617
10628,APOM,10618
10629,C6orf47,10619
10630,C6orf47-AS1,10620
10631,GPANK1,10621
10632,CSNK2B,10622
10633,AL662899.2,10623
10634,LY6G5B,10624
10635,LY6G5C,10625
10636,ABHD16A,10626
10637,AL662899.1,10627
10638,LY6G6F,10628
10639,LY6G6F-LY6G6D,10629
10640,LY6G6E,10630
10641,LY6G6D,10631
10642,MPIG6B,10632
10643,LY6G6C,10633
10644,DDAH2,10634
10645,CLIC1,10635
10646,MSH5,10636
10647,MSH5-SAPCD1,10637
10648,SAPCD1,10638
10649,SAPCD1-AS1,10639
10650,VWA7,10640
10651,VARS,10641
10652,LSM2,10642
10653,HSPA1L,10643
10654,HSPA1A,10644
10655,HSPA1B,10645
10656,C6orf48,10646
10657,NEU1,10647
10658,SLC44A4,10648
10659,EHMT2-AS1,10649
10660,EHMT2,10650
10661,C2,10651
10662,ZBTB12,10652
10663,AL645922.1,10653
10664,C2-AS1,10654
10665,CFB,10655
10666,NELFE,10656
10667,SKIV2L,10657
10668,DXO,10658
10669,STK19,10659
10670,C4A,10660
10671,C4A-AS1,10661
10672,C4B,10662
10673,C4B-AS1,10663
10674,CYP21A2,10664
10675,TNXB,10665
10676,ATF6B,10666
10677,FKBPL,10667
10678,PRRT1,10668
10679,AL662884.4,10669
10680,PPT2,10670
10681,PPT2-EGFL8,10671
10682,EGFL8,10672
10683,AGPAT1,10673
10684,RNF5,10674
10685,AGER,10675
10686,PBX2,10676
10687,GPSM3,10677
10688,NOTCH4,10678
10689,AL662796.1,10679
10690,C6orf10,10680
10691,BTNL2,10681
10692,HLA-DRA,10682
10693,HLA-DRB5,10683
10694,HLA-DRB1,10684
10695,HLA-DQA1,10685
10696,HLA-DQB1,10686
10697,HLA-DQB1-AS1,10687
10698,HLA-DQA2,10688
10699,HLA-DQB2,10689
10700,HLA-DOB,10690
10701,AL669918.1,10691
10702,TAP2,10692
10703,PSMB8,10693
10704,PSMB8-AS1,10694
10705,PSMB9,10695
10706,TAP1,10696
10707,HLA-DMB,10697
10708,AL645941.2,10698
10709,HLA-DMA,10699
10710,BRD2,10700
10711,AL645941.3,10701
10712,HLA-DOA,10702
10713,HLA-DPA1,10703
10714,HLA-DPB1,10704
10715,HCG24,10705
10716,COL11A2,10706
10717,RXRB,10707
10718,SLC39A7,10708
10719,HSD17B8,10709
10720,RING1,10710
10721,AL645940.1,10711
10722,HCG25,10712
10723,VPS52,10713
10724,RPS18,10714
10725,B3GALT4,10715
10726,WDR46,10716
10727,PFDN6,10717
10728,RGL2,10718
10729,TAPBP,10719
10730,ZBTB22,10720
10731,DAXX,10721
10732,AL662820.1,10722
10733,KIFC1,10723
10734,PHF1,10724
10735,CUTA,10725
10736,SYNGAP1,10726
10737,SYNGAP1-AS1,10727
10738,ZBTB9,10728
10739,BAK1,10729
10740,LINC00336,10730
10741,ITPR3,10731
10742,UQCC2,10732
10743,IP6K3,10733
10744,LEMD2,10734
10745,MLN,10735
10746,LINC01016,10736
10747,AL138889.1,10737
10748,GRM4,10738
10749,HMGA1,10739
10750,SMIM29,10740
10751,NUDT3,10741
10752,RPS10-NUDT3,10742
10753,RPS10,10743
10754,PACSIN1,10744
10755,SPDEF,10745
10756,C6orf106,10746
10757,AL451165.2,10747
10758,SNRPC,10748
10759,UHRF1BP1,10749
10760,TAF11,10750
10761,ANKS1A,10751
10762,TCP11,10752
10763,SCUBE3,10753
10764,Z97832.2,10754
10765,ZNF76,10755
10766,DEF6,10756
10767,PPARD,10757
10768,FANCE,10758
10769,RPL10A,10759
10770,TEAD3,10760
10771,TULP1,10761
10772,AL033519.3,10762
10773,FKBP5,10763
10774,AL157823.2,10764
10775,ARMC12,10765
10776,CLPSL2,10766
10777,CLPSL1,10767
10778,CLPS,10768
10779,LHFPL5,10769
10780,SRPK1,10770
10781,SLC26A8,10771
10782,MAPK14,10772
10783,MAPK13,10773
10784,Z84485.1,10774
10785,BRPF3,10775
10786,PNPLA1,10776
10787,C6orf222,10777
10788,ETV7,10778
10789,Z84484.1,10779
10790,PXT1,10780
10791,KCTD20,10781
10792,STK38,10782
10793,SRSF3,10783
10794,PANDAR,10784
10795,CDKN1A,10785
10796,RAB44,10786
10797,CPNE5,10787
10798,PPIL1,10788
10799,C6orf89,10789
10800,AL122034.1,10790
10801,PI16,10791
10802,MTCH1,10792
10803,FGD2,10793
10804,PIM1,10794
10805,TMEM217,10795
10806,TBC1D22B,10796
10807,RNF8,10797
10808,CMTR1,10798
10809,CCDC167,10799
10810,LINC02520,10800
10811,AL353597.1,10801
10812,MDGA1,10802
10813,AL121574.1,10803
10814,ZFAND3,10804
10815,BTBD9,10805
10816,BTBD9-AS1,10806
10817,GLO1,10807
10818,AL391415.1,10808
10819,DNAH8,10809
10820,AL034345.2,10810
10821,GLP1R,10811
10822,SAYSD1,10812
10823,KCNK5,10813
10824,KCNK17,10814
10825,KCNK16,10815
10826,KIF6,10816
10827,DAAM2,10817
10828,AL590999.1,10818
10829,MOCS1,10819
10830,AL139275.2,10820
10831,TDRG1,10821
10832,LINC00951,10822
10833,AL139275.1,10823
10834,LRFN2,10824
10835,AL583854.1,10825
10836,UNC5CL,10826
10837,OARD1,10827
10838,TSPO2,10828
10839,APOBEC2,10829
10840,NFYA,10830
10841,TREML1,10831
10842,TREM2,10832
10843,TREML2,10833
10844,TREML4,10834
10845,TREM1,10835
10846,NCR2,10836
10847,FOXP4-AS1,10837
10848,LINC01276,10838
10849,FOXP4,10839
10850,MDFI,10840
10851,TFEB,10841
10852,AL035588.1,10842
10853,PGC,10843
10854,AL365205.3,10844
10855,FRS3,10845
10856,AL365205.1,10846
10857,PRICKLE4,10847
10858,TOMM6,10848
10859,USP49,10849
10860,AL365205.2,10850
10861,AL160163.1,10851
10862,MED20,10852
10863,BYSL,10853
10864,CCND3,10854
10865,AL513008.1,10855
10866,TAF8,10856
10867,AL512274.1,10857
10868,C6orf132,10858
10869,GUCA1A,10859
10870,AL096814.1,10860
10871,GUCA1B,10861
10872,MRPS10,10862
10873,TRERF1,10863
10874,UBR2,10864
10875,PRPH2,10865
10876,TBCC,10866
10877,BICRAL,10867
10878,RPL7L1,10868
10879,C6orf226,10869
10880,PTCRA,10870
10881,CNPY3,10871
10882,AL035587.1,10872
10883,GNMT,10873
10884,PEX6,10874
10885,PPP2R5D,10875
10886,MEA1,10876
10887,KLHDC3,10877
10888,RRP36,10878
10889,AL136304.1,10879
10890,CUL7,10880
10891,KLC4,10881
10892,MRPL2,10882
10893,AL355385.1,10883
10894,PTK7,10884
10895,SRF,10885
10896,CUL9,10886
10897,AL133375.1,10887
10898,DNPH1,10888
10899,TTBK1,10889
10900,SLC22A7,10890
10901,CRIP3,10891
10902,ZNF318,10892
10903,ABCC10,10893
10904,DLK2,10894
10905,TJAP1,10895
10906,LRRC73,10896
10907,POLR1C,10897
10908,YIPF3,10898
10909,AL355802.2,10899
10910,XPO5,10900
10911,POLH,10901
10912,POLH-AS1,10902
10913,GTPBP2,10903
10914,MAD2L1BP,10904
10915,RSPH9,10905
10916,MRPS18A,10906
10917,AL136131.2,10907
10918,VEGFA,10908
10919,AL136131.3,10909
10920,AL157371.2,10910
10921,LINC02537,10911
10922,AL157371.1,10912
10923,AL109615.3,10913
10924,C6orf223,10914
10925,AL109615.2,10915
10926,MRPL14,10916
10927,TMEM63B,10917
10928,CAPN11,10918
10929,MYMX,10919
10930,SLC29A1,10920
10931,HSP90AB1,10921
10932,SLC35B2,10922
10933,NFKBIE,10923
10934,TMEM151B,10924
10935,AL353588.1,10925
10936,TCTE1,10926
10937,AARS2,10927
10938,SPATS1,10928
10939,CDC5L,10929
10940,AL136140.1,10930
10941,SUPT3H,10931
10942,RUNX2,10932
10943,AL096865.1,10933
10944,RUNX2-AS1,10934
10945,CLIC5,10935
10946,AL035701.1,10936
10947,ENPP4,10937
10948,ENPP5,10938
10949,RCAN2,10939
10950,AL359633.2,10940
10951,CYP39A1,10941
10952,SLC25A27,10942
10953,AL591242.1,10943
10954,TDRD6,10944
10955,PLA2G7,10945
10956,ANKRD66,10946
10957,AL161618.1,10947
10958,MEP1A,10948
10959,ADGRF5,10949
10960,AL096772.1,10950
10961,ADGRF1,10951
10962,TNFRSF21,10952
10963,AL355353.1,10953
10964,CD2AP,10954
10965,ADGRF2,10955
10966,ADGRF4,10956
10967,AL356421.2,10957
10968,OPN5,10958
10969,PTCHD4,10959
10970,MUT,10960
10971,CENPQ,10961
10972,GLYATL3,10962
10973,C6orf141,10963
10974,RHAG,10964
10975,CRISP2,10965
10976,CRISP3,10966
10977,PGK2,10967
10978,AL121974.1,10968
10979,AL359458.1,10969
10980,CRISP1,10970
10981,DEFB133,10971
10982,DEFB114,10972
10983,DEFB113,10973
10984,DEFB110,10974
10985,DEFB112,10975
10986,AL138826.1,10976
10987,AL360175.1,10977
10988,AL135908.1,10978
10989,TFAP2D,10979
10990,TFAP2B,10980
10991,AL355997.1,10981
10992,PKHD1,10982
10993,LINCMD1,10983
10994,IL17A,10984
10995,IL17F,10985
10996,MCM3,10986
10997,PAQR8,10987
10998,EFHC1,10988
10999,TRAM2,10989
11000,TRAM2-AS1,10990
11001,TMEM14A,10991
11002,GSTA2,10992
11003,GSTA1,10993
11004,GSTA5,10994
11005,GSTA3,10995
11006,GSTA4,10996
11007,ICK,10997
11008,FBXO9,10998
11009,GCM1,10999
11010,ELOVL5,11000
11011,AL034374.1,11001
11012,GCLC,11002
11013,AL033397.2,11003
11014,AL033397.1,11004
11015,LINC01564,11005
11016,KLHL31,11006
11017,AL590652.1,11007
11018,AL513211.1,11008
11019,LRRC1,11009
11020,AL033384.2,11010
11021,MLIP,11011
11022,AL033384.1,11012
11023,MLIP-AS1,11013
11024,TINAG,11014
11025,AL589946.1,11015
11026,AL512363.1,11016
11027,FAM83B,11017
11028,HCRTR2,11018
11029,GFRAL,11019
11030,HMGCLL1,11020
11031,BMP5,11021
11032,COL21A1,11022
11033,DST,11023
11034,AL512422.1,11024
11035,BEND6,11025
11036,KIAA1586,11026
11037,ZNF451,11027
11038,ZNF451-AS1,11028
11039,BAG2,11029
11040,RAB23,11030
11041,PRIM2,11031
11042,FO680682.1,11032
11043,AL021368.3,11033
11044,AL021368.1,11034
11045,AL021368.2,11035
11046,AL445250.1,11036
11047,AL590227.1,11037
11048,KHDRBS2,11038
11049,FKBP1C,11039
11050,LGSN,11040
11051,PTP4A1,11041
11052,AL135905.1,11042
11053,PHF3,11043
11054,EYS,11044
11055,AL354719.2,11045
11056,AL357375.1,11046
11057,AL713998.1,11047
11058,AL646090.1,11048
11059,LINC02549,11049
11060,AL391807.1,11050
11061,ADGRB3,11051
11062,LMBRD1,11052
11063,COL19A1,11053
11064,COL9A1,11054
11065,AL160262.1,11055
11066,AL365226.2,11056
11067,AL365226.1,11057
11068,FAM135A,11058
11069,SDHAF4,11059
11070,AL583856.2,11060
11071,SMAP1,11061
11072,B3GAT2,11062
11073,OGFRL1,11063
11074,AL136164.2,11064
11075,AL136164.1,11065
11076,LINC00472,11066
11077,LINC01626,11067
11078,RIMS1,11068
11079,KCNQ5,11069
11080,KCNQ5-AS1,11070
11081,AL365232.1,11071
11082,KHDC1L,11072
11083,KHDC1,11073
11084,AC019205.1,11074
11085,DPPA5,11075
11086,KHDC3L,11076
11087,OOEP,11077
11088,OOEP-AS1,11078
11089,DDX43,11079
11090,CGAS,11080
11091,MTO1,11081
11092,AL603910.1,11082
11093,EEF1A1,11083
11094,AL121972.1,11084
11095,SLC17A5,11085
11096,AL590428.1,11086
11097,CD109,11087
11098,AL357507.1,11088
11099,AL356277.3,11089
11100,AL356277.2,11090
11101,COL12A1,11091
11102,COX7A2,11092
11103,TMEM30A,11093
11104,AL080250.1,11094
11105,FILIP1,11095
11106,AL445465.1,11096
11107,AL445465.2,11097
11108,SENP6,11098
11109,MYO6,11099
11110,IMPG1,11100
11111,LINC02540,11101
11112,AL591030.1,11102
11113,AL590426.2,11103
11114,HTR1B,11104
11115,MEI4,11105
11116,AL121718.1,11106
11117,AL450327.1,11107
11118,IRAK1BP1,11108
11119,PHIP,11109
11120,HMGN3,11110
11121,HMGN3-AS1,11111
11122,AL078601.2,11112
11123,LCA5,11113
11124,AL451064.1,11114
11125,SH3BGRL2,11115
11126,LINC01621,11116
11127,AL132875.2,11117
11128,ELOVL4,11118
11129,TTK,11119
11130,BCKDHB,11120
11131,AL359715.3,11121
11132,AL359715.1,11122
11133,AL359715.2,11123
11134,TENT5A,11124
11135,AL359693.1,11125
11136,LINC01526,11126
11137,LINC02542,11127
11138,AL360157.1,11128
11139,IBTK,11129
11140,TPBG,11130
11141,UBE3D,11131
11142,AL355613.1,11132
11143,DOPEY1,11133
11144,PGM3,11134
11145,RWDD2A,11135
11146,ME1,11136
11147,PRSS35,11137
11148,SNAP91,11138
11149,AL136972.1,11139
11150,RIPPLY2,11140
11151,CYB5R4,11141
11152,AL034347.1,11142
11153,AL161621.1,11143
11154,MRAP2,11144
11155,CEP162,11145
11156,LINC01611,11146
11157,TBX18,11147
11158,TBX18-AS1,11148
11159,LINC02535,11149
11160,NT5E,11150
11161,SNX14,11151
11162,AL589666.1,11152
11163,SYNCRIP,11153
11164,HTR1E,11154
11165,CGA,11155
11166,AL139274.2,11156
11167,ZNF292,11157
11168,GJB7,11158
11169,SMIM8,11159
11170,C6orf163,11160
11171,CFAP206,11161
11172,AL049697.1,11162
11173,SLC35A1,11163
11174,RARS2,11164
11175,ORC3,11165
11176,AKIRIN2,11166
11177,SPACA1,11167
11178,CNR1,11168
11179,AL139042.1,11169
11180,RNGTT,11170
11181,AL353135.1,11171
11182,PNRC1,11172
11183,SRSF12,11173
11184,PM20D2,11174
11185,GABRR1,11175
11186,GABRR2,11176
11187,UBE2J1,11177
11188,RRAGD,11178
11189,ANKRD6,11179
11190,AL159174.1,11180
11191,LYRM2,11181
11192,MDN1,11182
11193,AL096678.1,11183
11194,CASP8AP2,11184
11195,GJA10,11185
11196,BACH2,11186
11197,AL121787.1,11187
11198,AL132996.1,11188
11199,MAP3K7,11189
11200,AL080284.1,11190
11201,CASC6,11191
11202,AL133457.1,11192
11203,LINC02531,11193
11204,AL138731.1,11194
11205,EPHA7,11195
11206,AL391336.1,11196
11207,AL157378.1,11197
11208,MANEA-DT,11198
11209,MANEA,11199
11210,FUT9,11200
11211,UFL1-AS1,11201
11212,UFL1,11202
11213,FHL5,11203
11214,AL033379.1,11204
11215,GPR63,11205
11216,NDUFAF4,11206
11217,KLHL32,11207
11218,MMS22L,11208
11219,AL589740.1,11209
11220,AL080316.1,11210
11221,AL590727.1,11211
11222,AL589826.2,11212
11223,POU3F2,11213
11224,FBXL4,11214
11225,FAXC,11215
11226,COQ3,11216
11227,PNISR,11217
11228,AL513550.1,11218
11229,USP45,11219
11230,TSTD3,11220
11231,CCNC,11221
11232,AL137784.2,11222
11233,PRDM13,11223
11234,MCHR2,11224
11235,MCHR2-AS1,11225
11236,SIM1,11226
11237,Z86062.2,11227
11238,ASCC3,11228
11239,AL133338.1,11229
11240,GRIK2,11230
11241,HACE1,11231
11242,LIN28B-AS1,11232
11243,LIN28B,11233
11244,BVES,11234
11245,BVES-AS1,11235
11246,POPDC3,11236
11247,AL133406.3,11237
11248,PREP,11238
11249,AL133406.2,11239
11250,Z97206.2,11240
11251,AL591518.1,11241
11252,ATG5,11242
11253,PRDM1,11243
11254,AL356859.1,11244
11255,CRYBG1,11245
11256,AL109920.1,11246
11257,RTN4IP1,11247
11258,QRSL1,11248
11259,LINC02526,11249
11260,LINC02532,11250
11261,CD24,11251
11262,C6orf203,11252
11263,BEND3,11253
11264,PDSS2,11254
11265,SOBP,11255
11266,AL121957.1,11256
11267,SCML4,11257
11268,SEC63,11258
11269,AL024507.2,11259
11270,Z98200.1,11260
11271,OSTM1,11261
11272,OSTM1-AS1,11262
11273,NR2E1,11263
11274,SNX3,11264
11275,Z98742.1,11265
11276,AFG1L,11266
11277,FOXO3,11267
11278,LINC00222,11268
11279,ARMC2,11269
11280,ARMC2-AS1,11270
11281,SESN1,11271
11282,AL390208.1,11272
11283,CEP57L1,11273
11284,CD164,11274
11285,AL359711.2,11275
11286,PPIL6,11276
11287,SMPD2,11277
11288,MICAL1,11278
11289,ZBTB24,11279
11290,AL109947.1,11280
11291,AK9,11281
11292,FIG4,11282
11293,AL512303.1,11283
11294,GPR6,11284
11295,WASF1,11285
11296,CDC40,11286
11297,METTL24,11287
11298,DDO,11288
11299,SLC22A16,11289
11300,AC002464.1,11290
11301,CDK19,11291
11302,AMD1,11292
11303,GTF3C6,11293
11304,RPF2,11294
11305,SLC16A10,11295
11306,AL360227.1,11296
11307,MFSD4B,11297
11308,AL080317.1,11298
11309,AL080317.2,11299
11310,REV3L,11300
11311,AL080317.3,11301
11312,TRAF3IP2-AS1,11302
11313,TRAF3IP2,11303
11314,Z97989.1,11304
11315,FYN,11305
11316,LINC02527,11306
11317,WISP3,11307
11318,TUBE1,11308
11319,FAM229B,11309
11320,LAMA4,11310
11321,Z99289.1,11311
11322,Z99289.2,11312
11323,Z99289.3,11313
11324,AL365214.2,11314
11325,AL365214.3,11315
11326,RFPL4B,11316
11327,AL357514.1,11317
11328,AL589684.1,11318
11329,LINC02518,11319
11330,AL513123.1,11320
11331,LINC02541,11321
11332,FO393415.3,11322
11333,MARCKS,11323
11334,LINC01268,11324
11335,FO393415.1,11325
11336,HDAC2,11326
11337,HDAC2-AS2,11327
11338,HS3ST5,11328
11339,AL138830.2,11329
11340,AL138830.1,11330
11341,LINC02534,11331
11342,FRK,11332
11343,NT5DC1,11333
11344,COL10A1,11334
11345,AL050331.2,11335
11346,TSPYL4,11336
11347,DSE,11337
11348,TSPYL1,11338
11349,Z84488.2,11339
11350,Z84488.1,11340
11351,CALHM6,11341
11352,AL445224.1,11342
11353,TRAPPC3L,11343
11354,CALHM5,11344
11355,CALHM4,11345
11356,RWDD1,11346
11357,RSPH4A,11347
11358,ZUP1,11348
11359,KPNA5,11349
11360,FAM162B,11350
11361,GPRC6A,11351
11362,RFX6,11352
11363,VGLL2,11353
11364,ROS1,11354
11365,AL132671.2,11355
11366,AL132671.1,11356
11367,DCBLD1,11357
11368,GOPC,11358
11369,NUS1,11359
11370,SLC35F1,11360
11371,CEP85L,11361
11372,PLN,11362
11373,MCM9,11363
11374,ASF1A,11364
11375,AL365275.1,11365
11376,FAM184A,11366
11377,MAN1A1,11367
11378,TBC1D32,11368
11379,GJA1,11369
11380,HSF2,11370
11381,SERINC1,11371
11382,PKIB,11372
11383,FABP7,11373
11384,SMPDL3A,11374
11385,CLVS2,11375
11386,TRDN,11376
11387,TRDN-AS1,11377
11388,NKAIN2,11378
11389,RNF217-AS1,11379
11390,RNF217,11380
11391,TPD52L1,11381
11392,HDDC2,11382
11393,AL450332.1,11383
11394,AL365259.1,11384
11395,LINC02523,11385
11396,HEY2,11386
11397,NCOA7,11387
11398,NCOA7-AS1,11388
11399,HINT3,11389
11400,TRMT11,11390
11401,AC020559.1,11391
11402,CENPW,11392
11403,RSPO3,11393
11404,RNF146,11394
11405,ECHDC1,11395
11406,AL096711.2,11396
11407,KIAA0408,11397
11408,SOGA3,11398
11409,C6orf58,11399
11410,LINC02536,11400
11411,THEMIS,11401
11412,PTPRK,11402
11413,AL590006.1,11403
11414,AL034349.1,11404
11415,LAMA2,11405
11416,AL356124.2,11406
11417,AL356124.1,11407
11418,ARHGAP18,11408
11419,TMEM244,11409
11420,L3MBTL3,11410
11421,AL355581.1,11411
11422,SAMD3,11412
11423,TMEM200A,11413
11424,AL583803.1,11414
11425,SMLR1,11415
11426,EPB41L2,11416
11427,AKAP7,11417
11428,ARG1,11418
11429,MED23,11419
11430,ENPP3,11420
11431,OR2A4,11421
11432,CTAGE9,11422
11433,ENPP1,11423
11434,AL117378.1,11424
11435,CTGF,11425
11436,AL133346.1,11426
11437,AL021408.1,11427
11438,LINC01013,11428
11439,MOXD1,11429
11440,STX7,11430
11441,TAAR9,11431
11442,TAAR8,11432
11443,TAAR6,11433
11444,TAAR5,11434
11445,TAAR2,11435
11446,TAAR1,11436
11447,VNN1,11437
11448,VNN3,11438
11449,VNN2,11439
11450,AL032821.1,11440
11451,SLC18B1,11441
11452,RPS12,11442
11453,LINC00326,11443
11454,EYA4,11444
11455,AL024497.1,11445
11456,AL024497.2,11446
11457,TARID,11447
11458,AL450270.1,11448
11459,LINC01312,11449
11460,TCF21,11450
11461,TBPL1,11451
11462,SLC2A12,11452
11463,SGK1,11453
11464,AL078590.2,11454
11465,LINC01010,11455
11466,AL078590.3,11456
11467,AL078590.1,11457
11468,AL596188.1,11458
11469,AL121970.1,11459
11470,ALDH8A1,11460
11471,AL445190.1,11461
11472,HBS1L,11462
11473,AL353596.1,11463
11474,MYB,11464
11475,MYB-AS1,11465
11476,AL023693.1,11466
11477,AHI1,11467
11478,AL049552.1,11468
11479,LINC00271,11469
11480,AL035604.1,11470
11481,AL133319.1,11471
11482,PDE7B,11472
11483,AL138828.1,11473
11484,MTFR2,11474
11485,BCLAF1,11475
11486,AL023284.4,11476
11487,MAP7,11477
11488,AL024508.2,11478
11489,MAP3K5,11479
11490,AL024508.1,11480
11491,PEX7,11481
11492,SLC35D3,11482
11493,AL135902.1,11483
11494,AL135902.2,11484
11495,IL20RA,11485
11496,IL22RA2,11486
11497,IFNGR1,11487
11498,OLIG3,11488
11499,AL356234.2,11489
11500,AL356234.3,11490
11501,LINC02539,11491
11502,AL357060.1,11492
11503,TNFAIP3,11493
11504,AL591468.1,11494
11505,LINC02528,11495
11506,PERP,11496
11507,ARFGEF3,11497
11508,PBOV1,11498
11509,SMIM28,11499
11510,HEBP2,11500
11511,NHSL1,11501
11512,AL590617.2,11502
11513,GVQW2,11503
11514,CCDC28A,11504
11515,ECT2L,11505
11516,REPS1,11506
11517,ABRACL,11507
11518,HECA,11508
11519,AL031772.1,11509
11520,TXLNB,11510
11521,AL158850.1,11511
11522,CITED2,11512
11523,LINC01625,11513
11524,FILNC1,11514
11525,AL050338.1,11515
11526,AL138737.1,11516
11527,AL035446.1,11517
11528,AL355596.1,11518
11529,NMBR,11519
11530,NMBR-AS1,11520
11531,GJE1,11521
11532,VTA1,11522
11533,AL360007.1,11523
11534,ADGRG6,11524
11535,AL359313.1,11525
11536,AL023584.1,11526
11537,HIVEP2,11527
11538,AL023584.2,11528
11539,AL355304.1,11529
11540,LINC01277,11530
11541,AL023581.2,11531
11542,AIG1,11532
11543,AL023581.1,11533
11544,ADAT2,11534
11545,PEX3,11535
11546,FUCA2,11536
11547,PHACTR2,11537
11548,PHACTR2-AS1,11538
11549,AL049844.1,11539
11550,LTV1,11540
11551,AL049844.3,11541
11552,ZC2HC1B,11542
11553,PLAGL1,11543
11554,SF3B5,11544
11555,STX11,11545
11556,UTRN,11546
11557,AL024474.2,11547
11558,EPM2A,11548
11559,AL023806.1,11549
11560,AL023806.2,11550
11561,FBXO30,11551
11562,AL356599.1,11552
11563,SHPRH,11553
11564,GRM1,11554
11565,RAB32,11555
11566,AL359547.1,11556
11567,ADGB,11557
11568,STXBP5-AS1,11558
11569,AL138916.1,11559
11570,AL138916.2,11560
11571,LUADT1,11561
11572,STXBP5,11562
11573,SAMD5,11563
11574,AL033504.1,11564
11575,AL365271.1,11565
11576,AL445123.1,11566
11577,AL359382.1,11567
11578,AL513164.1,11568
11579,SASH1,11569
11580,UST,11570
11581,UST-AS1,11571
11582,AL357992.1,11572
11583,AL031056.1,11573
11584,TAB2,11574
11585,TAB2-AS1,11575
11586,AL031056.2,11576
11587,SUMO4,11577
11588,ZC3H12D,11578
11589,PPIL4,11579
11590,AL078581.2,11580
11591,GINM1,11581
11592,AL078581.3,11582
11593,AL078581.1,11583
11594,KATNA1,11584
11595,LATS1,11585
11596,AL358852.1,11586
11597,NUP43,11587
11598,PCMT1,11588
11599,AL355312.2,11589
11600,LRP11,11590
11601,AL355312.4,11591
11602,AL355312.3,11592
11603,RAET1E,11593
11604,RAET1E-AS1,11594
11605,RAET1G,11595
11606,ULBP2,11596
11607,ULBP1,11597
11608,RAET1L,11598
11609,AL355497.2,11599
11610,ULBP3,11600
11611,PPP1R14C,11601
11612,IYD,11602
11613,PLEKHG1,11603
11614,AL450344.2,11604
11615,MTHFD1L,11605
11616,AL133260.2,11606
11617,AL138733.1,11607
11618,AL138733.2,11608
11619,AKAP12,11609
11620,ZBTB2,11610
11621,RMND1,11611
11622,ARMT1,11612
11623,CCDC170,11613
11624,ESR1,11614
11625,AL356311.1,11615
11626,SYNE1,11616
11627,SYNE1-AS1,11617
11628,AL049548.1,11618
11629,NANOGP11,11619
11630,MYCT1,11620
11631,VIP,11621
11632,AL160162.1,11622
11633,FBXO5,11623
11634,AL080276.2,11624
11635,MTRF1L,11625
11636,RGS17,11626
11637,AL590867.1,11627
11638,AL590867.3,11628
11639,OPRM1,11629
11640,IPCEF1,11630
11641,CNKSR3,11631
11642,SCAF8,11632
11643,TIAM2,11633
11644,AL596202.1,11634
11645,TFB1M,11635
11646,CLDN20,11636
11647,AL031773.1,11637
11648,NOX3,11638
11649,AL512658.1,11639
11650,AL355297.3,11640
11651,AL355297.4,11641
11652,ARID1B,11642
11653,AL355297.2,11643
11654,AL049820.1,11644
11655,TMEM242,11645
11656,AL390955.2,11646
11657,ZDHHC14,11647
11658,SNX9,11648
11659,AL391863.2,11649
11660,AL391863.1,11650
11661,AL035634.1,11651
11662,SYNJ2,11652
11663,SERAC1,11653
11664,GTF2H5,11654
11665,TULP4,11655
11666,AL360169.1,11656
11667,TMEM181,11657
11668,DYNLT1,11658
11669,SYTL3,11659
11670,EZR,11660
11671,EZR-AS1,11661
11672,AL627422.2,11662
11673,C6orf99,11663
11674,RSPH3,11664
11675,AL035530.2,11665
11676,TAGAP,11666
11677,AL356417.3,11667
11678,AL356417.1,11668
11679,AL356417.2,11669
11680,FNDC1,11670
11681,AL357832.1,11671
11682,LINC02529,11672
11683,AL078604.2,11673
11684,SOD2,11674
11685,SOD2,11674
11686,WTAP,11675
11687,SOD2-OT1,11676
11688,ACAT2,11677
11689,TCP1,11678
11690,MRPL18,11679
11691,PNLDC1,11680
11692,AL035691.1,11681
11693,MAS1,11682
11694,IGF2R,11683
11695,AIRN,11684
11696,SLC22A1,11685
11697,SLC22A2,11686
11698,AL162582.1,11687
11699,SLC22A3,11688
11700,LPA,11689
11701,AL109933.1,11690
11702,PLG,11691
11703,AL391361.2,11692
11704,AL391361.3,11693
11705,AL139393.1,11694
11706,AL139393.2,11695
11707,MAP3K4,11696
11708,AGPAT4,11697
11709,PRKN,11698
11710,PACRG,11699
11711,PACRG-AS2,11700
11712,PACRG-AS3,11701
11713,PACRG-AS1,11702
11714,CAHM,11703
11715,QKI,11704
11716,AL445307.1,11705
11717,AL137005.1,11706
11718,Z97205.2,11707
11719,Z97205.1,11708
11720,AL358972.1,11709
11721,AL450345.1,11710
11722,C6orf118,11711
11723,PDE10A,11712
11724,AL590302.2,11713
11725,LINC00473,11714
11726,LINC00602,11715
11727,AL627443.1,11716
11728,TBXT,11717
11729,AL121956.1,11718
11730,AL121956.4,11719
11731,PRR18,11720
11732,SFT2D1,11721
11733,MPC1,11722
11734,AL022069.1,11723
11735,RPS6KA2,11724
11736,AL159163.1,11725
11737,RPS6KA2-AS1,11726
11738,RNASET2,11727
11739,Z94721.1,11728
11740,FGFR1OP,11729
11741,CCR6,11730
11742,AL121935.1,11731
11743,AL121935.2,11732
11744,TCP10L2,11733
11745,GPR31,11734
11746,AL353747.4,11735
11747,AL353747.3,11736
11748,AL353747.2,11737
11749,UNC93A,11738
11750,TTLL2,11739
11751,TCP10,11740
11752,LINC02538,11741
11753,LINC02487,11742
11754,LINC01558,11743
11755,AL009178.2,11744
11756,AL009178.3,11745
11757,AFDN-DT,11746
11758,AFDN,11747
11759,KIF25-AS1,11748
11760,KIF25,11749
11761,FRMD1,11750
11762,AL611929.1,11751
11763,AL606970.4,11752
11764,AL606970.2,11753
11765,AL606970.3,11754
11766,DACT2,11755
11767,AL138918.1,11756
11768,SMOC2,11757
11769,AL136099.1,11758
11770,AL109924.1,11759
11771,AL109924.2,11760
11772,AL109924.3,11761
11773,LINC01615,11762
11774,LINC02544,11763
11775,BX322234.1,11764
11776,THBS2,11765
11777,BX322234.2,11766
11778,LINC02519,11767
11779,AL009176.1,11768
11780,WDR27,11769
11781,C6orf120,11770
11782,PHF10,11771
11783,AL354892.2,11772
11784,AL354892.1,11773
11785,TCTE3,11774
11786,ERMARD,11775
11787,LINC00242,11776
11788,LINC00574,11777
11789,AL049612.1,11778
11790,AL596442.1,11779
11791,AL596442.2,11780
11792,AL109910.1,11781
11793,AL109910.2,11782
11794,LINC01624,11783
11795,DLL1,11784
11796,FAM120B,11785
11797,AL078605.1,11786
11798,PSMB1,11787
11799,TBP,11788
11800,PDCD2,11789
11801,AL731661.2,11790
11802,AL731661.1,11791
11803,AL731684.2,11792
11804,AL731684.1,11793
11805,AC215522.3,11794
11806,AC093627.1,11795
11807,AC093627.6,11796
11808,AC093627.5,11797
11809,AC093627.4,11798
11810,AC093627.7,11799
11811,AC093627.2,11800
11812,AC093627.3,11801
11813,FAM20C,11802
11814,AC187653.1,11803
11815,AC226118.1,11804
11816,AC147651.3,11805
11817,PDGFA,11806
11818,AC147651.1,11807
11819,PRKAR1B,11808
11820,AC147651.2,11809
11821,AC147651.4,11810
11822,DNAAF5,11811
11823,SUN1,11812
11824,GET4,11813
11825,AC073957.3,11814
11826,ADAP1,11815
11827,COX19,11816
11828,CYP2W1,11817
11829,C7orf50,11818
11830,AC073957.1,11819
11831,GPR146,11820
11832,AC073957.2,11821
11833,AC091729.1,11822
11834,AC091729.2,11823
11835,GPER1,11824
11836,ZFAND2A,11825
11837,AC091729.3,11826
11838,UNCX,11827
11839,AC073094.1,11828
11840,MICALL2,11829
11841,AC102953.1,11830
11842,AC102953.2,11831
11843,INTS1,11832
11844,AC093734.1,11833
11845,MAFK,11834
11846,TMEM184A,11835
11847,PSMG3,11836
11848,PSMG3-AS1,11837
11849,AC074389.2,11838
11850,ELFN1,11839
11851,AC074389.3,11840
11852,AC074389.1,11841
11853,ELFN1-AS1,11842
11854,MAD1L1,11843
11855,AC104129.1,11844
11856,MRM2,11845
11857,NUDT1,11846
11858,SNX8,11847
11859,EIF3B,11848
11860,CHST12,11849
11861,GRIFIN,11850
11862,LFNG,11851
11863,BRAT1,11852
11864,IQCE,11853
11865,TTYH3,11854
11866,AMZ1,11855
11867,GNA12,11856
11868,CARD11,11857
11869,AC004906.1,11858
11870,AC024028.1,11859
11871,AC073316.1,11860
11872,AC073316.2,11861
11873,AC073316.3,11862
11874,SDK1,11863
11875,AC011284.1,11864
11876,AC017000.1,11865
11877,FOXK1,11866
11878,AP5Z1,11867
11879,RADIL,11868
11880,PAPOLB,11869
11881,MMD2,11870
11882,RBAK-RBAKDN,11871
11883,RBAK,11872
11884,RBAKDN,11873
11885,WIPI2,11874
11886,SLC29A4,11875
11887,TNRC18,11876
11888,AC093620.1,11877
11889,AC092171.1,11878
11890,AC092171.4,11879
11891,AC092171.3,11880
11892,AC092171.5,11881
11893,FBXL18,11882
11894,AC092171.2,11883
11895,ACTB,11884
11896,AC006483.2,11885
11897,FSCN1,11886
11898,RNF216,11887
11899,OCM,11888
11900,CCZ1,11889
11901,RSPH10B,11890
11902,PMS2,11891
11903,AIMP2,11892
11904,EIF2AK1,11893
11905,ANKRD61,11894
11906,AC004895.1,11895
11907,USP42,11896
11908,CYTH3,11897
11909,FAM220A,11898
11910,RAC1,11899
11911,DAGLB,11900
11912,KDELR2,11901
11913,GRID2IP,11902
11914,ZDHHC4,11903
11915,AC079742.1,11904
11916,C7orf26,11905
11917,ZNF853,11906
11918,ZNF316,11907
11919,AC073343.2,11908
11920,ZNF12,11909
11921,RSPH10B2,11910
11922,CCZ1B,11911
11923,C1GALT1,11912
11924,COL28A1,11913
11925,AC004982.1,11914
11926,AC004982.2,11915
11927,MIOS,11916
11928,AC004948.1,11917
11929,RPA3,11918
11930,UMAD1,11919
11931,AC006042.4,11920
11932,AC006042.2,11921
11933,GLCCI1,11922
11934,ICA1,11923
11935,AC006042.1,11924
11936,AC007009.1,11925
11937,AC007128.1,11926
11938,AC007128.2,11927
11939,NXPH1,11928
11940,AC004852.2,11929
11941,AC060834.2,11930
11942,AC004936.1,11931
11943,AC004949.1,11932
11944,AC004415.1,11933
11945,NDUFA4,11934
11946,AC007029.1,11935
11947,PHF14,11936
11948,THSD7A,11937
11949,AC004160.2,11938
11950,TMEM106B,11939
11951,VWDE,11940
11952,AC013470.2,11941
11953,AC005281.1,11942
11954,SCIN,11943
11955,ARL4A,11944
11956,AC011287.1,11945
11957,AC011287.2,11946
11958,AC005019.2,11947
11959,ETV1,11948
11960,DGKB,11949
11961,AC006150.1,11950
11962,AC006458.1,11951
11963,AGMO,11952
11964,MEOX2,11953
11965,AC005550.2,11954
11966,LINC02587,11955
11967,AC005550.1,11956
11968,AC006041.1,11957
11969,ISPD,11958
11970,ISPD-AS1,11959
11971,SOSTDC1,11960
11972,AC005014.3,11961
11973,LRRC72,11962
11974,AC005014.2,11963
11975,ANKMY2,11964
11976,BZW2,11965
11977,AC073333.1,11966
11978,TSPAN13,11967
11979,AGR2,11968
11980,AGR3,11969
11981,AHR,11970
11982,AC073332.1,11971
11983,AC019117.3,11972
11984,AC019117.2,11973
11985,AC019117.1,11974
11986,AC006482.1,11975
11987,SNX13,11976
11988,PRPS1L1,11977
11989,HDAC9,11978
11990,AC010082.1,11979
11991,AC004994.1,11980
11992,TWIST1,11981
11993,AC003986.2,11982
11994,AC003986.3,11983
11995,AC003986.1,11984
11996,FERD3L,11985
11997,AC007091.1,11986
11998,TWISTNB,11987
11999,TMEM196,11988
12000,AC004543.1,11989
12001,AC007001.1,11990
12002,MACC1,11991
12003,MACC1-AS1,11992
12004,AC099342.1,11993
12005,AC004130.1,11994
12006,ITGB8,11995
12007,ABCB5,11996
12008,SP8,11997
12009,LINC01162,11998
12010,SP4,11999
12011,DNAH11,12000
12012,CDCA7L,12001
12013,RAPGEF5,12002
12014,STEAP1B,12003
12015,AC002480.2,12004
12016,AC002480.3,12005
12017,AC002480.4,12006
12018,AC073072.1,12007
12019,IL6,12008
12020,TOMM7,12009
12021,FAM126A,12010
12022,KLHL7-DT,12011
12023,KLHL7,12012
12024,NUPL2,12013
12025,AC005082.1,12014
12026,GPNMB,12015
12027,MALSU1,12016
12028,IGF2BP3,12017
12029,TRA2A,12018
12030,CCDC126,12019
12031,FAM221A,12020
12032,AC006026.3,12021
12033,STK31,12022
12034,AC003087.1,12023
12035,AC004485.1,12024
12036,NPY,12025
12037,MPP6,12026
12038,GSDME,12027
12039,OSBPL3,12028
12040,CYCS,12029
12041,C7orf31,12030
12042,NPVF,12031
12043,AC003985.1,12032
12044,AC003985.2,12033
12045,AC091705.1,12034
12046,AC005165.1,12035
12047,AC010719.1,12036
12048,NFE2L3,12037
12049,AC004520.1,12038
12050,HNRNPA2B1,12039
12051,CBX3,12040
12052,SNX10,12041
12053,AC004540.2,12042
12054,AC004540.1,12043
12055,KIAA0087,12044
12056,AC004947.1,12045
12057,C7orf71,12046
12058,SKAP2,12047
12059,HOXA1,12048
12060,HOTAIRM1,12049
12061,HOXA2,12050
12062,HOXA3,12051
12063,HOXA-AS2,12052
12064,HOXA4,12053
12065,HOXA-AS3,12054
12066,HOXA5,12055
12067,HOXA6,12056
12068,HOXA7,12057
12069,HOXA9,12058
12070,AC004080.3,12059
12071,HOXA10-AS,12060
12072,HOXA10,12061
12073,HOXA11,12062
12074,HOXA11-AS,12063
12075,AC004080.2,12064
12076,HOXA13,12065
12077,HOTTIP,12066
12078,AC004080.1,12067
12079,EVX1-AS,12068
12080,EVX1,12069
12081,AC004009.1,12070
12082,HIBADH,12071
12083,AC005091.1,12072
12084,TAX1BP1,12073
12085,JAZF1,12074
12086,JAZF1-AS1,12075
12087,CREB5,12076
12088,TRIL,12077
12089,AC005013.1,12078
12090,AC005162.3,12079
12091,AC005162.2,12080
12092,CPVL,12081
12093,AC005162.1,12082
12094,AC005232.1,12083
12095,AC004593.3,12084
12096,CHN2,12085
12097,AC004593.1,12086
12098,AC007255.1,12087
12099,PRR15,12088
12100,WIPF3,12089
12101,SCRN1,12090
12102,AC007285.1,12091
12103,FKBP14,12092
12104,PLEKHA8,12093
12105,AC007285.2,12094
12106,MTURN,12095
12107,AC007036.1,12096
12108,ZNRF2,12097
12109,AC006978.2,12098
12110,LINC01176,12099
12111,NOD1,12100
12112,AC006027.1,12101
12113,GGCT,12102
12114,AC005154.6,12103
12115,AC005154.5,12104
12116,AC005154.4,12105
12117,GARS,12106
12118,CRHR2,12107
12119,INMT,12108
12120,INMT-MINDY4,12109
12121,MINDY4,12110
12122,AC004691.1,12111
12123,AC004691.2,12112
12124,AQP1,12113
12125,GHRHR,12114
12126,ADCYAP1R1,12115
12127,NEUROD6,12116
12128,AC005090.1,12117
12129,CCDC129,12118
12130,PPP1R17,12119
12131,PDE1C,12120
12132,AC018637.1,12121
12133,LSM5,12122
12134,AVL9,12123
12135,AC018645.2,12124
12136,LINC00997,12125
12137,AC018648.1,12126
12138,KBTBD2,12127
12139,FKBP9,12128
12140,NT5C3A,12129
12141,RP9,12130
12142,BBS9,12131
12143,AC008080.1,12132
12144,AC008080.2,12133
12145,AC008080.4,12134
12146,AC008080.3,12135
12147,BMPER,12136
12148,AC009262.1,12137
12149,NPSR1,12138
12150,DPY19L1,12139
12151,TBX20,12140
12152,AC009531.1,12141
12153,AC007652.1,12142
12154,HERPUD2,12143
12155,AC018647.2,12144
12156,AC018647.1,12145
12157,SEPT7-AS1,12146
12158,SEPT7,12147
12159,AC083864.2,12148
12160,AC083864.1,12149
12161,EEPD1,12150
12162,AC007327.2,12151
12163,AC006960.3,12152
12164,KIAA0895,12153
12165,ANLN,12154
12166,AC006960.2,12155
12167,AOAH,12156
12168,AC007349.4,12157
12169,AC007349.1,12158
12170,AC007349.3,12159
12171,AC007349.2,12160
12172,ELMO1,12161
12173,ELMO1-AS1,12162
12174,GPR141,12163
12175,EPDR1,12164
12176,NME8,12165
12177,SFRP4,12166
12178,STARD3NL,12167
12179,TRGC2,12168
12180,TRGJ2,12169
12181,TRGJP2,12170
12182,TRGC1,12171
12183,TRGJ1,12172
12184,TRGJP,12173
12185,TRGJP1,12174
12186,TRGV11,12175
12187,TRGVB,12176
12188,TRGV10,12177
12189,TRGV9,12178
12190,TRGVA,12179
12191,AC006033.2,12180
12192,TRGV8,12181
12193,TRGV7,12182
12194,TRGV6,12183
12195,TRG-AS1,12184
12196,TRGV5P,12185
12197,TRGV5,12186
12198,TRGV4,12187
12199,TRGV3,12188
12200,TRGV2,12189
12201,TRGV1,12190
12202,AMPH,12191
12203,VPS41,12192
12204,POU6F2,12193
12205,POU6F2-AS2,12194
12206,POU6F2-AS1,12195
12207,AC011290.1,12196
12208,YAE1D1,12197
12209,AC004837.3,12198
12210,RALA,12199
12211,AC004837.2,12200
12212,LINC00265,12201
12213,AC072061.1,12202
12214,CDK13,12203
12215,MPLKIP,12204
12216,SUGCT,12205
12217,AC004988.1,12206
12218,LINC01450,12207
12219,LINC01449,12208
12220,INHBA,12209
12221,INHBA-AS1,12210
12222,GLI3,12211
12223,LINC01448,12212
12224,AC010132.1,12213
12225,AC010132.4,12214
12226,C7orf25,12215
12227,AC010132.3,12216
12228,PSMA2,12217
12229,MRPL32,12218
12230,AC005537.1,12219
12231,HECW1,12220
12232,AC004692.2,12221
12233,LUARIS,12222
12234,STK17A,12223
12235,COA1,12224
12236,BLVRA,12225
12237,MRPS24,12226
12238,URGCP-MRPS24,12227
12239,URGCP,12228
12240,UBE2D4,12229
12241,SPDYE1,12230
12242,AC004951.1,12231
12243,LINC00957,12232
12244,DBNL,12233
12245,PGAM2,12234
12246,POLM,12235
12247,AEBP1,12236
12248,POLD2,12237
12249,MYL7,12238
12250,GCK,12239
12251,YKT6,12240
12252,CAMK2B,12241
12253,NUDCD3,12242
12254,NPC1L1,12243
12255,DDX56,12244
12256,TMED4,12245
12257,OGDH,12246
12258,ZMIZ2,12247
12259,AC013436.1,12248
12260,PPIA,12249
12261,H2AFV,12250
12262,LINC01952,12251
12263,PURB,12252
12264,AC004854.2,12253
12265,MYO1G,12254
12266,SNHG15,12255
12267,CCM2,12256
12268,NACAD,12257
12269,TBRG4,12258
12270,RAMP3,12259
12271,AC073325.1,12260
12272,ADCY1,12261
12273,AC096582.3,12262
12274,IGFBP1,12263
12275,IGFBP3,12264
12276,AC073115.2,12265
12277,AC073115.1,12266
12278,AC023669.1,12267
12279,AC023669.2,12268
12280,AC004869.2,12269
12281,AC004869.1,12270
12282,AC011294.1,12271
12283,AC004870.4,12272
12284,AC004870.3,12273
12285,TNS3,12274
12286,LINC01447,12275
12287,C7orf65,12276
12288,HUS1,12277
12289,LINC00525,12278
12290,PKD1L1,12279
12291,C7orf69,12280
12292,SUN3,12281
12293,C7orf57,12282
12294,UPP1,12283
12295,ABCA13,12284
12296,AC091770.1,12285
12297,AC091730.1,12286
12298,VWC2,12287
12299,ZPBP,12288
12300,SPATA48,12289
12301,AC020743.1,12290
12302,AC020743.2,12291
12303,AC020743.3,12292
12304,IKZF1,12293
12305,AC124014.1,12294
12306,FIGNL1,12295
12307,DDC,12296
12308,DDC-AS1,12297
12309,GRB10,12298
12310,AC004920.1,12299
12311,AC004830.1,12300
12312,COBL,12301
12313,AC005999.1,12302
12314,AC079763.1,12303
12315,POM121L12,12304
12316,AC009468.2,12305
12317,AC009468.1,12306
12318,LINC01446,12307
12319,AC073521.1,12308
12320,HPVC1,12309
12321,LINC01445,12310
12322,VSTM2A,12311
12323,AC011228.1,12312
12324,SEC61G,12313
12325,AC074351.1,12314
12326,EGFR,12315
12327,EGFR-AS1,12316
12328,ELDR,12317
12329,LANCL2,12318
12330,VOPP1,12319
12331,AC099681.1,12320
12332,AC099681.3,12321
12333,AC099681.2,12322
12334,SEPT14,12323
12335,AC092647.5,12324
12336,ZNF713,12325
12337,NIPSNAP2,12326
12338,MRPS17,12327
12339,PSPH,12328
12340,CCT6A,12329
12341,SUMF2,12330
12342,PHKG1,12331
12343,CHCHD2,12332
12344,NUPR2,12333
12345,AC092447.4,12334
12346,AC092447.8,12335
12347,AC092447.5,12336
12348,AC118758.3,12337
12349,ZNF479,12338
12350,AC099654.1,12339
12351,AC237221.1,12340
12352,ZNF716,12341
12353,AC069285.1,12342
12354,AC006455.1,12343
12355,AC006455.4,12344
12356,AC073188.3,12345
12357,AC073188.4,12346
12358,AC073188.2,12347
12359,AC073188.5,12348
12360,AC092634.5,12349
12361,AC092634.3,12350
12362,AC115220.1,12351
12363,LINC01005,12352
12364,ZNF727,12353
12365,AC091685.1,12354
12366,ZNF735,12355
12367,ZNF679,12356
12368,ZNF736,12357
12369,ZNF680,12358
12370,ZNF107,12359
12371,ZNF138,12360
12372,ZNF273,12361
12373,AC073349.1,12362
12374,ZNF117,12363
12375,ERV3-1,12364
12376,AC104073.4,12365
12377,ZNF92,12366
12378,AC114501.3,12367
12379,VKORC1L1,12368
12380,GUSB,12369
12381,ASL,12370
12382,AC068533.4,12371
12383,CRCP,12372
12384,AC068533.3,12373
12385,TPST1,12374
12386,AC008267.5,12375
12387,KCTD7,12376
12388,AC027644.4,12377
12389,RABGEF1,12378
12390,AC027644.3,12379
12391,AC073335.2,12380
12392,TMEM248,12381
12393,SBDS,12382
12394,TYW1,12383
12395,AC006480.2,12384
12396,LINC01372,12385
12397,AC005482.1,12386
12398,AC092637.1,12387
12399,AC006013.1,12388
12400,AC093655.1,12389
12401,AC104688.1,12390
12402,AC069280.1,12391
12403,AC092100.1,12392
12404,AC006012.1,12393
12405,AUTS2,12394
12406,GALNT17,12395
12407,CALN1,12396
12408,TYW1B,12397
12409,POM121,12398
12410,AC211476.2,12399
12411,TRIM74,12400
12412,NSUN5,12401
12413,TRIM50,12402
12414,FKBP6,12403
12415,FZD9,12404
12416,BAZ1B,12405
12417,BCL7B,12406
12418,TBL2,12407
12419,MLXIPL,12408
12420,VPS37D,12409
12421,DNAJC30,12410
12422,BUD23,12411
12423,STX1A,12412
12424,ABHD11,12413
12425,CLDN3,12414
12426,CLDN4,12415
12427,METTL27,12416
12428,TMEM270,12417
12429,AC099398.1,12418
12430,ELN,12419
12431,ELN-AS1,12420
12432,LIMK1,12421
12433,EIF4H,12422
12434,LAT2,12423
12435,RFC2,12424
12436,CLIP2,12425
12437,GTF2IRD1,12426
12438,AC211433.2,12427
12439,GTF2I,12428
12440,NCF1,12429
12441,GTF2IRD2,12430
12442,CASTOR2,12431
12443,RCC1L,12432
12444,GTF2IRD2B,12433
12445,AC211486.5,12434
12446,AC211486.2,12435
12447,TRIM73,12436
12448,POM121C,12437
12449,SPDYE5,12438
12450,HIP1,12439
12451,CCL26,12440
12452,CCL24,12441
12453,RHBDD2,12442
12454,POR,12443
12455,TMEM120A,12444
12456,STYXL1,12445
12457,MDH2,12446
12458,SRRM3,12447
12459,HSPB1,12448
12460,YWHAG,12449
12461,SSC4D,12450
12462,ZP3,12451
12463,DTX2,12452
12464,AC005522.1,12453
12465,UPK3B,12454
12466,SPDYE16,12455
12467,POMZP3,12456
12468,AC114737.1,12457
12469,CCDC146,12458
12470,FGL2,12459
12471,AC098851.1,12460
12472,GSAP,12461
12473,AC004921.1,12462
12474,PTPN12,12463
12475,APTR,12464
12476,RSBN1L,12465
12477,TMEM60,12466
12478,PHTF2,12467
12479,AC004990.1,12468
12480,MAGI2,12469
12481,MAGI2-AS1,12470
12482,MAGI2-AS2,12471
12483,AC006355.2,12472
12484,GNAI1,12473
12485,AC003988.1,12474
12486,AC004862.1,12475
12487,CD36,12476
12488,GNAT3,12477
12489,SEMA3C,12478
12490,AC005008.2,12479
12491,HGF,12480
12492,CACNA2D1,12481
12493,AC006145.1,12482
12494,PCLO,12483
12495,AC079799.1,12484
12496,SEMA3E,12485
12497,SEMA3A,12486
12498,AC003984.1,12487
12499,AC074183.1,12488
12500,SEMA3D,12489
12501,LINC00972,12490
12502,GRM3,12491
12503,AC005009.1,12492
12504,AC005009.2,12493
12505,KIAA1324L,12494
12506,AC004023.1,12495
12507,AC005076.1,12496
12508,DMTF1,12497
12509,TMEM243,12498
12510,TP53TG1,12499
12511,CROT,12500
12512,ABCB4,12501
12513,ABCB1,12502
12514,RUNDC3B,12503
12515,SLC25A40,12504
12516,DBF4,12505
12517,ADAM22,12506
12518,SRI,12507
12519,AC003991.2,12508
12520,AC003991.1,12509
12521,STEAP4,12510
12522,AC002127.2,12511
12523,ZNF804B,12512
12524,TEX47,12513
12525,AC002383.1,12514
12526,AC004969.1,12515
12527,STEAP1,12516
12528,STEAP2,12517
12529,CFAP69,12518
12530,AC002064.2,12519
12531,AC002064.1,12520
12532,FAM237B,12521
12533,GTPBP10,12522
12534,CLDN12,12523
12535,CDK14,12524
12536,AC002456.1,12525
12537,FZD1,12526
12538,AC079760.2,12527
12539,AC079760.1,12528
12540,AC000058.1,12529
12541,MTERF1,12530
12542,AKAP9,12531
12543,CYP51A1,12532
12544,LRRD1,12533
12545,CYP51A1-AS1,12534
12546,KRIT1,12535
12547,ANKIB1,12536
12548,GATAD1,12537
12549,AC007566.1,12538
12550,ERVW-1,12539
12551,PEX1,12540
12552,RBM48,12541
12553,FAM133B,12542
12554,CDK6,12543
12555,AC002454.1,12544
12556,SAMD9,12545
12557,SAMD9L,12546
12558,HEPACAM2,12547
12559,VPS50,12548
12560,CALCR,12549
12561,GNGT1,12550
12562,TFPI2,12551
12563,AC002076.1,12552
12564,GNG11,12553
12565,BET1,12554
12566,AC006378.1,12555
12567,AC003092.1,12556
12568,AC003092.2,12557
12569,AC002074.1,12558
12570,COL1A2,12559
12571,CASD1,12560
12572,SGCE,12561
12573,PEG10,12562
12574,PPP1R9A,12563
12575,AC002429.2,12564
12576,PON1,12565
12577,PON3,12566
12578,PON2,12567
12579,AC005021.1,12568
12580,AC004012.1,12569
12581,ASB4,12570
12582,PDK4,12571
12583,AC002451.1,12572
12584,DYNC1I1,12573
12585,SLC25A13,12574
12586,SEM1,12575
12587,DLX6-AS1,12576
12588,DLX6,12577
12589,DLX5,12578
12590,SDHAF3,12579
12591,TAC1,12580
12592,ASNS,12581
12593,OCM2,12582
12594,LMTK2,12583
12595,BHLHA15,12584
12596,TECPR1,12585
12597,BRI3,12586
12598,BAIAP2L1,12587
12599,AC093799.1,12588
12600,NPTX2,12589
12601,TMEM130,12590
12602,TRRAP,12591
12603,SMURF1,12592
12604,KPNA7,12593
12605,AC004834.1,12594
12606,AC004922.1,12595
12607,ARPC1A,12596
12608,ARPC1B,12597
12609,PDAP1,12598
12610,BUD31,12599
12611,PTCD1,12600
12612,ATP5MF-PTCD1,12601
12613,CPSF4,12602
12614,ATP5MF,12603
12615,ZNF789,12604
12616,ZNF394,12605
12617,ZKSCAN5,12606
12618,FAM200A,12607
12619,ZNF655,12608
12620,AC005020.2,12609
12621,TMEM225B,12610
12622,ZSCAN25,12611
12623,CYP3A5,12612
12624,CYP3A7,12613
12625,CYP3A7-CYP3A51P,12614
12626,CYP3A4,12615
12627,AC069294.1,12616
12628,CYP3A43,12617
12629,OR2AE1,12618
12630,TRIM4,12619
12631,GJC3,12620
12632,AC004522.2,12621
12633,AZGP1,12622
12634,ZKSCAN1,12623
12635,ZSCAN21,12624
12636,ZNF3,12625
12637,COPS6,12626
12638,MCM7,12627
12639,AP4M1,12628
12640,TAF6,12629
12641,AC073842.2,12630
12642,CNPY4,12631
12643,MBLAC1,12632
12644,AC073842.1,12633
12645,LAMTOR4,12634
12646,C7orf43,12635
12647,GAL3ST4,12636
12648,GPC2,12637
12649,STAG3,12638
12650,CASTOR3,12639
12651,PVRIG,12640
12652,SPDYE3,12641
12653,PILRB,12642
12654,PILRA,12643
12655,ZCWPW1,12644
12656,MEPCE,12645
12657,AC092849.2,12646
12658,PPP1R35,12647
12659,AC092849.1,12648
12660,C7orf61,12649
12661,TSC22D4,12650
12662,NYAP1,12651
12663,AC069281.1,12652
12664,AGFG2,12653
12665,SAP25,12654
12666,LRCH4,12655
12667,FBXO24,12656
12668,PCOLCE-AS1,12657
12669,PCOLCE,12658
12670,MOSPD3,12659
12671,TFR2,12660
12672,ACTL6B,12661
12673,GNB2,12662
12674,GIGYF1,12663
12675,POP7,12664
12676,EPO,12665
12677,ZAN,12666
12678,EPHB4,12667
12679,SLC12A9,12668
12680,SLC12A9-AS1,12669
12681,TRIP6,12670
12682,SRRT,12671
12683,UFSP1,12672
12684,ACHE,12673
12685,MUC3A,12674
12686,AC254629.1,12675
12687,MUC12,12676
12688,AC105446.1,12677
12689,MUC17,12678
12690,TRIM56,12679
12691,SERPINE1,12680
12692,AP1S1,12681
12693,VGF,12682
12694,NAT16,12683
12695,MOGAT3,12684
12696,PLOD3,12685
12697,ZNHIT1,12686
12698,CLDN15,12687
12699,FIS1,12688
12700,LNCPRESS1,12689
12701,AC006329.1,12690
12702,IFT22,12691
12703,COL26A1,12692
12704,LINC01007,12693
12705,MYL10,12694
12706,CUX1,12695
12707,AC005096.1,12696
12708,AC005086.1,12697
12709,SH2B2,12698
12710,SPDYE6,12699
12711,PRKRIP1,12700
12712,AC073517.1,12701
12713,ORAI2,12702
12714,ALKBH4,12703
12715,LRWD1,12704
12716,POLR2J,12705
12717,RASA4B,12706
12718,AC093668.2,12707
12719,POLR2J3,12708
12720,AC093668.3,12709
12721,AC093668.1,12710
12722,SPDYE2,12711
12723,POLR2J3,12708
12724,RASA4,12712
12725,AC105052.1,12713
12726,UPK3BL1,12714
12727,AC105052.3,12715
12728,SPDYE2B,12716
12729,POLR2J2,12717
12730,FAM185A,12718
12731,FBXL13,12719
12732,LRRC17,12720
12733,NFE4,12721
12734,AC073127.1,12722
12735,ARMC10,12723
12736,NAPEPLD,12724
12737,PMPCB,12725
12738,DNAJC2,12726
12739,PSMC2,12727
12740,SLC26A5,12728
12741,AC005064.1,12729
12742,RELN,12730
12743,ORC5,12731
12744,LHFPL3,12732
12745,AC007384.1,12733
12746,LINC01004,12734
12747,KMT2E-AS1,12735
12748,KMT2E,12736
12749,AC005070.3,12737
12750,SRPK2,12738
12751,AC004884.2,12739
12752,PUS7,12740
12753,RINT1,12741
12754,EFCAB10,12742
12755,AC073073.2,12743
12756,ATXN7L1,12744
12757,CDHR3,12745
12758,SYPL1,12746
12759,NAMPT,12747
12760,AC007032.1,12748
12761,AC005050.1,12749
12762,CCDC71L,12750
12763,LINC02577,12751
12764,AC002384.1,12752
12765,PIK3CG,12753
12766,PRKAR2B,12754
12767,HBP1,12755
12768,AC004492.1,12756
12769,COG5,12757
12770,GPR22,12758
12771,DUS4L,12759
12772,AC004839.1,12760
12773,BCAP29,12761
12774,SLC26A4-AS1,12762
12775,SLC26A4,12763
12776,AC002467.1,12764
12777,CBLL1,12765
12778,SLC26A3,12766
12779,DLD,12767
12780,LAMB1,12768
12781,AC005046.1,12769
12782,LAMB4,12770
12783,NRCAM,12771
12784,PNPLA8,12772
12785,THAP5,12773
12786,DNAJB9,12774
12787,AC005487.1,12775
12788,C7orf66,12776
12789,AC004014.1,12777
12790,AC002386.1,12778
12791,AC073071.1,12779
12792,AC092167.1,12780
12793,IMMP2L,12781
12794,LRRN3,12782
12795,DOCK4,12783
12796,DOCK4-AS1,12784
12797,ZNF277,12785
12798,AC004112.1,12786
12799,IFRD1,12787
12800,LSMEM1,12788
12801,AC002463.1,12789
12802,TMEM168,12790
12803,BMT2,12791
12804,AC018464.1,12792
12805,GPR85,12793
12806,SMIM30,12794
12807,PPP1R3A,12795
12808,FOXP2,12796
12809,AC073626.1,12797
12810,MDFIC,12798
12811,LINC01392,12799
12812,LINC01393,12800
12813,AC092590.1,12801
12814,AC093714.1,12802
12815,AC093714.2,12803
12816,TFEC,12804
12817,TES,12805
12818,AC073130.2,12806
12819,AC002066.1,12807
12820,CAV2,12808
12821,CAV1,12809
12822,AC006159.1,12810
12823,AC006159.2,12811
12824,LINC01510,12812
12825,MET,12813
12826,CAPZA2,12814
12827,ST7-AS1,12815
12828,ST7,12816
12829,AC106873.1,12817
12830,ST7-AS2,12818
12831,WNT2,12819
12832,AC002465.1,12820
12833,ASZ1,12821
12834,CFTR,12822
12835,CFTR-AS1,12823
12836,AC000061.1,12824
12837,CTTNBP2,12825
12838,AC003084.1,12826
12839,LSM8,12827
12840,ANKRD7,12828
12841,LINC02476,12829
12842,AC004872.1,12830
12843,AC004946.1,12831
12844,KCND2,12832
12845,AC004888.1,12833
12846,TSPAN12,12834
12847,ING3,12835
12848,CPED1,12836
12849,WNT16,12837
12850,FAM3C,12838
12851,AC004875.1,12839
12852,PTPRZ1,12840
12853,AASS,12841
12854,AC015983.2,12842
12855,FEZF1,12843
12856,FEZF1-AS1,12844
12857,CADPS2,12845
12858,AC004594.1,12846
12859,RNF133,12847
12860,RNF148,12848
12861,TAS2R16,12849
12862,AC073311.1,12850
12863,SLC13A1,12851
12864,IQUB,12852
12865,AC073323.1,12853
12866,NDUFA5,12854
12867,ASB15,12855
12868,AC006333.1,12856
12869,LMOD2,12857
12870,WASL,12858
12871,AC006333.2,12859
12872,HYAL4,12860
12873,SPAM1,12861
12874,AC004690.2,12862
12875,TMEM229A,12863
12876,AC006148.1,12864
12877,AC006148.2,12865
12878,AC004930.1,12866
12879,SSU72P8,12867
12880,GPR37,12868
12881,C7orf77,12869
12882,POT1,12870
12883,POT1-AS1,12871
12884,AC019155.3,12872
12885,AC010099.4,12873
12886,AC019155.2,12874
12887,AC073486.1,12875
12888,AC003975.1,12876
12889,AC000372.1,12877
12890,GRM8,12878
12891,AC000099.1,12879
12892,ZNF800,12880
12893,AC000123.1,12881
12894,AC000124.1,12882
12895,GCC1,12883
12896,ARF5,12884
12897,FSCN3,12885
12898,PAX4,12886
12899,AC073934.1,12887
12900,SND1,12888
12901,SND1-IT1,12889
12902,LRRC4,12890
12903,LEP,12891
12904,AC018635.2,12892
12905,RBM28,12893
12906,PRRT4,12894
12907,IMPDH1,12895
12908,HILPDA,12896
12909,METTL2B,12897
12910,AC090114.2,12898
12911,AC018638.7,12899
12912,FAM71F2,12900
12913,AC018638.6,12901
12914,FAM71F1,12902
12915,CALU,12903
12916,OPN1SW,12904
12917,CCDC136,12905
12918,FLNC,12906
12919,FLNC-AS1,12907
12920,KCP,12908
12921,ATP6V1F,12909
12922,ATP6V1FNB,12910
12923,IRF5,12911
12924,TNPO3,12912
12925,AC011005.1,12913
12926,TSPAN33,12914
12927,SMO,12915
12928,AC011005.4,12916
12929,AHCYL2,12917
12930,STRIP2,12918
12931,SMKR1,12919
12932,AC078846.1,12920
12933,NRF1,12921
12934,AC084864.1,12922
12935,UBE2H,12923
12936,AC073320.1,12924
12937,ZC3HC1,12925
12938,KLHDC10,12926
12939,AC087071.1,12927
12940,TMEM209,12928
12941,AC087071.2,12929
12942,SSMEM1,12930
12943,CPA2,12931
12944,CPA4,12932
12945,CPA5,12933
12946,CPA1,12934
12947,CEP41,12935
12948,AC007938.1,12936
12949,MESTIT1,12937
12950,MEST,12938
12951,AC007938.2,12939
12952,COPG2,12940
12953,AC007938.3,12941
12954,TSGA13,12942
12955,KLF14,12943
12956,AC016831.6,12944
12957,AC016831.7,12945
12958,LINC00513,12946
12959,AC016831.1,12947
12960,AC016831.5,12948
12961,AC058791.1,12949
12962,MKLN1,12950
12963,AC008264.2,12951
12964,PODXL,12952
12965,AC009518.1,12953
12966,PLXNA4,12954
12967,AC018643.1,12955
12968,AC011625.1,12956
12969,AC009365.1,12957
12970,AC009365.2,12958
12971,CHCHD3,12959
12972,AC009365.3,12960
12973,EXOC4,12961
12974,LRGUK,12962
12975,AC008154.2,12963
12976,SLC35B4,12964
12977,AC008154.1,12965
12978,AC009275.1,12966
12979,AKR1B1,12967
12980,AKR1B10,12968
12981,AKR1B15,12969
12982,BPGM,12970
12983,AC009276.1,12971
12984,CALD1,12972
12985,AGBL3,12973
12986,CYREN,12974
12987,TMEM140,12975
12988,AC083862.2,12976
12989,WDR91,12977
12990,AC009542.1,12978
12991,STRA8,12979
12992,CNOT4,12980
12993,NUP205,12981
12994,STMP1,12982
12995,SLC13A4,12983
12996,AC091736.1,12984
12997,FAM180A,12985
12998,AC015987.1,12986
12999,MTPN,12987
13000,LUZP6,12988
13001,AC024084.1,12989
13002,AC078845.1,12990
13003,AC009264.1,12991
13004,CHRM2,12992
13005,PTN,12993
13006,AC078842.2,12994
13007,AC078842.1,12995
13008,DGKI,12996
13009,CREB3L2,12997
13010,AC022173.1,12998
13011,AKR1D1,12999
13012,AC083867.1,13000
13013,TRIM24,13001
13014,SVOPL,13002
13015,ATP6V0A4,13003
13016,TMEM213,13004
13017,KIAA1549,13005
13018,ZC3HAV1L,13006
13019,ZC3HAV1,13007
13020,TTC26,13008
13021,UBN2,13009
13022,FMC1,13010
13023,LUC7L2,13011
13024,C7orf55-LUC7L2,13012
13025,AC083880.1,13013
13026,KLRG2,13014
13027,CLEC2L,13015
13028,HIPK2,13016
13029,TBXAS1,13017
13030,PARP12,13018
13031,KDM7A,13019
13032,SLC37A3,13020
13033,RAB19,13021
13034,MKRN1,13022
13035,DENND2A,13023
13036,ADCK2,13024
13037,NDUFB2,13025
13038,NDUFB2-AS1,13026
13039,BRAF,13027
13040,MRPS33,13028
13041,TMEM178B,13029
13042,AC005692.1,13030
13043,AC005692.2,13031
13044,AC073878.2,13032
13045,AC073878.1,13033
13046,AGK,13034
13047,AC004918.1,13035
13048,KIAA1147,13036
13049,WEE2-AS1,13037
13050,WEE2,13038
13051,SSBP1,13039
13052,TAS2R3,13040
13053,TAS2R4,13041
13054,TAS2R5,13042
13055,PRSS37,13043
13056,MGAM,13044
13057,OR9A4,13045
13058,CLEC5A,13046
13059,TAS2R38,13047
13060,MGAM2,13048
13061,PRSS58,13049
13062,AC245088.2,13050
13063,TRBV1,13051
13064,TRBV2,13052
13065,TRBV3-1,13053
13066,TRBV4-1,13054
13067,TRBV5-1,13055
13068,TRBV6-1,13056
13069,TRBV7-1,13057
13070,TRBV4-2,13058
13071,TRBV6-2,13059
13072,TRBV7-2,13060
13073,TRBV8-1,13061
13074,TRBV5-2,13062
13075,TRBV6-4,13063
13076,TRBV7-3,13064
13077,TRBV8-2,13065
13078,TRBV5-3,13066
13079,TRBV9,13067
13080,TRBV10-1,13068
13081,TRBV11-1,13069
13082,TRBV12-1,13070
13083,TRBV10-2,13071
13084,TRBV11-2,13072
13085,TRBV12-2,13073
13086,TRBV6-5,13074
13087,TRBV7-4,13075
13088,TRBV5-4,13076
13089,TRBV6-6,13077
13090,TRBV7-5,13078
13091,TRBV5-5,13079
13092,TRBV6-7,13080
13093,TRBV7-6,13081
13094,TRBV5-6,13082
13095,TRBV6-8,13083
13096,TRBV7-7,13084
13097,TRBV5-7,13085
13098,TRBV7-9,13086
13099,TRBV13,13087
13100,TRBV10-3,13088
13101,TRBV11-3,13089
13102,TRBV12-3,13090
13103,TRBV12-4,13091
13104,TRBV12-5,13092
13105,TRBV14,13093
13106,TRBV15,13094
13107,TRBV16,13095
13108,TRBV17,13096
13109,TRBV18,13097
13110,TRBV19,13098
13111,TRBV20-1,13099
13112,TRBV21-1,13100
13113,TRBV22-1,13101
13114,TRBV23-1,13102
13115,TRBV24-1,13103
13116,MTRNR2L6,13104
13117,TRBV25-1,13105
13118,TRBVA,13106
13119,TRBV26,13107
13120,TRBVB,13108
13121,TRBV27,13109
13122,TRBV28,13110
13123,TRBV29-1,13111
13124,PRSS1,13112
13125,PRSS2,13113
13126,TRBD1,13114
13127,TRBJ1-1,13115
13128,TRBJ1-2,13116
13129,TRBJ1-3,13117
13130,TRBJ1-4,13118
13131,TRBJ1-5,13119
13132,TRBJ1-6,13120
13133,TRBC1,13121
13134,TRBJ2-1,13122
13135,TRBJ2-2,13123
13136,TRBJ2-2P,13124
13137,TRBJ2-3,13125
13138,TRBJ2-4,13126
13139,TRBJ2-5,13127
13140,TRBJ2-6,13128
13141,TRBJ2-7,13129
13142,TRBC2,13130
13143,TRBV30,13131
13144,EPHB6,13132
13145,TRPV6,13133
13146,AC245427.1,13134
13147,TRPV5,13135
13148,LLCFC1,13136
13149,KEL,13137
13150,OR9A2,13138
13151,OR6V1,13139
13152,PIP,13140
13153,TAS2R39,13141
13154,AC073342.2,13142
13155,TAS2R40,13143
13156,GSTK1,13144
13157,AC073342.1,13145
13158,TMEM139,13146
13159,CASP2,13147
13160,CLCN1,13148
13161,FAM131B,13149
13162,AC093673.2,13150
13163,AC093673.1,13151
13164,ZYX,13152
13165,EPHA1,13153
13166,EPHA1-AS1,13154
13167,TAS2R60,13155
13168,TAS2R41,13156
13169,CTAGE15,13157
13170,TCAF2,13158
13171,TCAF2C,13159
13172,CTAGE6,13160
13173,TCAF1,13161
13174,OR2F2,13162
13175,OR2F1,13163
13176,OR6B1,13164
13177,OR2A5,13165
13178,OR2A25,13166
13179,OR2A12,13167
13180,OR2A2,13168
13181,OR2A14,13169
13182,CTAGE4,13170
13183,ARHGEF35,13171
13184,AC004889.1,13172
13185,OR2A42,13173
13186,AC074386.1,13174
13187,OR2A7,13175
13188,CTAGE8,13176
13189,OR2A1-AS1,13177
13190,OR2A1,13178
13191,ARHGEF5,13179
13192,NOBOX,13180
13193,TPK1,13181
13194,AC006007.1,13182
13195,CNTNAP2,13183
13196,AC006004.1,13184
13197,AC006974.1,13185
13198,AC006974.2,13186
13199,C7orf33,13187
13200,AC005229.4,13188
13201,CUL1,13189
13202,EZH2,13190
13203,GHET1,13191
13204,PDIA4,13192
13205,ZNF786,13193
13206,ZNF425,13194
13207,ZNF398,13195
13208,ZNF282,13196
13209,ZNF212,13197
13210,ZNF783,13198
13211,AC004941.1,13199
13212,AC073314.1,13200
13213,ZNF777,13201
13214,ZNF746,13202
13215,KRBA1,13203
13216,ZNF467,13204
13217,SSPO,13205
13218,ZNF862,13206
13219,AC004877.1,13207
13220,ATP6V0E2-AS1,13208
13221,ATP6V0E2,13209
13222,AC093458.1,13210
13223,AC092681.3,13211
13224,AC092681.2,13212
13225,AC092666.1,13213
13226,ACTR3C,13214
13227,LRRC61,13215
13228,ZBED6CL,13216
13229,RARRES2,13217
13230,AC005586.1,13218
13231,REPIN1,13219
13232,AC073111.3,13220
13233,ZNF775,13221
13234,AC073111.1,13222
13235,AC073111.5,13223
13236,LINC00996,13224
13237,GIMAP8,13225
13238,GIMAP7,13226
13239,GIMAP4,13227
13240,GIMAP6,13228
13241,GIMAP2,13229
13242,GIMAP1,13230
13243,GIMAP1-GIMAP5,13231
13244,GIMAP5,13232
13245,TMEM176B,13233
13246,TMEM176A,13234
13247,AOC1,13235
13248,KCNH2,13236
13249,NOS3,13237
13250,ATG9B,13238
13251,ABCB8,13239
13252,AC010973.1,13240
13253,ASIC3,13241
13254,CDK5,13242
13255,SLC4A2,13243
13256,AC010973.2,13244
13257,FASTK,13245
13258,TMUB1,13246
13259,AGAP3,13247
13260,GBX1,13248
13261,ASB10,13249
13262,IQCA1L,13250
13263,AC021097.2,13251
13264,ABCF2,13252
13265,ABCF2,13252
13266,CHPF2,13253
13267,SMARCD3,13254
13268,AC021097.1,13255
13269,AC005486.1,13256
13270,NUB1,13257
13271,WDR86,13258
13272,AC005996.1,13259
13273,CRYGN,13260
13274,RHEB,13261
13275,PRKAG2,13262
13276,PRKAG2-AS1,13263
13277,AC074257.1,13264
13278,GALNTL5,13265
13279,GALNT11,13266
13280,AC006017.1,13267
13281,KMT2C,13268
13282,LINC01003,13269
13283,XRCC2,13270
13284,ACTR3B,13271
13285,LINC01287,13272
13286,DPP6,13273
13287,AC006019.3,13274
13288,AC006019.1,13275
13289,AC006019.2,13276
13290,AC073336.1,13277
13291,PAXIP1-AS2,13278
13292,PAXIP1,13279
13293,AC093726.1,13280
13294,AC093726.2,13281
13295,PAXIP1-AS1,13282
13296,HTR5A-AS1,13283
13297,HTR5A,13284
13298,AC099552.1,13285
13299,AC099552.3,13286
13300,AC099552.2,13287
13301,AC144652.1,13288
13302,INSIG1,13289
13303,BLACE,13290
13304,AC008060.1,13291
13305,AC008060.3,13292
13306,EN2,13293
13307,CNPY1,13294
13308,AC008060.2,13295
13309,AC009403.1,13296
13310,RBM33,13297
13311,SHH,13298
13312,AC021218.1,13299
13313,AC073133.1,13300
13314,AC073133.2,13301
13315,LINC01006,13302
13316,LINC00244,13303
13317,RNF32,13304
13318,AC005534.1,13305
13319,LMBR1,13306
13320,AC006357.1,13307
13321,NOM1,13308
13322,MNX1,13309
13323,MNX1-AS2,13310
13324,MNX1-AS1,13311
13325,AC006967.2,13312
13326,AC006967.3,13313
13327,UBE3C,13314
13328,AC004975.2,13315
13329,DNAJB6,13316
13330,AC006372.3,13317
13331,AC006372.1,13318
13332,AC006372.2,13319
13333,PTPRN2,13320
13334,AC005481.1,13321
13335,AC011899.2,13322
13336,AC011899.3,13323
13337,AC011899.1,13324
13338,AC078942.1,13325
13339,LINC01022,13326
13340,NCAPG2,13327
13341,ESYT2,13328
13342,WDR60,13329
13343,VIPR2,13330
13344,PLCXD1,13331
13345,GTPBP6,13332
13346,LINC00685,13333
13347,PPP2R3B,13334
13348,AL732314.6,13335
13349,AL732314.4,13336
13350,SHOX,13337
13351,AL672277.1,13338
13352,CRLF2,13339
13353,CSF2RA,13340
13354,IL3RA,13341
13355,SLC25A6,13342
13356,LINC00106,13343
13357,ASMTL-AS1,13344
13358,ASMTL,13345
13359,P2RY8,13346
13360,AKAP17A,13347
13361,ASMT,13348
13362,AL683807.1,13349
13363,AL683807.2,13350
13364,DHRSX,13351
13365,ZBED1,13352
13366,LINC00102,13353
13367,CD99,13354
13368,XG,13355
13369,GYG2,13356
13370,GYG2-AS1,13357
13371,ARSD,13358
13372,ARSD-AS1,13359
13373,ARSE,13360
13374,ARSH,13361
13375,ARSF,13362
13376,LINC01546,13363
13377,MXRA5,13364
13378,PRKX,13365
13379,PRKX-AS1,13366
13380,BX890604.1,13367
13381,FAM239A,13368
13382,FAM239B,13369
13383,FAM239C,13370
13384,AC074035.1,13371
13385,AC110995.1,13372
13386,NLGN4X,13373
13387,VCX3A,13374
13388,AC097347.1,13375
13389,PUDP,13376
13390,STS,13377
13391,VCX,13378
13392,PNPLA4,13379
13393,AC078960.1,13380
13394,VCX2,13381
13395,VCX3B,13382
13396,ANOS1,13383
13397,FAM9A,13384
13398,AC003685.1,13385
13399,FAM9B,13386
13400,AC003684.1,13387
13401,TBL1X,13388
13402,GPR143,13389
13403,SHROOM2,13390
13404,CLDN34,13391
13405,WWC3,13392
13406,WWC3-AS1,13393
13407,CLCN4,13394
13408,AC003666.1,13395
13409,MID1,13396
13410,AC073529.1,13397
13411,HCCS,13398
13412,ARHGAP6,13399
13413,AMELX,13400
13414,AC004554.2,13401
13415,MSL3,13402
13416,FRMPD4,13403
13417,FRMPD4-AS1,13404
13418,PRPS2,13405
13419,TLR7,13406
13420,TLR8-AS1,13407
13421,TLR8,13408
13422,TMSB4X,13409
13423,FAM9C,13410
13424,AC079171.1,13411
13425,LINC02154,13412
13426,AC004674.1,13413
13427,ATXN3L,13414
13428,LINC01203,13415
13429,AC135371.1,13416
13430,EGFL6,13417
13431,TCEANC,13418
13432,RAB9A,13419
13433,TRAPPC2,13420
13434,OFD1,13421
13435,GPM6B,13422
13436,AC003035.2,13423
13437,AC003035.1,13424
13438,GEMIN8,13425
13439,GLRA2,13426
13440,FANCB,13427
13441,MOSPD2,13428
13442,ASB9,13429
13443,ASB11,13430
13444,PIGA,13431
13445,VEGFD,13432
13446,PIR,13433
13447,BMX,13434
13448,ACE2,13435
13449,AC097625.1,13436
13450,CLTRN,13437
13451,CA5B,13438
13452,INE2,13439
13453,ZRSR2,13440
13454,AP1S2,13441
13455,GRPR,13442
13456,AC078993.1,13443
13457,MAGEB17,13444
13458,CTPS2,13445
13459,S100G,13446
13460,SYAP1,13447
13461,TXLNG,13448
13462,RBBP7,13449
13463,REPS2,13450
13464,NHS,13451
13465,NHS-AS1,13452
13466,SCML1,13453
13467,RAI2,13454
13468,LINC01456,13455
13469,BEND2,13456
13470,SCML2,13457
13471,CDKL5,13458
13472,RS1,13459
13473,PPEF1,13460
13474,PPEF1-AS1,13461
13475,PHKA2-AS1,13462
13476,PHKA2,13463
13477,ADGRG2,13464
13478,PDHA1,13465
13479,MAP3K15,13466
13480,SH3KBP1,13467
13481,BCLAF3,13468
13482,MAP7D2,13469
13483,EIF1AX,13470
13484,EIF1AX-AS1,13471
13485,RPS6KA3,13472
13486,AL928596.1,13473
13487,AL807740.1,13474
13488,BX088723.1,13475
13489,CNKSR2,13476
13490,KLHL34,13477
13491,SMPX,13478
13492,MBTPS2,13479
13493,YY2,13480
13494,SMS,13481
13495,PHEX,13482
13496,PHEX-AS1,13483
13497,PTCHD1-AS,13484
13498,CBLL2,13485
13499,AC092832.2,13486
13500,AC004470.1,13487
13501,DDX53,13488
13502,PTCHD1,13489
13503,PRDX4,13490
13504,ACOT9,13491
13505,AC131011.1,13492
13506,SAT1,13493
13507,APOO,13494
13508,CXorf58,13495
13509,KLHL15,13496
13510,EIF2S3,13497
13511,ZFX-AS1,13498
13512,ZFX,13499
13513,PDK3,13500
13514,PCYT1B,13501
13515,PCYT1B-AS1,13502
13516,POLA1,13503
13517,ARX,13504
13518,AC121342.1,13505
13519,MAGEB18,13506
13520,MAGEB6B,13507
13521,MAGEB6,13508
13522,MAGEB5,13509
13523,VENTXP1,13510
13524,AC112493.1,13511
13525,AC107419.1,13512
13526,PPP4R3C,13513
13527,DCAF8L2,13514
13528,MAGEB10,13515
13529,DCAF8L1,13516
13530,AC112495.1,13517
13531,IL1RAPL1,13518
13532,MAGEB2,13519
13533,MAGEB3,13520
13534,MAGEB4,13521
13535,MAGEB1,13522
13536,NR0B1,13523
13537,CXorf21,13524
13538,GK,13525
13539,GK-AS1,13526
13540,TAB3,13527
13541,TAB3-AS1,13528
13542,TAB3-AS2,13529
13543,FTHL17,13530
13544,DMD,13531
13545,DMD-AS3,13532
13546,AL591501.1,13533
13547,FAM47A,13534
13548,AL592043.1,13535
13549,TMEM47,13536
13550,FAM47B,13537
13551,MAGEB16,13538
13552,CFAP47,13539
13553,AL606516.1,13540
13554,FAM47C,13541
13555,PRRG1,13542
13556,AF241726.2,13543
13557,LANCL3,13544
13558,XK,13545
13559,CYBB,13546
13560,DYNLT3,13547
13561,AL121578.3,13548
13562,HYPM,13549
13563,SYTL5,13550
13564,SRPX,13551
13565,AL606748.1,13552
13566,RPGR,13553
13567,OTC,13554
13568,TSPAN7,13555
13569,AF241728.1,13556
13570,MID1IP1,13557
13571,MID1IP1-AS1,13558
13572,AC108879.1,13559
13573,LINC01281,13560
13574,LINC01282,13561
13575,AC091808.1,13562
13576,AL592164.1,13563
13577,AC092198.1,13564
13578,BCOR,13565
13579,AC091806.1,13566
13580,ATP6AP2,13567
13581,MPC1L,13568
13582,CXorf38,13569
13583,MED14,13570
13584,MED14OS,13571
13585,USP9X,13572
13586,AL109797.1,13573
13587,DDX3X,13574
13588,NYX,13575
13589,CASK,13576
13590,CASK-AS1,13577
13591,GPR34,13578
13592,GPR82,13579
13593,AL133329.1,13580
13594,Z93403.1,13581
13595,PPP1R2C,13582
13596,PINCR,13583
13597,MAOA,13584
13598,MAOB,13585
13599,NDP,13586
13600,NDP-AS1,13587
13601,EFHC2,13588
13602,FUNDC1,13589
13603,DUSP21,13590
13604,KDM6A,13591
13605,CXorf36,13592
13606,AC136489.1,13593
13607,LINC01204,13594
13608,MIR222HG,13595
13609,AC234772.3,13596
13610,AC234772.2,13597
13611,AL031584.2,13598
13612,LINC01186,13599
13613,KRBOX4,13600
13614,ZNF674,13601
13615,ZNF674-AS1,13602
13616,CHST7,13603
13617,SLC9A7,13604
13618,RP2,13605
13619,LINC01545,13606
13620,JADE3,13607
13621,RGN,13608
13622,NDUFB11,13609
13623,RBM10,13610
13624,UBA1,13611
13625,CDK16,13612
13626,USP11,13613
13627,AL591503.1,13614
13628,ZNF157,13615
13629,ZNF41,13616
13630,LINC01560,13617
13631,ARAF,13618
13632,SYN1,13619
13633,TIMP1,13620
13634,CFP,13621
13635,ELK1,13622
13636,UXT,13623
13637,UXT-AS1,13624
13638,ZNF81,13625
13639,ZNF182,13626
13640,ZNF630,13627
13641,SPACA5,13628
13642,ZNF630-AS1,13629
13643,SPACA5B,13630
13644,SSX5,13631
13645,SSX1,13632
13646,AL606490.3,13633
13647,SSX3,13634
13648,SSX4,13635
13649,SSX4B,13636
13650,SLC38A5,13637
13651,FTSJ1,13638
13652,AF196972.1,13639
13653,PORCN,13640
13654,EBP,13641
13655,TBC1D25,13642
13656,AC115618.1,13643
13657,RBM3,13644
13658,AC115618.2,13645
13659,WDR13,13646
13660,WAS,13647
13661,SUV39H1,13648
13662,AC231533.1,13649
13663,GLOD5,13650
13664,GATA1,13651
13665,HDAC6,13652
13666,ERAS,13653
13667,PCSK1N,13654
13668,TIMM17B,13655
13669,PQBP1,13656
13670,SLC35A2,13657
13671,PIM2,13658
13672,OTUD5,13659
13673,KCND1,13660
13674,GRIPAP1,13661
13675,TFE3,13662
13676,CCDC120,13663
13677,PRAF2,13664
13678,WDR45,13665
13679,GPKOW,13666
13680,MAGIX,13667
13681,PLP2,13668
13682,PRICKLE3,13669
13683,SYP,13670
13684,SYP-AS1,13671
13685,CACNA1F,13672
13686,CCDC22,13673
13687,FOXP3,13674
13688,PPP1R3F,13675
13689,AC232271.1,13676
13690,GAGE10,13677
13691,GAGE12J,13678
13692,GAGE13,13679
13693,GAGE2E,13680
13694,GAGE12B,13681
13695,GAGE12C,13682
13696,GAGE12D,13683
13697,GAGE12F,13684
13698,GAGE12E,13685
13699,GAGE12G,13686
13700,GAGE12H,13687
13701,GAGE1,13688
13702,GAGE2A,13689
13703,PAGE1,13690
13704,PAGE4,13691
13705,USP27X-AS1,13692
13706,USP27X,13693
13707,CLCN5,13694
13708,AKAP4,13695
13709,CCNB3,13696
13710,DGKK,13697
13711,SHROOM4,13698
13712,BMP15,13699
13713,LINC01284,13700
13714,NUDT10,13701
13715,AC233976.1,13702
13716,AL158055.1,13703
13717,CXorf67,13704
13718,NUDT11,13705
13719,LINC01496,13706
13720,CENPVL3,13707
13721,CENPVL2,13708
13722,CENPVL1,13709
13723,GSPT2,13710
13724,MAGED1,13711
13725,AC239585.1,13712
13726,AC239585.2,13713
13727,MAGED4B,13714
13728,MAGED4,13715
13729,AC245177.1,13716
13730,XAGE2,13717
13731,XAGE1A,13718
13732,XAGE1B,13719
13733,SSX7,13720
13734,SSX2,13721
13735,SSX2B,13722
13736,SPANXN5,13723
13737,XAGE5,13724
13738,XAGE3,13725
13739,FAM156B,13726
13740,FAM156A,13727
13741,GPR173,13728
13742,TSPYL2,13729
13743,AL591212.1,13730
13744,KANTR,13731
13745,KDM5C,13732
13746,IQSEC2,13733
13747,SMC1A,13734
13748,RIBC1,13735
13749,HSD17B10,13736
13750,AC233728.1,13737
13751,HUWE1,13738
13752,PHF8,13739
13753,FAM120C,13740
13754,WNK3,13741
13755,TSR2,13742
13756,FGD1,13743
13757,GNL3L,13744
13758,ITIH6,13745
13759,MAGED2,13746
13760,TRO,13747
13761,PFKFB1,13748
13762,APEX2,13749
13763,ALAS2,13750
13764,PAGE2B,13751
13765,PAGE2,13752
13766,FAM104B,13753
13767,MTRNR2L10,13754
13768,PAGE5,13755
13769,PAGE3,13756
13770,MAGEH1,13757
13771,USP51,13758
13772,FOXR2,13759
13773,RRAGB,13760
13774,AL445472.1,13761
13775,KLF8,13762
13776,UBQLN2,13763
13777,AL354793.1,13764
13778,NBDY,13765
13779,SPIN3,13766
13780,AL139397.1,13767
13781,SPIN2B,13768
13782,AL022157.1,13769
13783,SPIN2A,13770
13784,FAAH2,13771
13785,ZXDB,13772
13786,NLRP2B,13773
13787,ZXDA,13774
13788,SPIN4,13775
13789,SPIN4-AS1,13776
13790,ARHGEF9,13777
13791,AMER1,13778
13792,ASB12,13779
13793,MTMR8,13780
13794,ZC4H2,13781
13795,ZC3H12B,13782
13796,LAS1L,13783
13797,MSN,13784
13798,AL034397.2,13785
13799,AL034397.3,13786
13800,VSIG4,13787
13801,HEPH,13788
13802,EDA2R,13789
13803,AR,13790
13804,AL157700.1,13791
13805,OPHN1,13792
13806,YIPF6,13793
13807,STARD8,13794
13808,EFNB1,13795
13809,PJA1,13796
13810,LINC00269,13797
13811,FAM155B,13798
13812,AL158069.1,13799
13813,EDA,13800
13814,AWAT2,13801
13815,OTUD6A,13802
13816,IGBP1,13803
13817,IGBP1-AS2,13804
13818,IGBP1-AS1,13805
13819,DGAT2L6,13806
13820,AWAT1,13807
13821,P2RY4,13808
13822,ARR3,13809
13823,RAB41,13810
13824,PDZD11,13811
13825,KIF4A,13812
13826,GDPD2,13813
13827,AL139398.1,13814
13828,DLG3,13815
13829,DLG3-AS1,13816
13830,TEX11,13817
13831,SLC7A3,13818
13832,SNX12,13819
13833,FOXO4,13820
13834,CXorf65,13821
13835,AL590764.2,13822
13836,IL2RG,13823
13837,MED12,13824
13838,NLGN3,13825
13839,AL590764.1,13826
13840,GJB1,13827
13841,ZMYM3,13828
13842,NONO,13829
13843,ITGB1BP2,13830
13844,TAF1,13831
13845,OGT,13832
13846,GCNA,13833
13847,CXCR3,13834
13848,BX276092.9,13835
13849,LINC00891,13836
13850,CXorf49,13837
13851,CXorf49B,13838
13852,NHSL2,13839
13853,RTL5,13840
13854,PIN4,13841
13855,ERCC6L,13842
13856,RPS4X,13843
13857,CITED1,13844
13858,HDAC8,13845
13859,PHKA1,13846
13860,PHKA1-AS1,13847
13861,DMRTC1B,13848
13862,FAM236B,13849
13863,FAM236D,13850
13864,DMRTC1,13851
13865,FAM236C,13852
13866,FAM236A,13853
13867,PABPC1L2B-AS1,13854
13868,PABPC1L2B,13855
13869,PABPC1L2A,13856
13870,AL662864.1,13857
13871,NAP1L2,13858
13872,CDX4,13859
13873,CHIC1,13860
13874,TSIX,13861
13875,XIST,13862
13876,JPX,13863
13877,FTX,13864
13878,AL353804.1,13865
13879,ZCCHC13,13866
13880,SLC16A2,13867
13881,RLIM,13868
13882,NEXMIF,13869
13883,ABCB7,13870
13884,UPRT,13871
13885,ZDHHC15,13872
13886,MAGEE2,13873
13887,AL451105.2,13874
13888,PBDC1,13875
13889,MAGEE1,13876
13890,AC233296.1,13877
13891,FGF16,13878
13892,ATRX,13879
13893,MAGT1,13880
13894,COX7B,13881
13895,ATP7A,13882
13896,PGK1,13883
13897,PGAM4,13884
13898,TAF9B,13885
13899,CYSLTR1,13886
13900,RTL3,13887
13901,LPAR4,13888
13902,P2RY10,13889
13903,GPR174,13890
13904,ITM2A,13891
13905,TBX22,13892
13906,TENT5D,13893
13907,BRWD3,13894
13908,AL391294.1,13895
13909,HMGN5,13896
13910,SH3BGRL,13897
13911,POU3F4,13898
13912,CYLC1,13899
13913,RPS6KA6,13900
13914,HDX,13901
13915,APOOL,13902
13916,SATL1,13903
13917,AC003001.1,13904
13918,ZNF711,13905
13919,POF1B,13906
13920,CHM,13907
13921,DACH2,13908
13922,KLHL4,13909
13923,Z83818.2,13910
13924,CPXCR1,13911
13925,AL121872.1,13912
13926,TGIF2LX,13913
13927,AL121823.1,13914
13928,PABPC5-AS1,13915
13929,PABPC5,13916
13930,PCDH11X,13917
13931,NAP1L3,13918
13932,FAM133A,13919
13933,DIAPH2,13920
13934,RPA4,13921
13935,DIAPH2-AS1,13922
13936,AL157778.1,13923
13937,PCDH19,13924
13938,TNMD,13925
13939,TSPAN6,13926
13940,SRPX2,13927
13941,SYTL4,13928
13942,CSTF2,13929
13943,NOX1,13930
13944,XKRX,13931
13945,ARL13A,13932
13946,TRMT2B,13933
13947,TMEM35A,13934
13948,CENPI,13935
13949,DRP2,13936
13950,TAF7L,13937
13951,TIMM8A,13938
13952,BTK,13939
13953,RPL36A,13940
13954,RPL36A-HNRNPH2,13941
13955,GLA,13942
13956,HNRNPH2,13943
13957,ARMCX4,13944
13958,ARMCX1,13945
13959,ARMCX6,13946
13960,ARMCX3,13947
13961,ARMCX3-AS1,13948
13962,ARMCX2,13949
13963,NXF5,13950
13964,ZMAT1,13951
13965,TCEAL2,13952
13966,TCEAL6,13953
13967,BEX5,13954
13968,TCP11X1,13955
13969,NXF2,13956
13970,AC235565.2,13957
13971,NXF2B,13958
13972,TCP11X2,13959
13973,TMSB15A,13960
13974,ARMCX5,13961
13975,AL035427.1,13962
13976,GPRASP1,13963
13977,GPRASP2,13964
13978,BHLHB9,13965
13979,LINC00630,13966
13980,Z68871.1,13967
13981,RAB40AL,13968
13982,Z95624.1,13969
13983,BEX1,13970
13984,NXF3,13971
13985,BEX4,13972
13986,TCEAL8,13973
13987,TCEAL5,13974
13988,BEX2,13975
13989,TCEAL7,13976
13990,TCEAL9,13977
13991,BEX3,13978
13992,AL606763.1,13979
13993,Z69733.1,13980
13994,RAB40A,13981
13995,TCEAL4,13982
13996,TCEAL3,13983
13997,TCEAL3-AS1,13984
13998,TCEAL1,13985
13999,MORF4L2,13986
14000,MORF4L2-AS1,13987
14001,GLRA4,13988
14002,TMEM31,13989
14003,PLP1,13990
14004,RAB9B,13991
14005,TMSB15B-AS1,13992
14006,TMSB15B,13993
14007,H2BFWT,13994
14008,H2BFM,13995
14009,TMSB15B,13993
14010,SLC25A53,13996
14011,ZCCHC18,13997
14012,FAM199X,13998
14013,ESX1,13999
14014,IL1RAPL2,14000
14015,TEX13A,14001
14016,NRK,14002
14017,SERPINA7,14003
14018,MUM1L1,14004
14019,CXorf57,14005
14020,RNF128,14006
14021,TBC1D8B,14007
14022,MORC4,14008
14023,RIPPLY1,14009
14024,CLDN2,14010
14025,RBM41,14011
14026,NUP62CL,14012
14027,PIH1D3,14013
14028,FRMPD3-AS1,14014
14029,FRMPD3,14015
14030,PRPS1,14016
14031,TSC22D3,14017
14032,NCBP2L,14018
14033,MID2,14019
14034,AL034399.2,14020
14035,TEX13B,14021
14036,VSIG1,14022
14037,PSMD10,14023
14038,ATG4A,14024
14039,COL4A6,14025
14040,COL4A5,14026
14041,AL035425.2,14027
14042,IRS4,14028
14043,AL035425.1,14029
14044,GUCY2F,14030
14045,NXT2,14031
14046,KCNE5,14032
14047,ACSL4,14033
14048,TMEM164,14034
14049,AMMECR1,14035
14050,RTL9,14036
14051,CHRDL1,14037
14052,PAK3,14038
14053,CAPN6,14039
14054,DCX,14040
14055,SERTM2,14041
14056,ALG13,14042
14057,ALG13-AS1,14043
14058,TRPC5,14044
14059,TRPC5OS,14045
14060,RTL4,14046
14061,LHFPL1,14047
14062,AMOT,14048
14063,XACT,14049
14064,HTR2C,14050
14065,IL13RA2,14051
14066,LRCH2,14052
14067,RBMXL3,14053
14068,LUZP4,14054
14069,PLS3-AS1,14055
14070,PLS3,14056
14071,DANT1,14057
14072,DANT2,14058
14073,AGTR2,14059
14074,SLC6A14,14060
14075,CT83,14061
14076,BX119904.2,14062
14077,KLHL13,14063
14078,WDR44,14064
14079,DOCK11,14065
14080,IL13RA1,14066
14081,ZCCHC12,14067
14082,LINC01285,14068
14083,LONRF3,14069
14084,AL772284.2,14070
14085,KIAA1210,14071
14086,PGRMC1,14072
14087,AC004835.1,14073
14088,AC004973.1,14074
14089,SLC25A43,14075
14090,SLC25A5,14076
14091,CXorf56,14077
14092,UBE2A,14078
14093,NKRF,14079
14094,SEPT6,14080
14095,SOWAHD,14081
14096,RPL39,14082
14097,UPF3B,14083
14098,RNF113A,14084
14099,NDUFA1,14085
14100,AKAP14,14086
14101,NKAP,14087
14102,RHOXF1-AS1,14088
14103,RHOXF2B,14089
14104,RHOXF1,14090
14105,LINC01402,14091
14106,RHOXF2,14092
14107,ZBTB33,14093
14108,TMEM255A,14094
14109,ATP1B4,14095
14110,LAMP2,14096
14111,CUL4B,14097
14112,MCTS1,14098
14113,C1GALT1C1,14099
14114,CT47B1,14100
14115,AC008162.2,14101
14116,CT47A12,14102
14117,CT47A11,14103
14118,CT47A10,14104
14119,CT47A9,14105
14120,CT47A8,14106
14121,CT47A7,14107
14122,CT47A6,14108
14123,CT47A5,14109
14124,CT47A4,14110
14125,CT47A3,14111
14126,CT47A2,14112
14127,CT47A1,14113
14128,GLUD2,14114
14129,AL359851.1,14115
14130,GRIA3,14116
14131,THOC2,14117
14132,XIAP,14118
14133,XIAP-AS1,14119
14134,AL121601.1,14120
14135,STAG2,14121
14136,SH2D1A,14122
14137,TEX13D,14123
14138,TENM1,14124
14139,TEX13C,14125
14140,AL445072.1,14126
14141,DCAF12L2,14127
14142,DCAF12L1,14128
14143,PRR32,14129
14144,AL591643.1,14130
14145,ACTRT1,14131
14146,AL442647.1,14132
14147,SMARCA1,14133
14148,OCRL,14134
14149,APLN,14135
14150,XPNPEP2,14136
14151,SASH3,14137
14152,ZDHHC9,14138
14153,AL034405.1,14139
14154,UTP14A,14140
14155,BCORL1,14141
14156,ELF4,14142
14157,AIFM1,14143
14158,RAB33A,14144
14159,ZNF280C,14145
14160,SLC25A14,14146
14161,GPR119,14147
14162,RBMX2,14148
14163,ENOX2,14149
14164,LINC01201,14150
14165,ARHGAP36,14151
14166,IGSF1,14152
14167,OR13H1,14153
14168,FIRRE,14154
14169,STK26,14155
14170,FRMD7,14156
14171,RAP2C,14157
14172,RAP2C-AS1,14158
14173,MBNL3,14159
14174,HS6ST2,14160
14175,HS6ST2-AS1,14161
14176,USP26,14162
14177,TFDP3,14163
14178,GPC4,14164
14179,GPC3,14165
14180,CCDC160,14166
14181,PHF6,14167
14182,HPRT1,14168
14183,MIR503HG,14169
14184,LINC00629,14170
14185,PLAC1,14171
14186,AL672032.1,14172
14187,FAM122B,14173
14188,FAM122C,14174
14189,MOSPD1,14175
14190,LINC02243,14176
14191,SMIM10,14177
14192,RTL8B,14178
14193,RTL8C,14179
14194,RTL8A,14180
14195,SMIM10L2B-AS1,14181
14196,SMIM10L2B,14182
14197,ETDB,14183
14198,AC234771.1,14184
14199,CT55,14185
14200,ZNF75D,14186
14201,ETDA,14187
14202,ETDC,14188
14203,AL590282.2,14189
14204,ZNF449,14190
14205,SMIM10L2A,14191
14206,INTS6L-AS1,14192
14207,INTS6L,14193
14208,CT45A1,14194
14209,CT45A3,14195
14210,CT45A5,14196
14211,CT45A6,14197
14212,CT45A2,14198
14213,CT45A7,14199
14214,CT45A8,14200
14215,CT45A9,14201
14216,CT45A10,14202
14217,SAGE1,14203
14218,MMGT1,14204
14219,SLC9A6,14205
14220,FHL1,14206
14221,MAP7D3,14207
14222,ADGRG4,14208
14223,BRS3,14209
14224,HTATSF1,14210
14225,VGLL1,14211
14226,CD40LG,14212
14227,ARHGEF6,14213
14228,AL683813.1,14214
14229,RBMX,14215
14230,GPR101,14216
14231,AL035443.1,14217
14232,ZIC3,14218
14233,Z96074.1,14219
14234,FGF13,14220
14235,AL031386.1,14221
14236,FGF13-AS1,14222
14237,F9,14223
14238,MCF2,14224
14239,ATP11C,14225
14240,CXorf66,14226
14241,AL589987.2,14227
14242,FO393408.1,14228
14243,SOX3,14229
14244,AL844175.1,14230
14245,LINC00632,14231
14246,CDR1,14232
14247,AL078639.1,14233
14248,AL451048.1,14234
14249,SPANXB1,14235
14250,AC234778.2,14236
14251,LDOC1,14237
14252,SPANXC,14238
14253,SPANXA2-OT1,14239
14254,SPANXA1,14240
14255,SPANXA2,14241
14256,SPANXD,14242
14257,MAGEC3,14243
14258,MAGEC1,14244
14259,MAGEC2,14245
14260,SPANXN4,14246
14261,AC239727.1,14247
14262,SPANXN3,14248
14263,SLITRK4,14249
14264,SPANXN2,14250
14265,AL500522.1,14251
14266,AL713923.1,14252
14267,SPANXN1,14253
14268,SLITRK2,14254
14269,CXorf51B,14255
14270,CXorf51A,14256
14271,AL589669.1,14257
14272,L29074.1,14258
14273,FMR1,14259
14274,FMR1NB,14260
14275,AC002368.1,14261
14276,AFF2,14262
14277,IDS,14263
14278,AC244197.3,14264
14279,AC244197.2,14265
14280,LINC00893,14266
14281,CXorf40A,14267
14282,HSFX3,14268
14283,MAGEA9B,14269
14284,HSFX2,14270
14285,TMEM185A,14271
14286,MAGEA11,14272
14287,HSFX1,14273
14288,MAGEA9,14274
14289,LINC00850,14275
14290,MAGEA8-AS1,14276
14291,MAGEA8,14277
14292,CXorf40B,14278
14293,HSFX4,14279
14294,LINC00894,14280
14295,MAMLD1,14281
14296,MTM1,14282
14297,MTMR1,14283
14298,CD99L2,14284
14299,AF274573.1,14285
14300,HMGB3,14286
14301,GPR50-AS1,14287
14302,GPR50,14288
14303,KC877982.1,14289
14304,VMA21,14290
14305,BX546450.2,14291
14306,BX546450.1,14292
14307,PASD1,14293
14308,PRRG3,14294
14309,FATE1,14295
14310,CNGA2,14296
14311,MAGEA4-AS1,14297
14312,MAGEA4,14298
14313,GABRE,14299
14314,MAGEA10,14300
14315,AC116666.1,14301
14316,GABRA3,14302
14317,GABRQ,14303
14318,MAGEA3,14304
14319,CSAG2,14305
14320,MAGEA2B,14306
14321,CSAG1,14307
14322,MAGEA12,14308
14323,AC244102.1,14309
14324,MAGEA2,14310
14325,CSAG3,14311
14326,MAGEA6,14312
14327,CETN2,14313
14328,NSDHL,14314
14329,ZNF185,14315
14330,PNMA5,14316
14331,PNMA3,14317
14332,PNMA6A,14318
14333,MAGEA1,14319
14334,AC236972.3,14320
14335,PNMA6F,14321
14336,ZNF275,14322
14337,PNMA6E,14323
14338,ZFP92,14324
14339,TREX2,14325
14340,HAUS7,14326
14341,BGN,14327
14342,ATP2B3,14328
14343,CCNQ,14329
14344,DUSP9,14330
14345,PNCK,14331
14346,SLC6A8,14332
14347,BCAP31,14333
14348,ABCD1,14334
14349,U52111.1,14335
14350,PLXNB3,14336
14351,SRPK3,14337
14352,IDH3G,14338
14353,SSR4,14339
14354,PDZD4,14340
14355,L1CAM,14341
14356,U52112.2,14342
14357,AVPR2,14343
14358,ARHGAP4,14344
14359,NAA10,14345
14360,RENBP,14346
14361,HCFC1,14347
14362,HCFC1-AS1,14348
14363,TMEM187,14349
14364,IRAK1,14350
14365,MECP2,14351
14366,OPN1LW,14352
14367,OPN1MW,14353
14368,OPN1MW2,14354
14369,OPN1MW3,14355
14370,TEX28,14356
14371,TKTL1,14357
14372,AC245140.1,14358
14373,FLNA,14359
14374,AC245140.3,14360
14375,EMD,14361
14376,RPL10,14362
14377,AC245140.2,14363
14378,DNASE1L1,14364
14379,TAZ,14365
14380,AC244090.1,14366
14381,ATP6AP1,14367
14382,GDI1,14368
14383,FAM50A,14369
14384,PLXNA3,14370
14385,LAGE3,14371
14386,UBL4A,14372
14387,SLC10A3,14373
14388,FAM3A,14374
14389,G6PD,14375
14390,IKBKG,14376
14391,FAM223A,14377
14392,CTAG1A,14378
14393,CTAG1B,14379
14394,FAM223B,14380
14395,CTAG2,14381
14396,GAB3,14382
14397,DKC1,14383
14398,MPP1,14384
14399,SMIM9,14385
14400,F8,14386
14401,H2AFB1,14387
14402,F8A1,14388
14403,FUNDC2,14389
14404,CMC4,14390
14405,MTCP1,14391
14406,BRCC3,14392
14407,VBP1,14393
14408,RAB39B,14394
14409,CLIC2,14395
14410,AC234781.1,14396
14411,H2AFB2,14397
14412,F8A2,14398
14413,F8A3,14399
14414,H2AFB3,14400
14415,TMLHE-AS1,14401
14416,BX571846.1,14402
14417,TMLHE,14403
14418,SPRY3,14404
14419,VAMP7,14405
14420,IL9R,14406
14421,WASIR1,14407
14422,AC144568.2,14408
14423,OR4F21,14409
14424,ZNF596,14410
14425,AC004908.1,14411
14426,AC004908.3,14412
14427,AC136777.1,14413
14428,FAM87A,14414
14429,FBXO25,14415
14430,AC083964.1,14416
14431,TDRP,14417
14432,ERICH1,14418
14433,DLGAP2,14419
14434,AC100797.4,14420
14435,AC026950.2,14421
14436,AC129915.3,14422
14437,AC110288.1,14423
14438,AF067845.2,14424
14439,AF067845.1,14425
14440,AF067845.5,14426
14441,AF067845.4,14427
14442,DLGAP2-AS1,14428
14443,CLN8,14429
14444,AC100810.3,14430
14445,AC100810.1,14431
14446,AC019257.8,14432
14447,ARHGEF10,14433
14448,KBTBD11-OT1,14434
14449,AC019257.1,14435
14450,KBTBD11,14436
14451,AC019257.2,14437
14452,AC245164.1,14438
14453,MYOM2,14439
14454,AC245519.1,14440
14455,AC245519.2,14441
14456,AC245187.2,14442
14457,AC245187.1,14443
14458,AC245123.1,14444
14459,AC246817.2,14445
14460,AC246817.1,14446
14461,CSMD1,14447
14462,AC004944.1,14448
14463,AC084768.1,14449
14464,AC079054.1,14450
14465,AC009435.1,14451
14466,AC016065.1,14452
14467,MCPH1,14453
14468,ANGPT2,14454
14469,AF287957.1,14455
14470,MCPH1-AS1,14456
14471,AGPAT5,14457
14472,XKR5,14458
14473,AF233439.1,14459
14474,DEFB1,14460
14475,DEFA6,14461
14476,AF233439.2,14462
14477,DEFA4,14463
14478,DEFA1,14464
14479,DEFA1B,14465
14480,DEFA3,14466
14481,DEFA5,14467
14482,FAM66B,14468
14483,USP17L1,14469
14484,USP17L4,14470
14485,ZNF705G,14471
14486,DEFB4B,14472
14487,DEFB103B,14473
14488,SPAG11B,14474
14489,DEFB104B,14475
14490,DEFB106B,14476
14491,DEFB105B,14477
14492,DEFB107B,14478
14493,PRR23D1,14479
14494,PRR23D2,14480
14495,DEFB107A,14481
14496,DEFB105A,14482
14497,DEFB106A,14483
14498,DEFB104A,14484
14499,SPAG11A,14485
14500,DEFB103A,14486
14501,DEFB4A,14487
14502,ZNF705B,14488
14503,FAM66E,14489
14504,USP17L8,14490
14505,USP17L3,14491
14506,FAM85B,14492
14507,AC068020.1,14493
14508,PRAG1,14494
14509,AC103957.1,14495
14510,AC103957.2,14496
14511,AC114550.2,14497
14512,AC114550.3,14498
14513,AC114550.1,14499
14514,CLDN23,14500
14515,AC087269.1,14501
14516,MFHAS1,14502
14517,ERI1,14503
14518,PPP1R3B,14504
14519,AC022784.7,14505
14520,AC022784.3,14506
14521,AC022784.8,14507
14522,AC022784.2,14508
14523,AC022784.1,14509
14524,AC022784.6,14510
14525,AC022784.4,14511
14526,AC021736.1,14512
14527,AC021242.2,14513
14528,AC021242.3,14514
14529,TNKS,14515
14530,LINC00599,14516
14531,AC034111.1,14517
14532,MSRA,14518
14533,AC104964.1,14519
14534,AC104964.2,14520
14535,PRSS51,14521
14536,AC104964.4,14522
14537,PRSS55,14523
14538,RP1L1,14524
14539,C8orf74,14525
14540,SOX7,14526
14541,PINX1,14527
14542,AC105001.1,14528
14543,PINX1,14527
14544,AC011008.1,14529
14545,XKR6,14530
14546,AF131215.3,14531
14547,AF131215.7,14532
14548,LINC00529,14533
14549,AF131216.4,14534
14550,MTMR9,14535
14551,AF131216.1,14536
14552,SLC35G5,14537
14553,AF131216.3,14538
14554,FAM167A-AS1,14539
14555,FAM167A,14540
14556,AF131216.5,14541
14557,BLK,14542
14558,AC022239.1,14543
14559,LINC00208,14544
14560,GATA4,14545
14561,C8orf49,14546
14562,NEIL2,14547
14563,FDFT1,14548
14564,AC069185.1,14549
14565,CTSB,14550
14566,DEFB136,14551
14567,DEFB135,14552
14568,DEFB134,14553
14569,DEFB130B,14554
14570,ZNF705D,14555
14571,FAM66D,14556
14572,USP17L7,14557
14573,USP17L2,14558
14574,FAM86B1,14559
14575,AC145124.1,14560
14576,DEFB130A,14561
14577,FAM66A,14562
14578,AC087203.3,14563
14579,FAM86B2,14564
14580,AC130352.1,14565
14581,LONRF1,14566
14582,AC123777.1,14567
14583,LINC00681,14568
14584,TRMT9B,14569
14585,DLC1,14570
14586,AC019270.1,14571
14587,C8orf48,14572
14588,AC022690.2,14573
14589,SGCZ,14574
14590,AC022039.1,14575
14591,TUSC3,14576
14592,AC018437.2,14577
14593,MSR1,14578
14594,AC011586.1,14579
14595,AC068992.1,14580
14596,FGF20,14581
14597,MICU3,14582
14598,AC079193.2,14583
14599,ZDHHC2,14584
14600,CNOT7,14585
14601,VPS37A,14586
14602,MTMR7,14587
14603,SLC7A2,14588
14604,PDGFRL,14589
14605,MTUS1,14590
14606,AC124069.1,14591
14607,AC027117.2,14592
14608,FGL1,14593
14609,AC087273.1,14594
14610,AC087273.2,14595
14611,PCM1,14596
14612,ASAH1,14597
14613,AC124242.1,14598
14614,NAT1,14599
14615,NAT2,14600
14616,PSD3,14601
14617,AC100800.1,14602
14618,AC009884.1,14603
14619,AC100849.1,14604
14620,AC100849.2,14605
14621,AC068880.3,14606
14622,AC068880.2,14607
14623,SH2D4A,14608
14624,CSGALNACT1,14609
14625,AC090541.1,14610
14626,INTS10,14611
14627,LPL,14612
14628,AC100802.1,14613
14629,SLC18A1,14614
14630,ATP6V1B2,14615
14631,LZTS1,14616
14632,LZTS1-AS1,14617
14633,AC023403.1,14618
14634,AC018541.1,14619
14635,AC015468.4,14620
14636,AC015468.3,14621
14637,AC015468.1,14622
14638,AC015468.2,14623
14639,LINC02153,14624
14640,AC103719.1,14625
14641,AC021355.1,14626
14642,GFRA2,14627
14643,DOK2,14628
14644,XPO7,14629
14645,NPM2,14630
14646,FGF17,14631
14647,DMTN,14632
14648,FAM160B2,14633
14649,NUDT18,14634
14650,HR,14635
14651,REEP4,14636
14652,LGI3,14637
14653,SFTPC,14638
14654,BMP1,14639
14655,PHYHIP,14640
14656,POLR3D,14641
14657,AC105206.2,14642
14658,PIWIL2,14643
14659,SLC39A14,14644
14660,PPP3CC,14645
14661,AC037459.2,14646
14662,SORBS3,14647
14663,AC037459.4,14648
14664,PDLIM2,14649
14665,AC037459.1,14650
14666,C8orf58,14651
14667,CCAR2,14652
14668,AC037459.3,14653
14669,BIN3,14654
14670,EGR3,14655
14671,PEBP4,14656
14672,AC037441.1,14657
14673,AC107959.1,14658
14674,RHOBTB2,14659
14675,TNFRSF10B,14660
14676,AC107959.2,14661
14677,AC107959.3,14662
14678,AC107959.4,14663
14679,AC107959.5,14664
14680,TNFRSF10C,14665
14681,TNFRSF10D,14666
14682,TNFRSF10A-AS1,14667
14683,TNFRSF10A,14668
14684,AC100861.2,14669
14685,CHMP7,14670
14686,R3HCC1,14671
14687,LOXL2,14672
14688,ENTPD4,14673
14689,AC104561.1,14674
14690,AC104561.3,14675
14691,SLC25A37,14676
14692,NKX3-1,14677
14693,NKX2-6,14678
14694,AC012574.1,14679
14695,AC012574.2,14680
14696,STC1,14681
14697,AC023202.1,14682
14698,ADAM28,14683
14699,AC120193.1,14684
14700,ADAMDEC1,14685
14701,ADAM7,14686
14702,AC024958.1,14687
14703,AF106564.1,14688
14704,NEFM,14689
14705,NEFL,14690
14706,AC107373.2,14691
14707,AC107373.1,14692
14708,DOCK5,14693
14709,GNRH1,14694
14710,AC091185.1,14695
14711,KCTD9,14696
14712,CDCA2,14697
14713,AC009623.1,14698
14714,AC009623.2,14699
14715,AC090103.1,14700
14716,EBF2,14701
14717,PPP2R2A,14702
14718,BNIP3L,14703
14719,PNMA2,14704
14720,DPYSL2,14705
14721,ADRA1A,14706
14722,AC090150.2,14707
14723,AC090150.1,14708
14724,STMN4,14709
14725,TRIM35,14710
14726,PTK2B,14711
14727,CHRNA2,14712
14728,EPHX2,14713
14729,CLU,14714
14730,SCARA3,14715
14731,CCDC25,14716
14732,AC013643.2,14717
14733,ESCO2,14718
14734,PBK,14719
14735,SCARA5,14720
14736,AC069113.2,14721
14737,NUGGC,14722
14738,ELP3,14723
14739,AC021678.2,14724
14740,PNOC,14725
14741,ZNF395,14726
14742,FBXO16,14727
14743,AC025871.1,14728
14744,FZD3,14729
14745,EXTL3,14730
14746,EXTL3-AS1,14731
14747,INTS9,14732
14748,INTS9-AS1,14733
14749,HMBOX1,14734
14750,KIF13B,14735
14751,AC108449.3,14736
14752,AC108449.1,14737
14753,DUSP4,14738
14754,AC084026.2,14739
14755,AC084026.1,14740
14756,LINC00589,14741
14757,LINC02099,14742
14758,AC131254.1,14743
14759,AC131254.3,14744
14760,AC131254.2,14745
14761,LINC02209,14746
14762,SARAF,14747
14763,AC044849.1,14748
14764,LEPROTL1,14749
14765,MBOAT4,14750
14766,AC026979.2,14751
14767,DCTN6,14752
14768,AC026979.1,14753
14769,AC026979.3,14754
14770,RBPMS-AS1,14755
14771,RBPMS,14756
14772,GTF2E2,14757
14773,AC102945.1,14758
14774,SMIM18,14759
14775,GSR,14760
14776,UBXN8,14761
14777,PPP2CB,14762
14778,TEX15,14763
14779,PURG,14764
14780,WRN,14765
14781,AC009563.1,14766
14782,AC068672.2,14767
14783,AC068672.1,14768
14784,NRG1,14769
14785,AC090204.1,14770
14786,AC067838.1,14771
14787,FUT10,14772
14788,TTI2,14773
14789,MAK16,14774
14790,RNF122,14775
14791,DUSP26,14776
14792,AF279873.3,14777
14793,AF279873.4,14778
14794,AC087855.2,14779
14795,AC090993.1,14780
14796,AC087855.1,14781
14797,LINC01288,14782
14798,UNC5D,14783
14799,AC100818.1,14784
14800,AC124290.1,14785
14801,AC090809.1,14786
14802,KCNU1,14787
14803,AC092818.1,14788
14804,AC091182.2,14789
14805,LINC01605,14790
14806,AC124067.1,14791
14807,AC124067.3,14792
14808,AC124067.4,14793
14809,AC137579.2,14794
14810,AC137579.1,14795
14811,ZNF703,14796
14812,AC138356.3,14797
14813,AC138356.1,14798
14814,ERLIN2,14799
14815,PLPBP,14800
14816,ADGRA2,14801
14817,BRF2,14802
14818,RAB11FIP1,14803
14819,GOT1L1,14804
14820,ADRB3,14805
14821,EIF4EBP1,14806
14822,AP006545.2,14807
14823,ASH2L,14808
14824,AC084024.1,14809
14825,STAR,14810
14826,AC084024.3,14811
14827,LSM1,14812
14828,BAG4,14813
14829,DDHD2,14814
14830,PLPP5,14815
14831,NSD3,14816
14832,AC087362.2,14817
14833,AC087362.1,14818
14834,AC087623.3,14819
14835,LETM2,14820
14836,AC087623.1,14821
14837,AC087623.4,14822
14838,FGFR1,14823
14839,AC087623.2,14824
14840,C8orf86,14825
14841,AC069120.1,14826
14842,AC016813.1,14827
14843,TACC1,14828
14844,AC067817.2,14829
14845,PLEKHA2,14830
14846,AC108863.1,14831
14847,HTRA4,14832
14848,TM2D2,14833
14849,ADAM9,14834
14850,ADAM32,14835
14851,ADAM18,14836
14852,ADAM2,14837
14853,IDO1,14838
14854,AC007991.3,14839
14855,AC007991.4,14840
14856,IDO2,14841
14857,AC087518.1,14842
14858,AC022733.1,14843
14859,TCIM,14844
14860,AC022733.2,14845
14861,AC105999.2,14846
14862,AC105999.1,14847
14863,AC010857.1,14848
14864,ZMAT4,14849
14865,AC048387.1,14850
14866,SFRP1,14851
14867,AC016868.1,14852
14868,GOLGA7,14853
14869,GINS4,14854
14870,AC009630.1,14855
14871,AC009630.2,14856
14872,GPAT4,14857
14873,AC009630.3,14858
14874,NKX6-3,14859
14875,ANK1,14860
14876,AC113133.1,14861
14877,AC027702.1,14862
14878,KAT6A,14863
14879,AC103724.4,14864
14880,AC103724.3,14865
14881,AP3M2,14866
14882,PLAT,14867
14883,AC083973.1,14868
14884,IKBKB,14869
14885,POLB,14870
14886,DKK4,14871
14887,VDAC3,14872
14888,SLC20A2,14873
14889,AC090739.1,14874
14890,SMIM19,14875
14891,CHRNB3,14876
14892,AC103843.1,14877
14893,CHRNA6,14878
14894,THAP1,14879
14895,RNF170,14880
14896,HOOK3,14881
14897,AC110275.1,14882
14898,FNTA,14883
14899,POMK,14884
14900,HGSNAT,14885
14901,LINC00293,14886
14902,AC091163.1,14887
14903,AC091163.2,14888
14904,AC120036.4,14889
14905,IGLV8OR8-1,14890
14906,SPIDR,14891
14907,CEBPD,14892
14908,PRKDC,14893
14909,MCM4,14894
14910,UBE2V2,14895
14911,AC026904.2,14896
14912,AC026904.3,14897
14913,AC022915.2,14898
14914,AC026904.1,14899
14915,AC026904.4,14900
14916,AC022915.1,14901
14917,AC022915.3,14902
14918,EFCAB1,14903
14919,SNAI2,14904
14920,PPDPFL,14905
14921,AC022568.1,14906
14922,AC090155.2,14907
14923,AC090155.1,14908
14924,AC113145.1,14909
14925,AC023762.1,14910
14926,SNTG1,14911
14927,AC012413.1,14912
14928,PXDNL,14913
14929,AC090186.1,14914
14930,PCMTD1,14915
14931,AC064807.1,14916
14932,AC064807.4,14917
14933,AC064807.2,14918
14934,AC064807.3,14919
14935,ST18,14920
14936,AC021915.2,14921
14937,AC021915.1,14922
14938,AC103831.1,14923
14939,ALKAL1,14924
14940,RB1CC1,14925
14941,NPBWR1,14926
14942,AC009646.2,14927
14943,OPRK1,14928
14944,AC131902.2,14929
14945,AC131902.1,14930
14946,AC022034.4,14931
14947,AC022034.2,14932
14948,ATP6V1H,14933
14949,RGS20,14934
14950,AC113194.1,14935
14951,TCEA1,14936
14952,AC100821.2,14937
14953,LYPLA1,14938
14954,MRPL15,14939
14955,SOX17,14940
14956,RP1,14941
14957,XKR4,14942
14958,AC022679.2,14943
14959,AC022679.1,14944
14960,AC090200.1,14945
14961,TMEM68,14946
14962,TGS1,14947
14963,LYN,14948
14964,RPS20,14949
14965,CERNA3,14950
14966,MOS,14951
14967,PLAG1,14952
14968,CHCHD7,14953
14969,AC107952.2,14954
14970,SDR16C5,14955
14971,PENK,14956
14972,AC012349.1,14957
14973,LINC00968,14958
14974,AC013644.1,14959
14975,AC009597.1,14960
14976,IMPAD1,14961
14977,LINC01606,14962
14978,AC025674.2,14963
14979,LINC00588,14964
14980,AC068075.1,14965
14981,AC090796.1,14966
14982,AC104051.1,14967
14983,AC104051.2,14968
14984,AC012103.1,14969
14985,LINC01602,14970
14986,FAM110B,14971
14987,AC104350.1,14972
14988,AC027698.1,14973
14989,UBXN2B,14974
14990,CYP7A1,14975
14991,SDCBP,14976
14992,NSMAF,14977
14993,TOX,14978
14994,AC090152.1,14979
14995,AC087664.1,14980
14996,AC087664.2,14981
14997,AC021393.1,14982
14998,CA8,14983
14999,LINC01301,14984
15000,RAB2A,14985
15001,AC068389.4,14986
15002,AC068389.1,14987
15003,AC068389.2,14988
15004,AC068389.3,14989
15005,CHD7,14990
15006,AC113143.1,14991
15007,AC022182.1,14992
15008,AC022182.2,14993
15009,CLVS1,14994
15010,AC023866.2,14995
15011,AC023866.1,14996
15012,ASPH,14997
15013,AC091173.1,14998
15014,AC025524.2,14999
15015,AC025524.1,15000
15016,LINC02155,15001
15017,NKAIN3,15002
15018,AC018861.2,15003
15019,AC120042.3,15004
15020,AC120042.1,15005
15021,GGH,15006
15022,AC120042.2,15007
15023,TTPA,15008
15024,YTHDF3-AS1,15009
15025,YTHDF3,15010
15026,AC011978.2,15011
15027,AC011124.1,15012
15028,AC011124.2,15013
15029,AC018953.1,15014
15030,AC022639.1,15015
15031,AC069133.1,15016
15032,LINC01289,15017
15033,MIR124-2HG,15018
15034,AC090136.3,15019
15035,BHLHE22,15020
15036,CYP7B1,15021
15037,AC104232.1,15022
15038,LINC00251,15023
15039,LINC01299,15024
15040,AC100814.1,15025
15041,ARMC1,15026
15042,MTFR1,15027
15043,AC055822.1,15028
15044,PDE7A,15029
15045,AC100812.1,15030
15046,DNAJC5B,15031
15047,AC084082.1,15032
15048,TRIM55,15033
15049,CRH,15034
15050,LINC00967,15035
15051,RRS1-AS1,15036
15052,RRS1,15037
15053,ADHFE1,15038
15054,VXN,15039
15055,MYBL1,15040
15056,VCPIP1,15041
15057,SGK3,15042
15058,C8orf44,15043
15059,MCMDC2,15044
15060,TCF24,15045
15061,PPP1R42,15046
15062,COPS5,15047
15063,CSPP1,15048
15064,ARFGEF1,15049
15065,AC021321.1,15050
15066,CPA6,15051
15067,AC022874.1,15052
15068,PREX2,15053
15069,AC011853.2,15054
15070,C8orf34-AS1,15055
15071,C8orf34,15056
15072,AC083967.1,15057
15073,LINC01592,15058
15074,AC021785.1,15059
15075,LINC01603,15060
15076,SULF1,15061
15077,SLCO5A1,15062
15078,AC091047.1,15063
15079,AC079089.1,15064
15080,PRDM14,15065
15081,NCOA2,15066
15082,AC022730.3,15067
15083,AC022730.4,15068
15084,TRAM1,15069
15085,LACTB2-AS1,15070
15086,LACTB2,15071
15087,XKR9,15072
15088,AC022858.1,15073
15089,EYA1,15074
15090,AC009446.1,15075
15091,AC104012.1,15076
15092,MSC-AS1,15077
15093,MSC,15078
15094,TRPA1,15079
15095,AC078906.1,15080
15096,AC011131.1,15081
15097,KCNB2,15082
15098,AC090735.1,15083
15099,AC022893.2,15084
15100,TERF1,15085
15101,AC022893.3,15086
15102,AC022893.1,15087
15103,SBSPON,15088
15104,C8orf89,15089
15105,RPL7,15090
15106,RDH10,15091
15107,RDH10-AS1,15092
15108,AC111149.2,15093
15109,AC111149.1,15094
15110,STAU2-AS1,15095
15111,STAU2,15096
15112,AC027018.1,15097
15113,AC022826.2,15098
15114,UBE2W,15099
15115,ELOC,15100
15116,TMEM70,15101
15117,LY96,15102
15118,AC087672.2,15103
15119,AC087672.1,15104
15120,AC087627.1,15105
15121,JPH1,15106
15122,GDAP1,15107
15123,AC103952.1,15108
15124,MIR2052HG,15109
15125,AC115837.2,15110
15126,AC011632.1,15111
15127,PI15,15112
15128,AC011632.2,15113
15129,CRISPLD1,15114
15130,AC100782.1,15115
15131,AC022274.1,15116
15132,CASC9,15117
15133,HNF4G,15118
15134,AC067773.1,15119
15135,LINC01109,15120
15136,LINC01111,15121
15137,ZFHX4-AS1,15122
15138,ZFHX4,15123
15139,AC023200.1,15124
15140,PEX2,15125
15141,AC062004.1,15126
15142,AC084706.1,15127
15143,PKIA-AS1,15128
15144,PKIA,15129
15145,ZC2HC1A,15130
15146,IL7,15131
15147,AC083837.1,15132
15148,AC138646.1,15133
15149,STMN2,15134
15150,HEY1,15135
15151,LINC01607,15136
15152,AC036214.1,15137
15153,MRPS28,15138
15154,AC036214.3,15139
15155,AC009686.2,15140
15156,TPD52,15141
15157,AC009686.1,15142
15158,AC034114.2,15143
15159,AC009812.1,15144
15160,ZBTB10,15145
15161,AC009812.3,15146
15162,AC009812.4,15147
15163,ZNF704,15148
15164,PAG1,15149
15165,AC022778.1,15150
15166,AC079209.2,15151
15167,AC079209.1,15152
15168,AC009902.3,15153
15169,AC009902.2,15154
15170,FABP5,15155
15171,AC018616.1,15156
15172,PMP2,15157
15173,FABP9,15158
15174,FABP4,15159
15175,AC023644.1,15160
15176,FABP12,15161
15177,IMPA1,15162
15178,SLC10A5,15163
15179,ZFAND1,15164
15180,CHMP4C,15165
15181,AC132219.1,15166
15182,SNX16,15167
15183,LINC02235,15168
15184,AC027701.1,15169
15185,AC060765.1,15170
15186,AC105031.2,15171
15187,AC105031.3,15172
15188,LINC01419,15173
15189,AC015522.1,15174
15190,RALYL,15175
15191,LRRCC1,15176
15192,AC011773.4,15177
15193,E2F5,15178
15194,AC011773.1,15179
15195,C8orf59,15180
15196,CA13,15181
15197,AC011773.3,15182
15198,AC011773.2,15183
15199,CA1,15184
15200,CA3,15185
15201,CA3-AS1,15186
15202,CA2,15187
15203,AC093331.2,15188
15204,AC100801.1,15189
15205,ATP6V0D2,15190
15206,PSKH2,15191
15207,AC023194.3,15192
15208,AC084128.1,15193
15209,SLC7A13,15194
15210,WWP1,15195
15211,RMDN1,15196
15212,CPNE3,15197
15213,CNGB3,15198
15214,AC090572.3,15199
15215,AC090572.2,15200
15216,CNBD1,15201
15217,AF121898.1,15202
15218,DCAF4L2,15203
15219,AC037450.1,15204
15220,MMP16,15205
15221,AC090568.2,15206
15222,AC090578.1,15207
15223,AF117829.1,15208
15224,RIPK2,15209
15225,OSGIN2,15210
15226,NBN,15211
15227,DECR1,15212
15228,CALB1,15213
15229,LINC00534,15214
15230,AB015752.1,15215
15231,LINC01030,15216
15232,TMEM64,15217
15233,AC106038.1,15218
15234,NECAB1,15219
15235,AC103770.1,15220
15236,C8orf88,15221
15237,PIP4P2,15222
15238,AC087439.1,15223
15239,OTUD6B-AS1,15224
15240,OTUD6B,15225
15241,LRRC69,15226
15242,SLC26A7,15227
15243,AC103409.1,15228
15244,RUNX1T1,15229
15245,AF181450.1,15230
15246,AC022695.2,15231
15247,AC022695.3,15232
15248,AC091096.1,15233
15249,AC091096.2,15234
15250,AC104211.2,15235
15251,AC104211.4,15236
15252,AC104211.3,15237
15253,AC117834.1,15238
15254,TRIQK,15239
15255,C8orf87,15240
15256,LINC00535,15241
15257,AC016885.1,15242
15258,AC016885.2,15243
15259,FAM92A,15244
15260,AC120053.1,15245
15261,AC010834.3,15246
15262,RBM12B,15247
15263,AC010834.1,15248
15264,AC010834.2,15249
15265,TMEM67,15250
15266,AC084346.1,15251
15267,PDP1,15252
15268,AC084346.2,15253
15269,AP003351.1,15254
15270,CDH17,15255
15271,GEM,15256
15272,RAD54B,15257
15273,FSBP,15258
15274,VIRMA,15259
15275,AC023632.5,15260
15276,AC023632.2,15261
15277,AC108860.2,15262
15278,ESRP1,15263
15279,DPY19L4,15264
15280,AP003692.1,15265
15281,INTS8,15266
15282,CCNE2,15267
15283,AC087752.4,15268
15284,NDUFAF6,15269
15285,TP53INP1,15270
15286,MIR3150BHG,15271
15287,AC068189.1,15272
15288,PLEKHF2,15273
15289,C8orf37-AS1,15274
15290,LINC01298,15275
15291,C8orf37,15276
15292,AC083836.1,15277
15293,AC012339.1,15278
15294,AP003465.2,15279
15295,GDF6,15280
15296,UQCRB,15281
15297,AP003465.1,15282
15298,MTERF3,15283
15299,PTDSS1,15284
15300,AP003548.1,15285
15301,SDC2,15286
15302,CPQ,15287
15303,AP003117.2,15288
15304,AP003115.1,15289
15305,TSPYL5,15290
15306,MTDH,15291
15307,LAPTM4B,15292
15308,MATN2,15293
15309,RPL30,15294
15310,AP003352.1,15295
15311,ERICH5,15296
15312,RIDA,15297
15313,POP1,15298
15314,NIPAL2,15299
15315,AP003438.1,15300
15316,STK3,15301
15317,KCNS2,15302
15318,AP003355.2,15303
15319,AP003467.1,15304
15320,AC016877.3,15305
15321,OSR2,15306
15322,AC016877.1,15307
15323,AC104986.2,15308
15324,VPS13B,15309
15325,AC107909.2,15310
15326,AC018442.2,15311
15327,COX6C,15312
15328,RGS22,15313
15329,FBXO43,15314
15330,POLR2K,15315
15331,SPAG1,15316
15332,RNF19A,15317
15333,AP001574.1,15318
15334,AP003472.1,15319
15335,AP003472.2,15320
15336,AP000424.1,15321
15337,AP000424.2,15322
15338,ANKRD46,15323
15339,SNX31,15324
15340,AP001205.1,15325
15341,PABPC1,15326
15342,YWHAZ,15327
15343,AC018781.1,15328
15344,AP003469.2,15329
15345,AP003469.3,15330
15346,AP003469.4,15331
15347,ZNF706,15332
15348,AP001330.5,15333
15349,AP001330.2,15334
15350,AP001330.1,15335
15351,AP001208.1,15336
15352,AP001208.2,15337
15353,AP001207.3,15338
15354,GRHL2,15339
15355,NCALD,15340
15356,AP000426.1,15341
15357,RRM2B,15342
15358,UBR5-AS1,15343
15359,UBR5,15344
15360,AP002907.1,15345
15361,AP002852.1,15346
15362,ODF1,15347
15363,KLF10,15348
15364,GASAL1,15349
15365,AZIN1,15350
15366,AP003696.1,15351
15367,AZIN1-AS1,15352
15368,AP003354.1,15353
15369,AP003354.2,15354
15370,AP003550.1,15355
15371,ATP6V1C1,15356
15372,LINC01181,15357
15373,BAALC-AS2,15358
15374,BAALC,15359
15375,BAALC-AS1,15360
15376,AC025370.1,15361
15377,FZD6,15362
15378,CTHRC1,15363
15379,AC012213.3,15364
15380,SLC25A32,15365
15381,DCAF13,15366
15382,AC012213.2,15367
15383,AC012213.4,15368
15384,AC012213.1,15369
15385,RIMS2,15370
15386,DPYS,15371
15387,DCSTAMP,15372
15388,LRP12,15373
15389,ZFPM2,15374
15390,AC012564.1,15375
15391,AC021546.1,15376
15392,AC103853.1,15377
15393,AC090802.1,15378
15394,AC027031.1,15379
15395,AC027031.2,15380
15396,OXR1,15381
15397,AC090579.1,15382
15398,ABRA,15383
15399,ANGPT1,15384
15400,RSPO2,15385
15401,EIF3E,15386
15402,AC087620.1,15387
15403,EMC2,15388
15404,AC022634.2,15389
15405,TMEM74,15390
15406,AC104248.1,15391
15407,TRHR,15392
15408,NUDCD1,15393
15409,AC021237.1,15394
15410,ENY2,15395
15411,PKHD1L1,15396
15412,EBAG9,15397
15413,SYBU,15398
15414,AC079061.1,15399
15415,KCNV1,15400
15416,AC027451.1,15401
15417,AC073023.1,15402
15418,AC025366.1,15403
15419,AP005357.1,15404
15420,LINC01608,15405
15421,LINC01609,15406
15422,AC009930.1,15407
15423,LINC02237,15408
15424,CSMD3,15409
15425,AC103993.1,15410
15426,AC064802.1,15411
15427,TRPS1,15412
15428,AF178030.1,15413
15429,LINC00536,15414
15430,AC105177.1,15415
15431,EIF3H,15416
15432,UTP23,15417
15433,RAD21,15418
15434,RAD21-AS1,15419
15435,AARD,15420
15436,SLC30A8,15421
15437,MED30,15422
15438,EXT1,15423
15439,SAMD12,15424
15440,AC023590.1,15425
15441,SAMD12-AS1,15426
15442,TNFRSF11B,15427
15443,COLEC10,15428
15444,AC107953.2,15429
15445,MAL2,15430
15446,MAL2-AS1,15431
15447,NOV,15432
15448,AC021733.1,15433
15449,ENPP2,15434
15450,TAF2,15435
15451,DSCC1,15436
15452,AP005717.1,15437
15453,DEPTOR,15438
15454,AC091563.1,15439
15455,COL14A1,15440
15456,MRPL13,15441
15457,MTBP,15442
15458,SNTB1,15443
15459,AC104958.1,15444
15460,AC104958.2,15445
15461,AC068413.1,15446
15462,HAS2,15447
15463,HAS2-AS1,15448
15464,AC104233.2,15449
15465,AC104233.1,15450
15466,AC104036.1,15451
15467,AC037486.1,15452
15468,SMILR,15453
15469,AC108136.1,15454
15470,LINC01151,15455
15471,AC100872.1,15456
15472,AC016405.3,15457
15473,AC016405.2,15458
15474,ZHX2,15459
15475,AC104316.2,15460
15476,AC104316.1,15461
15477,DERL1,15462
15478,TBC1D31,15463
15479,FAM83A,15464
15480,AC068228.1,15465
15481,FAM83A-AS1,15466
15482,C8orf76,15467
15483,ZHX1-C8orf76,15468
15484,ZHX1,15469
15485,ATAD2,15470
15486,WDYHV1,15471
15487,FBXO32,15472
15488,AC090193.2,15473
15489,AC090193.1,15474
15490,KLHL38,15475
15491,ANXA13,15476
15492,FAM91A1,15477
15493,FER1L6,15478
15494,AC090753.1,15479
15495,FER1L6-AS1,15480
15496,AC100871.2,15481
15497,FER1L6-AS2,15482
15498,AC090921.1,15483
15499,AC090192.2,15484
15500,TMEM65,15485
15501,TRMT12,15486
15502,RNF139-AS1,15487
15503,RNF139,15488
15504,TATDN1,15489
15505,AC090198.1,15490
15506,NDUFB9,15491
15507,MTSS1,15492
15508,AC090922.1,15493
15509,AC100858.3,15494
15510,LINC00964,15495
15511,AC100858.2,15496
15512,ZNF572,15497
15513,AC009908.1,15498
15514,SQLE,15499
15515,WASHC5,15500
15516,WASHC5-AS1,15501
15517,NSMCE2,15502
15518,AC084083.1,15503
15519,TRIB1,15504
15520,AC091114.1,15505
15521,AC016074.1,15506
15522,LINC00861,15507
15523,AC024681.2,15508
15524,AC087667.1,15509
15525,AC084116.2,15510
15526,AC084116.1,15511
15527,AC084116.3,15512
15528,FAM84B,15513
15529,PCAT1,15514
15530,AC024382.1,15515
15531,PRNCR1,15516
15532,CASC8,15517
15533,POU5F1B,15518
15534,CCAT2,15519
15535,CASC11,15520
15536,MYC,15521
15537,PVT1,15522
15538,CCDC26,15523
15539,AC011257.1,15524
15540,AC103718.1,15525
15541,GSDMC,15526
15542,AC022973.4,15527
15543,FAM49B,15528
15544,AC022973.3,15529
15545,AC022973.2,15530
15546,ASAP1,15531
15547,AC090987.1,15532
15548,ADCY8,15533
15549,AC103726.2,15534
15550,AC087341.1,15535
15551,AC104257.1,15536
15552,EFR3A,15537
15553,OC90,15538
15554,AC100868.1,15539
15555,HHLA1,15540
15556,KCNQ3,15541
15557,HPYR1,15542
15558,LRRC6,15543
15559,TMEM71,15544
15560,PHF20L1,15545
15561,AF230666.1,15546
15562,TG,15547
15563,SLA,15548
15564,WISP1,15549
15565,NDRG1,15550
15566,ST3GAL1,15551
15567,AC103706.1,15552
15568,AC133634.1,15553
15569,AC090821.1,15554
15570,AC110741.1,15555
15571,AC105180.1,15556
15572,ZFAT,15557
15573,ZFAT-AS1,15558
15574,AC087045.2,15559
15575,AC083843.3,15560
15576,AC083843.2,15561
15577,AC083843.1,15562
15578,AC103764.1,15563
15579,LINC01591,15564
15580,AC040914.1,15565
15581,KHDRBS3,15566
15582,AC079098.1,15567
15583,AC013546.1,15568
15584,LINC02055,15569
15585,AC046195.1,15570
15586,AC046195.2,15571
15587,AC079015.1,15572
15588,FAM135B,15573
15589,COL22A1,15574
15590,AC027541.1,15575
15591,AC100807.1,15576
15592,AC087354.1,15577
15593,KCNK9,15578
15594,TRAPPC9,15579
15595,AC021744.1,15580
15596,AC107375.1,15581
15597,CHRAC1,15582
15598,AGO2,15583
15599,ERICD,15584
15600,PTK2,15585
15601,AC100860.1,15586
15602,DENND3,15587
15603,AC040970.1,15588
15604,SLC45A4,15589
15605,AC011676.1,15590
15606,AC011676.2,15591
15607,AC011676.3,15592
15608,AC011676.4,15593
15609,LINC01300,15594
15610,GPR20,15595
15611,AC100803.1,15596
15612,PTP4A3,15597
15613,AC100803.3,15598
15614,AC138647.1,15599
15615,AC104417.2,15600
15616,LINC00051,15601
15617,TSNARE1,15602
15618,AC134682.1,15603
15619,ADGRB1,15604
15620,ARC,15605
15621,AP006547.1,15606
15622,AC108002.3,15607
15623,JRK,15608
15624,PSCA,15609
15625,LY6K,15610
15626,AC108002.1,15611
15627,THEM6,15612
15628,AC108002.2,15613
15629,SLURP1,15614
15630,LYPD2,15615
15631,AC083841.1,15616
15632,LYNX1-SLURP2,15617
15633,SLURP2,15618
15634,LYNX1,15619
15635,LY6D,15620
15636,AC083841.2,15621
15637,AC083841.3,15622
15638,GML,15623
15639,CYP11B1,15624
15640,CYP11B2,15625
15641,LY6E-DT,15626
15642,LY6E,15627
15643,LY6L,15628
15644,LY6H,15629
15645,GPIHBP1,15630
15646,ZFP41,15631
15647,AC138696.1,15632
15648,GLI4,15633
15649,MINCR,15634
15650,ZNF696,15635
15651,AC138696.2,15636
15652,TOP1MT,15637
15653,RHPN1-AS1,15638
15654,RHPN1,15639
15655,AC105118.1,15640
15656,MAFA-AS1,15641
15657,MAFA,15642
15658,ZC3H3,15643
15659,AC067930.4,15644
15660,AC067930.1,15645
15661,GSDMD,15646
15662,MROH6,15647
15663,AC067930.5,15648
15664,NAPRT,15649
15665,AC067930.2,15650
15666,EEF1D,15651
15667,TIGD5,15652
15668,PYCR3,15653
15669,TSTA3,15654
15670,AC067930.3,15655
15671,ZNF623,15656
15672,ZNF707,15657
15673,CCDC166,15658
15674,AC105219.3,15659
15675,MAPK15,15660
15676,AC105219.2,15661
15677,FAM83H,15662
15678,IQANK1,15663
15679,AC105219.4,15664
15680,SCRIB,15665
15681,PUF60,15666
15682,NRBP2,15667
15683,EPPK1,15668
15684,PLEC,15669
15685,PARP10,15670
15686,GRINA,15671
15687,SPATC1,15672
15688,OPLAH,15673
15689,AC109322.1,15674
15690,EXOSC4,15675
15691,GPAA1,15676
15692,CYC1,15677
15693,SHARPIN,15678
15694,MAF1,15679
15695,WDR97,15680
15696,HGH1,15681
15697,MROH1,15682
15698,BOP1,15683
15699,SCX,15684
15700,HSF1,15685
15701,DGAT1,15686
15702,AC233992.1,15687
15703,SCRT1,15688
15704,TMEM249,15689
15705,AC233992.2,15690
15706,SLC52A2,15691
15707,FBXL6,15692
15708,ADCK5,15693
15709,CPSF1,15694
15710,AC233992.3,15695
15711,SLC39A4,15696
15712,VPS28,15697
15713,TONSL,15698
15714,TONSL-AS1,15699
15715,CYHR1,15700
15716,AC084125.1,15701
15717,KIFC2,15702
15718,FOXH1,15703
15719,PPP1R16A,15704
15720,GPT,15705
15721,MFSD3,15706
15722,RECQL4,15707
15723,AC084125.4,15708
15724,LRRC14,15709
15725,LRRC24,15710
15726,C8orf82,15711
15727,ARHGAP39,15712
15728,AC084125.3,15713
15729,AF186192.1,15714
15730,AF186192.3,15715
15731,ZNF251,15716
15732,ZNF34,15717
15733,RPL8,15718
15734,ZNF517,15719
15735,ZNF7,15720
15736,COMMD5,15721
15737,ZNF250,15722
15738,ZNF16,15723
15739,AF235103.1,15724
15740,ZNF252P-AS1,15725
15741,C8orf33,15726
15742,WASHC1,15727
15743,AL928970.1,15728
15744,FAM138C,15729
15745,PGM5P3-AS1,15730
15746,AL449043.1,15731
15747,LINC01388,15732
15748,FOXD4,15733
15749,CBWD1,15734
15750,C9orf66,15735
15751,DOCK8,15736
15752,AL158832.1,15737
15753,AL161725.1,15738
15754,KANK1,15739
15755,AL136979.1,15740
15756,DMRT1,15741
15757,DMRT3,15742
15758,LINC01230,15743
15759,DMRT2,15744
15760,SMARCA2,15745
15761,AL359076.1,15746
15762,VLDLR-AS1,15747
15763,AL353614.1,15748
15764,VLDLR,15749
15765,KCNV2,15750
15766,PUM3,15751
15767,LINC01231,15752
15768,RFX3,15753
15769,RFX3-AS1,15754
15770,AL354977.2,15755
15771,AL354977.1,15756
15772,GLIS3,15757
15773,AL137071.1,15758
15774,GLIS3-AS1,15759
15775,AL162419.1,15760
15776,SLC1A1,15761
15777,SPATA6L,15762
15778,PLPP6,15763
15779,CDC37L1-DT,15764
15780,CDC37L1,15765
15781,AK3,15766
15782,RCL1,15767
15783,AL158147.1,15768
15784,JAK2,15769
15785,IGHEP2,15770
15786,INSL6,15771
15787,INSL4,15772
15788,RLN2,15773
15789,RLN1,15774
15790,AL135786.2,15775
15791,PLGRKT,15776
15792,CD274,15777
15793,PDCD1LG2,15778
15794,AL162253.1,15779
15795,RIC1,15780
15796,AL136980.1,15781
15797,ERMP1,15782
15798,KIAA2026,15783
15799,MLANA,15784
15800,RANBP6,15785
15801,AL162384.1,15786
15802,IL33,15787
15803,TPD52L3,15788
15804,UHRF2,15789
15805,AL133480.1,15790
15806,GLDC,15791
15807,AL162411.1,15792
15808,AL354707.2,15793
15809,AL354707.1,15794
15810,KDM4C,15795
15811,AL354694.1,15796
15812,DMAC1,15797
15813,AL135923.1,15798
15814,AL135923.2,15799
15815,PTPRD,15800
15816,PTPRD-AS1,15801
15817,AL596451.1,15802
15818,AL513422.1,15803
15819,PTPRD-AS2,15804
15820,AL135790.1,15805
15821,AL162413.1,15806
15822,AL451129.1,15807
15823,AL589678.1,15808
15824,TYRP1,15809
15825,LURAP1L-AS1,15810
15826,LURAP1L,15811
15827,MPDZ,15812
15828,LINC01235,15813
15829,AL583785.1,15814
15830,LINC00583,15815
15831,AL360089.1,15816
15832,NFIB,15817
15833,AL136366.1,15818
15834,AL159169.3,15819
15835,AL159169.2,15820
15836,ZDHHC21,15821
15837,CER1,15822
15838,FREM1,15823
15839,AL512643.1,15824
15840,TTC39B,15825
15841,SNAPC3,15826
15842,PSIP1,15827
15843,CCDC171,15828
15844,C9orf92,15829
15845,BNC2,15830
15846,AL449983.1,15831
15847,AL450003.1,15832
15848,BNC2-AS1,15833
15849,AL358117.1,15834
15850,AL162725.2,15835
15851,CNTLN,15836
15852,SH3GL2,15837
15853,ADAMTSL1,15838
15854,AL442638.1,15839
15855,SAXO1,15840
15856,RRAGA,15841
15857,HAUS6,15842
15858,PLIN2,15843
15859,DENND4C,15844
15860,AL161909.2,15845
15861,AL391834.1,15846
15862,AL391834.2,15847
15863,RPS6,15848
15864,ACER2,15849
15865,SLC24A2,15850
15866,AL591222.1,15851
15867,MLLT3,15852
15868,FOCAD,15853
15869,FOCAD-AS1,15854
15870,HACD4,15855
15871,IFNB1,15856
15872,IFNW1,15857
15873,IFNA21,15858
15874,IFNA4,15859
15875,IFNA7,15860
15876,IFNA10,15861
15877,IFNA16,15862
15878,IFNA17,15863
15879,IFNA14,15864
15880,IFNA5,15865
15881,KLHL9,15866
15882,IFNA6,15867
15883,IFNA13,15868
15884,IFNA2,15869
15885,AL353732.1,15870
15886,IFNA8,15871
15887,IFNA1,15872
15888,IFNE,15873
15889,MTAP,15874
15890,AL359922.1,15875
15891,AL359922.2,15876
15892,CDKN2A-DT,15877
15893,CDKN2A,15878
15894,CDKN2B-AS1,15879
15895,CDKN2B,15880
15896,AL157937.1,15881
15897,DMRTA1,15882
15898,LINC01239,15883
15899,AL391117.1,15884
15900,AC017067.1,15885
15901,AL445623.2,15886
15902,AL445623.1,15887
15903,ELAVL2,15888
15904,AL365204.1,15889
15905,AL365204.2,15890
15906,IZUMO3,15891
15907,AL353811.1,15892
15908,TUSC1,15893
15909,LINC01241,15894
15910,AL353753.1,15895
15911,AL451137.1,15896
15912,AL356133.2,15897
15913,CAAP1,15898
15914,PLAA,15899
15915,IFT74,15900
15916,IFT74-AS1,15901
15917,LRRC19,15902
15918,AL355432.1,15903
15919,TEK,15904
15920,EQTN,15905
15921,MOB3B,15906
15922,AL163192.1,15907
15923,IFNK,15908
15924,C9orf72,15909
15925,AL360014.1,15910
15926,LINGO2,15911
15927,LINC01242,15912
15928,LINC01243,15913
15929,ACO1,15914
15930,DDX58,15915
15931,TOPORS,15916
15932,SMIM27,15917
15933,NDUFB6,15918
15934,TAF1L,15919
15935,AL589642.1,15920
15936,AL589642.2,15921
15937,TMEM215,15922
15938,AL157884.2,15923
15939,APTX,15924
15940,DNAJA1,15925
15941,SMU1,15926
15942,B4GALT1,15927
15943,B4GALT1-AS1,15928
15944,SPINK4,15929
15945,BAG1,15930
15946,CHMP5,15931
15947,NFX1,15932
15948,AQP7,15933
15949,AL356218.1,15934
15950,AQP3,15935
15951,NOL6,15936
15952,AL139008.2,15937
15953,ANKRD18B,15938
15954,CYP4F26P,15939
15955,TRBV20OR9-2,15940
15956,TRBV21OR9-2,15941
15957,TRBV22OR9-2,15942
15958,TRBV23OR9-2,15943
15959,TRBV24OR9-2,15944
15960,TRBV25OR9-2,15945
15961,AL356489.3,15946
15962,TRBV26OR9-2,15947
15963,AL356489.2,15948
15964,AL356489.1,15949
15965,LINC01251,15950
15966,PRSS3,15951
15967,UBE2R2-AS1,15952
15968,TRBV29OR9-2,15953
15969,UBE2R2,15954
15970,UBAP2,15955
15971,AL354989.1,15956
15972,DCAF12,15957
15973,UBAP1,15958
15974,KIF24,15959
15975,NUDT2,15960
15976,MYORG,15961
15977,C9orf24,15962
15978,FAM219A,15963
15979,DNAI1,15964
15980,ENHO,15965
15981,AL160270.1,15966
15982,CNTFR,15967
15983,CNTFR-AS1,15968
15984,RPP25L,15969
15985,DCTN3,15970
15986,ARID3C,15971
15987,SIGMAR1,15972
15988,GALT,15973
15989,AL162231.3,15974
15990,IL11RA,15975
15991,CCL27,15976
15992,AL162231.1,15977
15993,AL162231.2,15978
15994,CCL19,15979
15995,CCL21,15980
15996,FAM205A,15981
15997,FAM205C,15982
15998,PHF24,15983
15999,DNAJB5-DT,15984
16000,DNAJB5,15985
16001,C9orf131,15986
16002,VCP,15987
16003,FANCG,15988
16004,PIGO,15989
16005,AL353795.2,15990
16006,STOML2,15991
16007,FAM214B,15992
16008,UNC13B,15993
16009,RUSC2,15994
16010,FAM166B,15995
16011,TESK1,15996
16012,CD72,15997
16013,AL357874.2,15998
16014,AL357874.1,15999
16015,SIT1,16000
16016,RMRP,16001
16017,CCDC107,16002
16018,ARHGEF39,16003
16019,CA9,16004
16020,TPM2,16005
16021,TLN1,16006
16022,CREB3,16007
16023,GBA2,16008
16024,RGP1,16009
16025,MSMP,16010
16026,AL133410.2,16011
16027,AL133410.1,16012
16028,NPR2,16013
16029,SPAG8,16014
16030,HINT2,16015
16031,TMEM8B,16016
16032,FAM221B,16017
16033,OR13J1,16018
16034,HRCT1,16019
16035,SPAAR,16020
16036,OR2S2,16021
16037,RECK,16022
16038,GLIPR2,16023
16039,CCIN,16024
16040,CLTA,16025
16041,GNE,16026
16042,RNF38,16027
16043,MELK,16028
16044,PAX5,16029
16045,AL450267.1,16030
16046,AL161781.2,16031
16047,LINC01400,16032
16048,AL512604.3,16033
16049,EBLN3P,16034
16050,AL512604.2,16035
16051,ZCCHC7,16036
16052,LINC01627,16037
16053,GRHPR,16038
16054,ZBTB5,16039
16055,POLR1E,16040
16056,AL513165.1,16041
16057,FBXO10,16042
16058,AL513165.2,16043
16059,TOMM5,16044
16060,AL138752.2,16045
16061,FRMPD1,16046
16062,TRMT10B,16047
16063,EXOSC3,16048
16064,DCAF10,16049
16065,SLC25A51,16050
16066,SHB,16051
16067,AL135785.1,16052
16068,ALDH1B1,16053
16069,IGFBPL1,16054
16070,FAM95C,16055
16071,ANKRD18A,16056
16072,FAM201A,16057
16073,AL591543.1,16058
16074,FAM240B,16059
16075,AL845311.1,16060
16076,CNTNAP3,16061
16077,SPATA31A1,16062
16078,FAM74A1,16063
16079,BX005214.1,16064
16080,BX005214.2,16065
16081,GLIDR,16066
16082,AL773545.1,16067
16083,ANKRD20A2,16068
16084,FAM95B1,16069
16085,BMS1P14,16070
16086,FP325318.1,16071
16087,IGKV1OR9-2,16072
16088,AL353626.1,16073
16089,BX255923.1,16074
16090,BX255923.2,16075
16091,FOXD4L6,16076
16092,CBWD6,16077
16093,AL845472.1,16078
16094,AL354718.2,16079
16095,AL591926.2,16080
16096,CNTNAP3B,16081
16097,SPATA31A6,16082
16098,FAM74A7,16083
16099,AL445584.2,16084
16100,BX088651.4,16085
16101,BX088651.2,16086
16102,BX664718.1,16087
16103,AL591441.2,16088
16104,AL591441.1,16089
16105,SPATA31A5,16090
16106,AL590491.2,16091
16107,SPATA31A7,16092
16108,BX005040.3,16093
16109,BX005040.1,16094
16110,BX088645.1,16095
16111,AL935212.2,16096
16112,AL935212.1,16097
16113,FAM27C,16098
16114,AL391987.4,16099
16115,AL391987.2,16100
16116,AL391987.3,16101
16117,CR769775.2,16102
16118,AL590399.3,16103
16119,AL590399.1,16104
16120,AL590399.5,16105
16121,LINC01189,16106
16122,BX005266.2,16107
16123,LINC01410,16108
16124,AL512625.2,16109
16125,AL512625.3,16110
16126,AL512625.1,16111
16127,AL772155.1,16112
16128,CR786580.1,16113
16129,ANKRD20A4,16114
16130,IGKV1OR-2,16115
16131,IGKV1OR9-1,16116
16132,FOXD4L5,16117
16133,CBWD5,16118
16134,FOXD4L4,16119
16135,IGKV1OR-3,16120
16136,AL136317.2,16121
16137,ANKRD20A3,16122
16138,AL513478.2,16123
16139,ZNF658,16124
16140,AL353770.4,16125
16141,AL353770.3,16126
16142,SPATA31A3,16127
16143,BX664730.1,16128
16144,ANKRD20A1,16129
16145,AL353608.2,16130
16146,CBWD3,16131
16147,FOXD4L3,16132
16148,AL353608.3,16133
16149,AL353608.1,16134
16150,PGM5,16135
16151,PGM5-AS1,16136
16152,AL161457.2,16137
16153,TMEM252,16138
16154,AL353616.2,16139
16155,LINC01506,16140
16156,PIP5K1B,16141
16157,FAM122A,16142
16158,AL354794.1,16143
16159,PRKACG,16144
16160,FXN,16145
16161,AL358113.1,16146
16162,TJP2,16147
16163,BANCR,16148
16164,FAM189A2,16149
16165,APBA1,16150
16166,AL353693.1,16151
16167,AL162412.1,16152
16168,PTAR1,16153
16169,C9orf135-DT,16154
16170,C9orf135,16155
16171,MAMDC2-AS1,16156
16172,MAMDC2,16157
16173,SMC5-AS1,16158
16174,SMC5,16159
16175,KLF9,16160
16176,TRPM3,16161
16177,AL159990.2,16162
16178,AL159990.1,16163
16179,CEMIP2,16164
16180,ABHD17B,16165
16181,C9orf85,16166
16182,C9orf57,16167
16183,GDA,16168
16184,AL135924.2,16169
16185,LINC01504,16170
16186,ZFAND5,16171
16187,TMC1,16172
16188,LINC01474,16173
16189,ALDH1A1,16174
16190,ANXA1,16175
16191,AL451127.1,16176
16192,AL355674.1,16177
16193,RORB-AS1,16178
16194,RORB,16179
16195,TRPM6,16180
16196,C9orf40,16181
16197,C9orf41-AS1,16182
16198,CARNMT1,16183
16199,NMRK1,16184
16200,OSTF1,16185
16201,AL353780.1,16186
16202,PCSK5,16187
16203,RFK,16188
16204,GCNT1,16189
16205,PRUNE2,16190
16206,PCA3,16191
16207,FOXB2,16192
16208,VPS13A-AS1,16193
16209,VPS13A,16194
16210,GNA14,16195
16211,GNA14-AS1,16196
16212,GNAQ,16197
16213,CEP78,16198
16214,PSAT1,16199
16215,AL512634.1,16200
16216,AL358975.1,16201
16217,TLE4,16202
16218,AL161912.1,16203
16219,AL161912.2,16204
16220,AL161782.1,16205
16221,LINC01507,16206
16222,AL138749.1,16207
16223,TLE1,16208
16224,AL591368.1,16209
16225,AL158154.1,16210
16226,SPATA31D4,16211
16227,AL158154.2,16212
16228,SPATA31D3,16213
16229,SPATA31D1,16214
16230,AL162726.1,16215
16231,AL162726.4,16216
16232,RASEF,16217
16233,AL137847.1,16218
16234,FRMD3,16219
16235,AL137847.2,16220
16236,IDNK,16221
16237,UBQLN1,16222
16238,AL354920.1,16223
16239,GKAP1,16224
16240,AL354733.1,16225
16241,AL354733.2,16226
16242,KIF27,16227
16243,C9orf64,16228
16244,HNRNPK,16229
16245,AL354733.3,16230
16246,RMI1,16231
16247,AL390838.1,16232
16248,SLC28A3,16233
16249,AL356134.1,16234
16250,NTRK2,16235
16251,AGTPBP1,16236
16252,AL157882.1,16237
16253,AL353743.2,16238
16254,NAA35,16239
16255,GOLM1,16240
16256,C9orf153,16241
16257,ISCA1,16242
16258,TUT7,16243
16259,AL158828.1,16244
16260,AL353613.1,16245
16261,GAS1,16246
16262,GAS1RR,16247
16263,AL513318.2,16248
16264,C9orf170,16249
16265,DAPK1,16250
16266,CTSL,16251
16267,AL772337.2,16252
16268,AL772337.1,16253
16269,SPATA31E1,16254
16270,AL353572.3,16255
16271,CDK20,16256
16272,SPIN1,16257
16273,NXNL2,16258
16274,AL592486.1,16259
16275,AL772202.1,16260
16276,C9orf47,16261
16277,S1PR3,16262
16278,SHC3,16263
16279,CKS2,16264
16280,SECISBP2,16265
16281,SEMA4D,16266
16282,GADD45G,16267
16283,AL606807.1,16268
16284,BX470209.1,16269
16285,BX470209.2,16270
16286,AL161629.1,16271
16287,MIR4290HG,16272
16288,LINC01508,16273
16289,LINC01501,16274
16290,DIRAS2,16275
16291,SYK,16276
16292,AL355607.1,16277
16293,AL355607.2,16278
16294,AL158071.3,16279
16295,AL158071.1,16280
16296,AL158071.4,16281
16297,LINC00484,16282
16298,AL158071.5,16283
16299,AUH,16284
16300,NFIL3,16285
16301,AL353764.1,16286
16302,ROR2,16287
16303,SPTLC1,16288
16304,AL136097.2,16289
16305,IARS,16290
16306,NOL8,16291
16307,CENPP,16292
16308,OGN,16293
16309,OMD,16294
16310,ASPN,16295
16311,ECM2,16296
16312,IPPK,16297
16313,BICD2,16298
16314,ZNF484,16299
16315,FGD3,16300
16316,SUSD3,16301
16317,AL451065.1,16302
16318,CARD19,16303
16319,NINJ1,16304
16320,AL390760.1,16305
16321,WNK2,16306
16322,C9orf129,16307
16323,AL583839.2,16308
16324,AL583839.1,16309
16325,FAM120AOS,16310
16326,FAM120A,16311
16327,PHF2,16312
16328,AL442224.1,16313
16329,BARX1,16314
16330,BARX1-DT,16315
16331,PTPDC1,16316
16332,AL158152.2,16317
16333,AL158152.1,16318
16334,MIRLET7DHG,16319
16335,ZNF169,16320
16336,NUTM2F,16321
16337,AL691447.2,16322
16338,MFSD14B,16323
16339,PCAT7,16324
16340,FBP2,16325
16341,FBP1,16326
16342,C9orf3,16327
16343,AL353768.1,16328
16344,FANCC,16329
16345,AL354893.2,16330
16346,AL161729.3,16331
16347,PTCH1,16332
16348,AL161729.2,16333
16349,AL161729.1,16334
16350,AL161729.4,16335
16351,AL392185.1,16336
16352,AL354861.2,16337
16353,LINC00476,16338
16354,AL354861.3,16339
16355,ERCC6L2,16340
16356,LINC00092,16341
16357,AL449403.1,16342
16358,AL449403.2,16343
16359,HSD17B3,16344
16360,AL160269.1,16345
16361,HSD17B3-AS1,16346
16362,SLC35D2,16347
16363,ZNF367,16348
16364,HABP4,16349
16365,CDC14B,16350
16366,AAED1,16351
16367,AL589843.1,16352
16368,ZNF510,16353
16369,ZNF782,16354
16370,MFSD14C,16355
16371,NUTM2G,16356
16372,CTSV,16357
16373,AL590705.3,16358
16374,AL590705.1,16359
16375,AL590705.2,16360
16376,CCDC180,16361
16377,TDRD7,16362
16378,TMOD1,16363
16379,AL162385.1,16364
16380,TSTD2,16365
16381,NCBP1,16366
16382,AL162385.2,16367
16383,XPA,16368
16384,AL445531.1,16369
16385,PTCSC2,16370
16386,FOXE1,16371
16387,TRMO,16372
16388,HEMGN,16373
16389,ANP32B,16374
16390,AL354726.1,16375
16391,NANS,16376
16392,TRIM14,16377
16393,CORO2A,16378
16394,TBC1D2,16379
16395,GABBR2,16380
16396,ANKS6,16381
16397,GALNT12,16382
16398,AL136084.2,16383
16399,COL15A1,16384
16400,AL136084.3,16385
16401,TGFBR1,16386
16402,AL162427.1,16387
16403,ALG2,16388
16404,SEC61B,16389
16405,AL137067.1,16390
16406,AL162394.1,16391
16407,AL359710.1,16392
16408,NR4A3,16393
16409,STX17-AS1,16394
16410,STX17,16395
16411,AL358937.1,16396
16412,ERP44,16397
16413,INVS,16398
16414,TEX10,16399
16415,MSANTD3,16400
16416,MSANTD3-TMEFF1,16401
16417,TMEFF1,16402
16418,CAVIN4,16403
16419,PLPPR1,16404
16420,BAAT,16405
16421,MRPL50,16406
16422,ZNF189,16407
16423,ALDOB,16408
16424,TMEM246-AS1,16409
16425,TMEM246,16410
16426,RNF20,16411
16427,GRIN3A,16412
16428,PPP3R2,16413
16429,LINC00587,16414
16430,CYLC2,16415
16431,LINC01492,16416
16432,AL390962.1,16417
16433,AL590381.1,16418
16434,SMC2-AS1,16419
16435,SMC2,16420
16436,OR13F1,16421
16437,AL450426.1,16422
16438,OR13C4,16423
16439,OR13C3,16424
16440,OR13C8,16425
16441,OR13C5,16426
16442,OR13C2,16427
16443,OR13C9,16428
16444,OR13D1,16429
16445,NIPSNAP3A,16430
16446,NIPSNAP3B,16431
16447,ABCA1,16432
16448,AL359182.1,16433
16449,AL359182.2,16434
16450,SLC44A1,16435
16451,FSD1L,16436
16452,AL158070.1,16437
16453,FKTN,16438
16454,TAL2,16439
16455,TMEM38B,16440
16456,LINC01505,16441
16457,AL732323.1,16442
16458,AL451140.1,16443
16459,AL512649.2,16444
16460,LINC01505,16441
16461,ZNF462,16445
16462,AL807761.4,16446
16463,AL807761.3,16447
16464,RAD23B,16448
16465,LINC01509,16449
16466,KLF4,16450
16467,AL353742.1,16451
16468,AL358779.1,16452
16469,ACTL7B,16453
16470,ACTL7A,16454
16471,ELP1,16455
16472,FAM206A,16456
16473,CTNNAL1,16457
16474,TMEM245,16458
16475,FRRS1L,16459
16476,EPB41L4B,16460
16477,PTPN3,16461
16478,PALM2,16462
16479,AL158829.1,16463
16480,PALM2-AKAP2,16464
16481,AKAP2,16465
16482,C9orf152,16466
16483,TXN,16467
16484,TXNDC8,16468
16485,SVEP1,16469
16486,AL592463.1,16470
16487,MUSK,16471
16488,LPAR1,16472
16489,AL162414.1,16473
16490,OR2K2,16474
16491,ECPAS,16475
16492,ZNF483,16476
16493,PTGR1,16477
16494,AL135787.1,16478
16495,DNAJC25,16479
16496,DNAJC25-GNG10,16480
16497,GNG10,16481
16498,C9orf84,16482
16499,UGCG,16483
16500,SUSD1,16484
16501,PTBP3,16485
16502,HSDL2,16486
16503,C9orf147,16487
16504,KIAA1958,16488
16505,INIP,16489
16506,AL390067.1,16490
16507,SNX30,16491
16508,SLC46A2,16492
16509,AL139041.1,16493
16510,ZNF883,16494
16511,ZFP37,16495
16512,FAM225B,16496
16513,FAM225A,16497
16514,SLC31A2,16498
16515,FKBP15,16499
16516,SLC31A1,16500
16517,CDC26,16501
16518,PRPF4,16502
16519,RNF183,16503
16520,WDR31,16504
16521,BSPRY,16505
16522,HDHD3,16506
16523,ALAD,16507
16524,POLE3,16508
16525,C9orf43,16509
16526,RGS3,16510
16527,AL162727.2,16511
16528,AL162727.1,16512
16529,AL157702.2,16513
16530,ZNF618,16514
16531,AMBP,16515
16532,KIF12,16516
16533,COL27A1,16517
16534,ORM1,16518
16535,ORM2,16519
16536,AKNA,16520
16537,AL138895.1,16521
16538,WHRN,16522
16539,ATP6V1G1,16523
16540,TMEM268,16524
16541,TEX53,16525
16542,TEX48,16526
16543,TNFSF15,16527
16544,TNFSF8,16528
16545,TNC,16529
16546,AL162425.1,16530
16547,DEC1,16531
16548,AL355601.1,16532
16549,AL691420.1,16533
16550,LINC00474,16534
16551,AL691426.1,16535
16552,PAPPA,16536
16553,PAPPA-AS2,16537
16554,AL137024.1,16538
16555,PAPPA-AS1,16539
16556,ASTN2,16540
16557,ASTN2-AS1,16541
16558,AL133284.1,16542
16559,TRIM32,16543
16560,AL445644.1,16544
16561,AL161630.1,16545
16562,AL160272.2,16546
16563,TLR4,16547
16564,AL160272.1,16548
16565,AL354754.1,16549
16566,AL355592.1,16550
16567,LINC02578,16551
16568,BRINP1,16552
16569,AC006288.1,16553
16570,LINC01613,16554
16571,AL441989.1,16555
16572,CDK5RAP2,16556
16573,MEGF9,16557
16574,FBXW2,16558
16575,B3GNT10,16559
16576,PSMD5,16560
16577,PHF19,16561
16578,TRAF1,16562
16579,C5,16563
16580,CNTRL,16564
16581,RAB14,16565
16582,GSN,16566
16583,AL513122.2,16567
16584,GSN-AS1,16568
16585,STOM,16569
16586,AL359644.1,16570
16587,DAB2IP,16571
16588,AL357936.1,16572
16589,TTLL11,16573
16590,TTLL11-IT1,16574
16591,NDUFA8,16575
16592,MORN5,16576
16593,LHX6,16577
16594,RBM18,16578
16595,MRRF,16579
16596,PTGS1,16580
16597,AL359636.3,16581
16598,AL359636.1,16582
16599,AL359636.2,16583
16600,OR1J1,16584
16601,OR1J2,16585
16602,OR1J4,16586
16603,OR1N1,16587
16604,OR1N2,16588
16605,OR1L8,16589
16606,AL162254.1,16590
16607,OR1Q1,16591
16608,OR1B1,16592
16609,OR1L1,16593
16610,OR1L3,16594
16611,OR1L4,16595
16612,OR1L6,16596
16613,OR5C1,16597
16614,PDCL,16598
16615,OR1K1,16599
16616,RC3H2,16600
16617,ZBTB6,16601
16618,ZBTB26,16602
16619,RABGAP1,16603
16620,GPR21,16604
16621,STRBP,16605
16622,CRB2,16606
16623,DENND1A,16607
16624,AL445489.1,16608
16625,AL390774.2,16609
16626,LHX2,16610
16627,AC006450.3,16611
16628,AC006450.2,16612
16629,NEK6,16613
16630,AL162724.2,16614
16631,PSMB7,16615
16632,ADGRD2,16616
16633,NR5A1,16617
16634,AL354979.1,16618
16635,NR6A1,16619
16636,MIR181A2HG,16620
16637,AL354928.1,16621
16638,OLFML2A,16622
16639,WDR38,16623
16640,RPL35,16624
16641,ARPC5L,16625
16642,GOLGA1,16626
16643,SCAI,16627
16644,PPP6C,16628
16645,RABEPK,16629
16646,HSPA5,16630
16647,AL354710.2,16631
16648,GAPVD1,16632
16649,MAPKAP1,16633
16650,AL162584.1,16634
16651,PBX3,16635
16652,AL589923.1,16636
16653,AL162391.1,16637
16654,MVB12B,16638
16655,AL356309.2,16639
16656,AL356309.1,16640
16657,AL161908.1,16641
16658,LMX1B,16642
16659,ZBTB43,16643
16660,ZBTB34,16644
16661,RALGPS1,16645
16662,ANGPTL2,16646
16663,AL450263.1,16647
16664,GARNL3,16648
16665,SLC2A8,16649
16666,ZNF79,16650
16667,RPL12,16651
16668,LRSAM1,16652
16669,FAM129B,16653
16670,STXBP1,16654
16671,AL162426.1,16655
16672,PTRH1,16656
16673,CFAP157,16657
16674,TTC16,16658
16675,TOR2A,16659
16676,SH2D3C,16660
16677,CDK9,16661
16678,FPGS,16662
16679,ENG,16663
16680,AL162586.1,16664
16681,AK1,16665
16682,AL157935.2,16666
16683,ST6GALNAC6,16667
16684,ST6GALNAC4,16668
16685,PIP5KL1,16669
16686,AL157935.1,16670
16687,DPM2,16671
16688,FAM102A,16672
16689,AL360268.2,16673
16690,NAIF1,16674
16691,SLC25A25,16675
16692,AL360268.1,16676
16693,SLC25A25-AS1,16677
16694,PTGES2,16678
16695,AL590708.1,16679
16696,LCN2,16680
16697,C9orf16,16681
16698,CIZ1,16682
16699,DNM1,16683
16700,GOLGA2,16684
16701,SWI5,16685
16702,TRUB2,16686
16703,AL359091.4,16687
16704,COQ4,16688
16705,SLC27A4,16689
16706,URM1,16690
16707,AL359091.3,16691
16708,AL359091.1,16692
16709,CERCAM,16693
16710,ODF2,16694
16711,ODF2-AS1,16695
16712,GLE1,16696
16713,AL356481.1,16697
16714,SPTAN1,16698
16715,AL356481.3,16699
16716,WDR34,16700
16717,HMGA1P4,16701
16718,SET,16702
16719,PKN3,16703
16720,ZDHHC12,16704
16721,AL441992.1,16705
16722,ZER1,16706
16723,TBC1D13,16707
16724,ENDOG,16708
16725,SPOUT1,16709
16726,KYAT1,16710
16727,LRRC8A,16711
16728,PHYHD1,16712
16729,AL672142.1,16713
16730,DOLK,16714
16731,NUP188,16715
16732,AL592211.1,16716
16733,SH3GLB2,16717
16734,MIGA2,16718
16735,DOLPP1,16719
16736,CRAT,16720
16737,AL158151.2,16721
16738,PTPA,16722
16739,AL158151.4,16723
16740,IER5L,16724
16741,AL158151.3,16725
16742,AL158151.1,16726
16743,AL161785.2,16727
16744,AL161785.3,16728
16745,AL161785.1,16729
16746,C9orf106,16730
16747,AL353803.5,16731
16748,LINC01503,16732
16749,AL353803.2,16733
16750,AL353803.1,16734
16751,AL353803.4,16735
16752,AL391056.1,16736
16753,NTMT1,16737
16754,C9orf50,16738
16755,ASB6,16739
16756,AL590369.1,16740
16757,PRRX2,16741
16758,PRRX2-AS1,16742
16759,PTGES,16743
16760,TOR1B,16744
16761,TOR1A,16745
16762,C9orf78,16746
16763,USP20,16747
16764,FNBP1,16748
16765,AL158207.2,16749
16766,AL136141.1,16750
16767,GPR107,16751
16768,AL360004.1,16752
16769,NCS1,16753
16770,HMCN2,16754
16771,ASS1,16755
16772,FUBP3,16756
16773,PRDM12,16757
16774,EXOSC2,16758
16775,ABL1,16759
16776,QRFP,16760
16777,FIBCD1,16761
16778,AL161733.1,16762
16779,LAMC3,16763
16780,AIF1L,16764
16781,NUP214,16765
16782,AL157938.2,16766
16783,AL157938.3,16767
16784,FAM78A,16768
16785,PLPP7,16769
16786,PRRC2B,16770
16787,AL358781.1,16771
16788,POMT1,16772
16789,AL358781.2,16773
16790,UCK1,16774
16791,PRRT1B,16775
16792,RAPGEF1,16776
16793,AL160271.1,16777
16794,MED27,16778
16795,NTNG2,16779
16796,SETX,16780
16797,TTF1,16781
16798,CFAP77,16782
16799,BARHL1,16783
16800,DDX31,16784
16801,GTF3C4,16785
16802,AK8,16786
16803,SPACA9,16787
16804,TSC1,16788
16805,GFI1B,16789
16806,GTF3C5,16790
16807,CEL,16791
16808,RALGDS,16792
16809,AL162417.1,16793
16810,GBGT1,16794
16811,OBP2B,16795
16812,ABO,16796
16813,SURF6,16797
16814,MED22,16798
16815,RPL7A,16799
16816,SURF1,16800
16817,SURF2,16801
16818,SURF4,16802
16819,STKLD1,16803
16820,REXO4,16804
16821,ADAMTS13,16805
16822,CACFD1,16806
16823,SLC2A6,16807
16824,MYMK,16808
16825,ADAMTSL2,16809
16826,FAM163B,16810
16827,AC002101.1,16811
16828,DBH,16812
16829,DBH-AS1,16813
16830,SARDH,16814
16831,VAV2,16815
16832,BRD3OS,16816
16833,BRD3,16817
16834,AL445931.1,16818
16835,BX649632.1,16819
16836,WDR5,16820
16837,BX649601.1,16821
16838,LINC02247,16822
16839,RXRA,16823
16840,AL669970.1,16824
16841,AL669970.3,16825
16842,AL669970.2,16826
16843,COL5A1,16827
16844,COL5A1-AS1,16828
16845,FCN2,16829
16846,FCN1,16830
16847,AL353611.1,16831
16848,OLFM1,16832
16849,AL390778.1,16833
16850,AL390778.2,16834
16851,C9orf62,16835
16852,AL353615.1,16836
16853,PPP1R26-AS1,16837
16854,PPP1R26,16838
16855,C9orf116,16839
16856,MRPS2,16840
16857,AL161452.1,16841
16858,LCN1,16842
16859,OBP2A,16843
16860,PAEP,16844
16861,LINC01502,16845
16862,AL354761.1,16846
16863,GLT6D1,16847
16864,LCN9,16848
16865,SOHLH1,16849
16866,KCNT1,16850
16867,CAMSAP1,16851
16868,AL355574.1,16852
16869,UBAC1,16853
16870,NACC2,16854
16871,AL138781.1,16855
16872,TMEM250,16856
16873,AL138781.2,16857
16874,LHX3,16858
16875,QSOX2,16859
16876,CCDC187,16860
16877,CR392000.2,16861
16878,AC174065.1,16862
16879,GPSM1,16863
16880,DNLZ,16864
16881,CARD9,16865
16882,SNAPC4,16866
16883,ENTR1,16867
16884,PMPCA,16868
16885,INPP5E,16869
16886,SEC16A,16870
16887,C9orf163,16871
16888,NOTCH1,16872
16889,AL592301.1,16873
16890,NALT1,16874
16891,AL590226.2,16875
16892,AL590226.1,16876
16893,EGFL7,16877
16894,AGPAT2,16878
16895,FAM69B,16879
16896,SNHG7,16880
16897,LCN10,16881
16898,AL355987.1,16882
16899,LCN6,16883
16900,LCN8,16884
16901,LCN15,16885
16902,TMEM141,16886
16903,AL355987.3,16887
16904,CCDC183,16888
16905,CCDC183-AS1,16889
16906,RABL6,16890
16907,AJM1,16891
16908,PHPT1,16892
16909,MAMDC4,16893
16910,EDF1,16894
16911,TRAF2,16895
16912,FBXW5,16896
16913,C8G,16897
16914,LCN12,16898
16915,PRR31,16899
16916,PTGDS,16900
16917,AL807752.7,16901
16918,LCNL1,16902
16919,PAXX,16903
16920,CLIC3,16904
16921,ABCA2,16905
16922,C9orf139,16906
16923,FUT7,16907
16924,AL807752.6,16908
16925,NPDC1,16909
16926,ENTPD2,16910
16927,AL807752.4,16911
16928,AL807752.2,16912
16929,SAPCD2,16913
16930,AL807752.3,16914
16931,UAP1L1,16915
16932,MAN1B1-DT,16916
16933,MAN1B1,16917
16934,DPP7,16918
16935,GRIN1,16919
16936,LRRC26,16920
16937,AL929554.1,16921
16938,TMEM210,16922
16939,ANAPC2,16923
16940,SSNA1,16924
16941,TPRN,16925
16942,TMEM203,16926
16943,NDOR1,16927
16944,BX255925.3,16928
16945,RNF208,16929
16946,CYSRT1,16930
16947,RNF224,16931
16948,SLC34A3,16932
16949,TUBB4B,16933
16950,FAM166A,16934
16951,STPG3-AS1,16935
16952,STPG3,16936
16953,NELFB,16937
16954,TOR4A,16938
16955,NRARP,16939
16956,EXD3,16940
16957,NOXA1,16941
16958,ENTPD8,16942
16959,NSMF,16943
16960,PNPLA7,16944
16961,MRPL41,16945
16962,DPH7,16946
16963,ZMYND19,16947
16964,ARRDC1,16948
16965,ARRDC1-AS1,16949
16966,EHMT1,16950
16967,AL772363.1,16951
16968,CACNA1B,16952
16969,AL954642.1,16953
16970,AC069287.1,16954
16971,LINC01001,16955
16972,AC069287.3,16956
16973,BET1L,16957
16974,SCGB1C1,16958
16975,ODF3,16959
16976,AC069287.2,16960
16977,RIC8A,16961
16978,SIRT3,16962
16979,PSMD13,16963
16980,NLRP6,16964
16981,AC136475.3,16965
16982,PGGHG,16966
16983,IFITM5,16967
16984,IFITM2,16968
16985,AC136475.2,16969
16986,IFITM1,16970
16987,AC136475.1,16971
16988,IFITM3,16972
16989,AC136475.4,16973
16990,AC136475.8,16974
16991,AC136475.7,16975
16992,AC136475.5,16976
16993,AC136475.9,16977
16994,B4GALNT4,16978
16995,PKP3,16979
16996,SIGIRR,16980
16997,ANO9,16981
16998,PTDSS2,16982
16999,AC138230.1,16983
17000,RNH1,16984
17001,AC137894.1,16985
17002,HRAS,16986
17003,LRRC56,16987
17004,LMNTD2,16988
17005,AP006284.1,16989
17006,RASSF7,16990
17007,MIR210HG,16991
17008,PHRF1,16992
17009,IRF7,16993
17010,CDHR5,16994
17011,SCT,16995
17012,DRD4,16996
17013,DEAF1,16997
17014,AC131934.1,16998
17015,EPS8L2,16999
17016,TMEM80,17000
17017,AP006621.4,17001
17018,TALDO1,17002
17019,GATD1,17003
17020,AP006621.3,17004
17021,AP006621.2,17005
17022,CEND1,17006
17023,SLC25A22,17007
17024,PANO1,17008
17025,PIDD1,17009
17026,RPLP2,17010
17027,PNPLA2,17011
17028,AP006621.1,17012
17029,CRACR2B,17013
17030,CD151,17014
17031,POLR2L,17015
17032,TSPAN4,17016
17033,AP006623.1,17017
17034,CHID1,17018
17035,AP2A2,17019
17036,MUC6,17020
17037,AC139749.1,17021
17038,MUC2,17022
17039,MUC5AC,17023
17040,MUC5B,17024
17041,AC061979.1,17025
17042,TOLLIP,17026
17043,TOLLIP-AS1,17027
17044,BRSK2,17028
17045,MOB2,17029
17046,DUSP8,17030
17047,KRTAP5-AS1,17031
17048,KRTAP5-1,17032
17049,KRTAP5-2,17033
17050,KRTAP5-3,17034
17051,KRTAP5-4,17035
17052,KRTAP5-5,17036
17053,AP006285.2,17037
17054,FAM99A,17038
17055,FAM99B,17039
17056,AP006285.1,17040
17057,KRTAP5-6,17041
17058,IFITM10,17042
17059,AC068580.4,17043
17060,CTSD,17044
17061,AC068580.3,17045
17062,AC068580.2,17046
17063,SYT8,17047
17064,TNNI2,17048
17065,LSP1,17049
17066,PRR33,17050
17067,LINC01150,17051
17068,TNNT3,17052
17069,MRPL23,17053
17070,MRPL23-AS1,17054
17071,LINC01219,17055
17072,IGF2,17056
17073,IGF2,17056
17074,INS-IGF2,17057
17075,IGF2-AS,17058
17076,INS,17059
17077,TH,17060
17078,ASCL2,17061
17079,C11orf21,17062
17080,TSPAN32,17063
17081,CD81-AS1,17064
17082,CD81,17065
17083,TSSC4,17066
17084,TRPM5,17067
17085,AC124057.1,17068
17086,KCNQ1,17069
17087,KCNQ1OT1,17070
17088,KCNQ1-AS1,17071
17089,KCNQ1DN,17072
17090,CDKN1C,17073
17091,SLC22A18AS,17074
17092,SLC22A18,17075
17093,PHLDA2,17076
17094,NAP1L4,17077
17095,AC131971.1,17078
17096,CARS,17079
17097,CARS-AS1,17080
17098,OSBPL5,17081
17099,AC108448.1,17082
17100,MRGPRG,17083
17101,MRGPRG-AS1,17084
17102,AC109309.1,17085
17103,MRGPRE,17086
17104,AC123788.1,17087
17105,ZNF195,17088
17106,AC127526.1,17089
17107,ART5,17090
17108,ART1,17091
17109,CHRNA10,17092
17110,NUP98,17093
17111,PGAP2,17094
17112,RHOG,17095
17113,AC090587.1,17096
17114,STIM1,17097
17115,RRM1,17098
17116,RRM1-AS1,17099
17117,AC015689.1,17100
17118,SSU72P5,17101
17119,SSU72P2,17102
17120,SSU72P4,17103
17121,SSU72P3,17104
17122,SSU72P7,17105
17123,OR52B4,17106
17124,TRIM21,17107
17125,OR52K2,17108
17126,OR52K1,17109
17127,OR52M1,17110
17128,C11orf40,17111
17129,OR52I2,17112
17130,OR52I1,17113
17131,TRIM68,17114
17132,OR51D1,17115
17133,OR51E1,17116
17134,OR51E2,17117
17135,MMP26,17118
17136,OR51F1,17119
17137,OR52R1,17120
17138,OR51F2,17121
17139,OR51S1,17122
17140,OR51T1,17123
17141,OR51A7,17124
17142,OR51G2,17125
17143,OR51G1,17126
17144,OR51A4,17127
17145,OR51A2,17128
17146,OR51L1,17129
17147,OR52J3,17130
17148,OR52E2,17131
17149,AC113331.1,17132
17150,OR52A5,17133
17151,OR52A1,17134
17152,OR51V1,17135
17153,AC104389.1,17136
17154,HBB,17137
17155,HBD,17138
17156,BGLT3,17139
17157,HBG1,17140
17158,AC104389.5,17141
17159,HBG2,17142
17160,AC104389.4,17143
17161,HBE1,17144
17162,OR51B4,17145
17163,OR51B5,17146
17164,OR51B2,17147
17165,OR51B6,17148
17166,OR51M1,17149
17167,OR51Q1,17150
17168,OR51I1,17151
17169,OR51I2,17152
17170,OR52D1,17153
17171,UBQLN3,17154
17172,UBQLNL,17155
17173,OR52H1,17156
17174,OR52B6,17157
17175,TRIM6,17158
17176,TRIM6-TRIM34,17159
17177,TRIM34,17160
17178,TRIM5,17161
17179,TRIM22,17162
17180,OR56B1,17163
17181,OR52N4,17164
17182,OR52N5,17165
17183,OR52N1,17166
17184,OR52N2,17167
17185,OR52E6,17168
17186,OR52E8,17169
17187,OR52E4,17170
17188,OR52E5,17171
17189,OR56A3,17172
17190,OR56A5,17173
17191,OR52L1,17174
17192,OR56A4,17175
17193,OR56A1,17176
17194,OR56B4,17177
17195,OR52B2,17178
17196,OR52W1,17179
17197,AC022762.2,17180
17198,C11orf42,17181
17199,FAM160A2,17182
17200,CNGA4,17183
17201,CCKBR,17184
17202,CAVIN3,17185
17203,AC068733.3,17186
17204,AC068733.1,17187
17205,SMPD1,17188
17206,APBB1,17189
17207,HPX,17190
17208,TRIM3,17191
17209,ARFIP2,17192
17210,TIMM10B,17193
17211,AC084337.2,17194
17212,DNHD1,17195
17213,RRP8,17196
17214,AC091564.2,17197
17215,ILK,17198
17216,TAF10,17199
17217,TPP1,17200
17218,AC091564.6,17201
17219,DCHS1,17202
17220,AC091564.4,17203
17221,AC091564.5,17204
17222,MRPL17,17205
17223,OR2AG2,17206
17224,OR2AG1,17207
17225,OR6A2,17208
17226,AC087280.2,17209
17227,OR10A5,17210
17228,OR10A2,17211
17229,OR10A4,17212
17230,OR2D2,17213
17231,OR2D3,17214
17232,ZNF215,17215
17233,ZNF214,17216
17234,NLRP14,17217
17235,RBMXL2,17218
17236,AC027804.1,17219
17237,SYT9,17220
17238,AC107884.1,17221
17239,OLFML1,17222
17240,PPFIBP2,17223
17241,AC107884.2,17224
17242,CYB5R2,17225
17243,OVCH2,17226
17244,AC044810.3,17227
17245,AC104237.1,17228
17246,OR5P2,17229
17247,OR5P3,17230
17248,OR10A6,17231
17249,OR10A3,17232
17250,NLRP10,17233
17251,EIF3F,17234
17252,CASC23,17235
17253,TUB,17236
17254,AC116456.1,17237
17255,RIC3,17238
17256,AC091013.1,17239
17257,LMO1,17240
17258,STK33,17241
17259,TRIM66,17242
17260,AC091053.2,17243
17261,RPL27A,17244
17262,ST5,17245
17263,AC091053.1,17246
17264,AC026894.1,17247
17265,AKIP1,17248
17266,C11orf16,17249
17267,ASCL3,17250
17268,TMEM9B,17251
17269,TMEM9B-AS1,17252
17270,NRIP3,17253
17271,AC079296.1,17254
17272,SCUBE2,17255
17273,DENND5A,17256
17274,TMEM41B,17257
17275,IPO7,17258
17276,AC132192.1,17259
17277,AC132192.2,17260
17278,ZNF143,17261
17279,WEE1,17262
17280,SWAP70,17263
17281,AC026250.1,17264
17282,SBF2-AS1,17265
17283,SBF2,17266
17284,AC011092.2,17267
17285,AC100763.1,17268
17286,AC080023.1,17269
17287,ADM,17270
17288,AMPD3,17271
17289,MTRNR2L8,17272
17290,RNF141,17273
17291,MRVI1-AS1,17274
17292,LYVE1,17275
17293,MRVI1,17276
17294,CTR9,17277
17295,EIF4G2,17278
17296,AC116535.1,17279
17297,ZBED5,17280
17298,ZBED5-AS1,17281
17299,AC069360.1,17282
17300,AC111188.1,17283
17301,KC877392.1,17284
17302,GALNT18,17285
17303,CSNK2A3,17286
17304,AC023946.1,17287
17305,AC104031.1,17288
17306,USP47,17289
17307,DKK3,17290
17308,LINC02547,17291
17309,AC124276.1,17292
17310,AC124276.2,17293
17311,MICAL2,17294
17312,AC079329.1,17295
17313,PARVA,17296
17314,AC009806.1,17297
17315,TEAD1,17298
17316,AC013549.2,17299
17317,AC013549.1,17300
17318,LINC00958,17301
17319,AC084859.1,17302
17320,RASSF10,17303
17321,AC013762.1,17304
17322,ARNTL,17305
17323,BTBD10,17306
17324,PTH,17307
17325,FAR1,17308
17326,LINC02548,17309
17327,AC027779.1,17310
17328,LINC02545,17311
17329,AC022240.1,17312
17330,SPON1,17313
17331,SPON1-AS1,17314
17332,RRAS2,17315
17333,COPB1,17316
17334,AC018523.2,17317
17335,PSMA1,17318
17336,PDE3B,17319
17337,CYP2R1,17320
17338,CALCB,17321
17339,CALCA,17322
17340,INSC,17323
17341,AC073172.2,17324
17342,AC073172.1,17325
17343,AC087379.2,17326
17344,AC087379.1,17327
17345,AC009869.1,17328
17346,SOX6,17329
17347,AC103794.1,17330
17348,C11orf58,17331
17349,PLEKHA7,17332
17350,RPS13,17333
17351,PIK3C2A,17334
17352,NUCB2,17335
17353,NCR3LG1,17336
17354,AC124798.1,17337
17355,KCNJ11,17338
17356,ABCC8,17339
17357,USH1C,17340
17358,OTOG,17341
17359,AC124301.1,17342
17360,AC124301.2,17343
17361,MYOD1,17344
17362,KCNC1,17345
17363,SERGEF,17346
17364,TPH1,17347
17365,SAAL1,17348
17366,MRGPRX3,17349
17367,AC090099.4,17350
17368,MRGPRX4,17351
17369,SAA4,17352
17370,SAA2-SAA4,17353
17371,SAA2,17354
17372,SAA1,17355
17373,HPS5,17356
17374,GTF2H1,17357
17375,LDHA,17358
17376,LDHC,17359
17377,LDHAL6A,17360
17378,TSG101,17361
17379,UEVLD,17362
17380,SPTY2D1OS,17363
17381,SPTY2D1,17364
17382,TMEM86A,17365
17383,IGSF22,17366
17384,AC103974.1,17367
17385,PTPN5,17368
17386,MRGPRX1,17369
17387,AC023078.5,17370
17388,MRGPRX2,17371
17389,ZDHHC13,17372
17390,CSRP3,17373
17391,AC009652.2,17374
17392,E2F8,17375
17393,AC009652.1,17376
17394,NAV2,17377
17395,NAV2-AS5,17378
17396,NAV2-AS4,17379
17397,AC009549.1,17380
17398,NAV2-AS3,17381
17399,NAV2-AS2,17382
17400,NAV2-AS1,17383
17401,DBX1,17384
17402,HTATIP2,17385
17403,PRMT3,17386
17404,SLC6A5,17387
17405,NELL1,17388
17406,AC090707.1,17389
17407,AC090857.2,17390
17408,AC107882.1,17391
17409,ANO5,17392
17410,AC107886.1,17393
17411,AC104009.1,17394
17412,SLC17A6,17395
17413,AC040936.1,17396
17414,LINC01495,17397
17415,AC055878.1,17398
17416,FANCF,17399
17417,GAS2,17400
17418,SVIP,17401
17419,AC006299.1,17402
17420,CCDC179,17403
17421,AC090092.1,17404
17422,AC100768.2,17405
17423,AC100768.1,17406
17424,AC015771.1,17407
17425,LUZP2,17408
17426,AC090592.1,17409
17427,AC013799.1,17410
17428,AC099687.1,17411
17429,AC021698.1,17412
17430,ANO3,17413
17431,MUC15,17414
17432,SLC5A12,17415
17433,FIBIN,17416
17434,BBOX1,17417
17435,BBOX1-AS1,17418
17436,CCDC34,17419
17437,LGR4,17420
17438,AC100771.2,17421
17439,LIN7C,17422
17440,BDNF-AS,17423
17441,LINC00678,17424
17442,BDNF,17425
17443,AC090159.1,17426
17444,KIF18A,17427
17445,METTL15,17428
17446,AC013714.1,17429
17447,AC100773.1,17430
17448,AC090833.1,17431
17449,AC090791.1,17432
17450,AC090124.1,17433
17451,AC090124.2,17434
17452,AC110058.1,17435
17453,LINC02546,17436
17454,AC107973.1,17437
17455,LINC01616,17438
17456,KCNA4,17439
17457,AC124657.1,17440
17458,FSHB,17441
17459,ARL14EP,17442
17460,MPPED2,17443
17461,AL353699.1,17444
17462,AL136088.1,17445
17463,DCDC1,17446
17464,AL137804.1,17447
17465,DNAJC24,17448
17466,IMMP1L,17449
17467,ELP4,17450
17468,AC131571.1,17451
17469,PAX6,17452
17470,AL035078.4,17453
17471,AL035078.1,17454
17472,AL035078.3,17455
17473,RCN1,17456
17474,AL078612.1,17457
17475,AL078612.2,17458
17476,WT1,17459
17477,EIF3M,17460
17478,CCDC73,17461
17479,PRRG4,17462
17480,QSER1,17463
17481,DEPDC7,17464
17482,TCP11L1,17465
17483,LINC00294,17466
17484,CSTF3,17467
17485,CSTF3-DT,17468
17486,HIPK3,17469
17487,KIAA1549L,17470
17488,AL049629.1,17471
17489,AL049629.2,17472
17490,C11orf91,17473
17491,CD59,17474
17492,FBXO3,17475
17493,FBXO3-DT,17476
17494,AC113192.5,17477
17495,AC113192.4,17478
17496,AC113192.1,17479
17497,AC113192.2,17480
17498,LMO2,17481
17499,AC132216.1,17482
17500,CAPRIN1,17483
17501,NAT10,17484
17502,ABTB2,17485
17503,CAT,17486
17504,ELF5,17487
17505,AL137224.1,17488
17506,AC087783.1,17489
17507,EHF,17490
17508,APIP,17491
17509,PDHX,17492
17510,AL356215.1,17493
17511,CD44,17494
17512,CD44-AS1,17495
17513,SLC1A2,17496
17514,AL133330.2,17497
17515,AC090625.2,17498
17516,PAMR1,17499
17517,AL135934.1,17500
17518,FJX1,17501
17519,AL138812.1,17502
17520,TRIM44,17503
17521,AC090692.1,17504
17522,LDLRAD3,17505
17523,COMMD9,17506
17524,PRR5L,17507
17525,AC087277.1,17508
17526,AC009656.1,17509
17527,TRAF6,17510
17528,RAG1,17511
17529,RAG2,17512
17530,C11orf74,17513
17531,AC103798.1,17514
17532,AC021713.1,17515
17533,AC022796.1,17516
17534,LINC01493,17517
17535,LRRC4C,17518
17536,AC090138.1,17519
17537,AC021006.2,17520
17538,LINC01499,17521
17539,AC023442.3,17522
17540,AC023442.2,17523
17541,AC079917.1,17524
17542,AC090458.1,17525
17543,API5,17526
17544,AC087276.2,17527
17545,TTC17,17528
17546,AC087276.3,17529
17547,AC068205.1,17530
17548,MIR670HG,17531
17549,HSD17B12,17532
17550,AC087521.2,17533
17551,AC087521.4,17534
17552,ALKBH3,17535
17553,ALKBH3-AS1,17536
17554,C11orf96,17537
17555,AC087521.1,17538
17556,ACCSL,17539
17557,ACCS,17540
17558,EXT2,17541
17559,ALX4,17542
17560,AC010768.4,17543
17561,CD82,17544
17562,AC010768.1,17545
17563,AC010768.2,17546
17564,AC104241.2,17547
17565,AC104241.1,17548
17566,TSPAN18,17549
17567,TP53I11,17550
17568,AC068858.1,17551
17569,PRDM11,17552
17570,AC103681.2,17553
17571,SYT13,17554
17572,AC103681.1,17555
17573,AC103736.1,17556
17574,AC018716.2,17557
17575,AC103855.3,17558
17576,AC018716.1,17559
17577,AC103855.1,17560
17578,CHST1,17561
17579,AC087442.1,17562
17580,AC044839.4,17563
17581,AC044839.3,17564
17582,AC044839.1,17565
17583,SLC35C1,17566
17584,AC044839.5,17567
17585,CRY2,17568
17586,MAPK8IP1,17569
17587,AC068385.1,17570
17588,C11orf94,17571
17589,PEX16,17572
17590,LARGE2,17573
17591,PHF21A,17574
17592,AC024475.1,17575
17593,AC024475.4,17576
17594,AC024475.3,17577
17595,AC116021.1,17578
17596,LINC02489,17579
17597,CREB3L1,17580
17598,DGKZ,17581
17599,MDK,17582
17600,CHRM4,17583
17601,AMBRA1,17584
17602,HARBI1,17585
17603,ATG13,17586
17604,ARHGAP1,17587
17605,ZNF408,17588
17606,F2,17589
17607,CKAP5,17590
17608,LRP4-AS1,17591
17609,LRP4,17592
17610,C11orf49,17593
17611,AC090589.2,17594
17612,ARFGAP2,17595
17613,PACSIN3,17596
17614,DDB2,17597
17615,AC018410.2,17598
17616,ACP2,17599
17617,NR1H3,17600
17618,MADD,17601
17619,AC018410.1,17602
17620,MYBPC3,17603
17621,SPI1,17604
17622,AC090559.1,17605
17623,SLC39A13,17606
17624,PSMC3,17607
17625,RAPSN,17608
17626,CELF1,17609
17627,NDUFS3,17610
17628,PTPMT1,17611
17629,KBTBD4,17612
17630,KF459542.1,17613
17631,FAM180B,17614
17632,C1QTNF4,17615
17633,MTCH2,17616
17634,AGBL2,17617
17635,FNBP4,17618
17636,NUP160,17619
17637,PTPRJ,17620
17638,PTPRJ-AS1,17621
17639,OR4B1,17622
17640,OR4X2,17623
17641,OR4X1,17624
17642,OR4S1,17625
17643,OR4C3,17626
17644,OR4C5,17627
17645,OR4A47,17628
17646,TRIM49B,17629
17647,TRIM64C,17630
17648,FOLH1,17631
17649,OR4C13,17632
17650,OR4C12,17633
17651,AC109635.2,17634
17652,OR4C46,17635
17653,OR4A5,17636
17654,TRIM48,17637
17655,OR4A16,17638
17656,OR4A15,17639
17657,OR4C15,17640
17658,OR4C16,17641
17659,OR4C11,17642
17660,OR4P4,17643
17661,OR4S2,17644
17662,OR4C6,17645
17663,AP006437.1,17646
17664,OR5D3P,17647
17665,OR5D13,17648
17666,OR5D14,17649
17667,OR5L1,17650
17668,OR5D18,17651
17669,OR5L2,17652
17670,OR5D16,17653
17671,TRIM51,17654
17672,OR5W2,17655
17673,OR5I1,17656
17674,OR10AG1,17657
17675,OR5F1,17658
17676,OR5AS1,17659
17677,OR8I2,17660
17678,OR8H2,17661
17679,OR8H3,17662
17680,OR8J3,17663
17681,OR8K5,17664
17682,OR5J2,17665
17683,OR5T2,17666
17684,OR5T3,17667
17685,OR5T1,17668
17686,OR8H1,17669
17687,OR8K3,17670
17688,OR8K1,17671
17689,OR8J1,17672
17690,OR8U1,17673
17691,OR5R1,17674
17692,AP002512.3,17675
17693,OR5M9,17676
17694,OR5M3,17677
17695,OR5M8,17678
17696,OR5M11,17679
17697,OR5M10,17680
17698,OR5M1,17681
17699,OR5AP2,17682
17700,OR5AR1,17683
17701,OR9G1,17684
17702,OR9G4,17685
17703,AP001803.2,17686
17704,OR5AK2,17687
17705,LRRC55,17688
17706,APLNR,17689
17707,TNKS1BP1,17690
17708,AP000781.1,17691
17709,SSRP1,17692
17710,P2RX3,17693
17711,PRG3,17694
17712,PRG2,17695
17713,AP000781.2,17696
17714,SLC43A3,17697
17715,RTN4RL2,17698
17716,AP002893.1,17699
17717,SLC43A1,17700
17718,TIMM10,17701
17719,SMTNL1,17702
17720,UBE2L6,17703
17721,SERPING1,17704
17722,YPEL4,17705
17723,CLP1,17706
17724,ZDHHC5,17707
17725,MED19,17708
17726,TMX2,17709
17727,TMX2-CTNND1,17710
17728,SELENOH,17711
17729,AP001931.1,17712
17730,BTBD18,17713
17731,CTNND1,17714
17732,OR9Q1,17715
17733,OR6Q1,17716
17734,AP004247.2,17717
17735,OR9I1,17718
17736,OR9Q2,17719
17737,OR1S2,17720
17738,OR1S1,17721
17739,OR10Q1,17722
17740,OR10W1,17723
17741,OR5B17,17724
17742,OR5B3,17725
17743,OR5B2,17726
17744,OR5B12,17727
17745,AP003557.1,17728
17746,OR5B21,17729
17747,LPXN,17730
17748,ZFP91,17731
17749,ZFP91-CNTF,17732
17750,AP001350.1,17733
17751,CNTF,17734
17752,GLYAT,17735
17753,GLYATL2,17736
17754,GLYATL1,17737
17755,AP001652.1,17738
17756,AP001636.3,17739
17757,GLYATL1B,17740
17758,FAM111B,17741
17759,FAM111A-DT,17742
17760,FAM111A,17743
17761,DTX4,17744
17762,MPEG1,17745
17763,AP002358.1,17746
17764,OR5AN1,17747
17765,OR5A2,17748
17766,OR5A1,17749
17767,OR4D6,17750
17768,OR4D10,17751
17769,OR4D11,17752
17770,OR4D9,17753
17771,AP000442.1,17754
17772,OSBP,17755
17773,AP000442.2,17756
17774,PATL1,17757
17775,OR10V1,17758
17776,STX3,17759
17777,AP000640.1,17760
17778,MRPL16,17761
17779,GIF,17762
17780,TCN1,17763
17781,AP002347.1,17764
17782,AP000790.3,17765
17783,AP000790.4,17766
17784,AP000790.2,17767
17785,OOSP2,17768
17786,MS4A3,17769
17787,MS4A2,17770
17788,AP001257.1,17771
17789,MS4A6A,17772
17790,MS4A4E,17773
17791,MS4A4A,17774
17792,MS4A6E,17775
17793,MS4A7,17776
17794,MS4A14,17777
17795,MS4A5,17778
17796,MS4A1,17779
17797,MS4A12,17780
17798,MS4A13,17781
17799,MS4A8,17782
17800,MS4A18,17783
17801,MS4A15,17784
17802,MS4A10,17785
17803,AP000777.1,17786
17804,AP000777.2,17787
17805,AP000777.3,17788
17806,CCDC86,17789
17807,PTGDR2,17790
17808,ZP1,17791
17809,PRPF19,17792
17810,AP003721.4,17793
17811,AP003721.3,17794
17812,TMEM109,17795
17813,AP003721.1,17796
17814,TMEM132A,17797
17815,SLC15A3,17798
17816,CD6,17799
17817,AP003721.2,17800
17818,CD5,17801
17819,VPS37C,17802
17820,PGA3,17803
17821,PGA4,17804
17822,PGA5,17805
17823,VWCE,17806
17824,DDB1,17807
17825,TKFC,17808
17826,CYB561A3,17809
17827,TMEM138,17810
17828,TMEM216,17811
17829,CPSF7,17812
17830,AP003108.2,17813
17831,SDHAF2,17814
17832,PPP1R32,17815
17833,AP003108.1,17816
17834,LRRC10B,17817
17835,SYT7,17818
17836,AP003559.1,17819
17837,AP002754.1,17820
17838,AP002754.2,17821
17839,DAGLA,17822
17840,DKFZP434K028,17823
17841,MYRF,17824
17842,TMEM258,17825
17843,FEN1,17826
17844,FADS2,17827
17845,FADS1,17828
17846,FADS3,17829
17847,RAB3IL1,17830
17848,BEST1,17831
17849,FTH1,17832
17850,AP003733.3,17833
17851,INCENP,17834
17852,SCGB1D1,17835
17853,SCGB2A1,17836
17854,AP003306.1,17837
17855,SCGB1D2,17838
17856,SCGB2A2,17839
17857,SCGB1D4,17840
17858,AP003306.2,17841
17859,ASRGL1,17842
17860,AP003064.1,17843
17861,SCGB1A1,17844
17862,AP003064.2,17845
17863,AHNAK,17846
17864,AP001363.1,17847
17865,AP001363.2,17848
17866,EEF1G,17849
17867,AP002990.1,17850
17868,TUT1,17851
17869,MTA2,17852
17870,EML3,17853
17871,AP001458.1,17854
17872,ROM1,17855
17873,B3GAT3,17856
17874,GANAB,17857
17875,INTS5,17858
17876,AP001458.2,17859
17877,C11orf98,17860
17878,LBHD1,17861
17879,CSKMT,17862
17880,UQCC3,17863
17881,UBXN1,17864
17882,LRRN4CL,17865
17883,BSCL2,17866
17884,HNRNPUL2-BSCL2,17867
17885,GNG3,17868
17886,HNRNPUL2,17869
17887,TTC9C,17870
17888,ZBTB3,17871
17889,POLR2G,17872
17890,AP001160.2,17873
17891,TAF6L,17874
17892,TMEM223,17875
17893,AP001160.3,17876
17894,TMEM179B,17877
17895,NXF1,17878
17896,STX5,17879
17897,AP001160.1,17880
17898,TEX54,17881
17899,WDR74,17882
17900,SLC3A2,17883
17901,CHRM1,17884
17902,AP000438.1,17885
17903,SLC22A6,17886
17904,SLC22A8,17887
17905,SLC22A24,17888
17906,SLC22A10,17889
17907,SLC22A25,17890
17908,SLC22A9,17891
17909,HRASLS5,17892
17910,LGALS12,17893
17911,RARRES3,17894
17912,HRASLS2,17895
17913,PLA2G16,17896
17914,AP000753.1,17897
17915,ATL3,17898
17916,AP000753.2,17899
17917,RTN3,17900
17918,C11orf95,17901
17919,SPINDOC,17902
17920,MARK2,17903
17921,RCOR2,17904
17922,NAA40,17905
17923,COX8A,17906
17924,AP000721.1,17907
17925,OTUB1,17908
17926,MACROD1,17909
17927,AP000721.2,17910
17928,AP006333.2,17911
17929,FLRT1,17912
17930,AP006333.1,17913
17931,STIP1,17914
17932,FERMT3,17915
17933,TRPT1,17916
17934,NUDT22,17917
17935,AP001453.1,17918
17936,DNAJC4,17919
17937,VEGFB,17920
17938,FKBP2,17921
17939,PPP1R14B,17922
17940,AP001453.2,17923
17941,AP001453.4,17924
17942,PLCB3,17925
17943,BAD,17926
17944,GPR137,17927
17945,KCNK4,17928
17946,CATSPERZ,17929
17947,ESRRA,17930
17948,TRMT112,17931
17949,PRDX5,17932
17950,AP003774.4,17933
17951,CCDC88B,17934
17952,RPS6KA4,17935
17953,AP003774.3,17936
17954,AP003774.2,17937
17955,AP003774.1,17938
17956,AP005273.1,17939
17957,SLC22A11,17940
17958,SLC22A12,17941
17959,NRXN2,17942
17960,AP001092.1,17943
17961,RASGRP2,17944
17962,PYGM,17945
17963,SF1,17946
17964,AP001462.1,17947
17965,MAP4K2,17948
17966,MEN1,17949
17967,CDC42BPG,17950
17968,EHD1,17951
17969,MIR194-2HG,17952
17970,ATG2A,17953
17971,PPP2R5B,17954
17972,GPHA2,17955
17973,MAJIN,17956
17974,BATF2,17957
17975,ARL2,17958
17976,ARL2-SNX15,17959
17977,SNX15,17960
17978,SAC3D1,17961
17979,NAALADL1,17962
17980,CDCA5,17963
17981,ZFPL1,17964
17982,TMEM262,17965
17983,VPS51,17966
17984,AP003068.1,17967
17985,TM7SF2,17968
17986,ZNHIT2,17969
17987,AP003068.3,17970
17988,FAU,17971
17989,SYVN1,17972
17990,MRPL49,17973
17991,SPDYC,17974
17992,AP003068.2,17975
17993,CAPN1,17976
17994,POLA2,17977
17995,CDC42EP2,17978
17996,DPF2,17979
17997,TIGD3,17980
17998,AP000944.1,17981
17999,SLC25A45,17982
18000,FRMD8,17983
18001,NEAT1,17984
18002,AP000769.3,17985
18003,MALAT1,17986
18004,AP000769.2,17987
18005,SCYL1,17988
18006,LTBP3,17989
18007,SSSCA1,17990
18008,FAM89B,17991
18009,EHBP1L1,17992
18010,KCNK7,17993
18011,MAP3K11,17994
18012,PCNX3,17995
18013,SIPA1,17996
18014,RELA,17997
18015,KAT5,17998
18016,RNASEH2C,17999
18017,AP001266.2,18000
18018,AP5B1,18001
18019,OVOL1,18002
18020,OVOL1-AS1,18003
18021,AP001266.1,18004
18022,CFL1,18005
18023,SNX32,18006
18024,MUS81,18007
18025,EFEMP2,18008
18026,CTSW,18009
18027,FIBP,18010
18028,CCDC85B,18011
18029,FOSL1,18012
18030,C11orf68,18013
18031,DRAP1,18014
18032,TSGA10IP,18015
18033,SART1,18016
18034,EIF1AD,18017
18035,BANF1,18018
18036,CST6,18019
18037,CATSPER1,18020
18038,GAL3ST3,18021
18039,SF3B2,18022
18040,AP006287.2,18023
18041,PACS1,18024
18042,AP000759.1,18025
18043,KLC2,18026
18044,AP001107.4,18027
18045,AP001107.8,18028
18046,AP001107.7,18029
18047,RAB1B,18030
18048,AP001107.1,18031
18049,AP001107.2,18032
18050,CNIH2,18033
18051,YIF1A,18034
18052,TMEM151A,18035
18053,AP001107.3,18036
18054,CD248,18037
18055,RIN1,18038
18056,AP001107.6,18039
18057,BRMS1,18040
18058,B4GAT1,18041
18059,AP001107.9,18042
18060,SLC29A2,18043
18061,NPAS4,18044
18062,MRPL11,18045
18063,PELI3,18046
18064,AP002748.3,18047
18065,DPP3,18048
18066,AP002748.4,18049
18067,BBS1,18050
18068,ZDHHC24,18051
18069,ACTN3,18052
18070,AP002748.1,18053
18071,CTSF,18054
18072,CCDC87,18055
18073,CCS,18056
18074,RBM14,18057
18075,RBM14-RBM4,18058
18076,RBM4,18059
18077,RBM4B,18060
18078,AP001157.1,18061
18079,SPTBN2,18062
18080,C11orf80,18063
18081,RCE1,18064
18082,PC,18065
18083,LRFN4,18066
18084,C11orf86,18067
18085,SYT12,18068
18086,RHOD,18069
18087,KDM2A,18070
18088,GRK2,18071
18089,ANKRD13D,18072
18090,SSH3,18073
18091,RAD9A,18074
18092,POLD4,18075
18093,AP003419.1,18076
18094,AP003419.2,18077
18095,CLCF1,18078
18096,AP003419.3,18079
18097,PPP1CA,18080
18098,TBC1D10C,18081
18099,CARNS1,18082
18100,RPS6KB2,18083
18101,RPS6KB2-AS1,18084
18102,CORO1B,18085
18103,PTPRCAP,18086
18104,GPR152,18087
18105,CABP4,18088
18106,TMEM134,18089
18107,AIP,18090
18108,PITPNM1,18091
18109,CDK2AP2,18092
18110,CABP2,18093
18111,GSTP1,18094
18112,C11orf72,18095
18113,AP003385.3,18096
18114,NDUFV1,18097
18115,NUDT8,18098
18116,TBX10,18099
18117,ACY3,18100
18118,ALDH3B2,18101
18119,AP003716.1,18102
18120,UNC93B1,18103
18121,ALDH3B1,18104
18122,AC004923.4,18105
18123,NDUFS8,18106
18124,TCIRG1,18107
18125,AP002807.1,18108
18126,CHKA,18109
18127,AP002992.1,18110
18128,KMT5B,18111
18129,C11orf24,18112
18130,LRP5,18113
18131,PPP6R3,18114
18132,AP003096.1,18115
18133,GAL,18116
18134,TESMIN,18117
18135,CPT1A,18118
18136,AP000808.1,18119
18137,MRPL21,18120
18138,IGHMBP2,18121
18139,AP000808.2,18122
18140,MRGPRD,18123
18141,AP003071.3,18124
18142,MRGPRF,18125
18143,MRGPRF-AS1,18126
18144,TPCN2,18127
18145,AP003071.1,18128
18146,AP003071.2,18129
18147,AP003071.5,18130
18148,MYEOV,18131
18149,AP005233.2,18132
18150,AP005233.1,18133
18151,AP000439.3,18134
18152,AP000439.1,18135
18153,AP000439.4,18136
18154,AP000439.2,18137
18155,LINC01488,18138
18156,CCND1,18139
18157,ORAOV1,18140
18158,FGF19,18141
18159,FGF4,18142
18160,FGF3,18143
18161,AP007216.1,18144
18162,AP007216.2,18145
18163,AP003555.3,18146
18164,AP003555.2,18147
18165,AP003555.1,18148
18166,LINC02584,18149
18167,ANO1,18150
18168,ANO1-AS1,18151
18169,FADD,18152
18170,AP000879.1,18153
18171,PPFIA1,18154
18172,AP002336.2,18155
18173,AP002336.3,18156
18174,AP000487.2,18157
18175,AP000487.1,18158
18176,CTTN,18159
18177,SHANK2,18160
18178,SHANK2-AS1,18161
18179,SHANK2-AS2,18162
18180,SHANK2-AS3,18163
18181,DHCR7,18164
18182,AP002387.2,18165
18183,NADSYN1,18166
18184,KRTAP5-7,18167
18185,KRTAP5-8,18168
18186,KRTAP5-9,18169
18187,KRTAP5-10,18170
18188,KRTAP5-11,18171
18189,AP003498.1,18172
18190,FAM86C1,18173
18191,ZNF705E,18174
18192,DEFB108B,18175
18193,AP002495.2,18176
18194,DEFB131B,18177
18195,RNF121,18178
18196,IL18BP,18179
18197,NUMA1,18180
18198,AP002490.1,18181
18199,LRTOMT,18182
18200,AP000812.5,18183
18201,LAMTOR1,18184
18202,AP000812.4,18185
18203,ANAPC15,18186
18204,FOLR3,18187
18205,AP000812.1,18188
18206,FOLR1,18189
18207,FOLR2,18190
18208,INPPL1,18191
18209,PHOX2A,18192
18210,CLPB,18193
18211,AP000593.3,18194
18212,AP002892.2,18195
18213,AP002892.1,18196
18214,AP003785.1,18197
18215,LINC01537,18198
18216,PDE2A,18199
18217,AP005019.1,18200
18218,AP003065.1,18201
18219,ARAP1,18202
18220,ARAP1-AS1,18203
18221,ARAP1-AS2,18204
18222,STARD10,18205
18223,ATG16L2,18206
18224,FCHSD2,18207
18225,AP002761.2,18208
18226,AP002761.1,18209
18227,P2RY2,18210
18228,P2RY6,18211
18229,AP002761.3,18212
18230,ARHGEF17,18213
18231,RELT,18214
18232,AP000763.4,18215
18233,FAM168A,18216
18234,AP000763.3,18217
18235,PLEKHB1,18218
18236,RAB6A,18219
18237,AP002993.1,18220
18238,AP002770.1,18221
18239,MRPL48,18222
18240,COA4,18223
18241,PAAF1,18224
18242,DNAJB13,18225
18243,AP003717.1,18226
18244,UCP2,18227
18245,UCP3,18228
18246,C2CD3,18229
18247,PPME1,18230
18248,P4HA3,18231
18249,P4HA3-AS1,18232
18250,PGM2L1,18233
18251,AP001372.1,18234
18252,KCNE3,18235
18253,AP001372.3,18236
18254,LIPT2,18237
18255,POLD3,18238
18256,CHRDL2,18239
18257,RNF169,18240
18258,XRRA1,18241
18259,SPCS2,18242
18260,NEU3,18243
18261,OR2AT4,18244
18262,AP001972.4,18245
18263,SLCO2B1,18246
18264,AP001972.3,18247
18265,TPBGL,18248
18266,AP001972.1,18249
18267,ARRB1,18250
18268,AP001972.2,18251
18269,RPS3,18252
18270,KLHL35,18253
18271,GDPD5,18254
18272,SERPINH1,18255
18273,AP001922.5,18256
18274,MAP6,18257
18275,MOGAT2,18258
18276,AP001922.1,18259
18277,DGAT2,18260
18278,AP003031.1,18261
18279,AP003031.2,18262
18280,UVRAG,18263
18281,AP002340.1,18264
18282,WNT11,18265
18283,AP000785.1,18266
18284,AP000785.2,18267
18285,THAP12,18268
18286,GVQW3,18269
18287,AP002360.3,18270
18288,AP002360.2,18271
18289,AP002360.1,18272
18290,EMSY,18273
18291,AP001189.5,18274
18292,AP001189.6,18275
18293,AP001189.3,18276
18294,AP001189.1,18277
18295,LRRC32,18278
18296,AP001189.4,18279
18297,AP003119.1,18280
18298,TSKU,18281
18299,AP003119.2,18282
18300,ACER3,18283
18301,AP002498.1,18284
18302,B3GNT6,18285
18303,CAPN5,18286
18304,OMP,18287
18305,MYO7A,18288
18306,GDPD4,18289
18307,PAK1,18290
18308,AP003680.1,18291
18309,CLNS1A,18292
18310,AQP11,18293
18311,RSF1,18294
18312,AAMDC,18295
18313,AP002812.2,18296
18314,AP002812.3,18297
18315,AP002812.5,18298
18316,INTS4,18299
18317,KCTD14,18300
18318,AP003032.2,18301
18319,NDUFC2-KCTD14,18302
18320,AP003032.1,18303
18321,THRSP,18304
18322,NDUFC2,18305
18323,ALG8,18306
18324,KCTD21-AS1,18307
18325,KCTD21,18308
18326,USP35,18309
18327,GAB2,18310
18328,AP003086.2,18311
18329,AP003086.3,18312
18330,AP003086.1,18313
18331,NARS2,18314
18332,AP003110.1,18315
18333,TENM4,18316
18334,AP002768.1,18317
18335,AP002957.1,18318
18336,AP001547.1,18319
18337,AP001978.1,18320
18338,AP006295.1,18321
18339,AP002759.1,18322
18340,MIR4300HG,18323
18341,AP002802.1,18324
18342,AP000793.1,18325
18343,FAM181B,18326
18344,AP001646.3,18327
18345,PRCP,18328
18346,DDIAS,18329
18347,RAB30,18330
18348,RAB30-AS1,18331
18349,AP001767.3,18332
18350,PCF11,18333
18351,PCF11-AS1,18334
18352,ANKRD42,18335
18353,AP000873.3,18336
18354,CCDC90B,18337
18355,AP000446.1,18338
18356,DLG2,18339
18357,AP002370.2,18340
18358,AP001825.1,18341
18359,AP000857.2,18342
18360,TMEM126B,18343
18361,TMEM126A,18344
18362,CREBZF,18345
18363,CCDC89,18346
18364,SYTL2,18347
18365,CCDC83,18348
18366,AP003128.1,18349
18367,PICALM,18350
18368,AP003097.2,18351
18369,EED,18352
18370,HIKESHI,18353
18371,CCDC81,18354
18372,AP001831.1,18355
18373,ME3,18356
18374,AP003059.1,18357
18375,AP003059.2,18358
18376,PRSS23,18359
18377,AP000654.1,18360
18378,AP001528.2,18361
18379,FZD4,18362
18380,AP001528.1,18363
18381,TMEM135,18364
18382,AP000756.1,18365
18383,AP005436.3,18366
18384,AP005436.1,18367
18385,AP005436.2,18368
18386,RAB38,18369
18387,CTSC,18370
18388,GRM5-AS1,18371
18389,GRM5,18372
18390,TYR,18373
18391,NOX4,18374
18392,AP003400.1,18375
18393,TRIM77,18376
18394,AP003122.2,18377
18395,TRIM49,18378
18396,TRIM64B,18379
18397,TRIM49D1,18380
18398,TRIM49D2,18381
18399,TRIM64,18382
18400,TRIM49C,18383
18401,UBTFL1,18384
18402,NAALAD2,18385
18403,CHORDC1,18386
18404,AP003386.1,18387
18405,AP003028.1,18388
18406,FAT3,18389
18407,AP000722.1,18390
18408,AP003718.1,18391
18409,AP003171.3,18392
18410,AP003171.1,18393
18411,MTNR1B,18394
18412,SLC36A4,18395
18413,AP003969.1,18396
18414,DEUP1,18397
18415,SMCO4,18398
18416,CEP295,18399
18417,SCARNA9,18400
18418,TAF1D,18401
18419,C11orf54,18402
18420,AP001273.2,18403
18421,MED17,18404
18422,VSTM5,18405
18423,HEPHL1,18406
18424,PANX1,18407
18425,AP002784.1,18408
18426,IZUMO1R,18409
18427,GPR83,18410
18428,MRE11,18411
18429,AP000786.1,18412
18430,ANKRD49,18413
18431,C11orf97,18414
18432,FUT4,18415
18433,PIWIL4,18416
18434,AP000943.3,18417
18435,AP000943.1,18418
18436,AP000943.2,18419
18437,AMOTL1,18420
18438,AP002383.2,18421
18439,CWC15,18422
18440,KDM4D,18423
18441,KDM4E,18424
18442,KDM4F,18425
18443,SRSF8,18426
18444,ENDOD1,18427
18445,AP000787.1,18428
18446,SESN3,18429
18447,AP001790.1,18430
18448,AP000820.1,18431
18449,FAM76B,18432
18450,CEP57,18433
18451,MTMR2,18434
18452,MAML2,18435
18453,CCDC82,18436
18454,JRKL,18437
18455,JRKL-AS1,18438
18456,AP003781.1,18439
18457,AP003066.1,18440
18458,LINC02553,18441
18459,AP003730.2,18442
18460,AP003715.1,18443
18461,AP002428.1,18444
18462,CNTN5,18445
18463,AP001351.1,18446
18464,ARHGAP42,18447
18465,PGR,18448
18466,TRPC6,18449
18467,ANGPTL5,18450
18468,CEP126,18451
18469,CFAP300,18452
18470,AP001527.1,18453
18471,AP001527.2,18454
18472,YAP1,18455
18473,AP000942.2,18456
18474,BIRC3,18457
18475,BIRC2,18458
18476,TMEM123,18459
18477,AP001830.1,18460
18478,AP001830.2,18461
18479,MMP7,18462
18480,MMP20,18463
18481,AP000851.1,18464
18482,AP000851.2,18465
18483,MMP27,18466
18484,MMP8,18467
18485,MMP10,18468
18486,MMP1,18469
18487,MMP3,18470
18488,MMP12,18471
18489,MMP13,18472
18490,DCUN1D5,18473
18491,DYNC2H1,18474
18492,AP002989.1,18475
18493,PDGFD,18476
18494,AP003043.1,18477
18495,DDI1,18478
18496,LINC02552,18479
18497,CASP4,18480
18498,CASP5,18481
18499,CASP1,18482
18500,CARD16,18483
18501,CARD17,18484
18502,CARD18,18485
18503,AP003181.1,18486
18504,GRIA4,18487
18505,MSANTD4,18488
18506,KBTBD3,18489
18507,AASDHPPT,18490
18508,AP001001.1,18491
18509,AP001001.2,18492
18510,GUCY1A2,18493
18511,AP000766.1,18494
18512,CWF19L2,18495
18513,ALKBH8,18496
18514,ELMOD1,18497
18515,SLN,18498
18516,SLC35F2,18499
18517,RAB39A,18500
18518,CUL5,18501
18519,AP002433.1,18502
18520,ACAT1,18503
18521,NPAT,18504
18522,ATM,18505
18523,C11orf65,18506
18524,KDELC2,18507
18525,EXPH5,18508
18526,DDX10,18509
18527,AP003027.1,18510
18528,AP003123.1,18511
18529,AP003049.2,18512
18530,C11orf87,18513
18531,AP002444.1,18514
18532,RDX,18515
18533,ZC3H12C,18516
18534,AP000924.1,18517
18535,FDX1,18518
18536,ARHGAP20,18519
18537,AP003973.2,18520
18538,LINC02550,18521
18539,C11orf53,18522
18540,COLCA1,18523
18541,COLCA2,18524
18542,POU2AF1,18525
18543,BTG4,18526
18544,AP002008.1,18527
18545,C11orf88,18528
18546,LAYN,18529
18547,SIK2,18530
18548,PPP2R1B,18531
18549,AP001781.1,18532
18550,ALG9,18533
18551,AP001781.2,18534
18552,FDXACB1,18535
18553,C11orf1,18536
18554,CRYAB,18537
18555,HSPB2,18538
18556,HSPB2-C11orf52,18539
18557,C11orf52,18540
18558,DIXDC1,18541
18559,DLAT,18542
18560,PIH1D2,18543
18561,NKAPD1,18544
18562,TIMM8B,18545
18563,SDHD,18546
18564,AP002884.3,18547
18565,IL18,18548
18566,AP002884.2,18549
18567,TEX12,18550
18568,BCO2,18551
18569,PTS,18552
18570,PLET1,18553
18571,AP002884.4,18554
18572,AP002884.1,18555
18573,AP003063.1,18556
18574,AP003063.2,18557
18575,AP003100.1,18558
18576,AP000802.1,18559
18577,NCAM1,18560
18578,NCAM1-AS1,18561
18579,AP000880.1,18562
18580,TTC12,18563
18581,ANKK1,18564
18582,AP002840.1,18565
18583,DRD2,18566
18584,TMPRSS5,18567
18585,ZW10,18568
18586,AP003170.4,18569
18587,CLDN25,18570
18588,USP28,18571
18589,AP003170.3,18572
18590,HTR3B,18573
18591,HTR3A,18574
18592,ZBTB16,18575
18593,AP002518.2,18576
18594,NNMT,18577
18595,AP002518.1,18578
18596,C11orf71,18579
18597,RBM7,18580
18598,AP002373.1,18581
18599,REXO2,18582
18600,NXPE1,18583
18601,NXPE4,18584
18602,NXPE2,18585
18603,CADM1,18586
18604,AP000462.3,18587
18605,AP000462.1,18588
18606,AP003174.2,18589
18607,AP003174.1,18590
18608,AP000997.1,18591
18609,AP000997.2,18592
18610,AP002991.1,18593
18611,LINC00900,18594
18612,AP000797.3,18595
18613,LINC02151,18596
18614,AP000770.1,18597
18615,BUD13,18598
18616,AP006216.1,18599
18617,ZPR1,18600
18618,APOA5,18601
18619,AP006216.2,18602
18620,AP006216.3,18603
18621,APOA4,18604
18622,APOC3,18605
18623,APOA1,18606
18624,APOA1-AS,18607
18625,SIK3,18608
18626,AP000936.1,18609
18627,PAFAH1B2,18610
18628,SIDT2,18611
18629,TAGLN,18612
18630,PCSK7,18613
18631,RNF214,18614
18632,BACE1,18615
18633,BACE1-AS,18616
18634,CEP164,18617
18635,AP000892.1,18618
18636,DSCAML1,18619
18637,AP001554.1,18620
18638,FXYD2,18621
18639,AP000757.2,18622
18640,FXYD6-FXYD2,18623
18641,AP000757.1,18624
18642,FXYD6,18625
18643,TMPRSS13,18626
18644,IL10RA,18627
18645,SMIM35,18628
18646,TMPRSS4,18629
18647,SCN4B,18630
18648,SCN2B,18631
18649,JAML,18632
18650,MPZL3,18633
18651,MPZL2,18634
18652,CD3E,18635
18653,CD3D,18636
18654,CD3G,18637
18655,UBE4A,18638
18656,AP001267.1,18639
18657,ATP5MG,18640
18658,AP001267.2,18641
18659,KMT2A,18642
18660,AP001267.3,18643
18661,TTC36,18644
18662,TMEM25,18645
18663,IFT46,18646
18664,ARCN1,18647
18665,PHLDB1,18648
18666,AP000941.1,18649
18667,TREH,18650
18668,AP002954.1,18651
18669,DDX6,18652
18670,AP004609.3,18653
18671,CXCR5,18654
18672,AP004609.1,18655
18673,BCL9L,18656
18674,UPK2,18657
18675,FOXR1,18658
18676,AP003392.4,18659
18677,CCDC84,18660
18678,AP003392.1,18661
18679,RPS25,18662
18680,TRAPPC4,18663
18681,SLC37A4,18664
18682,AP003392.3,18665
18683,HYOU1,18666
18684,AP003392.5,18667
18685,AP003392.6,18668
18686,VPS11,18669
18687,HMBS,18670
18688,H2AFX,18671
18689,DPAGT1,18672
18690,C2CD2L,18673
18691,HINFP,18674
18692,ABCG4,18675
18693,NLRX1,18676
18694,PDZD3,18677
18695,CCDC153,18678
18696,CBL,18679
18697,MCAM,18680
18698,RNF26,18681
18699,AP003396.1,18682
18700,C1QTNF5,18683
18701,MFRP,18684
18702,USP2,18685
18703,AP003396.3,18686
18704,USP2-AS1,18687
18705,THY1,18688
18706,AP003393.1,18689
18707,NECTIN1,18690
18708,AP003390.2,18691
18709,AP003390.1,18692
18710,AP001360.1,18693
18711,AP001360.2,18694
18712,TRIM29,18695
18713,AP000679.1,18696
18714,OAF,18697
18715,POU2F3,18698
18716,AP001150.1,18699
18717,TMEM136,18700
18718,ARHGEF12,18701
18719,GRIK4,18702
18720,AP004147.1,18703
18721,TBCEL,18704
18722,AP000646.1,18705
18723,TECTA,18706
18724,SC5D,18707
18725,AP000977.1,18708
18726,SORL1,18709
18727,BLID,18710
18728,AP000755.1,18711
18729,AP000755.2,18712
18730,UBASH3B,18713
18731,CRTAM,18714
18732,JHY,18715
18733,BSX,18716
18734,HSPA8,18717
18735,CLMP,18718
18736,AP001970.1,18719
18737,AP001782.1,18720
18738,GRAMD1B,18721
18739,SCN3B,18722
18740,AP002765.1,18723
18741,ZNF202,18724
18742,OR6X1,18725
18743,OR6M1,18726
18744,TMEM225,18727
18745,OR8D4,18728
18746,OR4D5,18729
18747,OR6T1,18730
18748,OR10S1,18731
18749,OR10G6,18732
18750,OR10G4,18733
18751,OR10G9,18734
18752,OR10G8,18735
18753,OR10G7,18736
18754,VWA5A,18737
18755,OR10D3,18738
18756,OR8G1,18739
18757,OR8G5,18740
18758,OR8D1,18741
18759,OR8D2,18742
18760,OR8B2,18743
18761,OR8B3,18744
18762,OR8B4,18745
18763,OR8B8,18746
18764,OR8B12,18747
18765,OR8A1,18748
18766,PANX3,18749
18767,TBRG1,18750
18768,SIAE,18751
18769,SPA17,18752
18770,NRGN,18753
18771,AP000866.5,18754
18772,VSIG2,18755
18773,ESAM,18756
18774,AP000866.2,18757
18775,MSANTD2,18758
18776,AP000866.1,18759
18777,ROBO3,18760
18778,AP003501.1,18761
18779,ROBO4,18762
18780,AP003501.2,18763
18781,HEPACAM,18764
18782,HEPN1,18765
18783,CCDC15,18766
18784,SLC37A2,18767
18785,TMEM218,18768
18786,AP001007.2,18769
18787,PKNOX2-AS1,18770
18788,PKNOX2,18771
18789,AP001007.1,18772
18790,FEZ1,18773
18791,EI24,18774
18792,STT3A-AS1,18775
18793,STT3A,18776
18794,CHEK1,18777
18795,ACRV1,18778
18796,PATE1,18779
18797,PATE2,18780
18798,PATE3,18781
18799,PATE4,18782
18800,AP000842.3,18783
18801,HYLS1,18784
18802,PUS3,18785
18803,AP000842.2,18786
18804,DDX25,18787
18805,AP000842.1,18788
18806,VSIG10L2,18789
18807,CDON,18790
18808,AP000821.1,18791
18809,AP001893.3,18792
18810,RPUSD4,18793
18811,AP001893.1,18794
18812,FAM118B,18795
18813,SRPRA,18796
18814,FOXRED1,18797
18815,TIRAP,18798
18816,AP001318.1,18799
18817,AP001318.2,18800
18818,DCPS,18801
18819,GSEC,18802
18820,ST3GAL4,18803
18821,KIRREL3,18804
18822,KIRREL3-AS1,18805
18823,AP001783.1,18806
18824,AP002833.1,18807
18825,KIRREL3-AS2,18808
18826,AP002833.2,18809
18827,KIRREL3-AS3,18810
18828,AP001993.1,18811
18829,AP003121.1,18812
18830,AP003481.1,18813
18831,AP000904.1,18814
18832,LINC02098,18815
18833,ETS1,18816
18834,AP003397.1,18817
18835,FLI1,18818
18836,SENCR,18819
18837,KCNJ1,18820
18838,KCNJ5,18821
18839,C11orf45,18822
18840,TP53AIP1,18823
18841,ARHGAP32,18824
18842,BARX2,18825
18843,AP003500.2,18826
18844,AP003500.1,18827
18845,TMEM45B,18828
18846,NFRKB,18829
18847,PRDM10,18830
18848,LINC00167,18831
18849,APLP2,18832
18850,ST14,18833
18851,ZBTB44,18834
18852,AP002986.1,18835
18853,ADAMTS8,18836
18854,ADAMTS15,18837
18855,C11orf44,18838
18856,LINC02551,18839
18857,AP003486.1,18840
18858,SNX19,18841
18859,AP002856.3,18842
18860,AP002856.1,18843
18861,AP002856.4,18844
18862,AP002856.2,18845
18863,NTM,18846
18864,AP003025.2,18847
18865,AP003025.1,18848
18866,NTM-AS1,18849
18867,AP000844.2,18850
18868,AP000844.1,18851
18869,OPCML,18852
18870,AP001979.2,18853
18871,SPATA19,18854
18872,IGSF9B,18855
18873,AP000911.3,18856
18874,AP000911.1,18857
18875,AP000911.2,18858
18876,JAM3,18859
18877,NCAPD3,18860
18878,AP001775.2,18861
18879,VPS26B,18862
18880,THYN1,18863
18881,ACAD8,18864
18882,GLB1L3,18865
18883,GLB1L2,18866
18884,B3GAT1,18867
18885,AP004550.1,18868
18886,AP001999.2,18869
18887,AP001999.3,18870
18888,AP001999.1,18871
18889,AP003062.1,18872
18890,AP005135.1,18873
18891,AC215217.1,18874
18892,TUBB8,18875
18893,ZMYND11,18876
18894,DIP2C,18877
18895,AL669841.1,18878
18896,AL358216.1,18879
18897,PRR26,18880
18898,AL157709.1,18881
18899,LARP4B,18882
18900,AL359878.2,18883
18901,GTPBP4,18884
18902,IDI2,18885
18903,IDI2-AS1,18886
18904,IDI1,18887
18905,WDR37,18888
18906,LINC00200,18889
18907,ADARB2,18890
18908,ADARB2-AS1,18891
18909,LINC00700,18892
18910,AL441943.1,18893
18911,AL441943.2,18894
18912,AL441943.3,18895
18913,LINC00701,18896
18914,AC024908.1,18897
18915,AL713851.2,18898
18916,AL713851.1,18899
18917,AL731533.1,18900
18918,AL731533.2,18901
18919,PFKP,18902
18920,AL451164.3,18903
18921,PITRM1,18904
18922,PITRM1-AS1,18905
18923,AL451164.2,18906
18924,AL451164.1,18907
18925,AL139280.1,18908
18926,AL357833.1,18909
18927,AL357833.2,18910
18928,AL450322.2,18911
18929,AL450322.1,18912
18930,KLF6,18913
18931,AL513303.2,18914
18932,AL513303.1,18915
18933,AC025822.1,18916
18934,AC025822.2,18917
18935,LINC00702,18918
18936,LINC00703,18919
18937,AC022535.1,18920
18938,MANCR,18921
18939,LINC00705,18922
18940,AKR1E2,18923
18941,AKR1C1,18924
18942,AKR1C2,18925
18943,AL391427.1,18926
18944,AKR1C3,18927
18945,AKR1C4,18928
18946,AL355303.1,18929
18947,LINC02561,18930
18948,UCN3,18931
18949,TUBAL3,18932
18950,NET1,18933
18951,CALML5,18934
18952,CALML3-AS1,18935
18953,CALML3,18936
18954,AL732437.1,18937
18955,AL365356.5,18938
18956,AL365356.4,18939
18957,AL365356.3,18940
18958,ASB13,18941
18959,FAM208B,18942
18960,AL365356.1,18943
18961,GDI2,18944
18962,AL596094.1,18945
18963,ANKRD16,18946
18964,FBH1,18947
18965,AL137186.2,18948
18966,IL15RA,18949
18967,IL2RA,18950
18968,AL137186.1,18951
18969,RBM17,18952
18970,PFKFB3,18953
18971,AL157395.1,18954
18972,AL137145.2,18955
18973,AL137145.1,18956
18974,PRKCQ,18957
18975,AL158210.1,18958
18976,LINP1,18959
18977,AL590637.1,18960
18978,LINC00707,18961
18979,AL392086.1,18962
18980,AL590095.1,18963
18981,SFMBT2,18964
18982,AL139125.1,18965
18983,AL445070.1,18966
18984,ITIH5,18967
18985,ITIH2,18968
18986,KIN,18969
18987,ATP5F1C,18970
18988,TAF3,18971
18989,GATA3,18972
18990,GATA3-AS1,18973
18991,AL390294.1,18974
18992,LINC00708,18975
18993,AL390835.1,18976
18994,AC025946.1,18977
18995,AC044784.2,18978
18996,AC044784.1,18979
18997,LINC00709,18980
18998,AL157401.1,18981
18999,AL138775.1,18982
19000,AL583859.1,18983
19001,AL583859.2,18984
19002,SFTA1P,18985
19003,CELF2,18986
19004,AL136369.2,18987
19005,AL136369.1,18988
19006,AL162408.1,18989
19007,CELF2-AS2,18990
19008,AL136320.1,18991
19009,CELF2-AS1,18992
19010,USP6NL,18993
19011,AL512631.2,18994
19012,AL512631.1,18995
19013,ECHDC3,18996
19014,PROSER2,18997
19015,PROSER2-AS1,18998
19016,UPF2,18999
19017,DHTKD1,19000
19018,SEC61A2,19001
19019,NUDT5,19002
19020,CDC123,19003
19021,AL512770.1,19004
19022,CAMK1D,19005
19023,CCDC3,19006
19024,OPTN,19007
19025,MCM10,19008
19026,UCMA,19009
19027,PHYH,19010
19028,SEPHS1,19011
19029,AL355870.1,19012
19030,BEND7,19013
19031,AL590677.1,19014
19032,PRPF18,19015
19033,AL157392.5,19016
19034,FRMD4A,19017
19035,AL157392.4,19018
19036,AL157392.1,19019
19037,AL157392.2,19020
19038,AC044781.1,19021
19039,AL157896.1,19022
19040,FAM107B,19023
19041,AL158168.1,19024
19042,CDNF,19025
19043,HSPA14,19026
19044,HSPA14,19026
19045,AC069544.1,19027
19046,SUV39H2,19028
19047,DCLRE1C,19029
19048,MEIG1,19030
19049,OLAH,19031
19050,ACBD7,19032
19051,RPP38,19033
19052,NMT2,19034
19053,FAM171A1,19035
19054,AL607028.1,19036
19055,ITGA8,19037
19056,MINDY3,19038
19057,AL355339.1,19039
19058,PTER,19040
19059,C1QL3,19041
19060,RSU1,19042
19061,CUBN,19043
19062,AC067747.1,19044
19063,TRDMT1,19045
19064,VIM-AS1,19046
19065,VIM,19047
19066,AL133415.1,19048
19067,ST8SIA6,19049
19068,ST8SIA6-AS1,19050
19069,HACD1,19051
19070,STAM-AS1,19052
19071,STAM,19053
19072,AC069542.1,19054
19073,TMEM236,19055
19074,MRC1,19056
19075,AC069023.1,19057
19076,SLC39A12,19058
19077,SLC39A12-AS1,19059
19078,CACNB2,19060
19079,AL450384.2,19061
19080,AL450384.1,19062
19081,NSUN6,19063
19082,ARL5B,19064
19083,AL512641.1,19065
19084,MALRD1,19066
19085,AL590378.1,19067
19086,AL157895.1,19068
19087,PLXDC2,19069
19088,AC069549.1,19070
19089,NEBL,19071
19090,C10orf113,19072
19091,NEBL-AS1,19073
19092,AL158209.1,19074
19093,CASC10,19075
19094,SKIDA1,19076
19095,MLLT10,19077
19096,DNAJC1,19078
19097,EBLN1,19079
19098,AL157831.2,19080
19099,AL158211.1,19081
19100,COMMD3,19082
19101,COMMD3-BMI1,19083
19102,BMI1,19084
19103,AL158211.4,19085
19104,AL158211.2,19086
19105,AL158211.3,19087
19106,SPAG6,19088
19107,AL513128.2,19089
19108,PIP4K2A,19090
19109,ARMC3,19091
19110,MSRB2,19092
19111,PTF1A,19093
19112,C10orf67,19094
19113,AL606469.1,19095
19114,OTUD1,19096
19115,KIAA1217,19097
19116,ARHGAP21,19098
19117,PRTFDC1,19099
19118,AL512598.1,19100
19119,ENKUR,19101
19120,THNSL1,19102
19121,LINC01516,19103
19122,GPR158-AS1,19104
19123,GPR158,19105
19124,LINC00836,19106
19125,AL358612.1,19107
19126,MYO3A,19108
19127,GAD2,19109
19128,APBB1IP,19110
19129,AL390961.1,19111
19130,PDSS1,19112
19131,AL390961.2,19113
19132,ABI1,19114
19133,ANKRD26,19115
19134,YME1L1,19116
19135,MASTL,19117
19136,ACBD5,19118
19137,AL160291.1,19119
19138,AL355493.2,19120
19139,RAB18,19121
19140,MKX,19122
19141,MKX-AS1,19123
19142,ARMC4,19124
19143,AL390866.1,19125
19144,MPP7,19126
19145,AC022021.1,19127
19146,AL358234.1,19128
19147,WAC-AS1,19129
19148,WAC,19130
19149,BAMBI,19131
19150,AL355376.1,19132
19151,LINC00837,19133
19152,LYZL1,19134
19153,SVIL,19135
19154,JCAD,19136
19155,MTPAP,19137
19156,MAP3K8,19138
19157,AL590068.1,19139
19158,AL590068.2,19140
19159,LYZL2,19141
19160,AL451107.1,19142
19161,ZNF438,19143
19162,AL356258.1,19144
19163,ZEB1-AS1,19145
19164,ZEB1,19146
19165,AL161935.1,19147
19166,AL161935.3,19148
19167,ARHGAP12,19149
19168,KIF5B,19150
19169,AL158834.2,19151
19170,EPC1,19152
19171,AL158834.1,19153
19172,AL391839.2,19154
19173,AL391839.1,19155
19174,CCDC7,19156
19175,AL365203.2,19157
19176,ITGB1,19158
19177,ITGB1-DT,19159
19178,AL121748.1,19160
19179,NRP1,19161
19180,AL121748.2,19162
19181,AL353600.1,19163
19182,AC018980.1,19164
19183,AL450313.1,19165
19184,LINC00838,19166
19185,AL117338.1,19167
19186,PARD3,19168
19187,PARD3-AS1,19169
19188,AL392046.2,19170
19189,CUL2,19171
19190,AL392046.1,19172
19191,CREM,19173
19192,AL117336.1,19174
19193,CCNY,19175
19194,AL117336.3,19176
19195,AL121749.1,19177
19196,GJD4,19178
19197,FZD8,19179
19198,PCAT5,19180
19199,AL365500.1,19181
19200,AL355300.1,19182
19201,AL590730.1,19183
19202,AL390061.1,19184
19203,ANKRD30A,19185
19204,AL157387.1,19186
19205,MTRNR2L7,19187
19206,AL132657.1,19188
19207,ZNF248,19189
19208,AL132657.2,19190
19209,AL135791.1,19191
19210,ZNF25,19192
19211,AL117337.1,19193
19212,ZNF33A,19194
19213,ZNF37A,19195
19214,AL117339.5,19196
19215,AL117339.4,19197
19216,AL133216.1,19198
19217,IGKV1OR10-1,19199
19218,LINC00839,19200
19219,ZNF33B,19201
19220,LINC01518,19202
19221,AL022344.1,19203
19222,AL022344.2,19204
19223,BMS1,19205
19224,AL365199.1,19206
19225,LINC01264,19207
19226,RET,19208
19227,AC010864.1,19209
19228,CSGALNACT2,19210
19229,RASGEF1A,19211
19230,AC068707.1,19212
19231,FXYD4,19213
19232,HNRNPF,19214
19233,AL450326.1,19215
19234,ZNF487,19216
19235,ZNF239,19217
19236,ZNF485,19218
19237,ZNF32-AS3,19219
19238,AL645634.2,19220
19239,ZNF32,19221
19240,ZNF32-AS1,19222
19241,ZNF32-AS2,19223
19242,AL645634.1,19224
19243,AL355989.1,19225
19244,LINC00619,19226
19245,LINC00840,19227
19246,AL139237.2,19228
19247,AL139237.1,19229
19248,LINC00841,19230
19249,AL137026.2,19231
19250,AL137026.1,19232
19251,C10orf142,19233
19252,CXCL12,19234
19253,AL356157.1,19235
19254,TMEM72-AS1,19236
19255,AL353801.2,19237
19256,TMEM72,19238
19257,AL353801.1,19239
19258,RASSF4,19240
19259,DEPP1,19241
19260,C10orf25,19242
19261,ZNF22,19243
19262,AL358394.1,19244
19263,OR13A1,19245
19264,ALOX5,19246
19265,AL731567.1,19247
19266,MARCH8,19248
19267,ZFAND4,19249
19268,WASHC2C,19250
19269,AGAP4,19251
19270,TIMM23,19252
19271,NCOA4,19253
19272,MSMB,19254
19273,ANTXRL,19255
19274,ANXA8L1,19256
19275,LINC00842,19257
19276,NPY4R,19258
19277,GPRIN2,19259
19278,SYT15,19260
19279,AL356056.2,19261
19280,AL356056.1,19262
19281,AL356056.3,19263
19282,PTPN20,19264
19283,GDF10,19265
19284,GDF2,19266
19285,RBP3,19267
19286,ZNF488,19268
19287,ANXA8,19269
19288,FAM25G,19270
19289,AL591684.1,19271
19290,AGAP9,19272
19291,BX547991.1,19273
19292,FO681492.1,19274
19293,AC245041.2,19275
19294,NPY4R2,19276
19295,AC245041.1,19277
19296,FAM25C,19278
19297,FRMPD2,19279
19298,MAPK8,19280
19299,ARHGAP22,19281
19300,AC068898.1,19282
19301,WDFY4,19283
19302,LRRC18,19284
19303,AC060234.1,19285
19304,VSTM4,19286
19305,FAM170B-AS1,19287
19306,FAM170B,19288
19307,TMEM273,19289
19308,C10orf71-AS1,19290
19309,C10orf71,19291
19310,DRGX,19292
19311,AL138760.1,19293
19312,ERCC6,19294
19313,CHAT,19295
19314,SLC18A3,19296
19315,C10orf53,19297
19316,OGDHL,19298
19317,PARG,19299
19318,TIMM23B,19300
19319,LINC00843,19301
19320,AGAP6,19302
19321,WASHC2A,19303
19322,ASAH2,19304
19323,SGMS1,19305
19324,AL117341.1,19306
19325,SGMS1-AS1,19307
19326,ASAH2B,19308
19327,A1CF,19309
19328,AL731537.2,19310
19329,PRKG1,19311
19330,AL731537.1,19312
19331,AC022537.1,19313
19332,CSTF2T,19314
19333,PRKG1-AS1,19315
19334,DKK1,19316
19335,LINC01468,19317
19336,AC074327.1,19318
19337,MBL2,19319
19338,AC073174.1,19320
19339,AC036101.1,19321
19340,PCDH15,19322
19341,AL353784.1,19323
19342,AL355314.1,19324
19343,AL355314.2,19325
19344,MTRNR2L5,19326
19345,ZWINT,19327
19346,IPMK,19328
19347,CISD1,19329
19348,AC016396.1,19330
19349,AC016396.2,19331
19350,UBE2D1,19332
19351,TFAM,19333
19352,BICC1,19334
19353,LINC00844,19335
19354,PHYHIPL,19336
19355,FAM13C,19337
19356,AC025038.1,19338
19357,AC026391.1,19339
19358,SLC16A9,19340
19359,MRLN,19341
19360,CCDC6,19342
19361,LINC01553,19343
19362,ANK3,19344
19363,AL592430.1,19345
19364,AL592430.2,19346
19365,AC022390.1,19347
19366,CDK1,19348
19367,RHOBTB1,19349
19368,LINC00845,19350
19369,TMEM26,19351
19370,TMEM26-AS1,19352
19371,CABCOCO1,19353
19372,AL451049.1,19354
19373,AC022398.1,19355
19374,ARID5B,19356
19375,RTKN2,19357
19376,AC024597.1,19358
19377,ZNF365,19359
19378,AL133417.1,19360
19379,ADO,19361
19380,EGR2,19362
19381,AL590502.1,19363
19382,NRBF2,19364
19383,JMJD1C,19365
19384,JMJD1C-AS1,19366
19385,REEP3,19367
19386,AC022387.1,19368
19387,AC012558.1,19369
19388,AC024600.1,19370
19389,AL513321.2,19371
19390,AL592466.1,19372
19391,LINC01515,19373
19392,CTNNA3,19374
19393,AC022017.1,19375
19394,LRRTM3,19376
19395,AL139240.1,19377
19396,DNAJC12,19378
19397,AL133551.1,19379
19398,SIRT1,19380
19399,HERC4,19381
19400,MYPN,19382
19401,ATOH7,19383
19402,AC016395.1,19384
19403,PBLD,19385
19404,HNRNPH3,19386
19405,RUFY2,19387
19406,DNA2,19388
19407,SLC25A16,19389
19408,TET1,19390
19409,CCAR1,19391
19410,STOX1,19392
19411,DDX50,19393
19412,DDX21,19394
19413,KIF1BP,19395
19414,SRGN,19396
19415,VPS26A,19397
19416,SUPV3L1,19398
19417,AL596223.1,19399
19418,HKDC1,19400
19419,AL596223.2,19401
19420,HK1,19402
19421,TACR2,19403
19422,TSPAN15,19404
19423,NEUROG3,19405
19424,AL450311.2,19406
19425,FAM241B,19407
19426,AL450311.1,19408
19427,COL13A1,19409
19428,AC024601.1,19410
19429,H2AFY2,19411
19430,AIFM2,19412
19431,TYSND1,19413
19432,SAR1A,19414
19433,PPA1,19415
19434,NPFFR1,19416
19435,LRRC20,19417
19436,EIF4EBP2,19418
19437,NODAL,19419
19438,PALD1,19420
19439,PRF1,19421
19440,ADAMTS14,19422
19441,TBATA,19423
19442,SGPL1,19424
19443,PCBD1,19425
19444,AC073176.3,19426
19445,AC073176.2,19427
19446,AC073176.1,19428
19447,UNC5B,19429
19448,UNC5B-AS1,19430
19449,SLC29A3,19431
19450,CDH23,19432
19451,CDH23-AS1,19433
19452,C10orf105,19434
19453,VSIR,19435
19454,PSAP,19436
19455,AC073370.1,19437
19456,CHST3,19438
19457,AC022392.1,19439
19458,SPOCK2,19440
19459,ASCC1,19441
19460,ANAPC16,19442
19461,DDIT4,19443
19462,DDIT4-AS1,19444
19463,DNAJB12,19445
19464,MICU1,19446
19465,AL513185.1,19447
19466,MCU,19448
19467,OIT3,19449
19468,PLA2G12B,19450
19469,P4HA1,19451
19470,AL731563.2,19452
19471,AL731563.3,19453
19472,NUDT13,19454
19473,AC016394.2,19455
19474,ECD,19456
19475,FAM149B1,19457
19476,DNAJC9,19458
19477,DNAJC9-AS1,19459
19478,MRPS16,19460
19479,AC016394.1,19461
19480,CFAP70,19462
19481,ANXA7,19463
19482,AL512656.1,19464
19483,MSS51,19465
19484,PPP3CB,19466
19485,USP54,19467
19486,AC073389.1,19468
19487,AC073389.3,19469
19488,MYOZ1,19470
19489,SYNPO2L,19471
19490,AC073389.2,19472
19491,AGAP5,19473
19492,AC022400.6,19474
19493,SEC24C,19475
19494,FUT11,19476
19495,CHCHD1,19477
19496,ZSWIM8,19478
19497,ZSWIM8-AS1,19479
19498,AC022400.7,19480
19499,NDST2,19481
19500,CAMK2G,19482
19501,AC022400.1,19483
19502,AC022400.2,19484
19503,PLAU,19485
19504,C10orf55,19486
19505,VCL,19487
19506,AP3M1,19488
19507,ADK,19489
19508,AC022540.1,19490
19509,AC063962.1,19491
19510,KAT6B,19492
19511,AC018511.2,19493
19512,AC018511.1,19494
19513,DUPD1,19495
19514,DUSP13,19496
19515,SAMD8,19497
19516,VDAC2,19498
19517,COMTD1,19499
19518,ZNF503-AS1,19500
19519,AC010997.3,19501
19520,ZNF503,19502
19521,ZNF503-AS2,19503
19522,AC010997.5,19504
19523,AC010997.4,19505
19524,AC010997.2,19506
19525,LRMDA,19507
19526,AC013286.1,19508
19527,AC024603.1,19509
19528,KCNMA1,19510
19529,KCNMA1-AS1,19511
19530,KCNMA1-AS2,19512
19531,AL731575.1,19513
19532,KCNMA1-AS3,19514
19533,AL450306.1,19515
19534,DLG5,19516
19535,AL391421.1,19517
19536,POLR3A,19518
19537,RPS24,19519
19538,AL731555.1,19520
19539,AC012560.1,19521
19540,LINC00595,19522
19541,AC010163.1,19523
19542,AC010163.2,19524
19543,AL583852.1,19525
19544,AC016820.1,19526
19545,ZMIZ1-AS1,19527
19546,AL356753.1,19528
19547,ZMIZ1,19529
19548,PPIF,19530
19549,ZCCHC24,19531
19550,AL133481.1,19532
19551,AL133481.3,19533
19552,EIF5AL1,19534
19553,SFTPA2,19535
19554,SFTPA1,19536
19555,BX248123.1,19537
19556,AL132656.2,19538
19557,NUTM2B-AS1,19539
19558,NUTM2B,19540
19559,AL135925.1,19541
19560,NUTM2E,19542
19561,SFTPD,19543
19562,SFTPD-AS1,19544
19563,TMEM254-AS1,19545
19564,TMEM254,19546
19565,PLAC9,19547
19566,ANXA11,19548
19567,LINC00857,19549
19568,MAT1A,19550
19569,AL359195.1,19551
19570,DYDC1,19552
19571,DYDC2,19553
19572,FAM213A,19554
19573,TSPAN14,19555
19574,AC021028.1,19556
19575,SH2D4B,19557
19576,AL731544.1,19558
19577,NRG3,19559
19578,AC010157.1,19560
19579,AC069540.2,19561
19580,AL390786.1,19562
19581,AL603756.1,19563
19582,GHITM,19564
19583,C10orf99,19565
19584,CDHR1,19566
19585,LRIT2,19567
19586,LRIT1,19568
19587,RGR,19569
19588,LINC00858,19570
19589,CCSER2,19571
19590,LINC01519,19572
19591,AC025428.1,19573
19592,AC025428.2,19574
19593,LINC01520,19575
19594,GRID1-AS1,19576
19595,GRID1,19577
19596,AC022028.2,19578
19597,WAPL,19579
19598,AL731569.1,19580
19599,OPN4,19581
19600,LDB3,19582
19601,AC067750.1,19583
19602,BMPR1A,19584
19603,MMRN2,19585
19604,SNCG,19586
19605,ADIRF,19587
19606,AL136982.7,19588
19607,AL136982.2,19589
19608,FAM25A,19590
19609,GLUD1,19591
19610,SHLD2,19592
19611,NUTM2A-AS1,19593
19612,NUTM2A,19594
19613,NUTM2D,19595
19614,LINC00864,19596
19615,MINPP1,19597
19616,AL138767.2,19598
19617,AL138767.3,19599
19618,AL138767.1,19600
19619,PAPSS2,19601
19620,ATAD1,19602
19621,KLLN,19603
19622,PTEN,19604
19623,RNLS,19605
19624,LIPJ,19606
19625,LIPF,19607
19626,LIPK,19608
19627,LIPN,19609
19628,LIPM,19610
19629,ANKRD22,19611
19630,STAMBPL1,19612
19631,ACTA2-AS1,19613
19632,ACTA2,19614
19633,FAS,19615
19634,CH25H,19616
19635,LIPA,19617
19636,IFIT2,19618
19637,AL353751.1,19619
19638,IFIT3,19620
19639,IFIT1B,19621
19640,IFIT1,19622
19641,IFIT5,19623
19642,SLC16A12,19624
19643,SLC16A12-AS1,19625
19644,PANK1,19626
19645,AL157400.2,19627
19646,AL157400.1,19628
19647,AL157400.3,19629
19648,AL157400.4,19630
19649,KIF20B,19631
19650,LINC00865,19632
19651,LINC01374,19633
19652,LINC01375,19634
19653,AL391704.2,19635
19654,AL391704.1,19636
19655,AL391704.3,19637
19656,AL390862.1,19638
19657,HTR7,19639
19658,RPP30,19640
19659,ANKRD1,19641
19660,AL365434.1,19642
19661,AL365434.2,19643
19662,LINC00502,19644
19663,PCGF5,19645
19664,HECTD2,19646
19665,PPP1R3C,19647
19666,TNKS2-AS1,19648
19667,TNKS2,19649
19668,FGFBP3,19650
19669,AL359198.1,19651
19670,BTAF1,19652
19671,CPEB3,19653
19672,MARCH5,19654
19673,IDE,19655
19674,KIF11,19656
19675,HHEX,19657
19676,EXOC6,19658
19677,AL358613.1,19659
19678,CYP26C1,19660
19679,AL358613.2,19661
19680,CYP26A1,19662
19681,MYOF,19663
19682,CEP55,19664
19683,FFAR4,19665
19684,RBP4,19666
19685,PDE6C,19667
19686,FRA10AC1,19668
19687,LGI1,19669
19688,AL358154.1,19670
19689,SLC35G1,19671
19690,PLCE1,19672
19691,PLCE1-AS2,19673
19692,AL389885.1,19674
19693,PLCE1-AS1,19675
19694,AL139124.1,19676
19695,NOC3L,19677
19696,TBC1D12,19678
19697,HELLS,19679
19698,CYP2C18,19680
19699,AL583836.1,19681
19700,CYP2C19,19682
19701,CYP2C9,19683
19702,CYP2C8,19684
19703,AL157834.1,19685
19704,ACSM6,19686
19705,AL157834.2,19687
19706,PDLIM1,19688
19707,SORBS1,19689
19708,ALDH18A1,19690
19709,TCTN3,19691
19710,ENTPD1,19692
19711,ENTPD1-AS1,19693
19712,AL365273.2,19694
19713,CC2D2B,19695
19714,CCNJ,19696
19715,ZNF518A,19697
19716,BLNK,19698
19717,AL136181.1,19699
19718,DNTT,19700
19719,OPALIN,19701
19720,TLL2,19702
19721,TM9SF3,19703
19722,PIK3AP1,19704
19723,LCOR,19705
19724,SLIT1,19706
19725,SLIT1-AS1,19707
19726,ARHGAP19-SLIT1,19708
19727,ARHGAP19,19709
19728,FRAT1,19710
19729,FRAT2,19711
19730,RRP12,19712
19731,AL355490.2,19713
19732,PGAM1,19714
19733,EXOSC1,19715
19734,ZDHHC16,19716
19735,MMS19,19717
19736,UBTD1,19718
19737,ANKRD2,19719
19738,HOGA1,19720
19739,AL355315.1,19721
19740,C10orf62,19722
19741,MORN4,19723
19742,PI4K2A,19724
19743,AVPI1,19725
19744,MARVELD1,19726
19745,ZFYVE27,19727
19746,SFRP5,19728
19747,LINC00866,19729
19748,GOLGA7B,19730
19749,CRTAC1,19731
19750,R3HCC1L,19732
19751,LOXL4,19733
19752,AL139241.1,19734
19753,PYROXD2,19735
19754,HPS1,19736
19755,HPSE2,19737
19756,CNNM1,19738
19757,GOT1,19739
19758,AL391684.1,19740
19759,LINC01475,19741
19760,AL513542.1,19742
19761,NKX2-3,19743
19762,SLC25A28,19744
19763,AL353719.1,19745
19764,AL133353.1,19746
19765,ENTPD7,19747
19766,CUTC,19748
19767,COX15,19749
19768,ABCC2,19750
19769,DNMBP,19751
19770,DNMBP-AS1,19752
19771,CPN1,19753
19772,ERLIN1,19754
19773,CHUK,19755
19774,AL138921.2,19756
19775,AL138921.1,19757
19776,CWF19L1,19758
19777,BLOC1S2,19759
19778,PKD2L1,19760
19779,AL139819.1,19761
19780,SCD,19762
19781,OLMALINC,19763
19782,WNT8B,19764
19783,SEC31B,19765
19784,AL133352.1,19766
19785,NDUFB8,19767
19786,HIF1AN,19768
19787,PAX2,19769
19788,AL138762.1,19770
19789,SLF2,19771
19790,AL133215.3,19772
19791,MRPL43,19773
19792,SEMA4G,19774
19793,AL133215.1,19775
19794,TWNK,19776
19795,LZTS2,19777
19796,PDZD7,19778
19797,SFXN3,19779
19798,AL133215.2,19780
19799,KAZALD1,19781
19800,TLX1NB,19782
19801,TLX1,19783
19802,LINC01514,19784
19803,LBX1,19785
19804,AL133387.2,19786
19805,AL133387.1,19787
19806,AL133387.3,19788
19807,BTRC,19789
19808,DPCD,19790
19809,POLL,19791
19810,FBXW4,19792
19811,AC010789.1,19793
19812,FGF8,19794
19813,NPM3,19795
19814,OGA,19796
19815,KCNIP2-AS1,19797
19816,KCNIP2,19798
19817,ARMH3,19799
19818,HPS6,19800
19819,LDB1,19801
19820,PPRC1,19802
19821,NOLC1,19803
19822,ELOVL3,19804
19823,PITX3,19805
19824,GBF1,19806
19825,NFKB2,19807
19826,PSD,19808
19827,FBXL15,19809
19828,CUEDC2,19810
19829,C10orf95,19811
19830,MFSD13A,19812
19831,ACTR1A,19813
19832,AL121928.1,19814
19833,SUFU,19815
19834,TRIM8,19816
19835,AL391121.1,19817
19836,ARL3,19818
19837,SFXN2,19819
19838,WBP1L,19820
19839,CYP17A1,19821
19840,CYP17A1-AS1,19822
19841,AL358790.1,19823
19842,BORCS7,19824
19843,BORCS7-ASMT,19825
19844,AS3MT,19826
19845,AL356608.1,19827
19846,CNNM2,19828
19847,NT5C2,19829
19848,RPEL1,19830
19849,INA,19831
19850,PCGF6,19832
19851,TAF5,19833
19852,ATP5MD,19834
19853,PDCD11,19835
19854,CALHM2,19836
19855,AL139339.2,19837
19856,AL139339.1,19838
19857,CALHM1,19839
19858,CALHM3,19840
19859,NEURL1-AS1,19841
19860,NEURL1,19842
19861,SH3PXD2A,19843
19862,AL121929.2,19844
19863,SH3PXD2A-AS1,19845
19864,STN1,19846
19865,SLK,19847
19866,COL17A1,19848
19867,SFR1,19849
19868,CFAP43,19850
19869,GSTO1,19851
19870,GSTO2,19852
19871,ITPRIP,19853
19872,AL162742.2,19854
19873,AL162742.1,19855
19874,CFAP58-DT,19856
19875,CFAP58,19857
19876,AL161646.1,19858
19877,AL161646.2,19859
19878,SORCS3,19860
19879,SORCS3-AS1,19861
19880,AL731574.1,19862
19881,AL353148.1,19863
19882,SORCS1,19864
19883,LINC01435,19865
19884,AL353740.1,19866
19885,AL356476.1,19867
19886,XPNPEP1,19868
19887,ADD3,19869
19888,MXI1,19870
19889,AL360182.2,19871
19890,SMNDC1,19872
19891,AL355512.1,19873
19892,DUSP5,19874
19893,SMC3,19875
19894,RBM20,19876
19895,AL136368.1,19877
19896,PDCD4-AS1,19878
19897,PDCD4,19879
19898,BBIP1,19880
19899,AL158163.2,19881
19900,AL158163.1,19882
19901,SHOC2,19883
19902,ADRA2A,19884
19903,AC021035.1,19885
19904,GPAM,19886
19905,TECTB,19887
19906,ACSL5,19888
19907,AL157786.1,19889
19908,ZDHHC6,19890
19909,VTI1A,19891
19910,AL139120.1,19892
19911,TCF7L2,19893
19912,AL158212.2,19894
19913,HABP2,19895
19914,NRAP,19896
19915,CASP7,19897
19916,AL592546.1,19898
19917,PLEKHS1,19899
19918,DCLRE1A,19900
19919,NHLRC2,19901
19920,ADRB1,19902
19921,CCDC186,19903
19922,TDRD1,19904
19923,VWA2,19905
19924,AC005383.1,19906
19925,AFAP1L2,19907
19926,ABLIM1,19908
19927,AL137025.1,19909
19928,FAM160B1,19910
19929,TRUB1,19911
19930,AL355340.1,19912
19931,ATRNL1,19913
19932,GFRA1,19914
19933,CCDC172,19915
19934,PNLIPRP3,19916
19935,PNLIP,19917
19936,PNLIPRP1,19918
19937,C10orf82,19919
19938,AC016825.1,19920
19939,HSPA12A,19921
19940,ENO4,19922
19941,SHTN1,19923
19942,VAX1,19924
19943,MIR3663HG,19925
19944,KCNK18,19926
19945,AL731557.1,19927
19946,SLC18A2,19928
19947,AL391988.1,19929
19948,PDZD8,19930
19949,AC005871.2,19931
19950,EMX2OS,19932
19951,EMX2,19933
19952,AC005871.1,19934
19953,AL139121.1,19935
19954,AL513324.1,19936
19955,RAB11FIP2,19937
19956,AC022395.1,19938
19957,CASC2,19939
19958,FAM204A,19940
19959,LINC00867,19941
19960,PRLHR,19942
19961,CACUL1,19943
19962,AL157788.1,19944
19963,NANOS1,19945
19964,EIF3A,19946
19965,FAM45A,19947
19966,SFXN4,19948
19967,PRDX3,19949
19968,GRK5,19950
19969,AL583824.1,19951
19970,RGS10,19952
19971,TIAL1,19953
19972,BAG3,19954
19973,INPP5F,19955
19974,MCMBP,19956
19975,SEC23IP,19957
19976,PLPP4,19958
19977,LINC01561,19959
19978,WDR11-AS1,19960
19979,WDR11,19961
19980,AC010998.2,19962
19981,AC010998.1,19963
19982,AC010998.3,19964
19983,LINC01153,19965
19984,FGFR2,19966
19985,AC009988.1,19967
19986,AC025947.1,19968
19987,ATE1,19969
19988,AL731566.2,19970
19989,NSMCE4A,19971
19990,AL731566.1,19972
19991,TACC2,19973
19992,BTBD16,19974
19993,PLEKHA1,19975
19994,ARMS2,19976
19995,HTRA1,19977
19996,DMBT1,19978
19997,C10orf120,19979
19998,CUZD1,19980
19999,FAM24B,19981
20000,FAM24A,19982
20001,C10orf88,19983
20002,PSTK,19984
20003,IKZF5,19985
20004,ACADSB,19986
20005,HMX3,19987
20006,HMX2,19988
20007,BUB3,19989
20008,AL160290.2,19990
20009,AL160290.1,19991
20010,AL357127.1,19992
20011,GPR26,19993
20012,CPXM2,19994
20013,AC009987.1,19995
20014,CHST15,19996
20015,OAT,19997
20016,NKX1-2,19998
20017,LHPP,19999
20018,AC068896.1,20000
20019,FAM53B,20001
20020,AL513190.1,20002
20021,FAM53B-AS1,20003
20022,EEF1AKMT2,20004
20023,ABRAXAS2,20005
20024,ZRANB1,20006
20025,AL731577.1,20007
20026,CTBP2,20008
20027,AL731571.1,20009
20028,AL157888.1,20010
20029,TEX36-AS1,20011
20030,TEX36,20012
20031,AL158835.1,20013
20032,AL158835.4,20014
20033,EDRF1,20015
20034,EDRF1-AS1,20016
20035,MMP21,20017
20036,UROS,20018
20037,BCCIP,20019
20038,DHX32,20020
20039,FANK1,20021
20040,FANK1-AS1,20022
20041,ADAM12,20023
20042,LINC00601,20024
20043,C10orf90,20025
20044,DOCK1,20026
20045,AL359094.1,20027
20046,AL359094.2,20028
20047,FAM196A,20029
20048,NPS,20030
20049,FOXI2,20031
20050,CLRN3,20032
20051,PTPRE,20033
20052,AL158166.2,20034
20053,MKI67,20035
20054,AL390763.2,20036
20055,AL390763.1,20037
20056,AL355537.1,20038
20057,AL355537.2,20039
20058,AL391869.1,20040
20059,MGMT,20041
20060,AL157832.2,20042
20061,AL157832.1,20043
20062,AL157832.3,20044
20063,EBF3,20045
20064,AL354950.2,20046
20065,AL354950.1,20047
20066,C10orf143,20048
20067,GLRX3,20049
20068,AL355500.1,20050
20069,TCERG1L,20051
20070,TCERG1L-AS1,20052
20071,LINC01164,20053
20072,FP565171.1,20054
20073,PPP2R2D,20055
20074,BNIP3,20056
20075,AL162274.2,20057
20076,AL162274.1,20058
20077,JAKMIP3,20059
20078,AL512622.1,20060
20079,DPYSL4,20061
20080,STK32C,20062
20081,LRRC27,20063
20082,PWWP2B,20064
20083,AL451069.2,20065
20084,AL451069.3,20066
20085,C10orf91,20067
20086,AL451069.1,20068
20087,LINC01165,20069
20088,INPP5A,20070
20089,NKX6-2,20071
20090,CFAP46,20072
20091,LINC01166,20073
20092,LINC01167,20074
20093,LINC01168,20075
20094,ADGRA1,20076
20095,ADGRA1-AS1,20077
20096,KNDC1,20078
20097,UTF1,20079
20098,VENTX,20080
20099,MIR202HG,20081
20100,AL592071.1,20082
20101,ADAM8,20083
20102,TUBGCP2,20084
20103,AL360181.2,20085
20104,ZNF511,20086
20105,ZNF511-PRAP1,20087
20106,CALY,20088
20107,AL360181.1,20089
20108,PRAP1,20090
20109,FUOM,20091
20110,ECHS1,20092
20111,AL360181.4,20093
20112,PAOX,20094
20113,AL360181.3,20095
20114,MTG1,20096
20115,SPRN,20097
20116,SCART1,20098
20117,CYP2E1,20099
20118,AL161645.1,20100
20119,SYCE1,20101
20120,FRG2B,20102
20121,FAM138D,20103
20122,IQSEC3,20104
20123,AC026369.3,20105
20124,AC026369.1,20106
20125,AC026369.2,20107
20126,AC007406.3,20108
20127,SLC6A12,20109
20128,AC007406.1,20110
20129,AC007406.4,20111
20130,SLC6A13,20112
20131,KDM5A,20113
20132,CCDC77,20114
20133,B4GALNT3,20115
20134,NINJ2,20116
20135,AC006205.1,20117
20136,AC021054.1,20118
20137,LINC02455,20119
20138,WNK1,20120
20139,RAD52,20121
20140,AC004803.1,20122
20141,ERC1,20123
20142,AC004672.1,20124
20143,LINC00942,20125
20144,WNT5B,20126
20145,FBXL14,20127
20146,ADIPOR2,20128
20147,CACNA2D4,20129
20148,LRTM2,20130
20149,AC005342.2,20131
20150,LINC00940,20132
20151,DCP1B,20133
20152,CACNA1C,20134
20153,AC005342.1,20135
20154,AC005344.1,20136
20155,CACNA1C-AS4,20137
20156,CACNA1C-AS3,20138
20157,CACNA1C-AS2,20139
20158,CACNA1C-AS1,20140
20159,LINC02371,20141
20160,FKBP4,20142
20161,ITFG2-AS1,20143
20162,AC005841.1,20144
20163,ITFG2,20145
20164,NRIP2,20146
20165,TEX52,20147
20166,FOXM1,20148
20167,RHNO1,20149
20168,TULP3,20150
20169,TEAD4,20151
20170,AC125807.2,20152
20171,TSPAN9,20153
20172,AC005865.1,20154
20173,LINC02417,20155
20174,PRMT8,20156
20175,AC005908.2,20157
20176,CRACR2A,20158
20177,AC006207.1,20159
20178,PARP11,20160
20179,AC005842.1,20161
20180,AC007207.2,20162
20181,CCND2,20163
20182,TIGAR,20164
20183,FGF23,20165
20184,FGF6,20166
20185,C12orf4,20167
20186,RAD51AP1,20168
20187,DYRK4,20169
20188,AC005832.4,20170
20189,AKAP3,20171
20190,NDUFA9,20172
20191,AC005833.2,20173
20192,AC005833.1,20174
20193,GALNT8,20175
20194,AC005833.3,20176
20195,KCNA6,20177
20196,KCNA1,20178
20197,AC006063.2,20179
20198,KCNA5,20180
20199,LINC02443,20181
20200,AC006206.2,20182
20201,AC006206.1,20183
20202,AC007848.2,20184
20203,AC007848.1,20185
20204,NTF3,20186
20205,ANO2,20187
20206,VWF,20188
20207,AC005845.1,20189
20208,CD9,20190
20209,PLEKHG6,20191
20210,TNFRSF1A,20192
20211,SCNN1A,20193
20212,LTBR,20194
20213,AC005840.2,20195
20214,CD27,20196
20215,TAPBPL,20197
20216,VAMP1,20198
20217,AC005840.4,20199
20218,MRPL51,20200
20219,NCAPD2,20201
20220,AC006064.3,20202
20221,GAPDH,20203
20222,AC006064.4,20204
20223,IFFO1,20205
20224,AC006064.1,20206
20225,NOP2,20207
20226,AC006064.6,20208
20227,CHD4,20209
20228,AC006064.2,20210
20229,LPAR5,20211
20230,ACRBP,20212
20231,ING4,20213
20232,ZNF384,20214
20233,PIANP,20215
20234,AC125494.3,20216
20235,COPS7A,20217
20236,AC125494.2,20218
20237,MLF2,20219
20238,PTMS,20220
20239,LAG3,20221
20240,CD4,20222
20241,GPR162,20223
20242,P3H3,20224
20243,GNB3,20225
20244,CDCA3,20226
20245,USP5,20227
20246,TPI1,20228
20247,SPSB2,20229
20248,LRRC23,20230
20249,U47924.3,20231
20250,ENO2,20232
20251,ATN1,20233
20252,C12orf57,20234
20253,U47924.2,20235
20254,PTPN6,20236
20255,MIR200CHG,20237
20256,U47924.1,20238
20257,PHB2,20239
20258,EMG1,20240
20259,EMG1,20240
20260,LPCAT3,20241
20261,C1S,20242
20262,C1R,20243
20263,C1RL,20244
20264,C1RL-AS1,20245
20265,AC233309.1,20246
20266,RBP5,20247
20267,AC018653.3,20248
20268,CLSTN3,20249
20269,AC018653.1,20250
20270,PEX5,20251
20271,ACSM4,20252
20272,CD163L1,20253
20273,CD163,20254
20274,APOBEC1,20255
20275,GDF3,20256
20276,DPPA3,20257
20277,CLEC4C,20258
20278,NANOGNB,20259
20279,NANOG,20260
20280,SLC2A14,20261
20281,SLC2A3,20262
20282,AC006511.4,20263
20283,FOXJ2,20264
20284,C3AR1,20265
20285,NECAP1,20266
20286,CLEC4A,20267
20287,AC092111.3,20268
20288,ZNF705A,20269
20289,FAM66C,20270
20290,AC092111.2,20271
20291,AC092111.1,20272
20292,FAM90A1,20273
20293,LINC02449,20274
20294,LINC00937,20275
20295,AC092745.1,20276
20296,CLEC6A,20277
20297,CLEC4D,20278
20298,CLEC4E,20279
20299,AC092746.1,20280
20300,AICDA,20281
20301,MFAP5,20282
20302,AC092490.2,20283
20303,RIMKLB,20284
20304,A2ML1-AS1,20285
20305,AC092490.1,20286
20306,A2ML1-AS2,20287
20307,A2ML1,20288
20308,AC006581.2,20289
20309,PHC1,20290
20310,M6PR,20291
20311,KLRG1,20292
20312,AC006581.1,20293
20313,A2M-AS1,20294
20314,A2M,20295
20315,PZP,20296
20316,LINC00987,20297
20317,AC010175.1,20298
20318,LINC02367,20299
20319,KLRB1,20300
20320,AC010186.1,20301
20321,CLEC2D,20302
20322,LINC02390,20303
20323,CLECL1,20304
20324,CD69,20305
20325,KLRF1,20306
20326,CLEC2B,20307
20327,AC091814.1,20308
20328,KLRF2,20309
20329,CLEC2A,20310
20330,LINC02470,20311
20331,CLEC12A-AS1,20312
20332,CLEC12A,20313
20333,CLEC1B,20314
20334,CLEC12B,20315
20335,AC024224.2,20316
20336,CLEC9A,20317
20337,CLEC1A,20318
20338,CLEC7A,20319
20339,OLR1,20320
20340,TMEM52B,20321
20341,GABARAPL1,20322
20342,AC115676.1,20323
20343,KLRD1,20324
20344,AC022075.3,20325
20345,AC022075.2,20326
20346,AC022075.1,20327
20347,KLRK1,20328
20348,KLRC4-KLRK1,20329
20349,KLRC4,20330
20350,AC068775.1,20331
20351,KLRC3,20332
20352,KLRC2,20333
20353,KLRC1,20334
20354,EIF2S3B,20335
20355,LINC02446,20336
20356,MAGOHB,20337
20357,STYK1,20338
20358,YBX3,20339
20359,LINC02366,20340
20360,TAS2R7,20341
20361,TAS2R8,20342
20362,TAS2R9,20343
20363,PRH1,20344
20364,TAS2R10,20345
20365,PRR4,20346
20366,AC018630.2,20347
20367,AC006518.7,20348
20368,TAS2R13,20349
20369,PRH2,20350
20370,TAS2R14,20351
20371,TAS2R50,20352
20372,TAS2R20,20353
20373,TAS2R19,20354
20374,TAS2R31,20355
20375,TAS2R46,20356
20376,TAS2R43,20357
20377,TAS2R30,20358
20378,SMIM10L1,20359
20379,TAS2R42,20360
20380,AC244131.2,20361
20381,PRB3,20362
20382,PRB4,20363
20383,PRB1,20364
20384,PRB2,20365
20385,AC007450.1,20366
20386,LINC01252,20367
20387,ETV6,20368
20388,BCL2L14,20369
20389,LRP6,20370
20390,MANSC1,20371
20391,LOH12CR2,20372
20392,BORCS5,20373
20393,DUSP16,20374
20394,AC007619.1,20375
20395,CREBL2,20376
20396,AC008115.4,20377
20397,GPR19,20378
20398,AC008115.2,20379
20399,CDKN1B,20380
20400,AC008115.1,20381
20401,APOLD1,20382
20402,DDX47,20383
20403,GPRC5A,20384
20404,GPRC5D-AS1,20385
20405,GPRC5D,20386
20406,AC007688.2,20387
20407,HEBP1,20388
20408,AC023790.2,20389
20409,FAM234B,20390
20410,GSG1,20391
20411,EMP1,20392
20412,LINC01559,20393
20413,GRIN2B,20394
20414,AC007527.2,20395
20415,AC092112.1,20396
20416,ATF7IP,20397
20417,PLBD1,20398
20418,AC008114.1,20399
20419,PLBD1-AS1,20400
20420,GUCY2C,20401
20421,AC010168.1,20402
20422,HIST4H4,20403
20423,H2AFJ,20404
20424,WBP11,20405
20425,C12orf60,20406
20426,SMCO3,20407
20427,ART4,20408
20428,AC007655.1,20409
20429,MGP,20410
20430,ERP27,20411
20431,ARHGDIB,20412
20432,PDE6H,20413
20433,LINC01489,20414
20434,RERG,20415
20435,RERG-AS1,20416
20436,PTPRO,20417
20437,EPS8,20418
20438,AC073651.1,20419
20439,STRAP,20420
20440,DERA,20421
20441,SLC15A5,20422
20442,MGST1,20423
20443,LMO3,20424
20444,AC007552.2,20425
20445,AC007529.2,20426
20446,AC007529.1,20427
20447,LINC02378,20428
20448,AC087321.1,20429
20449,RERGL,20430
20450,PIK3C2G,20431
20451,PLCZ1,20432
20452,AC087242.1,20433
20453,CAPZA3,20434
20454,PLEKHA5,20435
20455,AEBP2,20436
20456,AC024901.1,20437
20457,LINC02398,20438
20458,LINC02468,20439
20459,AC129102.1,20440
20460,PDE3A,20441
20461,SLCO1C1,20442
20462,SLCO1B3,20443
20463,AC011604.2,20444
20464,SLCO1B7,20445
20465,AC022335.1,20446
20466,SLCO1B1,20447
20467,SLCO1A2,20448
20468,IAPP,20449
20469,PYROXD1,20450
20470,RECQL,20451
20471,GOLT1B,20452
20472,SPX,20453
20473,GYS2,20454
20474,LDHB,20455
20475,AC010197.1,20456
20476,AC010185.1,20457
20477,KCNJ8,20458
20478,ABCC9,20459
20479,AC008250.1,20460
20480,CMAS,20461
20481,ST8SIA1,20462
20482,AC087318.1,20463
20483,C2CD5,20464
20484,AC053513.1,20465
20485,AC087241.1,20466
20486,AC087241.3,20467
20487,ETNK1,20468
20488,AC084816.1,20469
20489,AC084819.1,20470
20490,AC087258.1,20471
20491,AC087235.1,20472
20492,SOX5,20473
20493,AC087260.1,20474
20494,SOX5-AS1,20475
20495,LINC00477,20476
20496,AC023796.1,20477
20497,BCAT1,20478
20498,AC023796.2,20479
20499,AC026310.2,20480
20500,C12orf77,20481
20501,LRMP,20482
20502,AC023510.1,20483
20503,AC023510.2,20484
20504,CASC1,20485
20505,ETFRF1,20486
20506,KRAS,20487
20507,AC092794.1,20488
20508,AC092794.2,20489
20509,AC087239.1,20490
20510,LMNTD1,20491
20511,AC019209.3,20492
20512,AC019209.2,20493
20513,AC019209.1,20494
20514,RASSF8-AS1,20495
20515,RASSF8,20496
20516,BHLHE41,20497
20517,SSPN,20498
20518,AC022509.3,20499
20519,AC022509.2,20500
20520,AC022509.1,20501
20521,AC022509.4,20502
20522,AC055720.1,20503
20523,AC024145.1,20504
20524,ITPR2,20505
20525,AC023051.1,20506
20526,INTS13,20507
20527,FGFR1OP2,20508
20528,AC024896.1,20509
20529,TM7SF3,20510
20530,MED21,20511
20531,AC092747.4,20512
20532,C12orf71,20513
20533,AC092747.1,20514
20534,STK38L,20515
20535,ARNTL2,20516
20536,ARNTL2-AS1,20517
20537,SMCO2,20518
20538,PPFIBP1,20519
20539,AC087257.1,20520
20540,AC009509.1,20521
20541,REP15,20522
20542,AC009509.4,20523
20543,AC009509.2,20524
20544,MRPS35,20525
20545,MANSC4,20526
20546,AC009511.2,20527
20547,KLHL42,20528
20548,AC009511.1,20529
20549,PTHLH,20530
20550,AC008011.2,20531
20551,CCDC91,20532
20552,AC022364.1,20533
20553,AC022079.2,20534
20554,AC022081.1,20535
20555,AC012150.1,20536
20556,FAR2,20537
20557,AC012150.2,20538
20558,AC009318.4,20539
20559,AC009318.1,20540
20560,AC009318.3,20541
20561,AC009318.2,20542
20562,ERGIC2,20543
20563,OVCH1-AS1,20544
20564,OVCH1,20545
20565,TMTC1,20546
20566,AC009320.1,20547
20567,AC023511.1,20548
20568,LINC02386,20549
20569,AC078776.1,20550
20570,IPO8,20551
20571,CAPRIN2,20552
20572,AC010198.1,20553
20573,LINC00941,20554
20574,TSPAN11,20555
20575,DDX11-AS1,20556
20576,DDX11,20557
20577,SINHCAF,20558
20578,AC024940.1,20559
20579,LINC02387,20560
20580,DENND5B,20561
20581,DENND5B-AS1,20562
20582,ETFBKMT,20563
20583,AMN1,20564
20584,AC023157.3,20565
20585,H3F3C,20566
20586,LINC02422,20567
20587,KIAA1551,20568
20588,AC016957.2,20569
20589,AC048344.1,20570
20590,BICD1,20571
20591,FGD4,20572
20592,DNM1L,20573
20593,AC084824.5,20574
20594,YARS2,20575
20595,PKP2,20576
20596,AC087311.2,20577
20597,SYT10,20578
20598,ALG10,20579
20599,AC046130.1,20580
20600,AC046130.2,20581
20601,AC140847.1,20582
20602,AC140847.2,20583
20603,ALG10B,20584
20604,AC087897.2,20585
20605,CPNE8,20586
20606,AC067735.1,20587
20607,LINC02406,20588
20608,KIF21A,20589
20609,ABCD2,20590
20610,C12orf40,20591
20611,SLC2A13,20592
20612,LINC02555,20593
20613,LINC02471,20594
20614,AC079630.1,20595
20615,LRRK2,20596
20616,MUC19,20597
20617,AC107023.1,20598
20618,CNTN1,20599
20619,PDZRN4,20600
20620,AC090531.1,20601
20621,LINC02400,20602
20622,AC090630.1,20603
20623,GXYLT1,20604
20624,YAF2,20605
20625,PPHLN1,20606
20626,ZCRB1,20607
20627,PRICKLE1,20608
20628,AC079601.1,20609
20629,LINC02402,20610
20630,LINC02451,20611
20631,LINC02450,20612
20632,AC012038.2,20613
20633,AC012038.1,20614
20634,LINC02461,20615
20635,ADAMTS20,20616
20636,PUS7L,20617
20637,IRAK4,20618
20638,TWF1,20619
20639,TMEM117,20620
20640,AC025030.2,20621
20641,AC025253.1,20622
20642,NELL2,20623
20643,DBX2,20624
20644,AC008127.1,20625
20645,ANO6,20626
20646,AC079950.1,20627
20647,AC008124.1,20628
20648,ARID2,20629
20649,SCAF11,20630
20650,SLC38A1,20631
20651,SLC38A2,20632
20652,AC025031.2,20633
20653,AC008014.1,20634
20654,AC025031.1,20635
20655,AC025031.4,20636
20656,AC008035.1,20637
20657,SLC38A4,20638
20658,AC079906.1,20639
20659,AMIGO2,20640
20660,PCED1B,20641
20661,AC008083.1,20642
20662,AC008083.2,20643
20663,AC008083.3,20644
20664,LINC02416,20645
20665,LINC02156,20646
20666,RPAP3,20647
20667,AC004241.1,20648
20668,ENDOU,20649
20669,AC004241.2,20650
20670,RAPGEF3,20651
20671,SLC48A1,20652
20672,HDAC7,20653
20673,AC004466.1,20654
20674,AC004466.3,20655
20675,LINC02354,20656
20676,VDR,20657
20677,AC121338.1,20658
20678,AC121338.2,20659
20679,TMEM106C,20660
20680,COL2A1,20661
20681,AC004801.5,20662
20682,AC004801.4,20663
20683,AC004801.3,20664
20684,AC004801.6,20665
20685,SENP1,20666
20686,PFKM,20667
20687,ASB8,20668
20688,AC074029.3,20669
20689,CCDC184,20670
20690,AC024257.3,20671
20691,OR10AD1,20672
20692,AC024257.1,20673
20693,AC024257.5,20674
20694,H1FNT,20675
20695,ZNF641,20676
20696,AC090115.1,20677
20697,AC024257.4,20678
20698,ANP32D,20679
20699,C12orf54,20680
20700,AC089987.2,20681
20701,OR8S1,20682
20702,OR5BS1P,20683
20703,LALBA,20684
20704,KANSL2,20685
20705,CCNT1,20686
20706,TEX49,20687
20707,AC117498.1,20688
20708,ADCY6,20689
20709,AC117498.2,20690
20710,CACNB3,20691
20711,DDX23,20692
20712,RND1,20693
20713,AC073610.3,20694
20714,CCDC65,20695
20715,FKBP11,20696
20716,AC073610.2,20697
20717,ARF3,20698
20718,WNT10B,20699
20719,WNT1,20700
20720,DDN,20701
20721,AC011603.3,20702
20722,DDN-AS1,20703
20723,PRKAG1,20704
20724,KMT2D,20705
20725,RHEBL1,20706
20726,DHH,20707
20727,AC011603.1,20708
20728,LMBR1L,20709
20729,AC011603.2,20710
20730,TUBA1B,20711
20731,TUBA1A,20712
20732,TUBA1C,20713
20733,AC010173.1,20714
20734,AC125611.3,20715
20735,AC125611.4,20716
20736,PRPH,20717
20737,TROAP,20718
20738,C1QL4,20719
20739,DNAJC22,20720
20740,SPATS2,20721
20741,KCNH3,20722
20742,MCRS1,20723
20743,PRPF40B,20724
20744,AC020612.3,20725
20745,FAM186B,20726
20746,FMNL3,20727
20747,TMBIM6,20728
20748,NCKAP5L,20729
20749,BCDIN3D-AS1,20730
20750,BCDIN3D,20731
20751,AC131157.1,20732
20752,FAIM2,20733
20753,LINC02396,20734
20754,LINC02395,20735
20755,AQP2,20736
20756,AC025154.2,20737
20757,AC025154.1,20738
20758,AQP5,20739
20759,AQP6,20740
20760,RACGAP1,20741
20761,ASIC1,20742
20762,SMARCD1,20743
20763,GPD1,20744
20764,COX14,20745
20765,AC074032.1,20746
20766,CERS5,20747
20767,LIMA1,20748
20768,AC008147.1,20749
20769,FAM186A,20750
20770,LARP4,20751
20771,DIP2B,20752
20772,ATF1,20753
20773,TMPRSS12,20754
20774,METTL7A,20755
20775,AC008121.2,20756
20776,HIGD1C,20757
20777,AC008121.3,20758
20778,SLC11A2,20759
20779,LETMD1,20760
20780,CSRNP2,20761
20781,TFCP2,20762
20782,POU6F1,20763
20783,DAZAP2,20764
20784,SMAGP,20765
20785,BIN2,20766
20786,CELA1,20767
20787,GALNT6,20768
20788,SLC4A8,20769
20789,AC107031.1,20770
20790,SCN8A,20771
20791,AC068987.2,20772
20792,AC068987.5,20773
20793,AC068987.3,20774
20794,FIGNL2,20775
20795,AC068987.4,20776
20796,AC068987.1,20777
20797,ANKRD33,20778
20798,ACVRL1,20779
20799,ACVR1B,20780
20800,GRASP,20781
20801,NR4A1,20782
20802,AC025259.3,20783
20803,ATG101,20784
20804,AC025259.1,20785
20805,AC078864.2,20786
20806,AC078864.1,20787
20807,LINC00592,20788
20808,KRT80,20789
20809,C12orf80,20790
20810,KRT7,20791
20811,KRT7-AS,20792
20812,KRT86,20793
20813,AC021066.1,20794
20814,KRT81,20795
20815,AC121757.1,20796
20816,KRT83,20797
20817,KRT85,20798
20818,KRT84,20799
20819,AC078865.1,20800
20820,KRT82,20801
20821,AC055736.1,20802
20822,KRT75,20803
20823,KRT6B,20804
20824,KRT6C,20805
20825,KRT6A,20806
20826,KRT5,20807
20827,KRT71,20808
20828,KRT74,20809
20829,KRT72,20810
20830,KRT73-AS1,20811
20831,KRT73,20812
20832,KRT2,20813
20833,KRT1,20814
20834,KRT77,20815
20835,AC055716.3,20816
20836,KRT76,20817
20837,KRT3,20818
20838,KRT4,20819
20839,KRT79,20820
20840,KRT78,20821
20841,KRT8,20822
20842,KRT18,20823
20843,EIF4B,20824
20844,AC068888.1,20825
20845,TNS2,20826
20846,SPRYD3,20827
20847,IGFBP6,20828
20848,SOAT2,20829
20849,CSAD,20830
20850,AC073573.1,20831
20851,ZNF740,20832
20852,ITGB7,20833
20853,RARG,20834
20854,AC021072.1,20835
20855,MFSD5,20836
20856,ESPL1,20837
20857,PFDN5,20838
20858,AC073611.1,20839
20859,C12orf10,20840
20860,AAAS,20841
20861,SP7,20842
20862,SP1,20843
20863,AMHR2,20844
20864,PRR13,20845
20865,PCBP2,20846
20866,MAP3K12,20847
20867,AC023509.4,20848
20868,TARBP2,20849
20869,AC023509.3,20850
20870,NPFF,20851
20871,ATF7,20852
20872,AC023509.2,20853
20873,ATP5MC2,20854
20874,CALCOCO1,20855
20875,CISTR,20856
20876,AC076968.1,20857
20877,HOXC13-AS,20858
20878,HOXC13,20859
20879,HOXC12,20860
20880,HOTAIR,20861
20881,HOXC11,20862
20882,HOXC10,20863
20883,AC012531.3,20864
20884,HOXC6,20865
20885,HOXC9,20866
20886,HOXC-AS1,20867
20887,HOXC8,20868
20888,HOXC4,20869
20889,AC012531.1,20870
20890,HOXC5,20871
20891,AC023794.1,20872
20892,AC023794.3,20873
20893,AC023794.4,20874
20894,SMUG1,20875
20895,LINC02381,20876
20896,SMUG1-AS1,20877
20897,AC023794.7,20878
20898,AC023794.6,20879
20899,AC023794.2,20880
20900,CBX5,20881
20901,AC078778.1,20882
20902,HNRNPA1,20883
20903,NFE2,20884
20904,COPZ1,20885
20905,AC079313.2,20886
20906,AC079313.1,20887
20907,GPR84,20888
20908,ZNF385A,20889
20909,ITGA5,20890
20910,LINC01154,20891
20911,GTSF1,20892
20912,NCKAP1L,20893
20913,AC068789.1,20894
20914,PDE1B,20895
20915,PPP1R1A,20896
20916,LACRT,20897
20917,DCD,20898
20918,AC079310.1,20899
20919,MUCL1,20900
20920,TESPA1,20901
20921,AC027287.2,20902
20922,NEUROD4,20903
20923,OR9K2,20904
20924,OR10A7,20905
20925,OR6C74,20906
20926,OR6C6,20907
20927,OR6C1,20908
20928,OR6C3,20909
20929,OR6C75,20910
20930,OR6C65,20911
20931,OR6C76,20912
20932,AC122685.1,20913
20933,OR6C2,20914
20934,OR6C70,20915
20935,OR6C68,20916
20936,OR6C4,20917
20937,OR2AP1,20918
20938,OR10P1,20919
20939,AC009779.5,20920
20940,METTL7B,20921
20941,ITGA7,20922
20942,AC009779.3,20923
20943,BLOC1S1,20924
20944,RDH5,20925
20945,CD63,20926
20946,AC009779.2,20927
20947,GDF11,20928
20948,SARNP,20929
20949,AC023055.1,20930
20950,ORMDL2,20931
20951,DNAJC14,20932
20952,MMP19,20933
20953,PYM1,20934
20954,DGKA,20935
20955,PMEL,20936
20956,CDK2,20937
20957,AC025162.1,20938
20958,RAB5B,20939
20959,SUOX,20940
20960,IKZF4,20941
20961,AC034102.8,20942
20962,AC034102.3,20943
20963,RPS26,20944
20964,ERBB3,20945
20965,AC034102.2,20946
20966,PA2G4,20947
20967,AC034102.4,20948
20968,RPL41,20949
20969,ZC3H10,20950
20970,ESYT1,20951
20971,AC034102.7,20952
20972,AC034102.6,20953
20973,AC034102.5,20954
20974,MYL6B,20955
20975,MYL6,20956
20976,SMARCC2,20957
20977,RNF41,20958
20978,NABP2,20959
20979,SLC39A5,20960
20980,ANKRD52,20961
20981,COQ10A,20962
20982,AC073896.5,20963
20983,CS,20964
20984,AC073896.1,20965
20985,AC073896.2,20966
20986,AC073896.3,20967
20987,CNPY2,20968
20988,PAN2,20969
20989,IL23A,20970
20990,STAT2,20971
20991,APOF,20972
20992,AC024884.2,20973
20993,TIMELESS,20974
20994,MIP,20975
20995,SPRYD4,20976
20996,GLS2,20977
20997,RBMS2,20978
20998,BAZ2A,20979
20999,ATP5F1B,20980
21000,PTGES3,20981
21001,NACA,20982
21002,PRIM1,20983
21003,HSD17B6,20984
21004,SDR9C7,20985
21005,RDH16,20986
21006,GPR182,20987
21007,ZBTB39,20988
21008,TAC3,20989
21009,MYO1A,20990
21010,NEMP1,20991
21011,NAB2,20992
21012,STAT6,20993
21013,LRP1,20994
21014,LRP1-AS,20995
21015,NXPH4,20996
21016,SHMT2,20997
21017,AC137834.2,20998
21018,NDUFA4L2,20999
21019,STAC3,21000
21020,AC137834.1,21001
21021,R3HDM2,21002
21022,AC126614.1,21003
21023,INHBC,21004
21024,INHBE,21005
21025,GLI1,21006
21026,ARHGAP9,21007
21027,MARS,21008
21028,DDIT3,21009
21029,AC022506.1,21010
21030,MBD6,21011
21031,DCTN2,21012
21032,KIF5A,21013
21033,PIP4K2C,21014
21034,DTX3,21015
21035,ARHGEF25,21016
21036,AC025165.1,21017
21037,SLC26A10,21018
21038,B4GALNT1,21019
21039,OS9,21020
21040,AC025165.2,21021
21041,AGAP2,21022
21042,AGAP2-AS1,21023
21043,TSPAN31,21024
21044,CDK4,21025
21045,MARCH9,21026
21046,CYP27B1,21027
21047,METTL1,21028
21048,EEF1AKMT3,21029
21049,AC025165.3,21030
21050,TSFM,21031
21051,AVIL,21032
21052,AC025165.5,21033
21053,AC025165.4,21034
21054,CTDSP2,21035
21055,AC083805.2,21036
21056,AC083805.1,21037
21057,AC083805.3,21038
21058,AC084033.3,21039
21059,ATP23,21040
21060,LINC02403,21041
21061,AC020637.1,21042
21062,LINC02388,21043
21063,LRIG3,21044
21064,AC068305.2,21045
21065,AC108721.1,21046
21066,LINC02448,21047
21067,SLC16A7,21048
21068,AC080011.1,21049
21069,FAM19A2,21050
21070,USP15,21051
21071,MON2,21052
21072,AC079035.1,21053
21073,LINC01465,21054
21074,AC048341.1,21055
21075,AC048341.2,21056
21076,PPM1H,21057
21077,AC078814.1,21058
21078,AVPR1A,21059
21079,AC026116.1,21060
21080,DPY19L2,21061
21081,AC084357.2,21062
21082,RXYLT1,21063
21083,RXYLT1-AS1,21064
21084,SRGAP1,21065
21085,AC020611.2,21066
21086,AC025576.2,21067
21087,AC025576.1,21068
21088,C12orf66,21069
21089,C12orf56,21070
21090,XPOT,21071
21091,AC135279.3,21072
21092,TBK1,21073
21093,RASSF3,21074
21094,AC078962.2,21075
21095,AC078962.4,21076
21096,AC078962.3,21077
21097,GNS,21078
21098,AC025262.1,21079
21099,TBC1D30,21080
21100,LINC02389,21081
21101,LINC02231,21082
21102,AC135895.1,21083
21103,WIF1,21084
21104,LEMD3,21085
21105,MSRB3,21086
21106,AC025419.1,21087
21107,AC090023.1,21088
21108,LINC02454,21089
21109,AC090023.2,21090
21110,HMGA2,21091
21111,AC090673.1,21092
21112,AC090673.2,21093
21113,LINC02425,21094
21114,LLPH,21095
21115,AC078927.1,21096
21116,LLPH-DT,21097
21117,TMBIM4,21098
21118,IRAK3,21099
21119,AC078889.1,21100
21120,HELB,21101
21121,GRIP1,21102
21122,AC073530.1,21103
21123,CAND1,21104
21124,LINC02420,21105
21125,LINC02408,21106
21126,LINC02442,21107
21127,DYRK2,21108
21128,AC078777.1,21109
21129,LINC02421,21110
21130,LINC01479,21111
21131,IFNG-AS1,21112
21132,IFNG,21113
21133,IL26,21114
21134,IL22,21115
21135,MDM1,21116
21136,LINC02384,21117
21137,AC022511.1,21118
21138,AC008033.3,21119
21139,RAP1B,21120
21140,AC090061.1,21121
21141,NUP107,21122
21142,SLC35E3,21123
21143,MDM2,21124
21144,AC025423.1,21125
21145,AC025423.4,21126
21146,CPM,21127
21147,AC127894.1,21128
21148,CPSF6,21129
21149,AC020656.2,21130
21150,LYZ,21131
21151,AC020656.1,21132
21152,YEATS4,21133
21153,LINC02373,21134
21154,FRS2,21135
21155,CCT2,21136
21156,LRRC10,21137
21157,BEST3,21138
21158,AC025263.1,21139
21159,RAB3IP,21140
21160,AC025263.2,21141
21161,MYRFL,21142
21162,AC025159.1,21143
21163,AC078922.1,21144
21164,AC084032.1,21145
21165,LINC01481,21146
21166,CNOT2,21147
21167,KCNMB4,21148
21168,AC025569.1,21149
21169,PTPRB,21150
21170,AC083809.1,21151
21171,PTPRR,21152
21172,AC123905.1,21153
21173,AC025575.1,21154
21174,AC025575.2,21155
21175,TSPAN8,21156
21176,LGR5,21157
21177,AC078860.1,21158
21178,ZFC3H1,21159
21179,THAP2,21160
21180,AC073612.1,21161
21181,TMEM19,21162
21182,AC011601.1,21163
21183,RAB21,21164
21184,AC089984.1,21165
21185,TBC1D15,21166
21186,TPH2,21167
21187,AC090109.1,21168
21188,TRHDE,21169
21189,AC133480.1,21170
21190,LINC02444,21171
21191,AC090503.1,21172
21192,LINC02445,21173
21193,AC136188.1,21174
21194,LINC02394,21175
21195,AC090502.1,21176
21196,AC090502.3,21177
21197,ATXN7L3B,21178
21198,AC025257.1,21179
21199,AC073525.1,21180
21200,KCNC2,21181
21201,AC091534.1,21182
21202,CAPS2,21183
21203,GLIPR1L1,21184
21204,GLIPR1L2,21185
21205,GLIPR1,21186
21206,AC121761.1,21187
21207,KRR1,21188
21208,AC078923.1,21189
21209,AC078820.1,21190
21210,AC011611.2,21191
21211,PHLDA1,21192
21212,AC011611.3,21193
21213,AC011611.4,21194
21214,NAP1L1,21195
21215,LINC02407,21196
21216,BBS10,21197
21217,OSBPL8,21198
21218,AC107032.2,21199
21219,ZDHHC17,21200
21220,CSRP2,21201
21221,AC124784.1,21202
21222,E2F7,21203
21223,LINC02464,21204
21224,NAV3,21205
21225,AC073591.1,21206
21226,AC138331.1,21207
21227,AC073571.1,21208
21228,LINC02424,21209
21229,AC128707.1,21210
21230,AC130415.1,21211
21231,AC079362.1,21212
21232,AC068993.2,21213
21233,SYT1,21214
21234,AC090709.1,21215
21235,AC027288.3,21216
21236,AC027288.1,21217
21237,PAWR,21218
21238,AC073569.2,21219
21239,PPP1R12A,21220
21240,AC073569.1,21221
21241,OTOGL,21222
21242,PTPRQ,21223
21243,AC074031.1,21224
21244,MYF6,21225
21245,MYF5,21226
21246,LINC01490,21227
21247,LIN7A,21228
21248,ACSS3,21229
21249,AC078955.1,21230
21250,PPFIA2,21231
21251,PPFIA2-AS1,21232
21252,AC069228.1,21233
21253,LINC02426,21234
21254,CCDC59,21235
21255,METTL25,21236
21256,AC089998.4,21237
21257,AC089998.2,21238
21258,AC089998.1,21239
21259,TMTC2,21240
21260,AC090680.1,21241
21261,AC093025.1,21242
21262,AC090679.2,21243
21263,AC090679.1,21244
21264,SLC6A15,21245
21265,TSPAN19,21246
21266,LRRIQ1,21247
21267,AC133794.1,21248
21268,ALX1,21249
21269,AC131532.1,21250
21270,RASSF9,21251
21271,NTS,21252
21272,MGAT4C,21253
21273,AC016993.1,21254
21274,AC010196.1,21255
21275,LINC02258,21256
21276,AC079598.1,21257
21277,C12orf50,21258
21278,C12orf29,21259
21279,CEP290,21260
21280,TMTC3,21261
21281,KITLG,21262
21282,AC024941.2,21263
21283,AC024941.1,21264
21284,LINC02458,21265
21285,AC024909.1,21266
21286,DUSP6,21267
21287,AC024909.2,21268
21288,AC010201.2,21269
21289,AC010201.1,21270
21290,POC1B,21271
21291,GALNT4,21272
21292,POC1B-GALNT4,21273
21293,POC1B-AS1,21274
21294,AC025034.1,21275
21295,ATP2B1,21276
21296,ATP2B1-AS1,21277
21297,AC084200.1,21278
21298,LINC02399,21279
21299,AC126178.1,21280
21300,LINC02392,21281
21301,AC084365.1,21282
21302,AC112481.1,21283
21303,CCER1,21284
21304,LINC00615,21285
21305,EPYC,21286
21306,KERA,21287
21307,LUM,21288
21308,DCN,21289
21309,AC025035.1,21290
21310,AC126175.1,21291
21311,AC025254.1,21292
21312,LINC02404,21293
21313,AC090049.1,21294
21314,BTG1,21295
21315,AC025164.1,21296
21316,LINC02391,21297
21317,CLLU1OS,21298
21318,AC063949.2,21299
21319,LINC02397,21300
21320,C12orf74,21301
21321,PLEKHG7,21302
21322,EEA1,21303
21323,LINC02413,21304
21324,AC138123.1,21305
21325,AC138123.2,21306
21326,LINC02412,21307
21327,AC124947.1,21308
21328,NUDT4,21309
21329,UBE2N,21310
21330,MRPL42,21311
21331,SOCS2,21312
21332,CRADD,21313
21333,AC012085.2,21314
21334,AC012464.1,21315
21335,AC012464.3,21316
21336,PLXNC1,21317
21337,AC123567.2,21318
21338,AC073655.1,21319
21339,AC073655.2,21320
21340,CEP83,21321
21341,CEP83-DT,21322
21342,AC023161.1,21323
21343,TMCC3,21324
21344,NDUFA12,21325
21345,NR2C1,21326
21346,FGD6,21327
21347,VEZT,21328
21348,AC084879.2,21329
21349,METAP2,21330
21350,USP44,21331
21351,NTN4,21332
21352,AC090001.1,21333
21353,LINC02410,21334
21354,SNRPF,21335
21355,CCDC38,21336
21356,AMDHD1,21337
21357,HAL,21338
21358,AC007298.2,21339
21359,LTA4H,21340
21360,AC007298.1,21341
21361,LINC02452,21342
21362,ELK3,21343
21363,AC008149.1,21344
21364,CDK17,21345
21365,AC007513.1,21346
21366,CFAP54,21347
21367,NEDD1,21348
21368,AC007656.1,21349
21369,AC013417.1,21350
21370,LINC02409,21351
21371,AC016152.1,21352
21372,LINC02453,21353
21373,TMPO-AS1,21354
21374,TMPO,21355
21375,SLC25A3,21356
21376,IKBIP,21357
21377,APAF1,21358
21378,ANKS1B,21359
21379,AC069437.1,21360
21380,AC117377.1,21361
21381,FAM71C,21362
21382,UHRF1BP1L,21363
21383,AC010203.2,21364
21384,ACTR6,21365
21385,DEPDC4,21366
21386,SCYL2,21367
21387,SLC17A8,21368
21388,NR1H4,21369
21389,GAS2L3,21370
21390,ANO4,21371
21391,AC138360.1,21372
21392,AC063947.1,21373
21393,SLC5A8,21374
21394,UTP20,21375
21395,ARL1,21376
21396,AC063948.1,21377
21397,SPIC,21378
21398,MYBPC1,21379
21399,AC117505.1,21380
21400,AC010205.1,21381
21401,CHPT1,21382
21402,SYCP3,21383
21403,GNPTAB,21384
21404,DRAM1,21385
21405,AC084398.2,21386
21406,AC079907.2,21387
21407,WASHC3,21388
21408,AC079907.1,21389
21409,NUP37,21390
21410,PARPBP,21391
21411,PMCH,21392
21412,LINC02456,21393
21413,IGF1,21394
21414,LINC00485,21395
21415,PAH,21396
21416,ASCL1,21397
21417,AC068643.1,21398
21418,AC068643.2,21399
21419,C12orf42,21400
21420,LINC02401,21401
21421,STAB2,21402
21422,AC025265.2,21403
21423,AC025265.3,21404
21424,AC025265.1,21405
21425,NT5DC3,21406
21426,AC012555.2,21407
21427,AC012555.1,21408
21428,HSP90B1,21409
21429,C12orf73,21410
21430,TDG,21411
21431,GLT8D2,21412
21432,HCFC2,21413
21433,NFYB,21414
21434,LINC02385,21415
21435,TXNRD1,21416
21436,AC089983.1,21417
21437,EID3,21418
21438,CHST11,21419
21439,SLC41A2,21420
21440,C12orf45,21421
21441,ALDH1L2,21422
21442,AC016257.1,21423
21443,WASHC4,21424
21444,APPL2,21425
21445,C12orf75,21426
21446,AC011313.1,21427
21447,CASC18,21428
21448,AC011595.2,21429
21449,NUAK1,21430
21450,AC011595.1,21431
21451,CKAP4,21432
21452,AC079174.2,21433
21453,TCP11L2,21434
21454,POLR3B,21435
21455,AC079385.1,21436
21456,RFX4,21437
21457,AC079385.2,21438
21458,AC079385.3,21439
21459,RIC8B,21440
21460,AC007541.1,21441
21461,TMEM263,21442
21462,MTERF2,21443
21463,CRY1,21444
21464,AC078929.1,21445
21465,BTBD11,21446
21466,AC007540.1,21447
21467,PWP1,21448
21468,PRDM4,21449
21469,AC007622.2,21450
21470,ASCL4,21451
21471,AC126177.2,21452
21472,AC126177.8,21453
21473,AC126177.4,21454
21474,WSCD2,21455
21475,CMKLR1,21456
21476,LINC01498,21457
21477,FICD,21458
21478,SART3,21459
21479,ISCU,21460
21480,TMEM119,21461
21481,SELPLG,21462
21482,AC007569.1,21463
21483,CORO1C,21464
21484,SSH1,21465
21485,DAO,21466
21486,SVOP,21467
21487,USP30,21468
21488,USP30-AS1,21469
21489,ALKBH2,21470
21490,UNG,21471
21491,ACACB,21472
21492,FOXN4,21473
21493,MYO1H,21474
21494,LINC01486,21475
21495,AC007570.1,21476
21496,KCTD10,21477
21497,UBE3B,21478
21498,MMAB,21479
21499,MVK,21480
21500,FAM222A,21481
21501,FAM222A-AS1,21482
21502,TRPV4,21483
21503,GLTP,21484
21504,AC007834.1,21485
21505,TCHP,21486
21506,GIT2,21487
21507,AC084876.1,21488
21508,ANKRD13A,21489
21509,C12orf76,21490
21510,IFT81,21491
21511,ATP2A2,21492
21512,ANAPC7,21493
21513,ARPC3,21494
21514,GPN3,21495
21515,FAM216A,21496
21516,VPS29,21497
21517,RAD9B,21498
21518,PPTC7,21499
21519,TCTN1,21500
21520,HVCN1,21501
21521,PPP1CC,21502
21522,AC002375.1,21503
21523,CCDC63,21504
21524,MYL2,21505
21525,LINC01405,21506
21526,AC002351.1,21507
21527,CUX2,21508
21528,PHETA1,21509
21529,LINC02356,21510
21530,SH2B3,21511
21531,ATXN2,21512
21532,ATXN2-AS,21513
21533,BRAP,21514
21534,ACAD10,21515
21535,AC002996.1,21516
21536,ALDH2,21517
21537,MAPKAPK5-AS1,21518
21538,MAPKAPK5,21519
21539,TMEM116,21520
21540,ERP29,21521
21541,AC073575.2,21522
21542,NAA25,21523
21543,AC073575.1,21524
21544,TRAFD1,21525
21545,HECTD4,21526
21546,AC004217.1,21527
21547,RPL6,21528
21548,PTPN11,21529
21549,RPH3A,21530
21550,OAS1,21531
21551,AC004551.1,21532
21552,OAS3,21533
21553,OAS2,21534
21554,DTX1,21535
21555,RASAL1,21536
21556,CFAP73,21537
21557,DDX54,21538
21558,RITA1,21539
21559,AC089999.1,21540
21560,IQCD,21541
21561,TPCN1,21542
21562,SLC8B1,21543
21563,PLBD2,21544
21564,SDS,21545
21565,SDSL,21546
21566,LHX5,21547
21567,LHX5-AS1,21548
21568,LINC01234,21549
21569,RBM19,21550
21570,AC073863.1,21551
21571,AC010183.1,21552
21572,AC010183.2,21553
21573,LINC02459,21554
21574,TBX5,21555
21575,TBX5-AS1,21556
21576,AC010177.1,21557
21577,TBX3,21558
21578,AC026765.2,21559
21579,AC026765.1,21560
21580,AC009804.2,21561
21581,AC008125.1,21562
21582,AC078880.1,21563
21583,AC078880.3,21564
21584,AC078880.4,21565
21585,AC078880.5,21566
21586,AC078880.2,21567
21587,AC009803.2,21568
21588,AC009803.3,21569
21589,AC009803.1,21570
21590,AC009387.1,21571
21591,LINC02463,21572
21592,MED13L,21573
21593,AC012157.1,21574
21594,AC079384.1,21575
21595,LINC02457,21576
21596,MAP1LC3B2,21577
21597,AC125603.4,21578
21598,AC125603.3,21579
21599,AC125603.2,21580
21600,AC125603.1,21581
21601,C12orf49,21582
21602,RNFT2,21583
21603,AC083806.3,21584
21604,HRK,21585
21605,FBXW8,21586
21606,AC083806.2,21587
21607,AC127164.1,21588
21608,TESC,21589
21609,TESC-AS1,21590
21610,FBXO21,21591
21611,NOS1,21592
21612,AC073864.1,21593
21613,KSR2,21594
21614,AC084291.1,21595
21615,RFC5,21596
21616,AC131159.2,21597
21617,WSB2,21598
21618,AC131159.1,21599
21619,VSIG10,21600
21620,AC131238.1,21601
21621,PEBP1,21602
21622,TAOK3,21603
21623,AC026367.1,21604
21624,SUDS3,21605
21625,AC026367.3,21606
21626,AC026367.2,21607
21627,LINC02460,21608
21628,LINC02423,21609
21629,LINC02440,21610
21630,LINC02439,21611
21631,AC087863.1,21612
21632,SRRM4,21613
21633,AC084361.1,21614
21634,AC084880.4,21615
21635,HSPB8,21616
21636,AC084880.3,21617
21637,AC084880.2,21618
21638,LINC00934,21619
21639,CCDC60,21620
21640,AC002070.1,21621
21641,TMEM233,21622
21642,PRKAB1,21623
21643,CIT,21624
21644,AC002563.1,21625
21645,BICDL1,21626
21646,RAB35,21627
21647,AC004812.2,21628
21648,GCN1,21629
21649,RPLP0,21630
21650,PXN-AS1,21631
21651,PXN,21632
21652,AC004263.1,21633
21653,SIRT4,21634
21654,PLA2G1B,21635
21655,MSI1,21636
21656,AC003982.1,21637
21657,COX6A1,21638
21658,AL021546.1,21639
21659,TRIAP1,21640
21660,GATC,21641
21661,SRSF9,21642
21662,DYNLL1,21643
21663,NRAV,21644
21664,AC063943.1,21645
21665,COQ5,21646
21666,RNF10,21647
21667,POP5,21648
21668,AC125616.1,21649
21669,CABP1,21650
21670,MLEC,21651
21671,AC069234.2,21652
21672,AC069234.5,21653
21673,AC069234.4,21654
21674,UNC119B,21655
21675,AC069234.3,21656
21676,ACADS,21657
21677,AC069234.1,21658
21678,SPPL3,21659
21679,HNF1A,21660
21680,C12orf43,21661
21681,OASL,21662
21682,P2RX7,21663
21683,AC069209.1,21664
21684,P2RX4,21665
21685,CAMKK2,21666
21686,ANAPC5,21667
21687,AC048337.1,21668
21688,RNF34,21669
21689,KDM2B,21670
21690,AC145422.1,21671
21691,ORAI1,21672
21692,MORN3,21673
21693,TMEM120B,21674
21694,RHOF,21675
21695,LINC01089,21676
21696,AC084018.1,21677
21697,AC084018.2,21678
21698,SETD1B,21679
21699,HPD,21680
21700,AC079360.1,21681
21701,AC069503.3,21682
21702,PSMD9,21683
21703,AC069503.2,21684
21704,WDR66,21685
21705,AC069503.1,21686
21706,BCL7A,21687
21707,MLXIP,21688
21708,LRRC43,21689
21709,IL31,21690
21710,B3GNT4,21691
21711,DIABLO,21692
21712,DIABLO,21692
21713,AC048338.1,21693
21714,VPS33A,21694
21715,CLIP1,21695
21716,CLIP1-AS1,21696
21717,ZCCHC8,21697
21718,AC127002.1,21698
21719,RSRC2,21699
21720,KNTC1,21700
21721,AC026333.4,21701
21722,AC026333.3,21702
21723,HCAR2,21703
21724,HCAR3,21704
21725,HCAR1,21705
21726,DENR,21706
21727,CCDC62,21707
21728,HIP1R,21708
21729,VPS37B,21709
21730,AC027290.1,21710
21731,ABCB9,21711
21732,OGFOD2,21712
21733,ARL6IP4,21713
21734,PITPNM2,21714
21735,PITPNM2-AS1,21715
21736,MPHOSPH9,21716
21737,C12orf65,21717
21738,AC068768.1,21718
21739,CDK2AP1,21719
21740,AC068768.2,21720
21741,SBNO1,21721
21742,AC137767.1,21722
21743,KMT5A,21723
21744,RILPL2,21724
21745,SNRNP35,21725
21746,RILPL1,21726
21747,AC055713.1,21727
21748,TMED2,21728
21749,DDX55,21729
21750,EIF2B1,21730
21751,GTF2H3,21731
21752,TCTN2,21732
21753,AC117503.1,21733
21754,ATP6V0A2,21734
21755,DNAH10,21735
21756,CCDC92,21736
21757,AC079315.1,21737
21758,DNAH10OS,21738
21759,ZNF664,21739
21760,RFLNA,21740
21761,AC068790.8,21741
21762,AC068790.9,21742
21763,AC026358.1,21743
21764,NCOR2,21744
21765,AC073592.1,21745
21766,SCARB1,21746
21767,UBC,21747
21768,DHX37,21748
21769,BRI3BP,21749
21770,THRIL,21750
21771,AACS,21751
21772,AC122688.2,21752
21773,TMEM132B,21753
21774,LINC00939,21754
21775,AC005186.1,21755
21776,LINC02359,21756
21777,AC007368.2,21757
21778,LINC02347,21758
21779,AC006065.4,21759
21780,AC006065.3,21760
21781,AC069235.1,21761
21782,LINC00943,21762
21783,LINC00944,21763
21784,LINC02372,21764
21785,AC078878.2,21765
21786,LINC02405,21766
21787,AC079949.1,21767
21788,AC079949.2,21768
21789,LINC02376,21769
21790,LINC02375,21770
21791,AC025252.1,21771
21792,LINC02411,21772
21793,AC087894.2,21773
21794,LINC02393,21774
21795,LINC00507,21775
21796,LINC00508,21776
21797,LINC02441,21777
21798,LINC02369,21778
21799,LINC02368,21779
21800,AC061709.1,21780
21801,TMEM132C,21781
21802,SLC15A4,21782
21803,AC108704.1,21783
21804,GLT1D1,21784
21805,TMEM132D,21785
21806,TMEM132D-AS1,21786
21807,TMEM132D-AS2,21787
21808,AC130404.1,21788
21809,AC117373.1,21789
21810,AC055717.1,21790
21811,AC055717.2,21791
21812,LINC02418,21792
21813,AC135388.1,21793
21814,LINC02419,21794
21815,AC026336.3,21795
21816,FZD10,21796
21817,AC026336.2,21797
21818,PIWIL1,21798
21819,RIMBP2,21799
21820,AC063926.1,21800
21821,AC095350.1,21801
21822,STX2,21802
21823,AC073912.1,21803
21824,AC073912.2,21804
21825,RAN,21805
21826,ADGRD1,21806
21827,AC073862.1,21807
21828,ADGRD1-AS1,21808
21829,AC078925.1,21809
21830,LINC01257,21810
21831,LINC02415,21811
21832,LINC02370,21812
21833,AC140118.1,21813
21834,AC073578.2,21814
21835,AC073578.1,21815
21836,AC117500.3,21816
21837,LINC02414,21817
21838,AC117500.1,21818
21839,SFSWAP,21819
21840,AC117500.2,21820
21841,MMP17,21821
21842,AC131009.2,21822
21843,ULK1,21823
21844,AC131009.1,21824
21845,PUS1,21825
21846,EP400,21826
21847,AC137590.1,21827
21848,AC137590.2,21828
21849,DDX51,21829
21850,NOC4L,21830
21851,AC138466.3,21831
21852,LINC02361,21832
21853,AC138466.1,21833
21854,GALNT9,21834
21855,AC148477.3,21835
21856,AC148477.2,21836
21857,AC148477.4,21837
21858,AC148477.1,21838
21859,AC148476.1,21839
21860,AC079031.1,21840
21861,AC079031.2,21841
21862,FBRSL1,21842
21863,AC131212.1,21843
21864,LRCOL1,21844
21865,P2RX2,21845
21866,POLE,21846
21867,PXMP2,21847
21868,AC135586.2,21848
21869,PGAM5,21849
21870,ANKLE2,21850
21871,GOLGA3,21851
21872,CHFR,21852
21873,AC127070.1,21853
21874,AC127070.2,21854
21875,ZNF605,21855
21876,ZNF26,21856
21877,AC073911.1,21857
21878,ZNF84,21858
21879,ZNF140,21859
21880,ZNF891,21860
21881,AC026786.2,21861
21882,ZNF10,21862
21883,AC026786.1,21863
21884,ZNF268,21864
21885,ANHX,21865
21886,FAM230C,21866
21887,LINC00349,21867
21888,LINC00388,21868
21889,LINC00387,21869
21890,LINC00408,21870
21891,AL355516.1,21871
21892,LINC00442,21872
21893,AL137001.1,21873
21894,TUBA3C,21874
21895,AL139327.2,21875
21896,LINC00421,21876
21897,AL356259.1,21877
21898,TPTE2,21878
21899,LINC00350,21879
21900,MPHOSPH8,21880
21901,PSPC1-AS2,21881
21902,PSPC1,21882
21903,ZMYM5,21883
21904,AL355001.1,21884
21905,AL355001.2,21885
21906,ZMYM2,21886
21907,LINC01072,21887
21908,GJA3,21888
21909,LINC00556,21889
21910,GJB2,21890
21911,GJB6,21891
21912,CRYL1,21892
21913,AL590096.1,21893
21914,IFT88,21894
21915,AL161772.1,21895
21916,IL17D,21896
21917,EEF1AKMT1,21897
21918,XPO4,21898
21919,LATS2,21899
21920,LATS2-AS1,21900
21921,SAP18,21901
21922,SKA3,21902
21923,MRPL57,21903
21924,LINC01046,21904
21925,LINC00539,21905
21926,ZDHHC20,21906
21927,MICU2,21907
21928,FGF9,21908
21929,LINC00424,21909
21930,AL136962.1,21910
21931,LINC00621,21911
21932,AL157931.1,21912
21933,AL157931.2,21913
21934,LINC00362,21914
21935,SGCG,21915
21936,SACS,21916
21937,SACS-AS1,21917
21938,LINC00327,21918
21939,LINC00352,21919
21940,TNFRSF19,21920
21941,MIPEP,21921
21942,C1QTNF9B,21922
21943,AL359736.1,21923
21944,SPATA13,21924
21945,AL445985.1,21925
21946,SPATA13-AS1,21926
21947,C1QTNF9,21927
21948,C1QTNF9-AS1,21928
21949,LINC00566,21929
21950,PARP4,21930
21951,ATP12A,21931
21952,RNF17,21932
21953,CENPJ,21933
21954,PABPC3,21934
21955,AMER2,21935
21956,LINC00463,21936
21957,LINC01053,21937
21958,LINC01076,21938
21959,MTMR6,21939
21960,AL590787.1,21940
21961,NUP58,21941
21962,ATP8A2,21942
21963,SHISA2,21943
21964,LINC00415,21944
21965,RNF6,21945
21966,AL138966.2,21946
21967,CDK8,21947
21968,WASF3,21948
21969,WASF3-AS1,21949
21970,GPR12,21950
21971,AL160035.1,21951
21972,USP12,21952
21973,USP12-AS1,21953
21974,USP12-AS2,21954
21975,LINC02340,21955
21976,LINC00412,21956
21977,RPL21,21957
21978,RASL11A,21958
21979,LINC01079,21959
21980,GTF3A,21960
21981,MTIF3,21961
21982,LNX2,21962
21983,POLR1D,21963
21984,AL136439.1,21964
21985,GSX1,21965
21986,PLUT,21966
21987,PDX1,21967
21988,LINC00543,21968
21989,CDX2,21969
21990,URAD,21970
21991,FLT3,21971
21992,PAN3-AS1,21972
21993,PAN3,21973
21994,FLT1,21974
21995,POMP,21975
21996,SLC46A3,21976
21997,MTUS2,21977
21998,MTUS2-AS2,21978
21999,MTUS2-AS1,21979
22000,SLC7A1,21980
22001,UBL3,21981
22002,LINC00297,21982
22003,LINC00572,21983
22004,LINC00544,21984
22005,AL354674.1,21985
22006,LINC00365,21986
22007,LINC00384,21987
22008,LINC00385,21988
22009,KATNAL1,21989
22010,LINC00427,21990
22011,LINC00426,21991
22012,LINC01058,21992
22013,UBE2L5,21993
22014,HMGB1,21994
22015,USPL1,21995
22016,ALOX5AP,21996
22017,LINC00398,21997
22018,TEX26-AS1,21998
22019,LINC00545,21999
22020,MEDAG,22000
22021,TEX26,22001
22022,AL353680.1,22002
22023,LINC01066,22003
22024,HSPH1,22004
22025,B3GLCT,22005
22026,AL161616.2,22006
22027,RXFP2,22007
22028,FRY,22008
22029,FRY-AS1,22009
22030,ZAR1L,22010
22031,BRCA2,22011
22032,N4BP2L1,22012
22033,N4BP2L2,22013
22034,PDS5B,22014
22035,AL138820.1,22015
22036,LINC00423,22016
22037,KL,22017
22038,STARD13,22018
22039,LINC02344,22019
22040,AL139383.1,22020
22041,AL161719.1,22021
22042,AL139081.1,22022
22043,RFC3,22023
22044,LINC02343,22024
22045,LINC00457,22025
22046,AL161716.1,22026
22047,AL138690.1,22027
22048,NBEA,22028
22049,MAB21L1,22029
22050,LINC00445,22030
22051,DCLK1,22031
22052,SOHLH2,22032
22053,CCDC169-SOHLH2,22033
22054,CCDC169,22034
22055,SPART,22035
22056,SPART-AS1,22036
22057,CCNA1,22037
22058,SERTM1,22038
22059,RFXAP,22039
22060,SMAD9,22040
22061,ALG5,22041
22062,EXOSC8,22042
22063,SUPT20H,22043
22064,CSNK1A1L,22044
22065,LINC01048,22045
22066,LINC00547,22046
22067,POSTN,22047
22068,TRPC4,22048
22069,LINC02334,22049
22070,LINC00571,22050
22071,UFM1,22051
22072,LINC00437,22052
22073,LINC00366,22053
22074,FREM2,22054
22075,FREM2-AS1,22055
22076,STOML3,22056
22077,PROSER1,22057
22078,NHLRC3,22058
22079,AL354809.1,22059
22080,LHFPL6,22060
22081,COG6,22061
22082,LINC00598,22062
22083,LINC00332,22063
22084,FOXO1,22064
22085,MRPS31,22065
22086,SLC25A15,22066
22087,ELF1,22067
22088,WBP4,22068
22089,KBTBD6,22069
22090,AL354696.2,22070
22091,KBTBD7,22071
22092,MTRF1,22072
22093,NAA16,22073
22094,RGCC,22074
22095,VWA8,22075
22096,VWA8-AS1,22076
22097,DGKH,22077
22098,AL157932.1,22078
22099,AKAP11,22079
22100,LINC02341,22080
22101,TNFSF11,22081
22102,FAM216B,22082
22103,LINC01050,22083
22104,LINC00428,22084
22105,EPSTI1,22085
22106,DNAJC15,22086
22107,LINC00400,22087
22108,ENOX1,22088
22109,ENOX1-AS2,22089
22110,ENOX1-AS1,22090
22111,AL162713.1,22091
22112,CCDC122,22092
22113,LACC1,22093
22114,AL512506.3,22094
22115,LINC00284,22095
22116,LINC00390,22096
22117,SMIM2-AS1,22097
22118,SMIM2,22098
22119,AL589745.2,22099
22120,AL589745.1,22100
22121,AL138960.1,22101
22122,SERP2,22102
22123,TUSC8,22103
22124,TSC22D1,22104
22125,TSC22D1-AS1,22105
22126,LINC00407,22106
22127,AL356515.1,22107
22128,LINC00330,22108
22129,NUFIP1,22109
22130,AL359706.1,22110
22131,GPALPP1,22111
22132,GTF2F2,22112
22133,KCTD4,22113
22134,TPT1,22114
22135,AL138963.3,22115
22136,AL138963.1,22116
22137,SLC25A30,22117
22138,SLC25A30-AS1,22118
22139,COG3,22119
22140,ERICH6B,22120
22141,LINC01055,22121
22142,SPERT,22122
22143,SIAH3,22123
22144,ZC3H13,22124
22145,CPB2-AS1,22125
22146,CPB2,22126
22147,LCP1,22127
22148,LRRC63,22128
22149,LINC00563,22129
22150,RUBCNL,22130
22151,LINC01198,22131
22152,AL138686.1,22132
22153,LRCH1,22133
22154,ESD,22134
22155,HTR2A,22135
22156,HTR2A-AS1,22136
22157,SUCLA2,22137
22158,AL138962.1,22138
22159,LINC00562,22139
22160,SUCLA2-AS1,22140
22161,NUDT15,22141
22162,AL158196.1,22142
22163,MED4,22143
22164,MED4-AS1,22144
22165,ITM2B,22145
22166,RB1-DT,22146
22167,RB1,22147
22168,AL392048.1,22148
22169,LPAR6,22149
22170,RCBTB2,22150
22171,LINC01077,22151
22172,LINC00462,22152
22173,CYSLTR2,22153
22174,AL161421.1,22154
22175,FNDC3A,22155
22176,MLNR,22156
22177,CDADC1,22157
22178,CAB39L,22158
22179,SETDB2,22159
22180,PHF11,22160
22181,RCBTB1,22161
22182,ARL11,22162
22183,EBPL,22163
22184,KPNA3,22164
22185,AL136301.1,22165
22186,SPRYD7,22166
22187,DLEU2,22167
22188,TRIM13,22168
22189,KCNRG,22169
22190,DLEU1-AS1,22170
22191,DLEU7,22171
22192,DLEU7-AS1,22172
22193,RNASEH2B-AS1,22173
22194,RNASEH2B,22174
22195,C13orf42,22175
22196,AL157817.1,22176
22197,FAM124A,22177
22198,SERPINE3,22178
22199,INTS6,22179
22200,INTS6-AS1,22180
22201,WDFY2,22181
22202,AL162377.3,22182
22203,DHRS12,22183
22204,AL162377.1,22184
22205,TMEM272,22185
22206,CCDC70,22186
22207,ATP7B,22187
22208,ALG11,22188
22209,UTP14C,22189
22210,NEK5,22190
22211,AL139082.1,22191
22212,NEK3,22192
22213,LINC02333,22193
22214,THSD1,22194
22215,VPS36,22195
22216,AL359513.1,22196
22217,CKAP2,22197
22218,LINC00345,22198
22219,AL137058.1,22199
22220,HNRNPA1L2,22200
22221,AL139089.1,22201
22222,SUGT1,22202
22223,CNMD,22203
22224,PCDH8,22204
22225,OLFM4,22205
22226,LINC01065,22206
22227,AL136359.1,22207
22228,AL450423.1,22208
22229,LINC00558,22209
22230,LINC00458,22210
22231,AL390964.1,22211
22232,LINC02335,22212
22233,AL354821.1,22213
22234,PRR20A,22214
22235,PRR20C,22215
22236,PRR20B,22216
22237,PRR20D,22217
22238,PRR20E,22218
22239,PCDH17,22219
22240,AL445288.1,22220
22241,LINC02338,22221
22242,LINC00374,22222
22243,DIAPH3,22223
22244,DIAPH3-AS1,22224
22245,DIAPH3-AS2,22225
22246,LINC00434,22226
22247,TDRD3,22227
22248,LINC00378,22228
22249,LINC01442,22229
22250,PCDH20,22230
22251,AL592490.1,22231
22252,LINC02339,22232
22253,LINC00358,22233
22254,LINC01075,22234
22255,LINC01074,22235
22256,LINC00459,22236
22257,LINC00448,22237
22258,AL354810.1,22238
22259,LINC00376,22239
22260,LINC00395,22240
22261,AL445989.1,22241
22262,LINC00355,22242
22263,LINC01052,22243
22264,PCDH9,22244
22265,PCDH9-AS1,22245
22266,PCDH9-AS2,22246
22267,PCDH9-AS3,22247
22268,PCDH9-AS4,22248
22269,LINC00364,22249
22270,LINC00550,22250
22271,LINC02342,22251
22272,LINC00383,22252
22273,AL355478.1,22253
22274,KLHL1,22254
22275,ATXN8OS,22255
22276,LINC00348,22256
22277,DACH1,22257
22278,MZT1,22258
22279,BORA,22259
22280,DIS3,22260
22281,PIBF1,22261
22282,KLF5,22262
22283,LINC00393,22263
22284,LINC00392,22264
22285,KLF12,22265
22286,LINC00402,22266
22287,AL355390.1,22267
22288,LINC00381,22268
22289,AL355390.2,22269
22290,LINC00347,22270
22291,LINC01078,22271
22292,TBC1D4,22272
22293,AL139230.1,22273
22294,COMMD6,22274
22295,UCHL3,22275
22296,LMO7-AS1,22276
22297,LMO7,22277
22298,LMO7DN,22278
22299,LINC00561,22279
22300,LINC01034,22280
22301,AL365394.1,22281
22302,KCTD12,22282
22303,AC000403.1,22283
22304,ACOD1,22284
22305,CLN5,22285
22306,AC001226.2,22286
22307,FBXL3,22287
22308,AC001226.1,22288
22309,MYCBP2,22289
22310,SCEL,22290
22311,SCEL-AS1,22291
22312,SLAIN1,22292
22313,EDNRB-AS1,22293
22314,EDNRB,22294
22315,RNF219-AS1,22295
22316,AL139002.1,22296
22317,LINC01069,22297
22318,LINC00446,22298
22319,AL138957.1,22299
22320,AL445209.1,22300
22321,POU4F1,22301
22322,RNF219,22302
22323,LINC00331,22303
22324,RBM26,22304
22325,RBM26-AS1,22305
22326,NDFIP2-AS1,22306
22327,NDFIP2,22307
22328,LINC01068,22308
22329,LINC01038,22309
22330,LINC00382,22310
22331,LINC01080,22311
22332,SPRY2,22312
22333,LINC00377,22313
22334,LINC00564,22314
22335,AL353633.1,22315
22336,SLITRK1,22316
22337,LINC00333,22317
22338,LINC00375,22318
22339,LINC00351,22319
22340,SLITRK6,22320
22341,AL354994.1,22321
22342,LINC00430,22322
22343,AL360267.1,22323
22344,MIR4500HG,22324
22345,AL355578.1,22325
22346,SLITRK5,22326
22347,LINC00397,22327
22348,AL445647.1,22328
22349,AL354896.1,22329
22350,LINC00433,22330
22351,LINC00560,22331
22352,LINC01047,22332
22353,LINC00440,22333
22354,LINC01040,22334
22355,LINC00353,22335
22356,LINC02336,22336
22357,LINC00559,22337
22358,LINC01049,22338
22359,LINC00410,22339
22360,LINC00380,22340
22361,LINC00379,22341
22362,GPC5,22342
22363,GPC5-AS2,22343
22364,GPC5-AS1,22344
22365,LINC00363,22345
22366,AL354811.1,22346
22367,GPC6,22347
22368,GPC6-AS2,22348
22369,GPC6-AS1,22349
22370,DCT,22350
22371,TGDS,22351
22372,GPR180,22352
22373,LINC00391,22353
22374,SOX21,22354
22375,SOX21-AS1,22355
22376,LINC00557,22356
22377,ABCC4,22357
22378,CLDN10,22358
22379,CLDN10-AS1,22359
22380,DZIP1,22360
22381,DNAJC3-DT,22361
22382,DNAJC3,22362
22383,UGGT2,22363
22384,HS6ST3,22364
22385,AL353581.1,22365
22386,OXGR1,22366
22387,LINC00456,22367
22388,MBNL2,22368
22389,RAP2A,22369
22390,AL359502.1,22370
22391,AL356580.1,22371
22392,IPO5,22372
22393,FARP1,22373
22394,RNF113B,22374
22395,AL161896.1,22375
22396,FARP1-AS1,22376
22397,STK24,22377
22398,STK24-AS1,22378
22399,SLC15A1,22379
22400,DOCK9,22380
22401,DOCK9-AS1,22381
22402,DOCK9-DT,22382
22403,UBAC2-AS1,22383
22404,UBAC2,22384
22405,GPR18,22385
22406,GPR183,22386
22407,AL136961.1,22387
22408,TM9SF2,22388
22409,AL139035.1,22389
22410,LINC00449,22390
22411,LINC01039,22391
22412,CLYBL,22392
22413,CLYBL-AS2,22393
22414,CLYBL-AS1,22394
22415,ZIC5,22395
22416,ZIC2,22396
22417,LINC00554,22397
22418,AL355338.1,22398
22419,PCCA,22399
22420,PCCA-AS1,22400
22421,GGACT,22401
22422,AL136526.1,22402
22423,TMTC4,22403
22424,NALCN-AS1,22404
22425,LINC00411,22405
22426,NALCN,22406
22427,ITGBL1,22407
22428,FGF14,22408
22429,AL160153.1,22409
22430,FGF14-AS1,22410
22431,FGF14-AS2,22411
22432,LINC00555,22412
22433,AL158063.1,22413
22434,TPP2,22414
22435,METTL21C,22415
22436,CCDC168,22416
22437,LINC00283,22417
22438,TEX30,22418
22439,KDELC1,22419
22440,BIVM,22420
22441,BIVM-ERCC5,22421
22442,ERCC5,22422
22443,AL137246.1,22423
22444,AL137246.2,22424
22445,SLC10A2,22425
22446,LINC01309,22426
22447,DAOA-AS1,22427
22448,DAOA,22428
22449,AL359745.1,22429
22450,LINC00460,22430
22451,EFNB2,22431
22452,AL138689.2,22432
22453,ARGLU1,22433
22454,LINC00551,22434
22455,LINC00443,22435
22456,AL162574.2,22436
22457,AL162574.1,22437
22458,FAM155A,22438
22459,AL136964.1,22439
22460,LIG4,22440
22461,ABHD13,22441
22462,TNFSF13B,22442
22463,AL138694.1,22443
22464,MYO16,22444
22465,MYO16-AS2,22445
22466,MYO16-AS1,22446
22467,AL161431.1,22447
22468,LINC00370,22448
22469,LINC01067,22449
22470,LINC00399,22450
22471,LINC00676,22451
22472,IRS2,22452
22473,AL162497.1,22453
22474,AL355810.1,22454
22475,AL355974.1,22455
22476,AL355974.2,22456
22477,AL355974.3,22457
22478,LINC00396,22458
22479,COL4A1,22459
22480,COL4A2,22460
22481,COL4A2-AS2,22461
22482,COL4A2-AS1,22462
22483,RAB20,22463
22484,AL139385.1,22464
22485,NAXD,22465
22486,CARS2,22466
22487,ING1,22467
22488,LINC00567,22468
22489,LINC00346,22469
22490,ANKRD10,22470
22491,AL442128.2,22471
22492,LINC00368,22472
22493,ARHGEF7-AS2,22473
22494,ARHGEF7,22474
22495,ARHGEF7-AS1,22475
22496,TEX29,22476
22497,AL359649.1,22477
22498,LINC02337,22478
22499,LINC00354,22479
22500,SOX1,22480
22501,AL356961.1,22481
22502,LINC00404,22482
22503,SOX1-OT,22483
22504,LINC01070,22484
22505,LINC01043,22485
22506,LINC01044,22486
22507,SPACA7,22487
22508,TUBGCP3,22488
22509,AL139384.2,22489
22510,ATP11AUN,22490
22511,AL139384.1,22491
22512,ATP11A,22492
22513,ATP11A-AS1,22493
22514,MCF2L,22494
22515,AL356740.1,22495
22516,MCF2L-AS1,22496
22517,F7,22497
22518,F10,22498
22519,F10-AS1,22499
22520,AL137002.2,22500
22521,PROZ,22501
22522,AL137002.1,22502
22523,PCID2,22503
22524,CUL4A,22504
22525,LAMP1,22505
22526,GRTP1,22506
22527,GRTP1-AS1,22507
22528,ADPRHL1,22508
22529,DCUN1D2,22509
22530,DCUN1D2-AS,22510
22531,TMCO3,22511
22532,TFDP1,22512
22533,ATP4B,22513
22534,GRK1,22514
22535,TMEM255B,22515
22536,GAS6-AS1,22516
22537,GAS6,22517
22538,GAS6-DT,22518
22539,BX072579.1,22519
22540,LINC00454,22520
22541,BX072579.2,22521
22542,LINC00452,22522
22543,LINC00565,22523
22544,C13orf46,22524
22545,RASA3,22525
22546,CFAP97D2,22526
22547,AL160396.1,22527
22548,CDC16,22528
22549,UPF3A,22529
22550,CHAMP1,22530
22551,LINC01054,22531
22552,CR383656.10,22532
22553,OR11H12,22533
22554,LINC02297,22534
22555,CR383656.12,22535
22556,AL929601.1,22536
22557,AL929601.2,22537
22558,POTEM,22538
22559,AL929601.3,22539
22560,AL589182.1,22540
22561,AL589743.5,22541
22562,AL589743.2,22542
22563,LINC01297,22543
22564,POTEG,22544
22565,AL512624.2,22545
22566,AL512310.10,22546
22567,AL512310.9,22547
22568,AL512310.2,22548
22569,OR11H2,22549
22570,OR4N2,22550
22571,OR4Q3,22551
22572,OR4M1,22552
22573,OR4K2,22553
22574,OR4K5,22554
22575,OR4K1,22555
22576,OR4K15,22556
22577,OR4K14,22557
22578,OR4K13,22558
22579,OR4L1,22559
22580,OR4K17,22560
22581,OR4N5,22561
22582,OR11G2,22562
22583,OR11H6,22563
22584,OR11H4,22564
22585,TTC5,22565
22586,AL356019.2,22566
22587,AL356019.1,22567
22588,CCNB1IP1,22568
22589,AL355075.4,22569
22590,PARP2,22570
22591,AL355075.1,22571
22592,TEP1,22572
22593,KLHL33,22573
22594,OSGEP,22574
22595,AL355075.2,22575
22596,APEX1,22576
22597,PIP4P1,22577
22598,PNP,22578
22599,AL355075.3,22579
22600,RNASE10,22580
22601,RNASE9,22581
22602,AL163195.3,22582
22603,RNASE11,22583
22604,AL163195.2,22584
22605,RNASE12,22585
22606,OR6S1,22586
22607,RNASE4,22587
22608,ANG,22588
22609,AL163636.2,22589
22610,AL163636.1,22590
22611,EDDM3A,22591
22612,EDDM3B,22592
22613,RNASE6,22593
22614,AL133371.2,22594
22615,RNASE1,22595
22616,AL133371.3,22596
22617,AL133371.1,22597
22618,RNASE3,22598
22619,AL355922.5,22599
22620,AL355922.4,22600
22621,AL355922.1,22601
22622,RNASE2,22602
22623,METTL17,22603
22624,AL355922.2,22604
22625,SLC39A2,22605
22626,NDRG2,22606
22627,TPPP2,22607
22628,AL161668.3,22608
22629,AL161668.2,22609
22630,RNASE13,22610
22631,RNASE7,22611
22632,RNASE8,22612
22633,ARHGEF40,22613
22634,ZNF219,22614
22635,TMEM253,22615
22636,AL161668.1,22616
22637,OR5AU1,22617
22638,HNRNPC,22618
22639,RPGRIP1,22619
22640,SUPT16H,22620
22641,AL135744.1,22621
22642,CHD8,22622
22643,RAB2B,22623
22644,TOX4,22624
22645,METTL3,22625
22646,SALL2,22626
22647,AL161747.2,22627
22648,OR10G3,22628
22649,TRAV1-1,22629
22650,OR10G2,22630
22651,TRAV1-2,22631
22652,OR4E2,22632
22653,OR4E1,22633
22654,TRAV2,22634
22655,AC243972.1,22635
22656,TRAV3,22636
22657,TRAV4,22637
22658,TRAV5,22638
22659,TRAV6,22639
22660,TRAV7,22640
22661,TRAV8-1,22641
22662,TRAV9-1,22642
22663,TRAV10,22643
22664,TRAV11,22644
22665,TRAV12-1,22645
22666,TRAV8-2,22646
22667,TRAV8-3,22647
22668,TRAV13-1,22648
22669,TRAV12-2,22649
22670,TRAV8-4,22650
22671,TRAV8-5,22651
22672,TRAV13-2,22652
22673,TRAV14DV4,22653
22674,TRAV9-2,22654
22675,TRAV15,22655
22676,TRAV12-3,22656
22677,TRAV8-6,22657
22678,TRAV16,22658
22679,TRAV17,22659
22680,TRAV18,22660
22681,TRAV19,22661
22682,TRAV20,22662
22683,TRAV21,22663
22684,TRAV22,22664
22685,TRAV23DV6,22665
22686,TRDV1,22666
22687,TRAV24,22667
22688,TRAV25,22668
22689,TRAV26-1,22669
22690,TRAV8-7,22670
22691,TRAV27,22671
22692,TRAV28,22672
22693,TRAV29DV5,22673
22694,TRAV30,22674
22695,TRAV31,22675
22696,TRAV32,22676
22697,TRAV33,22677
22698,TRAV26-2,22678
22699,TRAV34,22679
22700,TRAV35,22680
22701,TRAV36DV7,22681
22702,TRAV37,22682
22703,TRAV38-1,22683
22704,TRAV38-2DV8,22684
22705,TRAV39,22685
22706,TRAV40,22686
22707,TRAV41,22687
22708,AC244502.3,22688
22709,TRDV2,22689
22710,TRDD1,22690
22711,TRDD2,22691
22712,TRDD3,22692
22713,TRDJ1,22693
22714,TRDJ4,22694
22715,TRDJ2,22695
22716,TRDJ3,22696
22717,TRDC,22697
22718,TRDV3,22698
22719,TRAJ61,22699
22720,TRAJ60,22700
22721,TRAJ59,22701
22722,TRAJ58,22702
22723,TRAJ57,22703
22724,TRAJ56,22704
22725,TRAJ55,22705
22726,TRAJ54,22706
22727,TRAJ53,22707
22728,TRAJ52,22708
22729,TRAJ51,22709
22730,TRAJ50,22710
22731,TRAJ49,22711
22732,TRAJ48,22712
22733,TRAJ47,22713
22734,TRAJ46,22714
22735,TRAJ45,22715
22736,TRAJ44,22716
22737,TRAJ43,22717
22738,TRAJ42,22718
22739,TRAJ41,22719
22740,TRAJ40,22720
22741,TRAJ39,22721
22742,TRAJ38,22722
22743,TRAJ37,22723
22744,TRAJ36,22724
22745,TRAJ35,22725
22746,TRAJ34,22726
22747,TRAJ33,22727
22748,TRAJ32,22728
22749,TRAJ31,22729
22750,TRAJ30,22730
22751,TRAJ29,22731
22752,TRAJ28,22732
22753,TRAJ27,22733
22754,TRAJ26,22734
22755,TRAJ25,22735
22756,TRAJ24,22736
22757,TRAJ23,22737
22758,TRAJ22,22738
22759,TRAJ21,22739
22760,TRAJ20,22740
22761,TRAJ19,22741
22762,TRAJ18,22742
22763,TRAJ17,22743
22764,TRAJ16,22744
22765,TRAJ14,22745
22766,TRAJ13,22746
22767,TRAJ12,22747
22768,TRAJ11,22748
22769,TRAJ10,22749
22770,TRAJ9,22750
22771,TRAJ8,22751
22772,TRAJ7,22752
22773,TRAJ6,22753
22774,TRAJ5,22754
22775,TRAJ4,22755
22776,TRAJ3,22756
22777,TRAJ2,22757
22778,TRAJ1,22758
22779,TRAC,22759
22780,LINC02332,22760
22781,AC243965.1,22761
22782,DAD1,22762
22783,AC243965.2,22763
22784,ABHD4,22764
22785,OR6J1,22765
22786,OXA1L,22766
22787,SLC7A7,22767
22788,MRPL52,22768
22789,MMP14,22769
22790,LRP10,22770
22791,REM2,22771
22792,RBM23,22772
22793,PRMT5-AS1,22773
22794,PRMT5,22774
22795,AL132780.1,22775
22796,HAUS4,22776
22797,AL132780.3,22777
22798,AJUBA,22778
22799,AL132780.2,22779
22800,C14orf93,22780
22801,PSMB5,22781
22802,PSMB11,22782
22803,CDH24,22783
22804,ACIN1,22784
22805,C14orf119,22785
22806,LMLN2,22786
22807,CEBPE,22787
22808,SLC7A8,22788
22809,RNF212B,22789
22810,HOMEZ,22790
22811,PPP1R3E,22791
22812,BCL2L2,22792
22813,BCL2L2-PABPN1,22793
22814,PABPN1,22794
22815,SLC22A17,22795
22816,EFS,22796
22817,AL049829.2,22797
22818,IL25,22798
22819,CMTM5,22799
22820,MYH6,22800
22821,MYH7,22801
22822,AL132855.1,22802
22823,NGDN,22803
22824,ZFHX2,22804
22825,AL135999.2,22805
22826,THTPA,22806
22827,AP1G2,22807
22828,AL135999.1,22808
22829,JPH4,22809
22830,AL135999.3,22810
22831,DHRS2,22811
22832,LINC00596,22812
22833,DHRS4-AS1,22813
22834,DHRS4,22814
22835,DHRS4L2,22815
22836,CARMIL3,22816
22837,CPNE6,22817
22838,NRL,22818
22839,PCK2,22819
22840,DCAF11,22820
22841,AL136295.3,22821
22842,FITM1,22822
22843,PSME1,22823
22844,EMC9,22824
22845,AL136295.2,22825
22846,PSME2,22826
22847,RNF31,22827
22848,AL136295.5,22828
22849,IRF9,22829
22850,REC8,22830
22851,IPO4,22831
22852,AL136295.4,22832
22853,TM9SF1,22833
22854,AL136295.1,22834
22855,AL136295.6,22835
22856,TSSK4,22836
22857,CHMP4A,22837
22858,MDP1,22838
22859,NEDD8-MDP1,22839
22860,NEDD8,22840
22861,GMPR2,22841
22862,TINF2,22842
22863,TGM1,22843
22864,RABGGTA,22844
22865,DHRS1,22845
22866,NOP9,22846
22867,CIDEB,22847
22868,LTB4R2,22848
22869,LTB4R,22849
22870,ADCY4,22850
22871,AL096870.1,22851
22872,RIPK3,22852
22873,NFATC4,22853
22874,NYNRIN,22854
22875,CBLN3,22855
22876,KHNYN,22856
22877,SDR39U1,22857
22878,AL132800.1,22858
22879,CMA1,22859
22880,CTSG,22860
22881,AL136018.1,22861
22882,GZMH,22862
22883,GZMB,22863
22884,STXBP6,22864
22885,LINC02286,22865
22886,LINC02306,22866
22887,NOVA1,22867
22888,LINC02588,22868
22889,LINC02294,22869
22890,LINC02293,22870
22891,AL110292.1,22871
22892,MIR4307HG,22872
22893,LINC00645,22873
22894,AL139023.1,22874
22895,LINC02300,22875
22896,FOXG1-AS1,22876
22897,FOXG1,22877
22898,LINC01551,22878
22899,LINC02282,22879
22900,LINC02281,22880
22901,AL049777.1,22881
22902,LINC02327,22882
22903,AL138974.1,22883
22904,LINC02326,22884
22905,AL158058.1,22885
22906,PRKD1,22886
22907,AL356756.1,22887
22908,AL133372.3,22888
22909,AL133372.2,22889
22910,G2E3-AS1,22890
22911,G2E3,22891
22912,SCFD1,22892
22913,AL121852.1,22893
22914,COCH,22894
22915,AL049830.3,22895
22916,STRN3,22896
22917,AP4S1,22897
22918,HECTD1,22898
22919,AL136418.1,22899
22920,HEATR5A,22900
22921,AL139353.1,22901
22922,AL139353.2,22902
22923,DTD2,22903
22924,GPR33,22904
22925,NUBPL,22905
22926,AL163973.3,22906
22927,AL163973.2,22907
22928,AL355112.1,22908
22929,LINC02313,22909
22930,AL352984.1,22910
22931,ARHGAP5-AS1,22911
22932,ARHGAP5,22912
22933,AKAP6,22913
22934,AL136298.1,22914
22935,NPAS3,22915
22936,EGLN3,22916
22937,EGLN3-AS1,22917
22938,SPTSSA,22918
22939,EAPP,22919
22940,AL445363.1,22920
22941,AL445363.2,22921
22942,SNX6,22922
22943,CFL2,22923
22944,BAZ1A,22924
22945,AL121603.2,22925
22946,SRP54,22926
22947,FAM177A1,22927
22948,PPP2R3C,22928
22949,KIAA0391,22929
22950,AL121594.1,22930
22951,PSMA6,22931
22952,AL133163.2,22932
22953,NFKBIA,22933
22954,AL133163.3,22934
22955,INSM2,22935
22956,RALGAPA1,22936
22957,AL162311.3,22937
22958,BRMS1L,22938
22959,AL162311.1,22939
22960,AL133304.1,22940
22961,AL133304.2,22941
22962,LINC00609,22942
22963,PTCSC3,22943
22964,AL162511.1,22944
22965,MBIP,22945
22966,SFTA3,22946
22967,NKX2-1,22947
22968,NKX2-1-AS1,22948
22969,NKX2-8,22949
22970,AL079303.1,22950
22971,PAX9,22951
22972,SLC25A21,22952
22973,AL162464.2,22953
22974,AL162464.1,22954
22975,SLC25A21-AS1,22955
22976,MIPOL1,22956
22977,AL121790.2,22957
22978,AL121790.1,22958
22979,FOXA1,22959
22980,TTC6,22960
22981,LINC00517,22961
22982,AL359233.1,22962
22983,AL392023.2,22963
22984,AL392023.1,22964
22985,SSTR1,22965
22986,CLEC14A,22966
22987,AL161751.1,22967
22988,LINC00639,22968
22989,SEC23A,22969
22990,SEC23A-AS1,22970
22991,GEMIN2,22971
22992,TRAPPC6B,22972
22993,AL132639.3,22973
22994,PNN,22974
22995,MIA2,22975
22996,AL132639.2,22976
22997,FBXO33,22977
22998,AL049875.1,22978
22999,AL352977.1,22979
23000,AL352977.2,22980
23001,LINC02315,22981
23002,AL121821.1,22982
23003,LRFN5,22983
23004,AL445074.1,22984
23005,AL450442.1,22985
23006,LINC02307,22986
23007,AL161752.1,22987
23008,LINC02277,22988
23009,FSCB,22989
23010,AL356022.1,22990
23011,LINC02302,22991
23012,AL049870.2,22992
23013,C14orf28,22993
23014,AL049870.3,22994
23015,KLHL28,22995
23016,TOGARAM1,22996
23017,AL121809.2,22997
23018,AL121809.1,22998
23019,PRPF39,22999
23020,FKBP3,23000
23021,FANCM,23001
23022,MIS18BP1,23002
23023,AL162632.3,23003
23024,AL162632.1,23004
23025,AL139354.1,23005
23026,LINC02303,23006
23027,LINC00871,23007
23028,RPL10L,23008
23029,MDGA2,23009
23030,LINC00648,23010
23031,AL358335.2,23011
23032,AL110505.1,23012
23033,RPS29,23013
23034,LRR1,23014
23035,RPL36AL,23015
23036,MGAT2,23016
23037,AL139099.1,23017
23038,DNAAF2,23018
23039,POLE2,23019
23040,KLHDC1,23020
23041,AL591767.1,23021
23042,KLHDC2,23022
23043,NEMF,23023
23044,AL627171.2,23024
23045,AL627171.1,23025
23046,ARF6,23026
23047,LINC01588,23027
23048,VCPKMT,23028
23049,SOS2,23029
23050,L2HGDH,23030
23051,ATP5S,23031
23052,AL359397.2,23032
23053,CDKL1,23033
23054,AL359397.1,23034
23055,MAP4K5,23035
23056,AL118556.1,23036
23057,ATL1,23037
23058,SAV1,23038
23059,NIN,23039
23060,AL133485.1,23040
23061,AL358334.1,23041
23062,PYGL,23042
23063,ABHD12B,23043
23064,AL358334.3,23044
23065,AL358334.2,23045
23066,TRIM9,23046
23067,AL591770.1,23047
23068,TMX1,23048
23069,LINC00519,23049
23070,LINC00640,23050
23071,AL358332.1,23051
23072,LINC02310,23052
23073,FRMD6-AS2,23053
23074,FRMD6,23054
23075,AL122125.1,23055
23076,FRMD6-AS1,23056
23077,AL079307.2,23057
23078,GNG2,23058
23079,AL358333.2,23059
23080,AL358333.3,23060
23081,AL358333.1,23061
23082,RTRAF,23062
23083,NID2,23063
23084,LINC02319,23064
23085,PTGDR,23065
23086,PTGER2,23066
23087,TXNDC16,23067
23088,GPR137C,23068
23089,ERO1A,23069
23090,AL133453.1,23070
23091,PSMC6,23071
23092,STYX,23072
23093,GNPNAT1,23073
23094,AL139317.3,23074
23095,AL139317.1,23075
23096,FERMT2,23076
23097,DDHD1,23077
23098,AL352979.2,23078
23099,AL356020.1,23079
23100,AL163953.1,23080
23101,LINC02331,23081
23102,BMP4,23082
23103,CDKN3,23083
23104,CNIH1,23084
23105,AL359792.1,23085
23106,GMFB,23086
23107,CGRRF1,23087
23108,SAMD4A,23088
23109,GCH1,23089
23110,WDHD1,23090
23111,SOCS4,23091
23112,MAPK1IP1L,23092
23113,LGALS3,23093
23114,DLGAP5,23094
23115,AL139316.1,23095
23116,AL158801.2,23096
23117,FBXO34,23097
23118,AL158801.3,23098
23119,ATG14,23099
23120,TBPL2,23100
23121,KTN1-AS1,23101
23122,KTN1,23102
23123,AL355773.1,23103
23124,LINC00520,23104
23125,AL138995.1,23105
23126,PELI2,23106
23127,AL355073.1,23107
23128,AL355073.2,23108
23129,LINC02284,23109
23130,TMEM260,23110
23131,AL355103.1,23111
23132,AL161757.2,23112
23133,AL161757.5,23113
23134,AL161757.3,23114
23135,OTX2,23115
23136,OTX2-AS1,23116
23137,AL161757.4,23117
23138,AL391152.1,23118
23139,EXOC5,23119
23140,AP5M1,23120
23141,AL355834.1,23121
23142,NAA30,23122
23143,CCDC198,23123
23144,SLC35F4,23124
23145,AL161804.1,23125
23146,ARMH4,23126
23147,ACTR10,23127
23148,PSMA3,23128
23149,PSMA3-AS1,23129
23150,AL132989.2,23130
23151,ARID4A,23131
23152,AL139021.2,23132
23153,TOMM20L,23133
23154,AL139021.1,23134
23155,TIMM9,23135
23156,KIAA0586,23136
23157,DACT1,23137
23158,LINC01500,23138
23159,DAAM1,23139
23160,GPR135,23140
23161,L3HYPDH,23141
23162,JKAMP,23142
23163,CCDC175,23143
23164,RTN1,23144
23165,AL133299.1,23145
23166,LRRC9,23146
23167,AL157911.1,23147
23168,PCNX4,23148
23169,DHRS7,23149
23170,AL157756.1,23150
23171,PPM1A,23151
23172,LINC02322,23152
23173,C14orf39,23153
23174,SIX6,23154
23175,AL049874.3,23155
23176,SALRNA1,23156
23177,SIX1,23157
23178,SIX4,23158
23179,MNAT1,23159
23180,TRMT5,23160
23181,SLC38A6,23161
23182,PRKCH,23162
23183,TMEM30B,23163
23184,AL359220.1,23164
23185,AL355916.3,23165
23186,AL355916.2,23166
23187,LINC01303,23167
23188,AL355916.1,23168
23189,HIF1A-AS1,23169
23190,HIF1A,23170
23191,HIF1A-AS2,23171
23192,SNAPC1,23172
23193,SYT16,23173
23194,AL390816.1,23174
23195,AL390816.2,23175
23196,LINC00644,23176
23197,KCNH5,23177
23198,AL137191.1,23178
23199,RHOJ,23179
23200,AL049871.1,23180
23201,GPHB5,23181
23202,PPP2R5E,23182
23203,AL136038.3,23183
23204,WDR89,23184
23205,AL136038.2,23185
23206,AL136038.5,23186
23207,SGPP1,23187
23208,SYNE2,23188
23209,ESR2,23189
23210,AL161756.1,23190
23211,AL161756.3,23191
23212,MTHFD1,23192
23213,AL122035.1,23193
23214,AL122035.2,23194
23215,ZBTB25,23195
23216,AKAP5,23196
23217,ZBTB1,23197
23218,AL049869.3,23198
23219,HSPA2,23199
23220,PPP1R36,23200
23221,AL049869.2,23201
23222,PLEKHG3,23202
23223,SPTB,23203
23224,CHURC1,23204
23225,CHURC1-FNTB,23205
23226,GPX2,23206
23227,RAB15,23207
23228,FNTB,23208
23229,AL139022.2,23209
23230,MAX,23210
23231,AL139022.1,23211
23232,LINC02324,23212
23233,AL355076.2,23213
23234,FUT8,23214
23235,FUT8-AS1,23215
23236,AL391261.2,23216
23237,LINC02290,23217
23238,AL359232.1,23218
23239,CCDC196,23219
23240,GPHN,23220
23241,AL049835.1,23221
23242,FAM71D,23222
23243,MPP5,23223
23244,ATP6V1D,23224
23245,EIF2S1,23225
23246,PLEK2,23226
23247,TMEM229B,23227
23248,PLEKHH1,23228
23249,PIGH,23229
23250,ARG2,23230
23251,VTI1B,23231
23252,AL049779.1,23232
23253,RDH11,23233
23254,RDH12,23234
23255,ZFYVE26,23235
23256,RAD51B,23236
23257,AL133370.1,23237
23258,AL121820.2,23238
23259,AL121820.1,23239
23260,ZFP36L1,23240
23261,ACTN1,23241
23262,ACTN1-AS1,23242
23263,DCAF5,23243
23264,AL391262.1,23244
23265,AL359317.2,23245
23266,EXD2,23246
23267,AL359317.1,23247
23268,GALNT16,23248
23269,ERH,23249
23270,SLC39A9,23250
23271,PLEKHD1,23251
23272,CCDC177,23252
23273,SUSD6,23253
23274,SRSF5,23254
23275,SLC10A1,23255
23276,SMOC1,23256
23277,SLC8A3,23257
23278,AL160191.1,23258
23279,AL356804.1,23259
23280,COX16,23260
23281,SYNJ2BP-COX16,23261
23282,SYNJ2BP,23262
23283,AL357153.2,23263
23284,ADAM21,23264
23285,ADAM20,23265
23286,MED6,23266
23287,AL357153.3,23267
23288,AL357153.1,23268
23289,TTC9,23269
23290,LINC01269,23270
23291,MAP3K9,23271
23292,AC004816.1,23272
23293,AC004816.2,23273
23294,AC004825.2,23274
23295,PCNX1,23275
23296,AC004817.3,23276
23297,AC004817.2,23277
23298,AC004817.1,23278
23299,AC004817.4,23279
23300,AC005476.2,23280
23301,SIPA1L1,23281
23302,AC005993.1,23282
23303,RGS6,23283
23304,AC004828.1,23284
23305,DPF3,23285
23306,DCAF4,23286
23307,ZFYVE1,23287
23308,AL442663.3,23288
23309,RBM25,23289
23310,PSEN1,23290
23311,PAPLN,23291
23312,AC004846.1,23292
23313,AC004846.2,23293
23314,NUMB,23294
23315,AC005280.2,23295
23316,HEATR4,23296
23317,RIOX1,23297
23318,AC005225.3,23298
23319,ACOT1,23299
23320,ACOT2,23300
23321,ACOT4,23301
23322,ACOT6,23302
23323,AC005225.2,23303
23324,DNAL1,23304
23325,AC006146.1,23305
23326,PNMA1,23306
23327,ELMSAN1,23307
23328,AC005520.2,23308
23329,LINC02274,23309
23330,PTGR2,23310
23331,AC005520.1,23311
23332,AC005520.5,23312
23333,ZNF410,23313
23334,AC005480.1,23314
23335,FAM161B,23315
23336,COQ6,23316
23337,ENTPD5,23317
23338,BBOF1,23318
23339,ALDH6A1,23319
23340,LIN52,23320
23341,VSX2,23321
23342,ABCD4,23322
23343,VRTN,23323
23344,SYNDIG1L,23324
23345,AC005479.2,23325
23346,AC005479.1,23326
23347,NPC2,23327
23348,ISCA2,23328
23349,LTBP2,23329
23350,AC013451.1,23330
23351,AC013451.2,23331
23352,AREL1,23332
23353,FCF1,23333
23354,YLPM1,23334
23355,PROX2,23335
23356,DLST,23336
23357,RPS6KL1,23337
23358,PGF,23338
23359,EIF2B2,23339
23360,AL049780.1,23340
23361,MLH3,23341
23362,ACYP1,23342
23363,ZC2HC1C,23343
23364,NEK9,23344
23365,AL049780.2,23345
23366,TMED10,23346
23367,AL691403.2,23347
23368,AL691403.1,23348
23369,AF111167.1,23349
23370,FOS,23350
23371,LINC01220,23351
23372,AF111167.2,23352
23373,JDP2,23353
23374,BATF,23354
23375,AC007182.1,23355
23376,FLVCR2,23356
23377,TTLL5,23357
23378,ERG28,23358
23379,AF107885.2,23359
23380,IFT43,23360
23381,TGFB3,23361
23382,TGFB3-AS1,23362
23383,AC016526.4,23363
23384,GPATCH2L,23364
23385,AC016526.1,23365
23386,ESRRB,23366
23387,AC008050.1,23367
23388,AC007376.2,23368
23389,VASH1,23369
23390,AF111169.3,23370
23391,AF111169.1,23371
23392,VASH1-AS1,23372
23393,ANGEL1,23373
23394,LRRC74A,23374
23395,AF111169.2,23375
23396,LINC01629,23376
23397,IRF2BPL,23377
23398,AC007686.3,23378
23399,LINC02288,23379
23400,AC007686.2,23380
23401,LINC02289,23381
23402,CIPC,23382
23403,AC007375.2,23383
23404,TMEM63C,23384
23405,ZDHHC22,23385
23406,AC007375.3,23386
23407,NGB,23387
23408,POMT2,23388
23409,GSTZ1,23389
23410,TMED8,23390
23411,SAMD15,23391
23412,NOXRED1,23392
23413,VIPAS39,23393
23414,AHSA1,23394
23415,ISM2,23395
23416,SPTLC2,23396
23417,ALKBH1,23397
23418,SLIRP,23398
23419,SNW1,23399
23420,C14orf178,23400
23421,ADCK1,23401
23422,NRXN3,23402
23423,AF099810.1,23403
23424,AC009396.2,23404
23425,AC009396.3,23405
23426,AC009396.1,23406
23427,AC026888.1,23407
23428,AC022469.2,23408
23429,AC008056.2,23409
23430,AC008056.1,23410
23431,AF123462.1,23411
23432,DIO2,23412
23433,DIO2-AS1,23413
23434,CEP128,23414
23435,TSHR,23415
23436,AC007262.2,23416
23437,GTF2A1,23417
23438,AL136040.1,23418
23439,STON2,23419
23440,LINC02308,23420
23441,SEL1L,23421
23442,LINC01467,23422
23443,LINC02311,23423
23444,AL355838.1,23424
23445,LINC02301,23425
23446,AL355095.1,23426
23447,AL359238.1,23427
23448,AL162872.1,23428
23449,LINC02305,23429
23450,AL357172.1,23430
23451,AL049775.2,23431
23452,LINC02329,23432
23453,LINC00911,23433
23454,AL049775.1,23434
23455,AL049775.3,23435
23456,FLRT2,23436
23457,LINC02328,23437
23458,LINC02316,23438
23459,LINC02309,23439
23460,LINC01148,23440
23461,AL358292.1,23441
23462,AL352955.1,23442
23463,AL157688.1,23443
23464,LINC02296,23444
23465,AL135746.1,23445
23466,LINC02330,23446
23467,AL359237.1,23447
23468,AL136501.1,23448
23469,GALC,23449
23470,GPR65,23450
23471,AL157955.1,23451
23472,AL157955.2,23452
23473,LINC01146,23453
23474,AL133279.2,23454
23475,AL133279.3,23455
23476,AL133279.1,23456
23477,KCNK10,23457
23478,SPATA7,23458
23479,PTPN21,23459
23480,AL162171.2,23460
23481,AL162171.1,23461
23482,ZC3H14,23462
23483,EML5,23463
23484,AL121768.1,23464
23485,TTC8,23465
23486,AL137785.1,23466
23487,FOXN3,23467
23488,AL138478.1,23468
23489,AL357093.2,23469
23490,AL357093.1,23470
23491,AL356805.1,23471
23492,FOXN3-AS1,23472
23493,FOXN3-AS2,23473
23494,AL137230.1,23474
23495,EFCAB11,23475
23496,TDP1,23476
23497,KCNK13,23477
23498,PSMC1,23478
23499,NRDE2,23479
23500,AL512791.2,23480
23501,CALM1,23481
23502,AL512791.1,23482
23503,LINC02317,23483
23504,LINC00642,23484
23505,AL096869.3,23485
23506,TTC7B,23486
23507,AL096869.1,23487
23508,AL096869.2,23488
23509,AL139193.1,23489
23510,AL139193.2,23490
23511,LINC02321,23491
23512,RPS6KA5,23492
23513,DGLUCY,23493
23514,GPR68,23494
23515,AL135818.2,23495
23516,CCDC88C,23496
23517,AL133153.2,23497
23518,PPP4R3A,23498
23519,CATSPERB,23499
23520,TC2N,23500
23521,FBLN5,23501
23522,TRIP11,23502
23523,ATXN3,23503
23524,NDUFB1,23504
23525,CPSF2,23505
23526,AL133240.1,23506
23527,SLC24A4,23507
23528,RIN3,23508
23529,LGMN,23509
23530,GOLGA5,23510
23531,AL117192.1,23511
23532,LINC02287,23512
23533,CHGA,23513
23534,ITPK1,23514
23535,ITPK1-AS1,23515
23536,MOAP1,23516
23537,TMEM251,23517
23538,AL110118.2,23518
23539,GON7,23519
23540,UBR7,23520
23541,BTBD7,23521
23542,UNC79,23522
23543,COX8C,23523
23544,PRIMA1,23524
23545,FAM181A-AS1,23525
23546,FAM181A,23526
23547,ASB2,23527
23548,AL132642.1,23528
23549,CCDC197,23529
23550,OTUB2,23530
23551,DDX24,23531
23552,IFI27L1,23532
23553,IFI27,23533
23554,IFI27L2,23534
23555,PPP4R4,23535
23556,SERPINA10,23536
23557,SERPINA6,23537
23558,SERPINA1,23538
23559,AL132708.1,23539
23560,SERPINA11,23540
23561,SERPINA9,23541
23562,SERPINA12,23542
23563,SERPINA4,23543
23564,SERPINA5,23544
23565,AL049839.2,23545
23566,SERPINA3,23546
23567,GSC,23547
23568,AL121612.1,23548
23569,LINC02279,23549
23570,AL390254.1,23550
23571,DICER1,23551
23572,DICER1-AS1,23552
23573,CLMN,23553
23574,LINC02292,23554
23575,SYNE3,23555
23576,AL133467.1,23556
23577,SNHG10,23557
23578,GLRX5,23558
23579,LINC02318,23559
23580,AL133467.2,23560
23581,AL133467.4,23561
23582,TCL1B,23562
23583,TCL1A,23563
23584,AL139020.1,23564
23585,AL133167.1,23565
23586,TUNAR,23566
23587,C14orf132,23567
23588,BDKRB2,23568
23589,AL355102.2,23569
23590,AL355102.5,23570
23591,BDKRB1,23571
23592,AL355102.4,23572
23593,AL355102.3,23573
23594,ATG2B,23574
23595,GSKIP,23575
23596,AK7,23576
23597,AL163051.1,23577
23598,PAPOLA,23578
23599,AL137786.1,23579
23600,LINC02299,23580
23601,VRK1,23581
23602,AL049833.2,23582
23603,AL049833.1,23583
23604,LINC02304,23584
23605,LINC02325,23585
23606,LINC02291,23586
23607,LINC02312,23587
23608,AL355097.1,23588
23609,LINC01550,23589
23610,AL163932.1,23590
23611,LINC02295,23591
23612,AL132719.1,23592
23613,C14orf177,23593
23614,AL132796.1,23594
23615,AL132796.2,23595
23616,AL162151.1,23596
23617,BCL11B,23597
23618,AL109767.1,23598
23619,AL132819.1,23599
23620,SETD3,23600
23621,CCNK,23601
23622,CCDC85C,23602
23623,AL110504.1,23603
23624,AL160313.1,23604
23625,HHIPL1,23605
23626,CYP46A1,23606
23627,AL160313.2,23607
23628,EML1,23608
23629,EVL,23609
23630,AL133368.2,23610
23631,AL157912.1,23611
23632,DEGS2,23612
23633,AL133523.1,23613
23634,YY1,23614
23635,SLC25A29,23615
23636,AL157871.1,23616
23637,SLC25A47,23617
23638,WARS,23618
23639,AL157871.4,23619
23640,AL157871.2,23620
23641,WDR25,23621
23642,BEGAIN,23622
23643,AL845552.2,23623
23644,LINC00523,23624
23645,AL132711.1,23625
23646,DLK1,23626
23647,MEG3,23627
23648,AL117190.2,23628
23649,AL117190.1,23629
23650,RTL1,23630
23651,MEG8,23631
23652,MIR381HG,23632
23653,MEG9,23633
23654,AL132709.1,23634
23655,LINC02285,23635
23656,AL359682.1,23636
23657,AL355096.1,23637
23658,LINC00524,23638
23659,LINC02314,23639
23660,AL049836.2,23640
23661,DIO3OS,23641
23662,DIO3,23642
23663,AL049836.1,23643
23664,LINC02320,23644
23665,LINC00239,23645
23666,PPP2R5C,23646
23667,AL137779.2,23647
23668,AL137779.1,23648
23669,AL118558.3,23649
23670,AL118558.4,23650
23671,DYNC1H1,23651
23672,HSP90AA1,23652
23673,WDR20,23653
23674,MOK,23654
23675,ZNF839,23655
23676,CINP,23656
23677,TECPR2,23657
23678,ANKRD9,23658
23679,LINC02323,23659
23680,RCOR1,23660
23681,AL132801.1,23661
23682,TRAF3,23662
23683,AMN,23663
23684,CDC42BPB,23664
23685,AL117209.1,23665
23686,LBHD2,23666
23687,EXOC3L4,23667
23688,LINC00677,23668
23689,TNFAIP2,23669
23690,LINC00605,23670
23691,AL161669.3,23671
23692,AL138976.2,23672
23693,EIF5,23673
23694,MARK3,23674
23695,CKB,23675
23696,AL133367.1,23676
23697,TRMT61A,23677
23698,AL139300.2,23678
23699,BAG5,23679
23700,KLC1,23680
23701,AL139300.1,23681
23702,APOPT1,23682
23703,AL049840.1,23683
23704,AL049840.2,23684
23705,XRCC3,23685
23706,ZFYVE21,23686
23707,PPP1R13B,23687
23708,LINC00637,23688
23709,AL132712.1,23689
23710,AL132712.2,23690
23711,ATP5MPL,23691
23712,TDRD9,23692
23713,RD3L,23693
23714,ASPG,23694
23715,AL359399.1,23695
23716,KIF26A,23696
23717,AL590079.1,23697
23718,AL512357.1,23698
23719,TMEM179,23699
23720,C14orf180,23700
23721,BX927359.1,23701
23722,AL583722.3,23702
23723,LINC02280,23703
23724,AL583722.1,23704
23725,INF2,23705
23726,AL583722.4,23706
23727,ADSSL1,23707
23728,SIVA1,23708
23729,AKT1,23709
23730,AL583722.2,23710
23731,ZBTB42,23711
23732,LINC00638,23712
23733,AL583810.2,23713
23734,AL583810.1,23714
23735,CEP170B,23715
23736,AL583810.3,23716
23737,PLD4,23717
23738,AHNAK2,23718
23739,CLBA1,23719
23740,CDCA4,23720
23741,GPR132,23721
23742,LINC02298,23722
23743,JAG2,23723
23744,NUDT14,23724
23745,BRF1,23725
23746,BTBD6,23726
23747,PACS2,23727
23748,TEX22,23728
23749,AL928654.1,23729
23750,MTA1,23730
23751,AL928654.2,23731
23752,CRIP2,23732
23753,CRIP1,23733
23754,AL928654.3,23734
23755,TEDC1,23735
23756,TMEM121,23736
23757,IGHA2,23737
23758,IGHE,23738
23759,IGHG4,23739
23760,IGHG2,23740
23761,AL928742.1,23741
23762,IGHGP,23742
23763,IGHA1,23743
23764,IGHEP1,23744
23765,IGHG1,23745
23766,IGHG3,23746
23767,IGHD,23747
23768,IGHM,23748
23769,IGHJ6,23749
23770,IGHJ3P,23750
23771,IGHJ5,23751
23772,IGHJ4,23752
23773,IGHJ3,23753
23774,IGHJ2P,23754
23775,IGHJ2,23755
23776,IGHJ1,23756
23777,IGHD7-27,23757
23778,IGHJ1P,23758
23779,IGHD1-26,23759
23780,IGHD6-25,23760
23781,IGHD5-24,23761
23782,IGHD4-23,23762
23783,IGHD3-22,23763
23784,IGHD2-21,23764
23785,AC246787.2,23765
23786,IGHD1-20,23766
23787,IGHD6-19,23767
23788,IGHD5-18,23768
23789,IGHD4-17,23769
23790,IGHD3-16,23770
23791,IGHD2-15,23771
23792,IGHD1-14,23772
23793,IGHD6-13,23773
23794,IGHD5-12,23774
23795,IGHD4-11,23775
23796,IGHD3-10,23776
23797,IGHD3-9,23777
23798,IGHD2-8,23778
23799,IGHD1-7,23779
23800,IGHD6-6,23780
23801,IGHD5-5,23781
23802,IGHD4-4,23782
23803,IGHD3-3,23783
23804,IGHD2-2,23784
23805,FAM30A,23785
23806,IGHD1-1,23786
23807,IGHV6-1,23787
23808,IGHVII-1-1,23788
23809,IGHV1-2,23789
23810,IGHVIII-2-1,23790
23811,IGHV1-3,23791
23812,IGHV4-4,23792
23813,IGHV7-4-1,23793
23814,IGHV2-5,23794
23815,IGHVIII-5-1,23795
23816,IGHVIII-5-2,23796
23817,IGHV3-6,23797
23818,IGHV3-7,23798
23819,IGHV3-64D,23799
23820,IGHV5-10-1,23800
23821,IGHV3-11,23801
23822,IGHVIII-11-1,23802
23823,IGHV1-12,23803
23824,IGHV3-13,23804
23825,IGHVIII-13-1,23805
23826,IGHV1-14,23806
23827,IGHV3-15,23807
23828,IGHVII-15-1,23808
23829,IGHV3-16,23809
23830,IGHVIII-16-1,23810
23831,IGHV1-17,23811
23832,IGHV1-18,23812
23833,IGHV3-19,23813
23834,AC247036.1,23814
23835,IGHV3-20,23815
23836,IGHV3-21,23816
23837,IGHV3-22,23817
23838,IGHVII-22-1,23818
23839,IGHVIII-22-2,23819
23840,IGHV3-23,23820
23841,IGHV1-24,23821
23842,LINC00226,23822
23843,IGHV3-25,23823
23844,IGHVIII-25-1,23824
23845,IGHV2-26,23825
23846,IGHVIII-26-1,23826
23847,IGHVII-26-2,23827
23848,IGHV7-27,23828
23849,IGHV4-28,23829
23850,IGHVII-28-1,23830
23851,IGHV3-32,23831
23852,IGHV3-30,23832
23853,IGHVII-30-1,23833
23854,IGHV3-30-2,23834
23855,IGHV4-31,23835
23856,IGHVII-30-21,23836
23857,IGHV3-29,23837
23858,IGHV3-33,23838
23859,IGHVII-33-1,23839
23860,IGHV3-33-2,23840
23861,IGHV4-34,23841
23862,IGHV7-34-1,23842
23863,IGHV3-35,23843
23864,IGHV3-36,23844
23865,IGHV3-37,23845
23866,IGHV3-38,23846
23867,IGHVIII-38-1,23847
23868,IGHV4-39,23848
23869,IGHV7-40,23849
23870,IGHVII-40-1,23850
23871,IGHV3-41,23851
23872,IGHV3-42,23852
23873,IGHV3-43,23853
23874,IGHVII-43-1,23854
23875,IGHVIII-44,23855
23876,AC244452.3,23856
23877,LINC00221,23857
23878,IGHVIV-44-1,23858
23879,IGHVII-44-2,23859
23880,IGHV1-45,23860
23881,IGHV1-46,23861
23882,IGHVII-46-1,23862
23883,IGHV3-47,23863
23884,IGHVIII-47-1,23864
23885,IGHV3-48,23865
23886,IGHV3-49,23866
23887,IGHVII-49-1,23867
23888,IGHV3-50,23868
23889,IGHV5-51,23869
23890,IGHVIII-51-1,23870
23891,IGHVII-51-2,23871
23892,IGHV3-52,23872
23893,IGHV3-53,23873
23894,IGHVII-53-1,23874
23895,IGHV3-54,23875
23896,IGHV4-55,23876
23897,IGHV7-56,23877
23898,IGHV3-57,23878
23899,IGHV1-58,23879
23900,IGHV4-59,23880
23901,IGHV3-60,23881
23902,IGHVII-60-1,23882
23903,IGHV4-61,23883
23904,IGHV3-62,23884
23905,IGHVII-62-1,23885
23906,IGHV3-63,23886
23907,IGHV3-64,23887
23908,IGHV3-65,23888
23909,IGHVII-65-1,23889
23910,IGHV3-66,23890
23911,IGHV1-67,23891
23912,IGHVII-67-1,23892
23913,IGHVIII-67-2,23893
23914,IGHVIII-67-3,23894
23915,IGHVIII-67-4,23895
23916,IGHV1-68,23896
23917,IGHV1-69,23897
23918,IGHV2-70D,23898
23919,IGHV3-69-1,23899
23920,IGHV1-69-2,23900
23921,IGHV1-69D,23901
23922,IGHV2-70,23902
23923,IGHV3-71,23903
23924,IGHV3-72,23904
23925,IGHV3-73,23905
23926,IGHV3-74,23906
23927,IGHVII-74-1,23907
23928,IGHV3-75,23908
23929,IGHV3-76,23909
23930,IGHVIII-76-1,23910
23931,IGHV5-78,23911
23932,IGHVII-78-1,23912
23933,IGHV3-79,23913
23934,IGHV4-80,23914
23935,IGHV7-81,23915
23936,IGHVIII-82,23916
23937,IGHV1OR15-9,23917
23938,IGHV1OR15-2,23918
23939,IGHV3OR15-7,23919
23940,IGHD5OR15-5A,23920
23941,IGHD4OR15-4A,23921
23942,IGHD3OR15-3A,23922
23943,IGHD2OR15-2A,23923
23944,IGHD1OR15-1A,23924
23945,AC087386.1,23925
23946,AC026495.1,23926
23947,GOLGA6L6,23927
23948,IGHV1OR15-6,23928
23949,AC023310.4,23929
23950,AC012414.5,23930
23951,AC012414.3,23931
23952,AC012414.4,23932
23953,POTEB2,23933
23954,LINC01193,23934
23955,IGHD5OR15-5B,23935
23956,IGHD4OR15-4B,23936
23957,IGHD3OR15-3B,23937
23958,IGHD2OR15-2B,23938
23959,IGHD1OR15-1B,23939
23960,AC126335.1,23940
23961,AC068446.2,23941
23962,AC060814.5,23942
23963,AC060814.4,23943
23964,AC060814.3,23944
23965,POTEB3,23945
23966,LINC02203,23946
23967,LINC02203,23946
23968,AC135068.1,23947
23969,AC135068.3,23948
23970,AC135068.7,23949
23971,AC135068.8,23950
23972,AC135068.9,23951
23973,AC135068.2,23952
23974,AC134981.1,23953
23975,POTEB,23954
23976,AC134980.2,23955
23977,AC134980.3,23956
23978,OR4M2,23957
23979,OR4N4,23958
23980,AC010760.1,23959
23981,IGHV1OR15-1,23960
23982,IGHV1OR15-3,23961
23983,IGHV4OR15-8,23962
23984,IGHV1OR15-4,23963
23985,GOLGA6L22,23964
23986,NIPA1,23965
23987,NIPA2,23966
23988,CYFIP1,23967
23989,TUBGCP5,23968
23990,GOLGA6L1,23969
23991,GOLGA8S,23970
23992,GOLGA6L2,23971
23993,MKRN3,23972
23994,AC126407.1,23973
23995,MAGEL2,23974
23996,NDN,23975
23997,AC021439.1,23976
23998,PWRN4,23977
23999,PWRN2,23978
24000,AC087463.1,23979
24001,AC087463.4,23980
24002,AC087463.2,23981
24003,AC087463.3,23982
24004,PWRN3,23983
24005,PWRN1,23984
24006,NPAP1,23985
24007,SNRPN,23986
24008,SNURF,23987
24009,AC124312.1,23988
24010,AC124312.2,23989
24011,PWAR6,23990
24012,AC124312.3,23991
24013,UBE3A,23992
24014,LINC02250,23993
24015,ATP10A,23994
24016,AC016266.1,23995
24017,LINC02346,23996
24018,AC100836.1,23997
24019,LINC00929,23998
24020,LINC02248,23999
24021,GABRB3,24000
24022,AC011196.1,24001
24023,GABRA5,24002
24024,GABRG3,24003
24025,GABRG3-AS1,24004
24026,AC104002.1,24005
24027,AC104002.3,24006
24028,AC021979.1,24007
24029,AC021979.2,24008
24030,OCA2,24009
24031,AC090696.1,24010
24032,HERC2,24011
24033,GOLGA8F,24012
24034,GOLGA8G,24013
24035,GOLGA8M,24014
24036,AC055876.5,24015
24037,GOLGA6L7,24016
24038,APBA2,24017
24039,AC127522.1,24018
24040,FAM189A1,24019
24041,NSMCE3,24020
24042,AC102941.1,24021
24043,AC022613.1,24022
24044,TJP1,24023
24045,AC022613.2,24024
24046,AC111152.2,24025
24047,GOLGA8J,24026
24048,GOLGA8T,24027
24049,AC120045.1,24028
24050,LINC02249,24029
24051,CHRFAM7A,24030
24052,GOLGA8R,24031
24053,AC026150.1,24032
24054,GOLGA8Q,24033
24055,GOLGA8H,24034
24056,AC026150.3,24035
24057,AC091057.3,24036
24058,AC091057.2,24037
24059,ARHGAP11B,24038
24060,AC091057.6,24039
24061,AC091057.4,24040
24062,FAN1,24041
24063,MTMR10,24042
24064,TRPM1,24043
24065,AC009562.1,24044
24066,LINC02352,24045
24067,AC012236.1,24046
24068,KLF13,24047
24069,OTUD7A,24048
24070,CHRNA7,24049
24071,AC139426.2,24050
24072,GOLGA8K,24051
24073,GOLGA8O,24052
24074,LINC02256,24053
24075,AC123768.4,24054
24076,AC123768.3,24055
24077,GOLGA8N,24056
24078,AC123768.2,24057
24079,ARHGAP11A,24058
24080,SCG5,24059
24081,AC123768.1,24060
24082,AC090877.2,24061
24083,GREM1,24062
24084,FMN1,24063
24085,AC055874.1,24064
24086,RYR3,24065
24087,AC010809.3,24066
24088,AC010809.2,24067
24089,AC010809.1,24068
24090,AVEN,24069
24091,CHRM5,24070
24092,EMC7,24071
24093,PGBD4,24072
24094,KATNBL1,24073
24095,EMC4,24074
24096,SLC12A6,24075
24097,AC079203.2,24076
24098,NOP10,24077
24099,NUTM1,24078
24100,LPCAT4,24079
24101,GOLGA8A,24080
24102,GOLGA8B,24081
24103,LINC02252,24082
24104,GJD2,24083
24105,AC087457.1,24084
24106,ACTC1,24085
24107,AQR,24086
24108,ZNF770,24087
24109,AC114546.1,24088
24110,AC114546.2,24089
24111,NANOGP8,24090
24112,AC021231.1,24091
24113,DPH6,24092
24114,DPH6-DT,24093
24115,AC021351.1,24094
24116,AC040918.1,24095
24117,AC087516.1,24096
24118,AC087516.2,24097
24119,C15orf41,24098
24120,AC013640.1,24099
24121,MEIS2,24100
24122,AC078909.1,24101
24123,AC078909.2,24102
24124,AC068875.1,24103
24125,TMCO5A,24104
24126,LINC02345,24105
24127,LINC01852,24106
24128,AC087473.1,24107
24129,SPRED1,24108
24130,FAM98B,24109
24131,RASGRP1,24110
24132,AC116158.1,24111
24133,AC116158.2,24112
24134,C15orf53,24113
24135,AC022929.1,24114
24136,AC022929.2,24115
24137,AC013652.1,24116
24138,AC087878.1,24117
24139,AC113146.1,24118
24140,C15orf54,24119
24141,AC013652.2,24120
24142,AC109630.1,24121
24143,AC022196.1,24122
24144,THBS1,24123
24145,AC037198.2,24124
24146,FSIP1,24125
24147,AC023908.3,24126
24148,GPR176,24127
24149,AC012377.1,24128
24150,EIF2AK4,24129
24151,SRP14,24130
24152,SRP14-AS1,24131
24153,AC021755.2,24132
24154,AC021755.3,24133
24155,BMF,24134
24156,BMF-AS1,24135
24157,BUB1B,24136
24158,BUB1B-PAK6,24137
24159,PAK6,24138
24160,PLCB2,24139
24161,ANKRD63,24140
24162,PLCB2-AS1,24141
24163,AC020658.2,24142
24164,INAFM2,24143
24165,CCDC9B,24144
24166,PHGR1,24145
24167,DISP2,24146
24168,AC013356.4,24147
24169,KNSTRN,24148
24170,IVD,24149
24171,BAHD1,24150
24172,AC013356.3,24151
24173,AC013356.2,24152
24174,CHST14,24153
24175,AC091045.1,24154
24176,CCDC32,24155
24177,RPUSD2,24156
24178,KNL1,24157
24179,RAD51,24158
24180,AC012476.1,24159
24181,RMDN3,24160
24182,GCHFR,24161
24183,DNAJC17,24162
24184,C15orf62,24163
24185,ZFYVE19,24164
24186,PPP1R14D,24165
24187,SPINT1-AS1,24166
24188,SPINT1,24167
24189,RHOV,24168
24190,AC025166.1,24169
24191,VPS18,24170
24192,AC020661.1,24171
24193,DLL4,24172
24194,CHAC1,24173
24195,INO80,24174
24196,AC020661.3,24175
24197,AC020661.2,24176
24198,INO80-AS1,24177
24199,EXD1,24178
24200,CHP1,24179
24201,OIP5,24180
24202,NUSAP1,24181
24203,NDUFAF1,24182
24204,RTF1,24183
24205,ITPKA,24184
24206,LTK,24185
24207,RPAP1,24186
24208,TYRO3,24187
24209,AC016134.1,24188
24210,MGA,24189
24211,AC073657.1,24190
24212,MAPKBP1,24191
24213,AC020659.2,24192
24214,JMJD7,24193
24215,JMJD7-PLA2G4B,24194
24216,PLA2G4B,24195
24217,SPTBN5,24196
24218,AC020659.1,24197
24219,EHD4,24198
24220,EHD4-AS1,24199
24221,PLA2G4E-AS1,24200
24222,PLA2G4E,24201
24223,AC039056.1,24202
24224,PLA2G4D,24203
24225,PLA2G4F,24204
24226,VPS39,24205
24227,AC036103.1,24206
24228,TMEM87A,24207
24229,GANC,24208
24230,AC012651.1,24209
24231,CAPN3,24210
24232,ZNF106,24211
24233,SNAP23,24212
24234,AC018362.1,24213
24235,LRRC57,24214
24236,HAUS2,24215
24237,AC018362.2,24216
24238,STARD9,24217
24239,CDAN1,24218
24240,AC090510.3,24219
24241,AC090510.2,24220
24242,TTBK2,24221
24243,AC090510.1,24222
24244,UBR1,24223
24245,AC068724.3,24224
24246,TMEM62,24225
24247,AC068724.1,24226
24248,CCNDBP1,24227
24249,EPB42,24228
24250,TGM5,24229
24251,TGM7,24230
24252,AC009852.1,24231
24253,LCMT2,24232
24254,ADAL,24233
24255,ZSCAN29,24234
24256,TUBGCP4,24235
24257,TP53BP1,24236
24258,MAP1A,24237
24259,PPIP5K1,24238
24260,CKMT1B,24239
24261,STRC,24240
24262,AC011330.3,24241
24263,CATSPER2,24242
24264,CKMT1A,24243
24265,PDIA3,24244
24266,ELL3,24245
24267,AC018512.1,24246
24268,SERF2,24247
24269,SERINC4,24248
24270,HYPK,24249
24271,MFAP1,24250
24272,WDR76,24251
24273,FRMD5,24252
24274,CASC4,24253
24275,AC090519.2,24254
24276,AC025043.1,24255
24277,CTDSPL2,24256
24278,AC025430.1,24257
24279,EIF3J-DT,24258
24280,EIF3J,24259
24281,SPG11,24260
24282,PATL2,24261
24283,B2M,24262
24284,TRIM69,24263
24285,AC122108.2,24264
24286,AC122108.1,24265
24287,TERB2,24266
24288,SORD,24267
24289,AC091117.2,24268
24290,AC091117.1,24269
24291,DUOX2,24270
24292,DUOXA2,24271
24293,DUOXA1,24272
24294,DUOX1,24273
24295,SHF,24274
24296,AC051619.4,24275
24297,AC051619.5,24276
24298,SLC28A2,24277
24299,GATM,24278
24300,AC025580.3,24279
24301,SPATA5L1,24280
24302,C15orf48,24281
24303,AC025580.1,24282
24304,AC025580.2,24283
24305,SLC30A4,24284
24306,AC090527.1,24285
24307,AC090527.3,24286
24308,BLOC1S6,24287
24309,AC090527.2,24288
24310,SQOR,24289
24311,AC068722.2,24290
24312,AC068722.1,24291
24313,AC073941.1,24292
24314,SEMA6D,24293
24315,AC023905.1,24294
24316,AC009558.1,24295
24317,AC012050.1,24296
24318,LINC01491,24297
24319,AC092078.2,24298
24320,AC092078.1,24299
24321,SLC24A5,24300
24322,MYEF2,24301
24323,CTXN2,24302
24324,SLC12A1,24303
24325,AC066612.1,24304
24326,AC066612.2,24305
24327,AC023355.1,24306
24328,DUT,24307
24329,FBN1,24308
24330,AC084757.3,24309
24331,AC084757.4,24310
24332,CEP152,24311
24333,AC084757.2,24312
24334,AC012379.1,24313
24335,SHC4,24314
24336,EID1,24315
24337,AC091073.1,24316
24338,SECISBP2L,24317
24339,AC013452.2,24318
24340,COPS2,24319
24341,GALK2,24320
24342,FAM227B,24321
24343,AC022306.2,24322
24344,FGF7,24323
24345,DTWD1,24324
24346,ATP8B4,24325
24347,AC025040.1,24326
24348,SLC27A2,24327
24349,HDC,24328
24350,GABPB1,24329
24351,GABPB1-AS1,24330
24352,AC022087.1,24331
24353,USP8,24332
24354,AC012170.3,24333
24355,AC012170.2,24334
24356,USP50,24335
24357,TRPM7,24336
24358,AC084756.1,24337
24359,SPPL2A,24338
24360,AC012100.2,24339
24361,AC021752.1,24340
24362,AP4E1,24341
24363,MIR4713HG,24342
24364,TNFAIP8L3,24343
24365,CYP19A1,24344
24366,AC020891.2,24345
24367,GLDN,24346
24368,AC066613.2,24347
24369,DMXL2,24348
24370,AC066613.1,24349
24371,SCG3,24350
24372,AC020892.1,24351
24373,AC020892.2,24352
24374,LYSMD2,24353
24375,TMOD2,24354
24376,TMOD3,24355
24377,AC090971.2,24356
24378,AC090971.1,24357
24379,LEO1,24358
24380,MAPK6,24359
24381,AC090970.2,24360
24382,AC023906.5,24361
24383,AC023906.2,24362
24384,BCL2L10,24363
24385,GNB5,24364
24386,AC023906.3,24365
24387,AC023906.4,24366
24388,CERNA1,24367
24389,MYO5C,24368
24390,MYO5A,24369
24391,ARPP19,24370
24392,AC025917.1,24371
24393,FAM214A,24372
24394,ONECUT1,24373
24395,AC016044.1,24374
24396,LINC02490,24375
24397,WDR72,24376
24398,AC084759.2,24377
24399,UNC13C,24378
24400,AC025272.1,24379
24401,RSL24D1,24380
24402,RAB27A,24381
24403,PIGBOS1,24382
24404,PIGB,24383
24405,CCPG1,24384
24406,C15orf65,24385
24407,DNAAF4,24386
24408,PYGO1,24387
24409,PRTG,24388
24410,AC012378.1,24389
24411,NEDD4,24390
24412,RFX7,24391
24413,TEX9,24392
24414,AC084782.1,24393
24415,AC084782.2,24394
24416,MNS1,24395
24417,AC084782.3,24396
24418,AC090518.1,24397
24419,ZNF280D,24398
24420,AC090517.4,24399
24421,AC010999.2,24400
24422,TCF12,24401
24423,LINC00926,24402
24424,LINC01413,24403
24425,CGNL1,24404
24426,AC025271.3,24405
24427,AC025271.2,24406
24428,AC025271.4,24407
24429,GCOM1,24408
24430,MYZAP,24409
24431,POLR2M,24410
24432,AC090651.1,24411
24433,ALDH1A2,24412
24434,AC025431.1,24413
24435,AQP9,24414
24436,LIPC,24415
24437,LIPC-AS1,24416
24438,AC018904.1,24417
24439,ADAM10,24418
24440,AC090515.2,24419
24441,MINDY2,24420
24442,AC090515.4,24421
24443,RNF111,24422
24444,SLTM,24423
24445,AC025918.1,24424
24446,CCNB2,24425
24447,AC092757.3,24426
24448,MYO1E,24427
24449,LDHAL6B,24428
24450,FAM81A,24429
24451,GCNT3,24430
24452,GTF2A2,24431
24453,BNIP2,24432
24454,AC092755.2,24433
24455,FOXB1,24434
24456,AC009654.1,24435
24457,ANXA2,24436
24458,ICE2,24437
24459,RORA-AS1,24438
24460,RORA,24439
24461,AC107241.1,24440
24462,AC009560.1,24441
24463,RORA-AS2,24442
24464,AC022898.1,24443
24465,AC012404.1,24444
24466,AC012404.2,24445
24467,AC107905.1,24446
24468,AC104574.2,24447
24469,AC104574.1,24448
24470,AC018618.1,24449
24471,LINC02349,24450
24472,AC009554.1,24451
24473,VPS13C,24452
24474,AC104590.1,24453
24475,C2CD4A,24454
24476,C2CD4B,24455
24477,AC126323.2,24456
24478,AC126323.3,24457
24479,AC126323.6,24458
24480,AC126323.5,24459
24481,AC032011.1,24460
24482,TLN2,24461
24483,AC100839.1,24462
24484,AC100839.2,24463
24485,AC103740.1,24464
24486,AC103740.2,24465
24487,TPM1,24466
24488,TPM1-AS,24467
24489,AC079328.2,24468
24490,AC087612.1,24469
24491,LACTB,24470
24492,RPS27L,24471
24493,RAB8B,24472
24494,APH1B,24473
24495,CA12,24474
24496,LINC02568,24475
24497,AC007950.1,24476
24498,AC007950.2,24477
24499,USP3,24478
24500,USP3-AS1,24479
24501,FBXL22,24480
24502,HERC1,24481
24503,AC073167.1,24482
24504,DAPK2,24483
24505,AC015914.1,24484
24506,FAM96A,24485
24507,SNX1,24486
24508,SNX22,24487
24509,PPIB,24488
24510,CSNK1G1,24489
24511,AC087632.1,24490
24512,PCLAF,24491
24513,TRIP4,24492
24514,ZNF609,24493
24515,OAZ2,24494
24516,AC100830.3,24495
24517,AC100830.2,24496
24518,AC100830.1,24497
24519,RBPMS2,24498
24520,PIF1,24499
24521,AC069368.1,24500
24522,PLEKHO2,24501
24523,ANKDD1A,24502
24524,AC103691.2,24503
24525,AC103691.1,24504
24526,SPG21,24505
24527,MTFMT,24506
24528,SLC51B,24507
24529,AC013553.3,24508
24530,RASL12,24509
24531,KBTBD13,24510
24532,AC013553.4,24511
24533,UBAP1L,24512
24534,PDCD7,24513
24535,CLPX,24514
24536,CILP,24515
24537,PARP16,24516
24538,IGDCC3,24517
24539,IGDCC4,24518
24540,DPP8,24519
24541,HACD3,24520
24542,INTS14,24521
24543,SLC24A1,24522
24544,AC011939.3,24523
24545,DENND4A,24524
24546,RAB11A,24525
24547,MEGF11,24526
24548,AC055855.2,24527
24549,DIS3L,24528
24550,AC055855.1,24529
24551,TIPIN,24530
24552,MAP2K1,24531
24553,AC116913.1,24532
24554,SNAPC5,24533
24555,RPL4,24534
24556,ZWILCH,24535
24557,LCTL,24536
24558,LINC01169,24537
24559,SMAD6,24538
24560,AC110048.2,24539
24561,AC093334.1,24540
24562,LINC02206,24541
24563,AC087482.1,24542
24564,SMAD3,24543
24565,AC012568.1,24544
24566,AAGAB,24545
24567,IQCH,24546
24568,IQCH-AS1,24547
24569,C15orf61,24548
24570,AC016355.1,24549
24571,MAP2K5,24550
24572,SKOR1,24551
24573,AC009292.1,24552
24574,PIAS1,24553
24575,AC107871.1,24554
24576,CALML4,24555
24577,CLN6,24556
24578,AC107871.2,24557
24579,FEM1B,24558
24580,ITGA11,24559
24581,CORO2B,24560
24582,ANP32A,24561
24583,SPESP1,24562
24584,NOX5,24563
24585,AC027088.3,24564
24586,EWSAT1,24565
24587,AC027088.2,24566
24588,GLCE,24567
24589,AC026992.2,24568
24590,AC026992.1,24569
24591,PAQR5,24570
24592,AC027237.3,24571
24593,KIF23,24572
24594,RPLP1,24573
24595,AC027237.2,24574
24596,DRAIC,24575
24597,AC100826.1,24576
24598,AC021818.1,24577
24599,TLE3,24578
24600,AC026583.1,24579
24601,AC048383.1,24580
24602,LINC02205,24581
24603,LINC02204,24582
24604,SALRNA3,24583
24605,SALRNA2,24584
24606,UACA,24585
24607,AC009269.2,24586
24608,AC009269.3,24587
24609,LARP6,24588
24610,LRRC49,24589
24611,THAP10,24590
24612,THSD4,24591
24613,CT62,24592
24614,THSD4-AS1,24593
24615,AC108861.1,24594
24616,NR2E3,24595
24617,AC104938.1,24596
24618,MYO9A,24597
24619,AC022872.1,24598
24620,SENP8,24599
24621,AC020779.2,24600
24622,GRAMD2A,24601
24623,PKM,24602
24624,PARP6,24603
24625,AC009690.3,24604
24626,AC009690.2,24605
24627,CELF6,24606
24628,AC009690.1,24607
24629,HEXA,24608
24630,HEXA-AS1,24609
24631,TMEM202,24610
24632,TMEM202-AS1,24611
24633,AC079322.1,24612
24634,ARIH1,24613
24635,LINC02259,24614
24636,AC100827.4,24615
24637,GOLGA6B,24616
24638,HIGD2B,24617
24639,BBS4,24618
24640,ADPGK,24619
24641,ADPGK-AS1,24620
24642,NEO1,24621
24643,AC068397.1,24622
24644,HCN4,24623
24645,AC068397.2,24624
24646,REC114,24625
24647,NPTN,24626
24648,CD276,24627
24649,AC022188.1,24628
24650,C15orf59,24629
24651,C15orf59-AS1,24630
24652,AC018943.1,24631
24653,TBC1D21,24632
24654,LOXL1-AS1,24633
24655,LOXL1,24634
24656,STOML1,24635
24657,PML,24636
24658,GOLGA6A,24637
24659,ISLR2,24638
24660,AC010931.2,24639
24661,AC010931.3,24640
24662,ISLR,24641
24663,STRA6,24642
24664,CCDC33,24643
24665,AC023300.2,24644
24666,CYP11A1,24645
24667,AC090826.1,24646
24668,AC090826.2,24647
24669,LINC02255,24648
24670,SEMA7A,24649
24671,UBL7,24650
24672,UBL7-AS1,24651
24673,AC012435.2,24652
24674,ARID3B,24653
24675,CLK3,24654
24676,AC100835.2,24655
24677,AC100835.1,24656
24678,EDC3,24657
24679,CYP1A1,24658
24680,CYP1A2,24659
24681,CSK,24660
24682,LMAN1L,24661
24683,CPLX3,24662
24684,ULK3,24663
24685,SCAMP2,24664
24686,MPI,24665
24687,FAM219B,24666
24688,COX5A,24667
24689,RPP25,24668
24690,SCAMP5,24669
24691,PPCDC,24670
24692,C15orf39,24671
24693,AC113208.3,24672
24694,GOLGA6C,24673
24695,GOLGA6D,24674
24696,COMMD4,24675
24697,AC068338.3,24676
24698,NEIL1,24677
24699,MAN2C1,24678
24700,AC068338.2,24679
24701,SIN3A,24680
24702,PTPN9,24681
24703,SNUPN,24682
24704,AC105020.3,24683
24705,AC105020.2,24684
24706,IMP3,24685
24707,AC105020.6,24686
24708,AC105020.5,24687
24709,SNX33,24688
24710,CSPG4,24689
24711,AC105020.4,24690
24712,AC105020.1,24691
24713,ODF3L1,24692
24714,DNM1P35,24693
24715,AC019294.3,24694
24716,UBE2Q2,24695
24717,FBXO22,24696
24718,NRG4,24697
24719,TMEM266,24698
24720,AC091100.1,24699
24721,ETFA,24700
24722,ISL2,24701
24723,AC027243.1,24702
24724,AC027243.2,24703
24725,SCAPER,24704
24726,RCN2,24705
24727,PSTPIP1,24706
24728,TSPAN3,24707
24729,AC090181.1,24708
24730,PEAK1,24709
24731,HMG20A,24710
24732,AC046168.1,24711
24733,AC046168.2,24712
24734,LINGO1,24713
24735,LINGO1-AS1,24714
24736,LINGO1-AS2,24715
24737,AC105133.1,24716
24738,AC104758.4,24717
24739,AC104758.5,24718
24740,TBC1D2B,24719
24741,AC104758.2,24720
24742,SH2D7,24721
24743,CIB2,24722
24744,IDH3A,24723
24745,AC090260.1,24724
24746,ACSBG1,24725
24747,AC090607.3,24726
24748,DNAJA4,24727
24749,WDR61,24728
24750,AC090607.1,24729
24751,AC090607.5,24730
24752,CRABP1,24731
24753,IREB2,24732
24754,AC027228.1,24733
24755,HYKK,24734
24756,PSMA4,24735
24757,CHRNA5,24736
24758,AC027228.2,24737
24759,CHRNA3,24738
24760,CHRNB4,24739
24761,AC067863.1,24740
24762,ADAMTS7,24741
24763,MORF4L1,24742
24764,CTSH,24743
24765,RASGRF1,24744
24766,AC011944.1,24745
24767,ANKRD34C-AS1,24746
24768,ANKRD34C,24747
24769,TMED3,24748
24770,KIAA1024,24749
24771,AC021483.1,24750
24772,MTHFS,24751
24773,AC021483.2,24752
24774,ST20-MTHFS,24753
24775,ST20,24754
24776,ST20-AS1,24755
24777,BCL2A1,24756
24778,ZFAND6,24757
24779,FAH,24758
24780,AC087761.1,24759
24781,CTXND1,24760
24782,LINC00927,24761
24783,AC016705.2,24762
24784,ARNT2,24763
24785,AC016705.1,24764
24786,AC108451.1,24765
24787,AC108451.2,24766
24788,ABHD17C,24767
24789,AC023302.1,24768
24790,CEMIP,24769
24791,AC027808.1,24770
24792,AC027808.2,24771
24793,MESD,24772
24794,AC068870.1,24773
24795,AC068870.2,24774
24796,TLNRD1,24775
24797,CFAP161,24776
24798,IL16,24777
24799,STARD5,24778
24800,TMC3-AS1,24779
24801,TMC3,24780
24802,AC103858.2,24781
24803,AC109809.1,24782
24804,AC060809.1,24783
24805,AC023034.1,24784
24806,AC023034.2,24785
24807,AC104041.1,24786
24808,AC025219.1,24787
24809,MEX3B,24788
24810,LINC01583,24789
24811,EFL1,24790
24812,SAXO2,24791
24813,GOLGA6L10,24792
24814,GOLGA6L9,24793
24815,RPS17,24794
24816,AC245033.1,24795
24817,AC245033.2,24796
24818,CPEB1,24797
24819,CPEB1-AS1,24798
24820,AP3B2,24799
24821,AC105339.3,24800
24822,SNHG21,24801
24823,FSD2,24802
24824,WHAMM,24803
24825,HOMER2,24804
24826,AC022558.2,24805
24827,RAMMET,24806
24828,C15orf40,24807
24829,AC024270.4,24808
24830,BTBD1,24809
24831,AC022558.3,24810
24832,AC024270.2,24811
24833,TM6SF1,24812
24834,HDGFL3,24813
24835,AC024270.3,24814
24836,AC103876.1,24815
24837,BNC1,24816
24838,SH3GL3,24817
24839,ADAMTSL3,24818
24840,AC136698.1,24819
24841,UBE2Q2L,24820
24842,GOLGA6L4,24821
24843,AC243562.3,24822
24844,AC048382.4,24823
24845,AC048382.5,24824
24846,ZSCAN2,24825
24847,AC048382.1,24826
24848,AC048382.6,24827
24849,WDR73,24828
24850,NMB,24829
24851,SEC11A,24830
24852,AC115102.1,24831
24853,ZNF592,24832
24854,ALPK3,24833
24855,SLC28A1,24834
24856,PDE8A,24835
24857,AKAP13,24836
24858,AC087286.3,24837
24859,AC087286.2,24838
24860,AC087286.1,24839
24861,AC021739.4,24840
24862,AC021739.2,24841
24863,AC021739.5,24842
24864,AC021739.3,24843
24865,KLHL25,24844
24866,LINC01584,24845
24867,AGBL1,24846
24868,AGBL1-AS1,24847
24869,AC012229.1,24848
24870,AC016987.1,24849
24871,AC078905.1,24850
24872,AC020687.1,24851
24873,LINC00052,24852
24874,NTRK3,24853
24875,NTRK3-AS1,24854
24876,MRPL46,24855
24877,MRPS11,24856
24878,DET1,24857
24879,LINC01586,24858
24880,AEN,24859
24881,ISG20,24860
24882,AC103982.1,24861
24883,ACAN,24862
24884,HAPLN3,24863
24885,MFGE8,24864
24886,AC013565.1,24865
24887,AC013565.3,24866
24888,ABHD2,24867
24889,RLBP1,24868
24890,FANCI,24869
24891,POLG,24870
24892,AC124068.2,24871
24893,MIR9-3HG,24872
24894,RHCG,24873
24895,LINC00928,24874
24896,AC013391.3,24875
24897,TICRR,24876
24898,AC013391.1,24877
24899,KIF7,24878
24900,PLIN1,24879
24901,PEX11A,24880
24902,WDR93,24881
24903,MESP1,24882
24904,MESP2,24883
24905,ANPEP,24884
24906,AP3S2,24885
24907,C15orf38-AP3S2,24886
24908,ARPIN,24887
24909,ZNF710,24888
24910,ZNF710-AS1,24889
24911,IDH2,24890
24912,IDH2-DT,24891
24913,SEMA4B,24892
24914,CIB1,24893
24915,GDPGP1,24894
24916,AC091167.7,24895
24917,TTLL13P,24896
24918,AC091167.2,24897
24919,NGRN,24898
24920,AC091167.6,24899
24921,AC091167.5,24900
24922,ZNF774,24901
24923,IQGAP1,24902
24924,AC018946.1,24903
24925,CRTC3,24904
24926,AC103739.1,24905
24927,AC103739.2,24906
24928,CRTC3-AS1,24907
24929,AC021422.1,24908
24930,BLM,24909
24931,FURIN,24910
24932,FES,24911
24933,MAN2A2,24912
24934,AC068831.4,24913
24935,HDDC3,24914
24936,UNC45A,24915
24937,AC068831.1,24916
24938,RCCD1,24917
24939,PRC1,24918
24940,AC068831.7,24919
24941,PRC1-AS1,24920
24942,VPS33B,24921
24943,VPS33B-DT,24922
24944,AC068831.6,24923
24945,SV2B,24924
24946,AC104035.1,24925
24947,AC107958.3,24926
24948,AC107958.2,24927
24949,SLCO3A1,24928
24950,AC116903.2,24929
24951,AC116903.1,24930
24952,ST8SIA2,24931
24953,AC090985.1,24932
24954,C15orf32,24933
24955,LINC00930,24934
24956,AC091544.5,24935
24957,FAM174B,24936
24958,AC091544.7,24937
24959,AC106028.4,24938
24960,AC106028.5,24939
24961,AC013394.1,24940
24962,CHD2,24941
24963,RGMA,24942
24964,AC112693.1,24943
24965,AC091078.1,24944
24966,AC091078.3,24945
24967,AC110023.1,24946
24968,LINC01579,24947
24969,AC103996.3,24948
24970,LINC02207,24949
24971,AC103996.2,24950
24972,LINC01580,24951
24973,LINC01581,24952
24974,MCTP2,24953
24975,AC009432.1,24954
24976,AC107976.1,24955
24977,AC087633.1,24956
24978,AC087636.1,24957
24979,LINC01197,24958
24980,AC104260.1,24959
24981,LINC00924,24960
24982,AC027013.1,24961
24983,AC015574.1,24962
24984,AC012409.2,24963
24985,AC024337.1,24964
24986,AC024337.2,24965
24987,NR2F2-AS1,24966
24988,AC012409.3,24967
24989,AC012409.1,24968
24990,AC012409.4,24969
24991,LINC02157,24970
24992,NR2F2,24971
24993,AC103746.1,24972
24994,AC087477.2,24973
24995,AC087477.5,24974
24996,AC087477.3,24975
24997,AC087477.4,24976
24998,SPATA8-AS1,24977
24999,SPATA8,24978
25000,AC020704.1,24979
25001,LINC02253,24980
25002,LINC02254,24981
25003,AC026523.1,24982
25004,LINC00923,24983
25005,AC024651.2,24984
25006,ARRDC4,24985
25007,AC024651.1,24986
25008,LINC02251,24987
25009,AC022523.1,24988
25010,LINC01582,24989
25011,AC022523.3,24990
25012,AC015722.1,24991
25013,AC015722.2,24992
25014,LINC02351,24993
25015,FAM169B,24994
25016,AC118658.1,24995
25017,IGF1R,24996
25018,AC069029.1,24997
25019,AC036108.1,24998
25020,PGPEP1L,24999
25021,AC036108.4,25000
25022,SYNM,25001
25023,AC036108.2,25002
25024,TTC23,25003
25025,AC036108.3,25004
25026,LRRC28,25005
25027,AC015660.2,25006
25028,AC015660.3,25007
25029,AC015660.4,25008
25030,AC015660.1,25009
25031,MEF2A,25010
25032,LYSMD4,25011
25033,AC090825.1,25012
25034,AC084855.1,25013
25035,ADAMTS17,25014
25036,AC084855.2,25015
25037,AC022710.1,25016
25038,SPATA41,25017
25039,CERS3-AS1,25018
25040,CERS3,25019
25041,AC027020.2,25020
25042,AC027020.1,25021
25043,LINS1,25022
25044,ASB7,25023
25045,AC087762.1,25024
25046,AC015712.1,25025
25047,AC015712.4,25026
25048,ALDH1A3,25027
25049,AC015712.7,25028
25050,AC015712.2,25029
25051,LRRK1,25030
25052,AC090907.1,25031
25053,AC090907.2,25032
25054,AC019254.2,25033
25055,AC019254.1,25034
25056,CHSY1,25035
25057,SELENOS,25036
25058,SNRPA1,25037
25059,AC023024.1,25038
25060,PCSK6,25039
25061,PCSK6-AS1,25040
25062,AC090164.3,25041
25063,AC090164.4,25042
25064,LINC02348,25043
25065,TM2D3,25044
25066,TARSL2,25045
25067,OR4F6,25046
25068,OR4F15,25047
25069,OR4F4,25048
25070,FAM138E,25049
25071,AC140725.1,25050
25072,WASIR2,25051
25073,POLR3K,25052
25074,SNRNP25,25053
25075,RHBDF1,25054
25076,MPG,25055
25077,NPRL3,25056
25078,Z69720.1,25057
25079,Z69666.1,25058
25080,HBZ,25059
25081,HBM,25060
25082,HBA2,25061
25083,HBA1,25062
25084,HBQ1,25063
25085,Z69706.1,25064
25086,LUC7L,25065
25087,FAM234A,25066
25088,AC004754.1,25067
25089,RGS11,25068
25090,ARHGDIG,25069
25091,PDIA2,25070
25092,AXIN1,25071
25093,MRPL28,25072
25094,TMEM8A,25073
25095,NME4,25074
25096,DECR2,25075
25097,AL023881.1,25076
25098,RAB11FIP3,25077
25099,LINC00235,25078
25100,CAPN15,25079
25101,Z97986.1,25080
25102,PRR35,25081
25103,PIGQ,25082
25104,NHLRC4,25083
25105,RAB40C,25084
25106,WFIKKN1,25085
25107,METTL26,25086
25108,MCRIP2,25087
25109,AL022341.1,25088
25110,WDR90,25089
25111,AL022341.2,25090
25112,RHOT2,25091
25113,RHBDL1,25092
25114,Z92544.1,25093
25115,STUB1,25094
25116,JMJD8,25095
25117,WDR24,25096
25118,FBXL16,25097
25119,Z97653.1,25098
25120,METRN,25099
25121,FAM173A,25100
25122,CCDC78,25101
25123,HAGHL,25102
25124,NARFL,25103
25125,MSLN,25104
25126,MSLNL,25105
25127,RPUSD1,25106
25128,CHTF18,25107
25129,GNG13,25108
25130,PRR25,25109
25131,AL031008.1,25110
25132,LMF1,25111
25133,AL031716.1,25112
25134,LMF1-AS1,25113
25135,AC009041.2,25114
25136,SOX8,25115
25137,AC009041.1,25116
25138,AC009041.3,25117
25139,SSTR5,25118
25140,C1QTNF8,25119
25141,AL031598.1,25120
25142,AC120498.8,25121
25143,CACNA1H,25122
25144,AC120498.3,25123
25145,AC120498.1,25124
25146,AC120498.6,25125
25147,TPSG1,25126
25148,AC120498.10,25127
25149,TPSB2,25128
25150,TPSAB1,25129
25151,TPSD1,25130
25152,AC120498.4,25131
25153,AC120498.9,25132
25154,UBE2I,25133
25155,AL031714.1,25134
25156,BAIAP3,25135
25157,TSR3,25136
25158,GNPTG,25137
25159,AL031709.1,25138
25160,UNKL,25139
25161,AL032819.1,25140
25162,C16orf91,25141
25163,AL032819.3,25142
25164,CCDC154,25143
25165,CLCN7,25144
25166,AL031600.3,25145
25167,AL031600.1,25146
25168,PTX4,25147
25169,TELO2,25148
25170,IFT140,25149
25171,AL031705.1,25150
25172,TMEM204,25151
25173,AL133297.2,25152
25174,CRAMP1,25153
25175,Z97652.1,25154
25176,AL031708.1,25155
25177,JPT2,25156
25178,MAPK8IP3,25157
25179,AL031710.1,25158
25180,AL031717.1,25159
25181,NME3,25160
25182,MRPS34,25161
25183,EME2,25162
25184,SPSB3,25163
25185,NUBP2,25164
25186,IGFALS,25165
25187,HAGH,25166
25188,FAHD1,25167
25189,MEIOB,25168
25190,LINC00254,25169
25191,LINC02124,25170
25192,HS3ST6,25171
25193,MSRB1,25172
25194,RPL3L,25173
25195,NDUFB10,25174
25196,RPS2,25175
25197,SNHG9,25176
25198,RNF151,25177
25199,AC005363.2,25178
25200,TBL3,25179
25201,NOXO1,25180
25202,GFER,25181
25203,AC005606.2,25182
25204,SYNGR3,25183
25205,AC005606.1,25184
25206,ZNF598,25185
25207,NPW,25186
25208,SLC9A3R2,25187
25209,NTHL1,25188
25210,TSC2,25189
25211,PKD1,25190
25212,AC009065.6,25191
25213,AC009065.3,25192
25214,RAB26,25193
25215,SNHG19,25194
25216,TRAF7,25195
25217,CASKIN1,25196
25218,MLST8,25197
25219,BRICD5,25198
25220,AC009065.7,25199
25221,PGP,25200
25222,E4F1,25201
25223,AC009065.1,25202
25224,DNASE1L2,25203
25225,ECI1,25204
25226,AC009065.8,25205
25227,RNPS1,25206
25228,AC009065.4,25207
25229,ABCA3,25208
25230,CCNF,25209
25231,AC106820.3,25210
25232,AC106820.5,25211
25233,TEDC2,25212
25234,AC106820.2,25213
25235,NTN3,25214
25236,TBC1D24,25215
25237,AC093525.2,25216
25238,ATP6V0C,25217
25239,AC093525.1,25218
25240,AMDHD2,25219
25241,CEMP1,25220
25242,PDPK1,25221
25243,AC093525.6,25222
25244,AC093525.7,25223
25245,AC093525.4,25224
25246,AC093525.3,25225
25247,AC141586.3,25226
25248,AC141586.2,25227
25249,KCTD5,25228
25250,PRSS27,25229
25251,SRRM2-AS1,25230
25252,SRRM2,25231
25253,ELOB,25232
25254,AC092117.1,25233
25255,PRSS33,25234
25256,PRSS41,25235
25257,PRSS21,25236
25258,ZG16B,25237
25259,PRSS22,25238
25260,AC003965.2,25239
25261,AC003965.1,25240
25262,FLYWCH2,25241
25263,FLYWCH1,25242
25264,AC004034.1,25243
25265,KREMEN2,25244
25266,PKMYT1,25245
25267,PAQR4,25246
25268,AC004233.4,25247
25269,AC004233.2,25248
25270,AC004233.3,25249
25271,CLDN9,25250
25272,CLDN6,25251
25273,TNFRSF12A,25252
25274,HCFC1R1,25253
25275,THOC6,25254
25276,BICDL2,25255
25277,AC108134.1,25256
25278,MMP25,25257
25279,MMP25-AS1,25258
25280,IL32,25259
25281,AC108134.3,25260
25282,ZSCAN10,25261
25283,ZNF213-AS1,25262
25284,ZNF205,25263
25285,ZNF213,25264
25286,AC108134.2,25265
25287,AJ003147.1,25266
25288,AJ003147.2,25267
25289,OR1F1,25268
25290,ZNF200,25269
25291,MEFV,25270
25292,LINC00921,25271
25293,ZNF263,25272
25294,TIGD7,25273
25295,ZNF75A,25274
25296,AC004232.2,25275
25297,OR2C1,25276
25298,AC025283.3,25277
25299,MTRNR2L4,25278
25300,ZSCAN32,25279
25301,AC025283.2,25280
25302,ZNF174,25281
25303,ZNF597,25282
25304,NAA60,25283
25305,C16orf90,25284
25306,CLUAP1,25285
25307,NLRC3,25286
25308,AC004494.1,25287
25309,AC006111.1,25288
25310,SLX4,25289
25311,DNASE1,25290
25312,TRAP1,25291
25313,AC006111.3,25292
25314,CREBBP,25293
25315,ADCY9,25294
25316,AC005736.3,25295
25317,AC009171.2,25296
25318,SRL,25297
25319,LINC01569,25298
25320,TFAP4,25299
25321,GLIS2,25300
25322,GLIS2-AS1,25301
25323,PAM16,25302
25324,CORO7-PAM16,25303
25325,CORO7,25304
25326,VASN,25305
25327,DNAJA3,25306
25328,NMRAL1,25307
25329,HMOX2,25308
25330,CDIP1,25309
25331,C16orf96,25310
25332,AC023830.2,25311
25333,UBALD1,25312
25334,MGRN1,25313
25335,AC023830.1,25314
25336,NUDT16L1,25315
25337,ANKS3,25316
25338,C16orf71,25317
25339,ZNF500,25318
25340,SEPT12,25319
25341,SMIM22,25320
25342,AC020663.2,25321
25343,ROGDI,25322
25344,GLYR1,25323
25345,UBN1,25324
25346,PPL,25325
25347,SEC14L5,25326
25348,NAGPA-AS1,25327
25349,NAGPA,25328
25350,ALG1,25329
25351,C16orf89,25330
25352,EEF2KMT,25331
25353,AC026458.2,25332
25354,LINC02164,25333
25355,RBFOX1,25334
25356,LINC01570,25335
25357,AC005774.1,25336
25358,AC093515.1,25337
25359,AC018767.2,25338
25360,LINC02152,25339
25361,AC018767.3,25340
25362,AC018767.1,25341
25363,AC074052.2,25342
25364,TMEM114,25343
25365,METTL22,25344
25366,ABAT,25345
25367,TMEM186,25346
25368,PMM2,25347
25369,AC012173.1,25348
25370,AC022167.2,25349
25371,CARHSP1,25350
25372,AC022167.1,25351
25373,AC022167.4,25352
25374,AC022167.5,25353
25375,USP7,25354
25376,AC022167.3,25355
25377,AC087190.2,25356
25378,C16orf72,25357
25379,AC087190.1,25358
25380,LINC02177,25359
25381,LINC01177,25360
25382,LINC01195,25361
25383,AC007221.1,25362
25384,AC007221.2,25363
25385,AC007218.1,25364
25386,GRIN2A,25365
25387,AC007218.2,25366
25388,AC133565.1,25367
25389,ATF7IP2,25368
25390,AC131649.1,25369
25391,LINC01290,25370
25392,EMP2,25371
25393,AC027277.1,25372
25394,TEKT5,25373
25395,AC007595.1,25374
25396,NUBP1,25375
25397,TVP23A,25376
25398,AC133065.1,25377
25399,CIITA,25378
25400,DEXI,25379
25401,CLEC16A,25380
25402,AC007014.1,25381
25403,AC007220.1,25382
25404,RMI2,25383
25405,SOCS1,25384
25406,TNP2,25385
25407,PRM3,25386
25408,PRM2,25387
25409,PRM1,25388
25410,AC009121.2,25389
25411,AC009121.1,25390
25412,AC099489.1,25391
25413,AC099489.3,25392
25414,LITAF,25393
25415,SNN,25394
25416,TXNDC11,25395
25417,AC007613.1,25396
25418,ZC3H7A,25397
25419,AC010654.1,25398
25420,BCAR4,25399
25421,RSL1D1,25400
25422,AC007216.4,25401
25423,GSPT1,25402
25424,AC007216.2,25403
25425,NPIPB2,25404
25426,TNFRSF17,25405
25427,SNX29,25406
25428,AC007216.1,25407
25429,AC007601.1,25408
25430,AC007601.2,25409
25431,AC007598.2,25410
25432,AC010333.1,25411
25433,AC010333.2,25412
25434,AC010333.3,25413
25435,CPPED1,25414
25436,AC109597.1,25415
25437,AC109597.2,25416
25438,SHISA9,25417
25439,AC009134.1,25418
25440,U91319.1,25419
25441,AC003009.1,25420
25442,U95743.1,25421
25443,ERCC4,25422
25444,AC010401.1,25423
25445,AC010401.2,25424
25446,LINC02185,25425
25447,LINC02186,25426
25448,MKL2,25427
25449,AC130650.2,25428
25450,AC130650.1,25429
25451,MIR193BHG,25430
25452,LINC02130,25431
25453,AC040173.1,25432
25454,PARN,25433
25455,BFAR,25434
25456,PLA2G10,25435
25457,AC009167.1,25436
25458,NPIPA3,25437
25459,AC136443.4,25438
25460,NPIPA2,25439
25461,NOMO1,25440
25462,AC136443.3,25441
25463,AC138932.2,25442
25464,NPIPA1,25443
25465,PDXDC1,25444
25466,AC138932.5,25445
25467,NTAN1,25446
25468,RRN3,25447
25469,AC126763.1,25448
25470,NPIPA5,25449
25471,MPV17L,25450
25472,AC140504.1,25451
25473,C16orf45,25452
25474,MARF1,25453
25475,AC026401.1,25454
25476,NDE1,25455
25477,AC026401.3,25456
25478,MYH11,25457
25479,AF001548.2,25458
25480,AF001548.1,25459
25481,FOPNL,25460
25482,AC130651.1,25461
25483,ABCC1,25462
25484,ABCC6,25463
25485,AC136624.1,25464
25486,NOMO3,25465
25487,AC136624.2,25466
25488,AC138969.3,25467
25489,AC138969.1,25468
25490,NPIPA7,25469
25491,AC092326.1,25470
25492,XYLT1,25471
25493,AC109446.3,25472
25494,AC109495.1,25473
25495,AC025277.1,25474
25496,AC010601.1,25475
25497,AC091489.1,25476
25498,NPIPA8,25477
25499,AC126755.2,25478
25500,AC126755.4,25479
25501,AC126755.3,25480
25502,NOMO2,25481
25503,AC136618.1,25482
25504,RPS15A,25483
25505,AC138811.2,25484
25506,ARL6IP1,25485
25507,AC138811.1,25486
25508,SMG1,25487
25509,AC092287.1,25488
25510,TMC7,25489
25511,AC099518.4,25490
25512,AC099518.2,25491
25513,COQ7,25492
25514,AC099518.1,25493
25515,AC099518.6,25494
25516,ITPRIPL2,25495
25517,AC099518.3,25496
25518,AC099518.5,25497
25519,SYT17,25498
25520,CLEC19A,25499
25521,AC130456.2,25500
25522,TMC5,25501
25523,AC130456.4,25502
25524,AC130456.3,25503
25525,AC130456.5,25504
25526,GDE1,25505
25527,CCP110,25506
25528,VPS35L,25507
25529,AC002550.2,25508
25530,KNOP1,25509
25531,AC002550.1,25510
25532,IQCK,25511
25533,AC027130.1,25512
25534,GPRC5B,25513
25535,GPR139,25514
25536,AC092132.1,25515
25537,GP2,25516
25538,UMOD,25517
25539,PDILT,25518
25540,AC106796.1,25519
25541,ACSM5,25520
25542,AC137056.1,25521
25543,ACSM2A,25522
25544,ACSM2B,25523
25545,AC141273.1,25524
25546,ACSM3,25525
25547,ACSM1,25526
25548,THUMPD1,25527
25549,AC004381.1,25528
25550,ERI2,25529
25551,REXO5,25530
25552,DCUN1D3,25531
25553,LYRM1,25532
25554,DNAH3,25533
25555,AC008551.1,25534
25556,TMEM159,25535
25557,AF001550.1,25536
25558,ZP2,25537
25559,ANKS4B,25538
25560,CRYM,25539
25561,NPIPB3,25540
25562,AC005632.4,25541
25563,METTL9,25542
25564,IGSF6,25543
25565,OTOA,25544
25566,AC092375.2,25545
25567,NPIPB4,25546
25568,AC092119.2,25547
25569,UQCRC2,25548
25570,PDZD9,25549
25571,AC092119.3,25550
25572,MOSMO,25551
25573,AC009019.1,25552
25574,VWA3A,25553
25575,SDR42E2,25554
25576,EEF2K,25555
25577,AC009034.1,25556
25578,POLR3E,25557
25579,CDR2,25558
25580,AC092338.1,25559
25581,AC092338.2,25560
25582,NPIPB5,25561
25583,AC009021.2,25562
25584,AC009021.1,25563
25585,AC130466.1,25564
25586,HS3ST2,25565
25587,AC127459.2,25566
25588,USP31,25567
25589,SCNN1G,25568
25590,AC099482.1,25569
25591,SCNN1B,25570
25592,COG7,25571
25593,AC008915.2,25572
25594,GGA2,25573
25595,EARS2,25574
25596,UBFD1,25575
25597,NDUFAB1,25576
25598,PALB2,25577
25599,AC008870.4,25578
25600,DCTN5,25579
25601,PLK1,25580
25602,AC008870.3,25581
25603,ERN2,25582
25604,AC012317.1,25583
25605,CHP2,25584
25606,PRKCB,25585
25607,LINC2194,25586
25608,CACNG3,25587
25609,AC008938.1,25588
25610,RBBP6,25589
25611,TNRC6A,25590
25612,LINC01567,25591
25613,AC008731.1,25592
25614,SLC5A11,25593
25615,ARHGAP17,25594
25616,LINC02175,25595
25617,LCMT1,25596
25618,LCMT1-AS2,25597
25619,AQP8,25598
25620,ZKSCAN2,25599
25621,AC008741.1,25600
25622,AC008741.2,25601
25623,LINC02191,25602
25624,HS3ST4,25603
25625,AC009158.1,25604
25626,LINC02195,25605
25627,AC009035.1,25606
25628,C16orf82,25607
25629,AC092725.1,25608
25630,LINC02129,25609
25631,KDM8,25610
25632,AC109449.1,25611
25633,NSMCE1,25612
25634,AC106739.1,25613
25635,AC106739.2,25614
25636,IL4R,25615
25637,IL21R,25616
25638,IL21R-AS1,25617
25639,GTF3C1,25618
25640,KIAA0556,25619
25641,AC016597.1,25620
25642,GSG1L,25621
25643,XPO6,25622
25644,AC138904.3,25623
25645,AC138904.1,25624
25646,SBK1,25625
25647,NPIPB6,25626
25648,EIF3CL,25627
25649,AC138894.2,25628
25650,AC138894.1,25629
25651,NPIPB7,25630
25652,CLN3,25631
25653,APOBR,25632
25654,IL27,25633
25655,NUPR1,25634
25656,AC020765.2,25635
25657,SGF29,25636
25658,SULT1A2,25637
25659,SULT1A1,25638
25660,NPIPB8,25639
25661,EIF3C,25640
25662,NPIPB9,25641
25663,AC145285.2,25642
25664,AC145285.3,25643
25665,AC145285.6,25644
25666,ATXN2L,25645
25667,AC133550.1,25646
25668,TUFM,25647
25669,SH2B1,25648
25670,AC133550.2,25649
25671,ATP2A1,25650
25672,ATP2A1-AS1,25651
25673,RABEP2,25652
25674,CD19,25653
25675,NFATC2IP,25654
25676,AC109460.2,25655
25677,AC109460.1,25656
25678,SPNS1,25657
25679,LAT,25658
25680,AC109460.4,25659
25681,AC009093.2,25660
25682,AC009093.1,25661
25683,AC009093.5,25662
25684,AC009093.4,25663
25685,AC009093.6,25664
25686,NPIPB11,25665
25687,BOLA2,25666
25688,BOLA2-SMG1P6,25667
25689,SLX1B,25668
25690,SULT1A4,25669
25691,AC133555.3,25670
25692,NPIPB12,25671
25693,SPN,25672
25694,AC009086.2,25673
25695,QPRT,25674
25696,C16orf54,25675
25697,AC009133.3,25676
25698,ZG16,25677
25699,KIF22,25678
25700,AC009133.4,25679
25701,MAZ,25680
25702,AC009133.2,25681
25703,AC009133.1,25682
25704,PRRT2,25683
25705,AC009133.6,25684
25706,PAGR1,25685
25707,AC120114.5,25686
25708,MVP,25687
25709,CDIPT,25688
25710,AC120114.3,25689
25711,SEZ6L2,25690
25712,ASPHD1,25691
25713,KCTD13,25692
25714,AC120114.1,25693
25715,TMEM219,25694
25716,TAOK2,25695
25717,HIRIP3,25696
25718,INO80E,25697
25719,DOC2A,25698
25720,C16orf92,25699
25721,FAM57B,25700
25722,AC093512.2,25701
25723,ALDOA,25702
25724,AC093512.1,25703
25725,PPP4C,25704
25726,TBX6,25705
25727,YPEL3,25706
25728,AC012645.1,25707
25729,GDPD3,25708
25730,AC012645.2,25709
25731,AC012645.4,25710
25732,MAPK3,25711
25733,CORO1A,25712
25734,AC012645.3,25713
25735,BOLA2B,25714
25736,SLX1A,25715
25737,SULT1A3,25716
25738,AC106782.1,25717
25739,NPIPB13,25718
25740,CD2BP2,25719
25741,AC106782.2,25720
25742,TBC1D10B,25721
25743,AC106782.6,25722
25744,MYLPF,25723
25745,ZNF48,25724
25746,SEPT1,25725
25747,ZNF771,25726
25748,DCTPP1,25727
25749,SEPHS2,25728
25750,ITGAL,25729
25751,AC116348.3,25730
25752,AC116348.1,25731
25753,AC116348.2,25732
25754,ZNF768,25733
25755,AC002310.5,25734
25756,ZNF747,25735
25757,AC002310.4,25736
25758,AC002310.1,25737
25759,ZNF764,25738
25760,ZNF688,25739
25761,AC002310.2,25740
25762,ZNF785,25741
25763,AC093249.2,25742
25764,ZNF689,25743
25765,PRR14,25744
25766,FBRS,25745
25767,AC093249.6,25746
25768,SRCAP,25747
25769,AC106886.5,25748
25770,TMEM265,25749
25771,PHKG2,25750
25772,CCDC189,25751
25773,RNF40,25752
25774,ZNF629,25753
25775,AC106886.3,25754
25776,BCL7C,25755
25777,MIR762HG,25756
25778,CTF1,25757
25779,FBXL19-AS1,25758
25780,FBXL19,25759
25781,ORAI3,25760
25782,AC135048.3,25761
25783,SETD1A,25762
25784,HSD3B7,25763
25785,STX1B,25764
25786,STX4,25765
25787,AC135050.3,25766
25788,AC135050.1,25767
25789,ZNF668,25768
25790,AC135050.4,25769
25791,ZNF646,25770
25792,PRSS53,25771
25793,AC135050.2,25772
25794,VKORC1,25773
25795,BCKDK,25774
25796,KAT8,25775
25797,AC009088.3,25776
25798,PRSS8,25777
25799,PRSS36,25778
25800,FUS,25779
25801,AC009088.2,25780
25802,AC009088.1,25781
25803,PYCARD,25782
25804,PYCARD-AS1,25783
25805,TRIM72,25784
25806,PYDC1,25785
25807,ITGAM,25786
25808,ITGAX,25787
25809,ITGAD,25788
25810,COX6A2,25789
25811,AC026471.5,25790
25812,ZNF843,25791
25813,AC026471.4,25792
25814,AC026471.1,25793
25815,ARMC5,25794
25816,TGFB1I1,25795
25817,SLC5A2,25796
25818,AC026471.3,25797
25819,C16orf58,25798
25820,AC026471.2,25799
25821,AHSP,25800
25822,AC106730.1,25801
25823,LINC02190,25802
25824,AC074050.2,25803
25825,AC074050.4,25804
25826,AC074050.3,25805
25827,ZNF720,25806
25828,ZNF267,25807
25829,IGHV1OR16-1,25808
25830,IGHV1OR16-3,25809
25831,IGHV3OR16-9,25810
25832,AC133485.5,25811
25833,AC133485.3,25812
25834,TP53TG3D,25813
25835,AC133485.2,25814
25836,AC138915.3,25815
25837,AC138907.7,25816
25838,AC138907.1,25817
25839,TP53TG3,25818
25840,AC138907.3,25819
25841,AC138907.2,25820
25842,AC137761.1,25821
25843,IGHV2OR16-5,25822
25844,AC142086.1,25823
25845,IGHV3OR16-15,25824
25846,IGHV3OR16-6,25825
25847,IGHV1OR16-2,25826
25848,IGHV3OR16-10,25827
25849,AC142086.4,25828
25850,IGHV1OR16-4,25829
25851,IGHV3OR16-8,25830
25852,AC145350.2,25831
25853,AC145350.4,25832
25854,AC138869.2,25833
25855,TP53TG3C,25834
25856,AC138869.3,25835
25857,AC141257.2,25836
25858,TP53TG3E,25837
25859,TP53TG3B,25838
25860,AC141257.1,25839
25861,TP53TG3F,25840
25862,AC136944.1,25841
25863,AC136944.2,25842
25864,AC136944.4,25843
25865,IGHV3OR16-12,25844
25866,IGHV3OR16-13,25845
25867,AC136428.1,25846
25868,AC140658.1,25847
25869,IGHV3OR16-11,25848
25870,IGHV3OR16-7,25849
25871,AC133561.2,25850
25872,LINC00273,25851
25873,LINC02184,25852
25874,AC135776.1,25853
25875,AC135776.2,25854
25876,AC023824.5,25855
25877,AC023824.1,25856
25878,AC023824.4,25857
25879,AC023824.3,25858
25880,LINC01566,25859
25881,AC018558.2,25860
25882,AC018558.3,25861
25883,AC018558.1,25862
25884,AC092325.1,25863
25885,LINC02167,25864
25886,AC106785.2,25865
25887,SHCBP1,25866
25888,AC092368.3,25867
25889,VPS35,25868
25890,ORC6,25869
25891,MYLK3,25870
25892,C16orf87,25871
25893,GPT2,25872
25894,DNAJA2,25873
25895,AC018845.3,25874
25896,AC018845.1,25875
25897,NETO2,25876
25898,ITFG1-AS1,25877
25899,ITFG1,25878
25900,AC007494.2,25879
25901,AC007533.1,25880
25902,PHKB,25881
25903,LINC02133,25882
25904,LINC02192,25883
25905,LINC02134,25884
25906,ABCC12,25885
25907,ABCC11,25886
25908,LONP2,25887
25909,SIAH1,25888
25910,N4BP1,25889
25911,AC026470.2,25890
25912,AC023813.1,25891
25913,AC007611.1,25892
25914,AC023813.3,25893
25915,AC023813.4,25894
25916,AC044798.1,25895
25917,AC044798.2,25896
25918,CBLN1,25897
25919,AC007614.1,25898
25920,C16orf78,25899
25921,AC007861.1,25900
25922,AC007861.2,25901
25923,LINC02179,25902
25924,ZNF423,25903
25925,AC007603.1,25904
25926,CNEP1R1,25905
25927,AC007610.1,25906
25928,HEATR3,25907
25929,AC007610.2,25908
25930,TENT4B,25909
25931,ADCY7,25910
25932,BRD7,25911
25933,AC007493.2,25912
25934,LINC02178,25913
25935,AC007493.1,25914
25936,NKD1,25915
25937,AC007608.2,25916
25938,AC007608.1,25917
25939,AC007608.3,25918
25940,SNX20,25919
25941,NOD2,25920
25942,AC007728.2,25921
25943,CYLD,25922
25944,AC007728.1,25923
25945,LINC02168,25924
25946,LINC02128,25925
25947,AC025810.1,25926
25948,LINC02127,25927
25949,AC027688.1,25928
25950,AC027688.2,25929
25951,SALL1,25930
25952,AC009166.1,25931
25953,AC087564.1,25932
25954,AC007344.1,25933
25955,HNRNPA1P48,25934
25956,LINC01571,25935
25957,AC009039.1,25936
25958,LINC00919,25937
25959,LINC02180,25938
25960,AC007333.2,25939
25961,AC007333.1,25940
25962,CASC22,25941
25963,TOX3,25942
25964,CASC16,25943
25965,AC026462.3,25944
25966,AC026462.2,25945
25967,AC026462.4,25946
25968,AC007906.2,25947
25969,CHD9,25948
25970,AC007342.4,25949
25971,AC007342.5,25950
25972,RBL2,25951
25973,AKTIP,25952
25974,RPGRIP1L,25953
25975,FTO,25954
25976,AC007496.2,25955
25977,AC007496.1,25956
25978,AC007347.1,25957
25979,AC007907.1,25958
25980,LINC02169,25959
25981,IRX3,25960
25982,AC018553.2,25961
25983,AC018553.1,25962
25984,LINC02140,25963
25985,LINC02183,25964
25986,AC007491.1,25965
25987,CRNDE,25966
25988,IRX5,25967
25989,AC106738.1,25968
25990,AC106738.2,25969
25991,AC109462.1,25970
25992,AC109462.3,25971
25993,IRX6,25972
25994,AC109462.2,25973
25995,MMP2,25974
25996,AC007336.2,25975
25997,MMP2-AS1,25976
25998,LPCAT2,25977
25999,AC007336.1,25978
26000,CAPNS2,25979
26001,SLC6A2,25980
26002,CES1,25981
26003,CES5A,25982
26004,AC007495.1,25983
26005,AC007495.2,25984
26006,AC079411.1,25985
26007,GNAO1,25986
26008,DKFZP434H168,25987
26009,AC009102.2,25988
26010,AMFR,25989
26011,AC092140.1,25990
26012,NUDT21,25991
26013,OGFOD1,25992
26014,AC092140.2,25993
26015,BBS2,25994
26016,MT4,25995
26017,MT3,25996
26018,MT2A,25997
26019,AC026461.3,25998
26020,MT1E,25999
26021,MT1M,26000
26022,MT1A,26001
26023,MT1B,26002
26024,MT1F,26003
26025,MT1G,26004
26026,MT1H,26005
26027,AC026461.4,26006
26028,MT1X,26007
26029,AC106779.1,26008
26030,NUP93,26009
26031,SLC12A3,26010
26032,HERPUD1,26011
26033,CETP,26012
26034,NLRC5,26013
26035,AC023825.2,26014
26036,AC009090.2,26015
26037,CPNE2,26016
26038,FAM192A,26017
26039,RSPRY1,26018
26040,ARL2BP,26019
26041,AC009090.3,26020
26042,PLLP,26021
26043,CCL22,26022
26044,CX3CL1,26023
26045,CCL17,26024
26046,CIAPIN1,26025
26047,COQ9,26026
26048,POLR2C,26027
26049,DOK4,26028
26050,CCDC102A,26029
26051,ADGRG5,26030
26052,ADGRG1,26031
26053,AC018552.3,26032
26054,ADGRG3,26033
26055,AC018552.2,26034
26056,DRC7,26035
26057,KATNB1,26036
26058,KIFC3,26037
26059,AC092118.2,26038
26060,AC092118.1,26039
26061,CNGB1,26040
26062,TEPP,26041
26063,ZNF319,26042
26064,USB1,26043
26065,MMP15,26044
26066,CFAP20,26045
26067,AC026771.1,26046
26068,AC009107.2,26047
26069,CSNK2A2,26048
26070,AC009107.1,26049
26071,CCDC113,26050
26072,PRSS54,26051
26073,GINS3,26052
26074,AC009118.1,26053
26075,AC009118.2,26054
26076,LINC02137,26055
26077,NDRG4,26056
26078,SETD6,26057
26079,CNOT1,26058
26080,AC009118.3,26059
26081,SLC38A7,26060
26082,GOT2,26061
26083,AC092378.1,26062
26084,AC092378.2,26063
26085,LINC02141,26064
26086,AC018554.3,26065
26087,AC018554.1,26066
26088,AC009081.1,26067
26089,CDH8,26068
26090,AC012174.1,26069
26091,AC009110.1,26070
26092,AC138305.1,26071
26093,AC138305.2,26072
26094,LINC02165,26073
26095,AC092337.1,26074
26096,AC093536.2,26075
26097,AC012322.1,26076
26098,AC092131.1,26077
26099,CDH11,26078
26100,LINC02126,26079
26101,AC009055.2,26080
26102,AC009055.1,26081
26103,LINC00922,26082
26104,AC092138.2,26083
26105,AC092138.1,26084
26106,AC022164.1,26085
26107,CDH5,26086
26108,LINC00920,26087
26109,BEAN1,26088
26110,BEAN1-AS1,26089
26111,AC010542.3,26090
26112,TK2,26091
26113,AC010542.2,26092
26114,AC010542.4,26093
26115,CKLF,26094
26116,CKLF-CMTM1,26095
26117,AC010542.5,26096
26118,CMTM1,26097
26119,CMTM2,26098
26120,AC010542.1,26099
26121,CMTM3,26100
26122,CMTM4,26101
26123,DYNC1LI2,26102
26124,AC018557.1,26103
26125,AC018557.2,26104
26126,AC044802.1,26105
26127,TERB1,26106
26128,NAE1,26107
26129,AC044802.2,26108
26130,CA7,26109
26131,PDP2,26110
26132,CDH16,26111
26133,RRAD,26112
26134,FAM96B,26113
26135,CES2,26114
26136,CES3,26115
26137,CES4A,26116
26138,CBFB,26117
26139,C16orf70,26118
26140,B3GNT9,26119
26141,TRADD,26120
26142,FBXL8,26121
26143,AC074143.1,26122
26144,HSF4,26123
26145,NOL3,26124
26146,KIAA0895L,26125
26147,EXOC3L1,26126
26148,E2F4,26127
26149,ELMO3,26128
26150,LRRC29,26129
26151,TMEM208,26130
26152,FHOD1,26131
26153,SLC9A5,26132
26154,PLEKHG4,26133
26155,KCTD19,26134
26156,LRRC36,26135
26157,TPPP3,26136
26158,ZDHHC1,26137
26159,HSD11B2,26138
26160,AC009061.1,26139
26161,ATP6V0D1,26140
26162,AC009061.2,26141
26163,AGRP,26142
26164,AC027682.6,26143
26165,RIPOR1,26144
26166,AC027682.5,26145
26167,AC027682.2,26146
26168,AC027682.3,26147
26169,AC027682.4,26148
26170,AC027682.1,26149
26171,CTCF,26150
26172,AC009095.1,26151
26173,CARMIL2,26152
26174,ACD,26153
26175,PARD6A,26154
26176,ENKD1,26155
26177,C16orf86,26156
26178,GFOD2,26157
26179,RANBP10,26158
26180,TSNAXIP1,26159
26181,CENPT,26160
26182,THAP11,26161
26183,NUTF2,26162
26184,EDC4,26163
26185,AC040162.3,26164
26186,NRN1L,26165
26187,PSKH1,26166
26188,CTRL,26167
26189,AC040162.1,26168
26190,PSMB10,26169
26191,LCAT,26170
26192,SLC12A4,26171
26193,DPEP3,26172
26194,DPEP2,26173
26195,DUS2,26174
26196,DPEP2NB,26175
26197,DDX28,26176
26198,NFATC3,26177
26199,AC020978.3,26178
26200,AC020978.5,26179
26201,ESRP2,26180
26202,PLA2G15,26181
26203,AC020978.2,26182
26204,SLC7A6,26183
26205,SLC7A6OS,26184
26206,PRMT7,26185
26207,SMPD3,26186
26208,AC099521.1,26187
26209,ZFP90,26188
26210,AC126773.1,26189
26211,AC126773.4,26190
26212,CDH3,26191
26213,AC126773.2,26192
26214,CDH1,26193
26215,AC099314.1,26194
26216,TANGO6,26195
26217,AC009137.1,26196
26218,HAS3,26197
26219,CHTF8,26198
26220,UTP4,26199
26221,SNTB2,26200
26222,AC026464.4,26201
26223,VPS4A,26202
26224,COG8,26203
26225,COG8,26203
26226,PDF,26204
26227,AC026464.3,26205
26228,AC026464.1,26206
26229,NIP7,26207
26230,TMED6,26208
26231,TERF2,26209
26232,CYB5B,26210
26233,NFAT5,26211
26234,NQO1,26212
26235,AC092115.2,26213
26236,AC092115.3,26214
26237,NOB1,26215
26238,WWP2,26216
26239,CLEC18A,26217
26240,PDPR,26218
26241,AC009060.1,26219
26242,CLEC18C,26220
26243,EXOSC6,26221
26244,AARS,26222
26245,DDX19B,26223
26246,AC012184.2,26224
26247,DDX19A,26225
26248,ST3GAL2,26226
26249,AC012184.1,26227
26250,FUK,26228
26251,COG4,26229
26252,SF3B3,26230
26253,IL34,26231
26254,MTSS1L,26232
26255,VAC14,26233
26256,AC020763.1,26234
26257,VAC14-AS1,26235
26258,AC027281.1,26236
26259,HYDIN,26237
26260,AC138625.2,26238
26261,AC138625.1,26239
26262,CMTR2,26240
26263,AC106736.1,26241
26264,CALB2,26242
26265,LINC02136,26243
26266,TLE7,26244
26267,ZNF23,26245
26268,AC010547.4,26246
26269,AC010547.1,26247
26270,ZNF19,26248
26271,AC010547.3,26249
26272,CHST4,26250
26273,TAT,26251
26274,TAT-AS1,26252
26275,AC009097.2,26253
26276,MARVELD3,26254
26277,PHLPP2,26255
26278,AC009097.1,26256
26279,AC009097.4,26257
26280,AC009097.3,26258
26281,AP1G1,26259
26282,ATXN1L,26260
26283,IST1,26261
26284,ZNF821,26262
26285,PKD1L3,26263
26286,DHODH,26264
26287,TXNL4B,26265
26288,HP,26266
26289,HPR,26267
26290,AC009087.1,26268
26291,DHX38,26269
26292,PMFBP1,26270
26293,AC009075.1,26271
26294,LINC01572,26272
26295,AC004158.1,26273
26296,AC004943.2,26274
26297,AC004943.3,26275
26298,ZFHX3,26276
26299,AC004943.1,26277
26300,AC116667.1,26278
26301,HCCAT5,26279
26302,AC116667.2,26280
26303,AC140912.1,26281
26304,LINC01568,26282
26305,AC092114.1,26283
26306,AC087565.2,26284
26307,AC087565.1,26285
26308,AC138627.1,26286
26309,AC009120.4,26287
26310,AC009120.5,26288
26311,PSMD7,26289
26312,AC009120.3,26290
26313,AC009053.2,26291
26314,NPIPB15,26292
26315,CLEC18B,26293
26316,AC009053.3,26294
26317,GLG1,26295
26318,RFWD3,26296
26319,MLKL,26297
26320,FA2H,26298
26321,WDR59,26299
26322,ZNRF1,26300
26323,AC099508.1,26301
26324,LDHD,26302
26325,AC099508.2,26303
26326,ZFP1,26304
26327,CTRB2,26305
26328,CTRB1,26306
26329,BCAR1,26307
26330,CFDP1,26308
26331,AC009163.4,26309
26332,AC009163.7,26310
26333,TMEM170A,26311
26334,CHST6,26312
26335,AC009163.1,26313
26336,AC009163.6,26314
26337,AC009163.2,26315
26338,CHST5,26316
26339,TMEM231,26317
26340,AC025287.2,26318
26341,GABARAPL2,26319
26342,AC025287.3,26320
26343,ADAT1,26321
26344,KARS,26322
26345,TERF2IP,26323
26346,AC025287.4,26324
26347,DUXB,26325
26348,CPHXL,26326
26349,AC105430.1,26327
26350,AC099511.1,26328
26351,AC010528.1,26329
26352,CNTNAP4,26330
26353,AC104151.1,26331
26354,AC108125.1,26332
26355,LINC02125,26333
26356,AC106729.1,26334
26357,MON1B,26335
26358,SYCE1L,26336
26359,AC009139.2,26337
26360,AC009139.1,26338
26361,ADAMTS18,26339
26362,AC025284.1,26340
26363,LINC02131,26341
26364,NUDT7,26342
26365,AC092134.1,26343
26366,VAT1L,26344
26367,AC079414.1,26345
26368,CLEC3A,26346
26369,WWOX,26347
26370,WWOX-AS1,26348
26371,AC046158.1,26349
26372,AC009145.3,26350
26373,AC092376.2,26351
26374,AC092376.1,26352
26375,AC084064.1,26353
26376,MAF,26354
26377,AC009159.2,26355
26378,AC009159.3,26356
26379,AC009159.1,26357
26380,LINC01229,26358
26381,MAFTRR,26359
26382,LINC01228,26360
26383,AC092130.1,26361
26384,AC022166.1,26362
26385,AC105411.1,26363
26386,AC022166.2,26364
26387,DYNLRB2,26365
26388,AC108097.1,26366
26389,LINC01227,26367
26390,CDYL2,26368
26391,AC099313.1,26369
26392,LINC02170,26370
26393,CMC2,26371
26394,CENPN,26372
26395,AC092718.2,26373
26396,AC092718.8,26374
26397,ATMIN,26375
26398,C16orf46,26376
26399,AC092718.3,26377
26400,AC092718.5,26378
26401,AC092718.6,26379
26402,AC092718.1,26380
26403,GCSH,26381
26404,BCO1,26382
26405,AC009148.1,26383
26406,GAN,26384
26407,AC092139.1,26385
26408,CMIP,26386
26409,AC099524.1,26387
26410,PLCG2,26388
26411,AC092142.2,26389
26412,SDR42E1,26390
26413,HSD17B2,26391
26414,AC092142.1,26392
26415,MPHOSPH6,26393
26416,AC138304.1,26394
26417,AC009117.3,26395
26418,AC009117.2,26396
26419,CDH13,26397
26420,AC125793.1,26398
26421,AC009142.1,26399
26422,AC009063.3,26400
26423,AC009063.2,26401
26424,AC009063.1,26402
26425,AC009119.1,26403
26426,HSBP1,26404
26427,MLYCD,26405
26428,AC009119.2,26406
26429,AC009119.3,26407
26430,OSGIN1,26408
26431,NECAB2,26409
26432,SLC38A8,26410
26433,MBTPS1,26411
26434,AC040169.1,26412
26435,HSDL1,26413
26436,DNAAF1,26414
26437,TAF1C,26415
26438,ADAD2,26416
26439,AC009123.1,26417
26440,KCNG4,26418
26441,AC010551.3,26419
26442,WFDC1,26420
26443,AC010551.2,26421
26444,AC010551.1,26422
26445,ATP2C2,26423
26446,ATP2C2-AS1,26424
26447,TLDC1,26425
26448,AC022165.1,26426
26449,COTL1,26427
26450,AC092145.1,26428
26451,KLHL36,26429
26452,USP10,26430
26453,CRISPLD2,26431
26454,LINC02176,26432
26455,ZDHHC7,26433
26456,KIAA0513,26434
26457,FAM92B,26435
26458,LINC02139,26436
26459,AC026469.1,26437
26460,GSE1,26438
26461,LINC00311,26439
26462,AC133540.1,26440
26463,AC092127.2,26441
26464,AC092127.1,26442
26465,GINS2,26443
26466,C16orf74,26444
26467,AC018695.2,26445
26468,EMC8,26446
26469,AC018695.4,26447
26470,AC018695.3,26448
26471,COX4I1,26449
26472,IRF8,26450
26473,AC092723.5,26451
26474,LINC02132,26452
26475,AC092723.4,26453
26476,AC092723.1,26454
26477,AC092723.3,26455
26478,AC135012.1,26456
26479,AC135012.2,26457
26480,AC135012.3,26458
26481,LINC01082,26459
26482,AC040170.1,26460
26483,LINC01081,26461
26484,LINC02135,26462
26485,LINC00917,26463
26486,AC092327.2,26464
26487,FENDRR,26465
26488,FOXF1,26466
26489,AC009108.3,26467
26490,MTHFSD,26468
26491,FOXC2-AS1,26469
26492,FOXC2,26470
26493,FOXL1,26471
26494,AC009108.2,26472
26495,AC009154.1,26473
26496,AC009154.2,26474
26497,LINC02189,26475
26498,LINC02188,26476
26499,LINC02181,26477
26500,AC106745.1,26478
26501,C16orf95,26479
26502,AC136285.1,26480
26503,AC136285.2,26481
26504,AC010531.1,26482
26505,AC010531.6,26483
26506,FBXO31,26484
26507,AC010531.7,26485
26508,AC010531.5,26486
26509,MAP1LC3B,26487
26510,AC010531.3,26488
26511,ZCCHC14,26489
26512,AC092720.1,26490
26513,AC092720.2,26491
26514,JPH3,26492
26515,AC010536.3,26493
26516,AC010536.1,26494
26517,KLHDC4,26495
26518,AC126696.3,26496
26519,AC126696.1,26497
26520,SLC7A5,26498
26521,AC126696.2,26499
26522,CA5A,26500
26523,BANP,26501
26524,AC134312.4,26502
26525,AC134312.3,26503
26526,AC134312.1,26504
26527,AC134312.2,26505
26528,AC134312.5,26506
26529,AC134312.6,26507
26530,LINC02182,26508
26531,AC138512.1,26509
26532,ZNF469,26510
26533,ZFPM1,26511
26534,AC116552.1,26512
26535,ZC3H18,26513
26536,IL17C,26514
26537,CYBA,26515
26538,MVD,26516
26539,SNAI3-AS1,26517
26540,SNAI3,26518
26541,RNF166,26519
26542,AC138028.3,26520
26543,CTU2,26521
26544,AC138028.6,26522
26545,PIEZO1,26523
26546,AC138028.4,26524
26547,AC138028.2,26525
26548,AC138028.5,26526
26549,AC138028.1,26527
26550,CDT1,26528
26551,APRT,26529
26552,GALNS,26530
26553,TRAPPC2L,26531
26554,PABPN1L,26532
26555,CBFA2T3,26533
26556,AC092384.2,26534
26557,AC092384.1,26535
26558,AC135782.2,26536
26559,AC135782.1,26537
26560,ACSF3,26538
26561,AC135782.3,26539
26562,LINC00304,26540
26563,LINC02138,26541
26564,CDH15,26542
26565,SLC22A31,26543
26566,AC009113.1,26544
26567,ZNF778,26545
26568,AC009113.2,26546
26569,ANKRD11,26547
26570,AC137932.3,26548
26571,AC137932.1,26549
26572,SPG7,26550
26573,AC092123.1,26551
26574,RPL13,26552
26575,CPNE7,26553
26576,DPEP1,26554
26577,CHMP1A,26555
26578,SPATA33,26556
26579,CDK10,26557
26580,LINC02166,26558
26581,AC010538.1,26559
26582,SPATA2L,26560
26583,VPS9D1,26561
26584,VPS9D1-AS1,26562
26585,ZNF276,26563
26586,FANCA,26564
26587,SPIRE2,26565
26588,TCF25,26566
26589,MC1R,26567
26590,AC092143.1,26568
26591,AC092143.2,26569
26592,TUBB3,26570
26593,DEF8,26571
26594,CENPBD1,26572
26595,DBNDD1,26573
26596,GAS8,26574
26597,GAS8-AS1,26575
26598,PRDM7,26576
26599,FAM157C,26577
26600,AC133919.1,26578
26601,AC133919.2,26579
26602,LINC02193,26580
26603,AC240565.2,26581
26604,AC240565.1,26582
26605,SCGB1C2,26583
26606,DOC2B,26584
26607,LINC02091,26585
26608,RPH3AL,26586
26609,AC129507.4,26587
26610,AC129507.2,26588
26611,AC129507.3,26589
26612,AC141424.1,26590
26613,C17orf97,26591
26614,RFLNB,26592
26615,AC015853.2,26593
26616,VPS53,26594
26617,AC015853.3,26595
26618,AC015853.1,26596
26619,FAM57A,26597
26620,GEMIN4,26598
26621,GLOD4,26599
26622,AC087392.3,26600
26623,MRM3,26601
26624,AC087392.4,26602
26625,AC087392.5,26603
26626,NXN,26604
26627,AC087392.2,26605
26628,AC087392.1,26606
26629,TIMM22,26607
26630,ABR,26608
26631,AC016292.1,26609
26632,AC144836.1,26610
26633,BHLHA9,26611
26634,TRARG1,26612
26635,YWHAE,26613
26636,CRK,26614
26637,AC032044.1,26615
26638,MYO1C,26616
26639,INPP5K,26617
26640,PITPNA-AS1,26618
26641,PITPNA,26619
26642,SLC43A2,26620
26643,SCARF1,26621
26644,RILP,26622
26645,PRPF8,26623
26646,AC130343.2,26624
26647,TLCD2,26625
26648,MIR22HG,26626
26649,WDR81,26627
26650,AC130343.1,26628
26651,SERPINF2,26629
26652,SERPINF1,26630
26653,SMYD4,26631
26654,RPA1,26632
26655,RTN4RL1,26633
26656,AC099684.2,26634
26657,AC099684.1,26635
26658,DPH1,26636
26659,OVCA2,26637
26660,AC090617.3,26638
26661,AC090617.5,26639
26662,HIC1,26640
26663,SMG6,26641
26664,AC090617.4,26642
26665,AC090617.2,26643
26666,AL450226.1,26644
26667,SRR,26645
26668,TSR1,26646
26669,SGSM2,26647
26670,AC006435.3,26648
26671,AC006435.2,26649
26672,MNT,26650
26673,AC006435.1,26651
26674,METTL16,26652
26675,PAFAH1B1,26653
26676,AC005696.2,26654
26677,AC005696.3,26655
26678,CLUH,26656
26679,AC005696.1,26657
26680,AC005696.4,26658
26681,hsa-mir-1253,26659
26682,RAP1GAP2,26660
26683,AC015921.1,26661
26684,OR1D5,26662
26685,OR1D2,26663
26686,OR1G1,26664
26687,AC090282.1,26665
26688,OR1A2,26666
26689,OR1A1,26667
26690,OR3A2,26668
26691,OR3A1,26669
26692,AC087498.1,26670
26693,OR1E1,26671
26694,OR3A3,26672
26695,OR1E2,26673
26696,SPATA22,26674
26697,ASPA,26675
26698,TRPV3,26676
26699,TRPV1,26677
26700,AC027796.3,26678
26701,SHPK,26679
26702,CTNS,26680
26703,AC027796.4,26681
26704,TAX1BP3,26682
26705,P2RX5-TAX1BP3,26683
26706,EMC6,26684
26707,P2RX5,26685
26708,ITGAE,26686
26709,AC116914.2,26687
26710,HASPIN,26688
26711,AC116914.1,26689
26712,NCBP3,26690
26713,CAMKK1,26691
26714,P2RX1,26692
26715,ATP2A3,26693
26716,LINC01975,26694
26717,ZZEF1,26695
26718,CYB5D2,26696
26719,ANKFY1,26697
26720,AC087292.1,26698
26721,AC087742.1,26699
26722,UBE2G1,26700
26723,SPNS3,26701
26724,AC127521.1,26702
26725,AC118754.1,26703
26726,SPNS2,26704
26727,MYBBP1A,26705
26728,GGT6,26706
26729,AC118754.2,26707
26730,SMTNL2,26708
26731,LINC01996,26709
26732,ALOX15,26710
26733,PELP1,26711
26734,AC091153.2,26712
26735,AC091153.3,26713
26736,ARRB2,26714
26737,MED11,26715
26738,AC091153.4,26716
26739,CXCL16,26717
26740,ZMYND15,26718
26741,TM4SF5,26719
26742,VMO1,26720
26743,GLTPD2,26721
26744,PSMB6,26722
26745,AC233723.1,26723
26746,PLD2,26724
26747,MINK1,26725
26748,CHRNE,26726
26749,C17orf107,26727
26750,GP1BA,26728
26751,SLC25A11,26729
26752,RNF167,26730
26753,PFN1,26731
26754,ENO3,26732
26755,SPAG7,26733
26756,CAMTA2,26734
26757,AC004771.4,26735
26758,AC004771.2,26736
26759,AC004771.5,26737
26760,AC004771.3,26738
26761,INCA1,26739
26762,KIF1C,26740
26763,AC004771.1,26741
26764,SLC52A1,26742
26765,AC012146.3,26743
26766,ZFP3,26744
26767,ZNF232,26745
26768,USP6,26746
26769,ZNF594,26747
26770,AC087500.1,26748
26771,SCIMP,26749
26772,AC087500.2,26750
26773,RABEP1,26751
26774,NUP88,26752
26775,AC015727.1,26753
26776,RPAIN,26754
26777,AC004148.2,26755
26778,C1QBP,26756
26779,DHX33,26757
26780,AC004148.1,26758
26781,DERL2,26759
26782,MIS12,26760
26783,NLRP1,26761
26784,AC007846.1,26762
26785,AC007846.2,26763
26786,WSCD1,26764
26787,AIPL1,26765
26788,PIMREG,26766
26789,PITPNM3,26767
26790,KIAA0753,26768
26791,TXNDC17,26769
26792,MED31,26770
26793,C17orf100,26771
26794,AC004706.1,26772
26795,SLC13A5,26773
26796,XAF1,26774
26797,FBXO39,26775
26798,TEKT1,26776
26799,ALOX12-AS1,26777
26800,AC027763.2,26778
26801,AC040977.2,26779
26802,AC040977.1,26780
26803,ALOX12,26781
26804,RNASEK,26782
26805,RNASEK-C17orf49,26783
26806,C17orf49,26784
26807,MIR497HG,26785
26808,BCL6B,26786
26809,SLC16A13,26787
26810,SLC16A11,26788
26811,CLEC10A,26789
26812,ASGR2,26790
26813,ASGR1,26791
26814,DLG4,26792
26815,ACADVL,26793
26816,DVL2,26794
26817,PHF23,26795
26818,GABARAP,26796
26819,AC120057.2,26797
26820,CTDNEP1,26798
26821,AC003688.1,26799
26822,ELP5,26800
26823,CLDN7,26801
26824,SLC2A4,26802
26825,AC003688.2,26803
26826,YBX2,26804
26827,EIF5A,26805
26828,GPS2,26806
26829,AC026954.2,26807
26830,NEURL4,26808
26831,ACAP1,26809
26832,KCTD11,26810
26833,AC026954.3,26811
26834,TMEM95,26812
26835,TNK1,26813
26836,PLSCR3,26814
26837,TMEM256-PLSCR3,26815
26838,TMEM256,26816
26839,NLGN2,26817
26840,SPEM1,26818
26841,SPEM2,26819
26842,SPEM3,26820
26843,TMEM102,26821
26844,AC113189.1,26822
26845,FGF11,26823
26846,AC113189.3,26824
26847,CHRNB1,26825
26848,ZBTB4,26826
26849,SLC35G6,26827
26850,POLR2A,26828
26851,TNFSF12,26829
26852,TNFSF12-TNFSF13,26830
26853,AC016876.3,26831
26854,TNFSF13,26832
26855,SENP3,26833
26856,SENP3-EIF4A1,26834
26857,EIF4A1,26835
26858,CD68,26836
26859,AC016876.1,26837
26860,MPDU1,26838
26861,SOX15,26839
26862,FXR2,26840
26863,SHBG,26841
26864,SAT2,26842
26865,ATP1B2,26843
26866,TP53,26844
26867,WRAP53,26845
26868,EFNB3,26846
26869,DNAH2,26847
26870,KDM6B,26848
26871,TMEM88,26849
26872,NAA38,26850
26873,CYB5D1,26851
26874,CHD3,26852
26875,RNF227,26853
26876,KCNAB3,26854
26877,AC104581.2,26855
26878,TRAPPC1,26856
26879,CNTROB,26857
26880,GUCY2D,26858
26881,ALOX15B,26859
26882,AC129492.2,26860
26883,ALOX12B,26861
26884,AC129492.1,26862
26885,ALOXE3,26863
26886,HES7,26864
26887,PER1,26865
26888,AC129492.3,26866
26889,VAMP2,26867
26890,TMEM107,26868
26891,AC129492.4,26869
26892,BORCS6,26870
26893,AURKB,26871
26894,LINC00324,26872
26895,CTC1,26873
26896,PFAS,26874
26897,AC135178.5,26875
26898,SLC25A35,26876
26899,RANGRF,26877
26900,ARHGEF15,26878
26901,AC135178.1,26879
26902,AC135178.4,26880
26903,ODF4,26881
26904,AC135178.3,26882
26905,KRBA2,26883
26906,AC135178.2,26884
26907,RPL26,26885
26908,RNF222,26886
26909,NDEL1,26887
26910,MYH10,26888
26911,CCDC42,26889
26912,SPDYE4,26890
26913,MFSD6L,26891
26914,PIK3R6,26892
26915,PIK3R5,26893
26916,AC002091.2,26894
26917,AC002091.1,26895
26918,NTN1,26896
26919,AC005695.1,26897
26920,AC005695.3,26898
26921,STX8,26899
26922,AC005695.2,26900
26923,AC087501.1,26901
26924,AC087501.2,26902
26925,AC087501.3,26903
26926,CFAP52,26904
26927,AC118755.2,26905
26928,USP43,26906
26929,AC118755.1,26907
26930,AC027045.2,26908
26931,DHRS7C,26909
26932,GSG1L2,26910
26933,AC027045.3,26911
26934,GLP2R,26912
26935,RCVRN,26913
26936,GAS7,26914
26937,AC005291.2,26915
26938,MYH13,26916
26939,AC005291.1,26917
26940,AC005323.2,26918
26941,MYHAS,26919
26942,MYH8,26920
26943,MYH4,26921
26944,MYH1,26922
26945,MYH2,26923
26946,AC005323.1,26924
26947,MYH3,26925
26948,AC002347.1,26926
26949,SCO1,26927
26950,AC002347.2,26928
26951,ADPRM,26929
26952,TMEM220,26930
26953,TMEM220-AS1,26931
26954,AC015908.3,26932
26955,AC015908.4,26933
26956,TMEM238L,26934
26957,PIRT,26935
26958,AC015908.2,26936
26959,SHISA6,26937
26960,AC005725.1,26938
26961,DNAH9,26939
26962,AC005209.1,26940
26963,AC005410.2,26941
26964,ZNF18,26942
26965,MAP2K4,26943
26966,AC005244.2,26944
26967,LINC00670,26945
26968,MYOCD,26946
26969,AC005358.1,26947
26970,AC005358.2,26948
26971,ARHGAP44,26949
26972,AC005277.2,26950
26973,AC005277.1,26951
26974,ELAC2,26952
26975,AC005303.1,26953
26976,LINC02093,26954
26977,HS3ST3A1,26955
26978,AC005304.2,26956
26979,AC005304.1,26957
26980,AC005304.3,26958
26981,COX10,26959
26982,AC005224.1,26960
26983,CDRT15,26961
26984,AC005224.2,26962
26985,HS3ST3B1,26963
26986,AC005224.4,26964
26987,AC005224.3,26965
26988,AC022816.1,26966
26989,AC013248.1,26967
26990,AC005863.1,26968
26991,LINC02096,26969
26992,AC005772.1,26970
26993,CDRT7,26971
26994,CDRT8,26972
26995,PMP22,26973
26996,AC005703.3,26974
26997,AC005703.1,26975
26998,AC005703.2,26976
26999,TEKT3,26977
27000,AC005703.4,26978
27001,CDRT4,26979
27002,TVP23C-CDRT4,26980
27003,TVP23C,26981
27004,AC005838.2,26982
27005,CDRT1,26983
27006,AC005324.3,26984
27007,TRIM16,26985
27008,AC005324.5,26986
27009,ZNF286A,26987
27010,AC005324.4,26988
27011,TBC1D26,26989
27012,AC005324.1,26990
27013,AC005324.2,26991
27014,AC015922.3,26992
27015,AC015922.4,26993
27016,LINC02087,26994
27017,ADORA2B,26995
27018,ZSWIM7,26996
27019,TTC19,26997
27020,AC002553.2,26998
27021,NCOR1,26999
27022,AC002553.1,27000
27023,PIGL,27001
27024,CENPV,27002
27025,UBB,27003
27026,AC093484.3,27004
27027,AC093484.2,27005
27028,TRPV2,27006
27029,AC093484.4,27007
27030,LRRC75A,27008
27031,ZNF287,27009
27032,ZNF624,27010
27033,AC098850.2,27011
27034,CCDC144A,27012
27035,AC098850.3,27013
27036,AC098850.1,27014
27037,AC022596.1,27015
27038,AC022596.2,27016
27039,TNFRSF13B,27017
27040,AC104024.1,27018
27041,LINC02090,27019
27042,AC104024.2,27020
27043,MPRIP,27021
27044,MPRIP-AS1,27022
27045,AC055811.1,27023
27046,PLD6,27024
27047,AC055811.2,27025
27048,FLCN,27026
27049,AC055811.3,27027
27050,COPS3,27028
27051,NT5M,27029
27052,MED9,27030
27053,RASD1,27031
27054,PEMT,27032
27055,AC020558.2,27033
27056,AC020558.1,27034
27057,SMCR2,27035
27058,RAI1,27036
27059,RAI1-AS1,27037
27060,SMCR5,27038
27061,SREBF1,27039
27062,TOM1L2,27040
27063,AC122129.1,27041
27064,DRC3,27042
27065,ATPAF2,27043
27066,GID4,27044
27067,DRG2,27045
27068,MYO15A,27046
27069,AC087164.1,27047
27070,ALKBH5,27048
27071,LLGL1,27049
27072,FLII,27050
27073,MIEF2,27051
27074,AC127537.1,27052
27075,TOP3A,27053
27076,SMCR8,27054
27077,SHMT1,27055
27078,EVPLL,27056
27079,AL353997.2,27057
27080,LINC02076,27058
27081,LGALS9C,27059
27082,TBC1D28,27060
27083,ZNF286B,27061
27084,TRIM16L,27062
27085,FBXW10,27063
27086,TVP23B,27064
27087,AC107982.3,27065
27088,PRPSAP2,27066
27089,AC107982.2,27067
27090,SLC5A10,27068
27091,AC090286.1,27069
27092,FAM83G,27070
27093,GRAP,27071
27094,AC007952.3,27072
27095,AC007952.7,27073
27096,AC007952.4,27074
27097,GRAPL,27075
27098,AC007952.6,27076
27099,AC007952.1,27077
27100,AC007952.5,27078
27101,AC007952.8,27079
27102,AC106017.1,27080
27103,EPN2,27081
27104,AC106017.2,27082
27105,EPN2-AS1,27083
27106,AC124066.1,27084
27107,B9D1,27085
27108,MAPK7,27086
27109,MFAP4,27087
27110,RNF112,27088
27111,AC004448.3,27089
27112,AC004448.2,27090
27113,LINC02094,27091
27114,AC004448.1,27092
27115,SLC47A1,27093
27116,AC025627.1,27094
27117,ALDH3A2,27095
27118,AC115989.2,27096
27119,SLC47A2,27097
27120,AC005722.2,27098
27121,AC005722.3,27099
27122,ALDH3A1,27100
27123,ULK2,27101
27124,AC015726.2,27102
27125,AC015726.1,27103
27126,AKAP10,27104
27127,AC005730.2,27105
27128,SPECC1,27106
27129,AC004702.1,27107
27130,LINC01984,27108
27131,LGALS9B,27109
27132,AC015818.8,27110
27133,AC015818.2,27111
27134,AC015818.9,27112
27135,AC015818.4,27113
27136,CDRT15L2,27114
27137,LINC02088,27115
27138,AC126365.1,27116
27139,CCDC144NL,27117
27140,AC090774.3,27118
27141,CCDC144NL-AS1,27119
27142,AC107926.1,27120
27143,USP22,27121
27144,AC087393.2,27122
27145,LINC01563,27123
27146,DHRS7B,27124
27147,TMEM11,27125
27148,AC087294.1,27126
27149,NATD1,27127
27150,MAP2K3,27128
27151,KCNJ12,27129
27152,AC068418.2,27130
27153,AC068418.1,27131
27154,AC233702.5,27132
27155,C17orf51,27133
27156,AC233702.7,27134
27157,KCNJ18,27135
27158,LINC02002,27136
27159,AC138761.3,27137
27160,FAM27E5,27138
27161,AC209154.2,27139
27162,AC132825.3,27140
27163,MTRNR2L1,27141
27164,AC132825.2,27142
27165,AC131274.1,27143
27166,AC131274.4,27144
27167,AC069061.2,27145
27168,AC129926.1,27146
27169,WSB1,27147
27170,AC026254.2,27148
27171,KSR1,27149
27172,AC015688.4,27150
27173,AC015688.6,27151
27174,LGALS9,27152
27175,NOS2,27153
27176,AC005697.1,27154
27177,AC005697.2,27155
27178,LYRM9,27156
27179,LINC01992,27157
27180,NLK,27158
27181,AC061975.7,27159
27182,ERVE-1,27160
27183,AC061975.6,27161
27184,AC061975.4,27162
27185,AC061975.1,27163
27186,TMEM97,27164
27187,IFT20,27165
27188,TNFAIP1,27166
27189,POLDIP2,27167
27190,TMEM199,27168
27191,AC002094.2,27169
27192,SEBOX,27170
27193,AC002094.3,27171
27194,SARM1,27172
27195,VTN,27173
27196,SLC46A1,27174
27197,AC015917.2,27175
27198,AC005726.1,27176
27199,SLC13A2,27177
27200,FOXN1,27178
27201,UNC119,27179
27202,PIGS,27180
27203,ALDOC,27181
27204,AC005726.4,27182
27205,SPAG5,27183
27206,AC005726.5,27184
27207,SGK494,27185
27208,KIAA0100,27186
27209,AC005726.2,27187
27210,SDF2,27188
27211,SUPT6H,27189
27212,AC010761.3,27190
27213,PROCA1,27191
27214,RAB34,27192
27215,RPL23A,27193
27216,AC010761.1,27194
27217,TLCD1,27195
27218,NEK8,27196
27219,AC010761.6,27197
27220,AC010761.2,27198
27221,TRAF4,27199
27222,AC010761.4,27200
27223,AC010761.5,27201
27224,FAM222B,27202
27225,ERAL1,27203
27226,AC024267.1,27204
27227,FLOT2,27205
27228,AC024267.3,27206
27229,AC024267.6,27207
27230,DHRS13,27208
27231,PHF12,27209
27232,AC024267.4,27210
27233,AC024267.5,27211
27234,PIPOX,27212
27235,SEZ6,27213
27236,AC024619.2,27214
27237,MYO18A,27215
27238,TIAF1,27216
27239,AC024619.3,27217
27240,CRYBA1,27218
27241,NUFIP2,27219
27242,AC068025.2,27220
27243,AC068025.1,27221
27244,TAOK1,27222
27245,ABHD15-AS1,27223
27246,ABHD15,27224
27247,TP53I13,27225
27248,GIT1,27226
27249,ANKRD13B,27227
27250,AC104564.4,27228
27251,CORO6,27229
27252,SSH2,27230
27253,AC104564.1,27231
27254,AC023389.1,27232
27255,AC104982.1,27233
27256,EFCAB5,27234
27257,AC104996.1,27235
27258,AC104984.2,27236
27259,NSRP1,27237
27260,AC104984.3,27238
27261,AC104984.6,27239
27262,SLC6A4,27240
27263,AC104984.1,27241
27264,AC104984.4,27242
27265,BLMH,27243
27266,TMIGD1,27244
27267,CPD,27245
27268,GOSR1,27246
27269,AC011840.3,27247
27270,TBC1D29,27248
27271,AC011840.5,27249
27272,AC011840.2,27250
27273,AC127024.3,27251
27274,AC127024.2,27252
27275,CRLF3,27253
27276,AC127024.5,27254
27277,AC127024.6,27255
27278,ATAD5,27256
27279,AC130324.2,27257
27280,AC130324.1,27258
27281,TEFM,27259
27282,AC130324.3,27260
27283,ADAP2,27261
27284,AC138207.1,27262
27285,AC138207.5,27263
27286,RNF135,27264
27287,AC138207.7,27265
27288,AC138207.2,27266
27289,NF1,27267
27290,OMG,27268
27291,EVI2B,27269
27292,AC134669.1,27270
27293,EVI2A,27271
27294,RAB11FIP4,27272
27295,AC003101.2,27273
27296,AC003101.1,27274
27297,AC007923.4,27275
27298,AC007923.1,27276
27299,AC004253.2,27277
27300,COPRS,27278
27301,UTP6,27279
27302,AC004253.1,27280
27303,SUZ12,27281
27304,LRRC37B,27282
27305,AC116407.2,27283
27306,AC116407.1,27284
27307,RHOT1,27285
27308,RHBDL3,27286
27309,AC026620.1,27287
27310,C17orf75,27288
27311,AC005899.3,27289
27312,ZNF207,27290
27313,AC005899.6,27291
27314,AC005899.7,27292
27315,AC005899.5,27293
27316,AC005899.8,27294
27317,AC005899.1,27295
27318,PSMD11,27296
27319,CDK5R1,27297
27320,MYO1D,27298
27321,AC079336.5,27299
27322,AC079336.4,27300
27323,AC025211.1,27301
27324,AC084809.1,27302
27325,AC084809.2,27303
27326,TMEM98,27304
27327,SPACA3,27305
27328,ASIC2,27306
27329,AC008133.1,27307
27330,AC011824.4,27308
27331,AC011824.2,27309
27332,AC011824.1,27310
27333,AC024614.1,27311
27334,AC024614.2,27312
27335,AC024614.4,27313
27336,AC024610.2,27314
27337,AC024610.1,27315
27338,AC004147.3,27316
27339,AC004147.2,27317
27340,LINC01989,27318
27341,AC005549.1,27319
27342,CCL2,27320
27343,CCL7,27321
27344,CCL11,27322
27345,CCL8,27323
27346,CCL13,27324
27347,CCL1,27325
27348,AC011193.1,27326
27349,TMEM132E,27327
27350,AC005552.1,27328
27351,AC022903.1,27329
27352,CCT6B,27330
27353,ZNF830,27331
27354,LIG3,27332
27355,RFFL,27333
27356,AC004223.3,27334
27357,AC004223.4,27335
27358,AC004223.2,27336
27359,RAD51D,27337
27360,FNDC8,27338
27361,NLE1,27339
27362,UNC45B,27340
27363,AC022916.4,27341
27364,SLC35G3,27342
27365,AC022916.1,27343
27366,SLFN5,27344
27367,AC022706.1,27345
27368,SLFN11,27346
27369,AC060766.6,27347
27370,AC060766.4,27348
27371,SLFN12,27349
27372,SLFN13,27350
27373,SLFN12L,27351
27374,AC015911.5,27352
27375,AC015911.2,27353
27376,SLFN14,27354
27377,AC015911.6,27355
27378,AC015911.9,27356
27379,LINC02001,27357
27380,PEX12,27358
27381,AP2B1,27359
27382,TAF15,27360
27383,RASL10B,27361
27384,GAS2L2,27362
27385,MMP28,27363
27386,C17orf50,27364
27387,AC015849.2,27365
27388,AC015849.3,27366
27389,HEATR9,27367
27390,AC015849.1,27368
27391,CCL5,27369
27392,AC015849.5,27370
27393,RDM1,27371
27394,LYZL6,27372
27395,CCL16,27373
27396,CCL14,27374
27397,AC244100.2,27375
27398,CCL15-CCL14,27376
27399,CCL15,27377
27400,AC244100.3,27378
27401,AC244100.4,27379
27402,CCL23,27380
27403,CCL18,27381
27404,AC243829.4,27382
27405,CCL3,27383
27406,CCL4,27384
27407,AC243829.2,27385
27408,TBC1D3B,27386
27409,AC243829.1,27387
27410,CCL3L1,27388
27411,CCL4L2,27389
27412,AC243829.5,27390
27413,TBC1D3I,27391
27414,TBC1D3G,27392
27415,TBC1D3H,27393
27416,TBC1D3F,27394
27417,ZNHIT3,27395
27418,MYO19,27396
27419,PIGW,27397
27420,GGNBP2,27398
27421,DHRS11,27399
27422,MRM1,27400
27423,AC243830.2,27401
27424,AC243830.3,27402
27425,AC243830.1,27403
27426,LHX1-DT,27404
27427,LHX1,27405
27428,AC243773.1,27406
27429,AATF,27407
27430,AC244093.5,27408
27431,ACACA,27409
27432,C17orf78,27410
27433,TADA2A,27411
27434,AC243654.1,27412
27435,DUSP14,27413
27436,SYNRG,27414
27437,DDX52,27415
27438,AC243585.2,27416
27439,AC243571.2,27417
27440,AC243585.1,27418
27441,HNF1B,27419
27442,AC243571.1,27420
27443,TBC1D3K,27421
27444,TBC1D3L,27422
27445,TBC1D3D,27423
27446,TBC1D3C,27424
27447,TBC1D3E,27425
27448,TBC1D3,27426
27449,MRPL45,27427
27450,GPR179,27428
27451,SOCS7,27429
27452,ARHGAP23,27430
27453,SRCIN1,27431
27454,AC006449.1,27432
27455,EPOP,27433
27456,AC006449.6,27434
27457,AC006449.2,27435
27458,MLLT6,27436
27459,AC006449.3,27437
27460,CISD3,27438
27461,PCGF2,27439
27462,AC006449.5,27440
27463,PSMB3,27441
27464,PIP4K2B,27442
27465,CWC25,27443
27466,C17orf98,27444
27467,RPL23,27445
27468,LASP1,27446
27469,AC006441.1,27447
27470,AC006441.3,27448
27471,LINC00672,27449
27472,FBXO47,27450
27473,AC006441.4,27451
27474,LINC02079,27452
27475,PLXDC1,27453
27476,ARL5C,27454
27477,AC004408.1,27455
27478,CACNB1,27456
27479,RPL19,27457
27480,STAC2,27458
27481,FBXL20,27459
27482,AC005288.1,27460
27483,MED1,27461
27484,CDK12,27462
27485,AC009283.1,27463
27486,NEUROD2,27464
27487,AC087491.1,27465
27488,PPP1R1B,27466
27489,STARD3,27467
27490,TCAP,27468
27491,PNMT,27469
27492,PGAP3,27470
27493,ERBB2,27471
27494,MIEN1,27472
27495,GRB7,27473
27496,IKZF3,27474
27497,ZPBP2,27475
27498,GSDMB,27476
27499,ORMDL3,27477
27500,AC090844.2,27478
27501,LRRC3C,27479
27502,GSDMA,27480
27503,PSMD3,27481
27504,AC090844.3,27482
27505,CSF3,27483
27506,MED24,27484
27507,THRA,27485
27508,NR1D1,27486
27509,MSL1,27487
27510,CASC3,27488
27511,RAPGEFL1,27489
27512,WIPF2,27490
27513,CDC6,27491
27514,RARA,27492
27515,RARA-AS1,27493
27516,AC080112.1,27494
27517,GJD3,27495
27518,TOP2A,27496
27519,IGFBP4,27497
27520,TNS4,27498
27521,AC004585.1,27499
27522,CCR7,27500
27523,SMARCE1,27501
27524,AC073508.2,27502
27525,AC073508.3,27503
27526,KRT222,27504
27527,KRT24,27505
27528,KRT25,27506
27529,KRT26,27507
27530,KRT27,27508
27531,KRT28,27509
27532,AC090283.1,27510
27533,KRT10,27511
27534,TMEM99,27512
27535,AC004231.3,27513
27536,KRT12,27514
27537,KRT20,27515
27538,AC004231.1,27516
27539,KRT23,27517
27540,KRT39,27518
27541,KRT40,27519
27542,KRTAP3-3,27520
27543,KRTAP3-2,27521
27544,KRTAP3-1,27522
27545,KRTAP1-5,27523
27546,KRTAP1-4,27524
27547,KRTAP1-3,27525
27548,KRTAP1-1,27526
27549,KRTAP2-1,27527
27550,KRTAP2-2,27528
27551,KRTAP2-3,27529
27552,KRTAP2-4,27530
27553,KRTAP4-7,27531
27554,KRTAP4-8,27532
27555,KRTAP4-16,27533
27556,KRTAP4-9,27534
27557,KRTAP4-11,27535
27558,KRTAP4-12,27536
27559,KRTAP4-6,27537
27560,KRTAP4-5,27538
27561,KRTAP4-4,27539
27562,KRTAP4-3,27540
27563,KRTAP4-2,27541
27564,KRTAP4-1,27542
27565,KRTAP9-1,27543
27566,KRTAP9-2,27544
27567,KRTAP9-3,27545
27568,KRTAP9-8,27546
27569,KRTAP9-4,27547
27570,KRTAP9-9,27548
27571,KRTAP9-6,27549
27572,KRTAP9-7,27550
27573,KRTAP29-1,27551
27574,KRTAP16-1,27552
27575,KRTAP17-1,27553
27576,KRT33A,27554
27577,KRT33B,27555
27578,KRT34,27556
27579,KRT31,27557
27580,AC003958.2,27558
27581,KRT37,27559
27582,KRT38,27560
27583,KRT32,27561
27584,KRT35,27562
27585,KRT36,27563
27586,KRT13,27564
27587,AC019349.1,27565
27588,KRT15,27566
27589,KRT19,27567
27590,LINC00974,27568
27591,KRT9,27569
27592,KRT14,27570
27593,KRT16,27571
27594,KRT17,27572
27595,EIF1,27573
27596,GAST,27574
27597,HAP1,27575
27598,JUP,27576
27599,P3H4,27577
27600,FKBP10,27578
27601,NT5C3B,27579
27602,KLHL10,27580
27603,KLHL11,27581
27604,ACLY,27582
27605,AC125257.2,27583
27606,TTC25,27584
27607,CNP,27585
27608,DNAJC7,27586
27609,NKIRAS2,27587
27610,ZNF385C,27588
27611,C17orf113,27589
27612,DHX58,27590
27613,KAT2A,27591
27614,AC099811.2,27592
27615,HSPB9,27593
27616,RAB5C,27594
27617,AC099811.3,27595
27618,KCNH4,27596
27619,HCRT,27597
27620,GHDC,27598
27621,STAT5B,27599
27622,AC099811.4,27600
27623,STAT5A,27601
27624,STAT3,27602
27625,CAVIN1,27603
27626,ATP6V0A1,27604
27627,NAGLU,27605
27628,HSD17B1,27606
27629,AC067852.2,27607
27630,COASY,27608
27631,MLX,27609
27632,PSMC3IP,27610
27633,RETREG3,27611
27634,TUBG1,27612
27635,TUBG2,27613
27636,PLEKHH3,27614
27637,CCR10,27615
27638,AC100793.2,27616
27639,CNTNAP1,27617
27640,AC100793.3,27618
27641,EZH1,27619
27642,AC100793.4,27620
27643,RAMP2-AS1,27621
27644,RAMP2,27622
27645,VPS25,27623
27646,WNK4,27624
27647,COA3,27625
27648,CNTD1,27626
27649,BECN1,27627
27650,PSME3,27628
27651,AOC2,27629
27652,AOC3,27630
27653,LINC00671,27631
27654,G6PC,27632
27655,PTGES3L-AARSD1,27633
27656,AARSD1,27634
27657,PTGES3L,27635
27658,RUNDC1,27636
27659,RPL27,27637
27660,IFI35,27638
27661,VAT1,27639
27662,RND2,27640
27663,BRCA1,27641
27664,AC060780.1,27642
27665,NBR1,27643
27666,TMEM106A,27644
27667,LINC00854,27645
27668,LINC00910,27646
27669,ARL4D,27647
27670,MIR2117HG,27648
27671,DHX8,27649
27672,ETV4,27650
27673,AC068675.1,27651
27674,MEOX1,27652
27675,AC004149.1,27653
27676,SOST,27654
27677,DUSP3,27655
27678,CFAP97D1,27656
27679,AC003098.1,27657
27680,MPP3,27658
27681,CD300LG,27659
27682,MPP2,27660
27683,AC007993.3,27661
27684,FAM215A,27662
27685,AC007993.2,27663
27686,LINC01976,27664
27687,PPY,27665
27688,PYY,27666
27689,NAGS,27667
27690,TMEM101,27668
27691,LSM12,27669
27692,G6PC3,27670
27693,HDAC5,27671
27694,AC023855.1,27672
27695,C17orf53,27673
27696,ASB16,27674
27697,ASB16-AS1,27675
27698,TMUB2,27676
27699,ATXN7L3,27677
27700,AC004596.1,27678
27701,UBTF,27679
27702,AC003102.1,27680
27703,SLC4A1,27681
27704,AC003043.2,27682
27705,RUNDC3A-AS1,27683
27706,RUNDC3A,27684
27707,SLC25A39,27685
27708,AC003043.1,27686
27709,GRN,27687
27710,FAM171A2,27688
27711,ITGA2B,27689
27712,GPATCH8,27690
27713,FZD2,27691
27714,LINC01180,27692
27715,MEIOC,27693
27716,CCDC43,27694
27717,AC091152.2,27695
27718,DBF4B,27696
27719,ADAM11,27697
27720,AC005180.2,27698
27721,AC005180.1,27699
27722,GJC1,27700
27723,HIGD1B,27701
27724,EFTUD2,27702
27725,CCDC103,27703
27726,FAM187A,27704
27727,GFAP,27705
27728,KIF18B,27706
27729,AC015936.1,27707
27730,C1QL1,27708
27731,AC015936.2,27709
27732,DCAKD,27710
27733,NMT1,27711
27734,PLCD3,27712
27735,ACBD4,27713
27736,AC142472.1,27714
27737,HEXIM1,27715
27738,AC138150.1,27716
27739,HEXIM2,27717
27740,AC138150.2,27718
27741,AC008105.3,27719
27742,FMNL1,27720
27743,AC008105.1,27721
27744,MAP3K14-AS1,27722
27745,SPATA32,27723
27746,MAP3K14,27724
27747,AC003070.2,27725
27748,ARHGAP27,27726
27749,AC003070.1,27727
27750,PLEKHM1,27728
27751,AC091132.2,27729
27752,AC091132.1,27730
27753,AC091132.5,27731
27754,LINC02210-CRHR1,27732
27755,AC217774.1,27733
27756,AC217774.2,27734
27757,CRHR1,27735
27758,MAPT-AS1,27736
27759,SPPL2C,27737
27760,MAPT,27738
27761,CR936218.2,27739
27762,STH,27740
27763,KANSL1,27741
27764,CR936218.1,27742
27765,KANSL1-AS1,27743
27766,ARL17B,27744
27767,LRRC37A,27745
27768,LRRC37A2,27746
27769,ARL17A,27747
27770,FAM215B,27748
27771,NSF,27749
27772,WNT3,27750
27773,WNT9B,27751
27774,LINC01974,27752
27775,AC005670.1,27753
27776,GOSR2,27754
27777,AC005670.2,27755
27778,RPRML,27756
27779,CDC27,27757
27780,AC002558.2,27758
27781,MYL4,27759
27782,ITGB3,27760
27783,AC068234.1,27761
27784,AC068234.3,27762
27785,AC068234.2,27763
27786,EFCAB13,27764
27787,AC040934.1,27765
27788,NPEPPS,27766
27789,AC025682.1,27767
27790,KPNB1,27768
27791,AC015674.1,27769
27792,TBKBP1,27770
27793,TBX21,27771
27794,OSBPL7,27772
27795,MRPL10,27773
27796,LRRC46,27774
27797,SCRN2,27775
27798,SP6,27776
27799,AC018521.3,27777
27800,AC018521.7,27778
27801,SP2,27779
27802,SP2-AS1,27780
27803,AC018521.6,27781
27804,PNPO,27782
27805,AC018521.2,27783
27806,PRR15L,27784
27807,CDK5RAP3,27785
27808,AC018521.4,27786
27809,COPZ2,27787
27810,NFE2L1,27788
27811,AC004477.2,27789
27812,AC004477.3,27790
27813,CBX1,27791
27814,SNX11,27792
27815,SKAP1,27793
27816,SKAP1-AS1,27794
27817,AC090627.1,27795
27818,AC036222.1,27796
27819,HOXB1,27797
27820,HOXB2,27798
27821,HOXB-AS1,27799
27822,HOXB3,27800
27823,HOXB-AS3,27801
27824,HOXB-AS2,27802
27825,HOXB4,27803
27826,HOXB5,27804
27827,HOXB6,27805
27828,HOXB7,27806
27829,HOXB8,27807
27830,HOXB9,27808
27831,HOXB-AS4,27809
27832,AC103702.2,27810
27833,LINC02086,27811
27834,PRAC1,27812
27835,PRAC2,27813
27836,HOXB13,27814
27837,AC091179.1,27815
27838,TTLL6,27816
27839,CALCOCO2,27817
27840,ATP5MC1,27818
27841,UBE2Z,27819
27842,SNF8,27820
27843,AC091133.1,27821
27844,GIP,27822
27845,AC091133.2,27823
27846,IGF2BP1,27824
27847,AC091133.3,27825
27848,B4GALNT2,27826
27849,GNGT2,27827
27850,ABI3,27828
27851,PHOSPHO1,27829
27852,ZNF652,27830
27853,AC091180.2,27831
27854,AC091180.5,27832
27855,AC091180.4,27833
27856,PHB,27834
27857,AC091180.3,27835
27858,LINC02075,27836
27859,NGFR,27837
27860,AC006487.1,27838
27861,AC006487.2,27839
27862,NXPH3,27840
27863,SPOP,27841
27864,SLC35B1,27842
27865,AC015795.1,27843
27866,FAM117A,27844
27867,KAT7,27845
27868,AC027801.4,27846
27869,TAC4,27847
27870,FLJ45513,27848
27871,AC027801.1,27849
27872,AC027801.3,27850
27873,DLX4,27851
27874,DLX3,27852
27875,AC009720.2,27853
27876,AC009720.1,27854
27877,ITGA3,27855
27878,AC002401.4,27856
27879,PDK2,27857
27880,AC002401.3,27858
27881,AC002401.2,27859
27882,SAMD14,27860
27883,PPP1R9B,27861
27884,AC002401.1,27862
27885,AC015909.2,27863
27886,AC015909.3,27864
27887,SGCA,27865
27888,COL1A1,27866
27889,AC015909.1,27867
27890,AC015909.4,27868
27891,LINC01969,27869
27892,TMEM92,27870
27893,TMEM92-AS1,27871
27894,XYLT2,27872
27895,MRPL27,27873
27896,EME1,27874
27897,LRRC59,27875
27898,AC004707.1,27876
27899,ACSF2,27877
27900,CHAD,27878
27901,AC021491.4,27879
27902,RSAD1,27880
27903,AC021491.1,27881
27904,MYCBPAP,27882
27905,EPN3,27883
27906,SPATA20,27884
27907,CACNA1G-AS1,27885
27908,CACNA1G,27886
27909,AC021491.3,27887
27910,AC004590.1,27888
27911,ABCC3,27889
27912,ANKRD40,27890
27913,AC005921.2,27891
27914,LUC7L3,27892
27915,LINC00483,27893
27916,WFIKKN2,27894
27917,AC091062.1,27895
27918,TOB1,27896
27919,AC005920.4,27897
27920,AC005920.1,27898
27921,AC005920.3,27899
27922,SPAG9,27900
27923,AC005920.2,27901
27924,NME1,27902
27925,NME1-NME2,27903
27926,NME2,27904
27927,MBTD1,27905
27928,UTP18,27906
27929,LINC02071,27907
27930,AC005823.2,27908
27931,AC005823.1,27909
27932,LINC02072,27910
27933,LINC02073,27911
27934,CA10,27912
27935,LINC01982,27913
27936,LINC02089,27914
27937,C17orf112,27915
27938,KIF2B,27916
27939,TOM1L1,27917
27940,COX11,27918
27941,AC007485.1,27919
27942,STXBP4,27920
27943,HLF,27921
27944,AC007638.2,27922
27945,AC007638.1,27923
27946,MMD,27924
27947,SMIM36,27925
27948,TMEM100,27926
27949,PCTP,27927
27950,AC090618.1,27928
27951,ANKFN1,27929
27952,NOG,27930
27953,C17orf67,27931
27954,DGKE,27932
27955,TRIM25,27933
27956,AC015912.1,27934
27957,AC015912.3,27935
27958,COIL,27936
27959,AC004584.1,27937
27960,SCPEP1,27938
27961,AC007114.1,27939
27962,AKAP1,27940
27963,AC007114.2,27941
27964,MSI2,27942
27965,AC007431.2,27943
27966,AC007431.1,27944
27967,CCDC182,27945
27968,AC015845.2,27946
27969,MRPS23,27947
27970,CUEDC1,27948
27971,AC015845.1,27949
27972,AC015813.4,27950
27973,VEZF1,27951
27974,AC015813.2,27952
27975,AC015813.1,27953
27976,SRSF1,27954
27977,AC015813.3,27955
27978,DYNLL2,27956
27979,OR4D1,27957
27980,OR4D2,27958
27981,EPX,27959
27982,AC005962.1,27960
27983,MKS1,27961
27984,LPO,27962
27985,MPO,27963
27986,TSPOAP1,27964
27987,TSPOAP1-AS1,27965
27988,AC004687.1,27966
27989,SUPT4H1,27967
27990,RNF43,27968
27991,HSF5,27969
27992,MTMR4,27970
27993,SEPT4-AS1,27971
27994,SEPT4,27972
27995,C17orf47,27973
27996,TEX14,27974
27997,AC011195.2,27975
27998,RAD51C,27976
27999,AC025521.1,27977
28000,PPM1E,27978
28001,TRIM37,27979
28002,AC099850.1,27980
28003,SKA2,27981
28004,PRR11,27982
28005,AC099850.2,27983
28006,AC099850.3,27984
28007,SMG8,27985
28008,GDPD1,27986
28009,YPEL2,27987
28010,AC091059.1,27988
28011,LINC01476,27989
28012,DHX40,27990
28013,AC091271.1,27991
28014,CLTC,27992
28015,PTRH2,27993
28016,VMP1,27994
28017,TUBD1,27995
28018,RPS6KB1,27996
28019,AC005702.1,27997
28020,RNFT1,27998
28021,RNFT1-DT,27999
28022,HEATR6,28000
28023,AC025048.4,28001
28024,AC025048.1,28002
28025,CA4,28003
28026,USP32,28004
28027,C17orf64,28005
28028,APPBP2,28006
28029,AC011921.1,28007
28030,LINC01999,28008
28031,PPM1D,28009
28032,BCAS3,28010
28033,AC005884.1,28011
28034,AC005884.2,28012
28035,AC005856.1,28013
28036,AC005746.3,28014
28037,AC005746.2,28015
28038,TBX2-AS1,28016
28039,TBX2,28017
28040,C17orf82,28018
28041,TBX4,28019
28042,AC005901.1,28020
28043,NACA2,28021
28044,BRIP1,28022
28045,INTS2,28023
28046,MED13,28024
28047,EFCAB3,28025
28048,METTL2A,28026
28049,TLK2,28027
28050,AC080038.2,28028
28051,AC080038.1,28029
28052,MRC2,28030
28053,AC005821.1,28031
28054,MARCH10,28032
28055,AC068512.1,28033
28056,AC005972.4,28034
28057,AC005972.1,28035
28058,TANC2,28036
28059,AC006270.1,28037
28060,AC015923.1,28038
28061,AC005828.2,28039
28062,AC005828.1,28040
28063,AC005828.3,28041
28064,AC005828.4,28042
28065,CYB561,28043
28066,AC005828.5,28044
28067,ACE,28045
28068,AC113554.1,28046
28069,KCNH6,28047
28070,DCAF7,28048
28071,TACO1,28049
28072,MAP3K3,28050
28073,STRADA,28051
28074,LIMD2,28052
28075,AC046185.1,28053
28076,CCDC47,28054
28077,DDX42,28055
28078,FTSJ3,28056
28079,PSMC5,28057
28080,SMARCD2,28058
28081,CSH2,28059
28082,GH2,28060
28083,CSH1,28061
28084,CSHL1,28062
28085,GH1,28063
28086,CD79B,28064
28087,SCN4A,28065
28088,AC127029.2,28066
28089,PRR29-AS1,28067
28090,PRR29,28068
28091,ICAM2,28069
28092,ERN1,28070
28093,SNHG25,28071
28094,TEX2,28072
28095,PECAM1,28073
28096,MILR1,28074
28097,POLG2,28075
28098,DDX5,28076
28099,CEP95,28077
28100,SMURF2,28078
28101,LRRC37A3,28079
28102,AC103810.2,28080
28103,AC103810.5,28081
28104,AC037487.1,28082
28105,GNA13,28083
28106,AC037487.2,28084
28107,RGS9,28085
28108,LINC02563,28086
28109,AXIN2,28087
28110,AC004805.1,28088
28111,CEP112,28089
28112,APOH,28090
28113,PRKCA,28091
28114,PRKCA-AS1,28092
28115,CACNG5,28093
28116,CACNG4,28094
28117,AC005544.1,28095
28118,AC005544.2,28096
28119,CACNG1,28097
28120,HELZ,28098
28121,AC007448.2,28099
28122,AC007448.3,28100
28123,PSMD12,28101
28124,PITPNC1,28102
28125,NOL11,28103
28126,BPTF,28104
28127,AC134407.1,28105
28128,C17orf58,28106
28129,KPNA2,28107
28130,AC145343.1,28108
28131,AC005332.7,28109
28132,AC005332.4,28110
28133,AC005332.6,28111
28134,AC005332.8,28112
28135,AC005332.3,28113
28136,AC005332.5,28114
28137,AC005332.1,28115
28138,AMZ2,28116
28139,ARSG,28117
28140,SLC16A6,28118
28141,WIPI1,28119
28142,PRKAR1A,28120
28143,FAM20A,28121
28144,AC079210.1,28122
28145,LINC01482,28123
28146,AC011591.1,28124
28147,ABCA8,28125
28148,ABCA9-AS1,28126
28149,ABCA9,28127
28150,ABCA6,28128
28151,ABCA10,28129
28152,ABCA5,28130
28153,MAP2K6,28131
28154,AC002546.1,28132
28155,LINC01483,28133
28156,LINC01497,28134
28157,AC005208.1,28135
28158,LINC01028,28136
28159,KCNJ16,28137
28160,KCNJ2-AS1,28138
28161,KCNJ2,28139
28162,AC011990.1,28140
28163,AC007423.1,28141
28164,CASC17,28142
28165,AC118653.1,28143
28166,AC005144.1,28144
28167,ROCR,28145
28168,LINC01152,28146
28169,LINC02097,28147
28170,SOX9,28148
28171,LINC00511,28149
28172,LINC02003,28150
28173,AC007639.1,28151
28174,AC080037.1,28152
28175,SLC39A11,28153
28176,AC011120.1,28154
28177,SSTR2,28155
28178,COG1,28156
28179,AC097641.2,28157
28180,FAM104A,28158
28181,C17orf80,28159
28182,CPSF4L,28160
28183,CDC42EP4,28161
28184,SDK2,28162
28185,AC124804.1,28163
28186,AC032019.1,28164
28187,AC032019.2,28165
28188,AC125421.1,28166
28189,LINC00469,28167
28190,LINC02092,28168
28191,AC125421.2,28169
28192,AC137735.1,28170
28193,LINC02074,28171
28194,RPL38,28172
28195,AC100786.1,28173
28196,TTYH2,28174
28197,AC100786.2,28175
28198,DNAI2,28176
28199,AC103809.1,28177
28200,KIF19,28178
28201,BTBD17,28179
28202,GPR142,28180
28203,GPRC5C,28181
28204,CD300A,28182
28205,CD300LB,28183
28206,CD300C,28184
28207,CD300LD,28185
28208,C17orf77,28186
28209,AC064805.1,28187
28210,CD300E,28188
28211,RAB37,28189
28212,AC064805.2,28190
28213,CD300LF,28191
28214,AC016888.1,28192
28215,SLC9A3R1,28193
28216,NAT9,28194
28217,TMEM104,28195
28218,GRIN2C,28196
28219,FDXR,28197
28220,FADS6,28198
28221,USH1G,28199
28222,OTOP2,28200
28223,OTOP3,28201
28224,HID1,28202
28225,HID1-AS1,28203
28226,CDR2L,28204
28227,MRPL58,28205
28228,KCTD2,28206
28229,ATP5PD,28207
28230,SLC16A5,28208
28231,ARMC7,28209
28232,NT5C,28210
28233,JPT1,28211
28234,SUMO2,28212
28235,NUP85,28213
28236,GGA3,28214
28237,MRPS7,28215
28238,MIF4GD,28216
28239,AC022211.2,28217
28240,SLC25A19,28218
28241,GRB2,28219
28242,AC011933.4,28220
28243,AC011933.3,28221
28244,TMEM94,28222
28245,CASKIN2,28223
28246,TSEN54,28224
28247,LLGL2,28225
28248,MYO15B,28226
28249,RECQL5,28227
28250,SMIM5,28228
28251,SMIM6,28229
28252,SAP30BP,28230
28253,AC087749.2,28231
28254,AC087749.1,28232
28255,ITGB4,28233
28256,GALK1,28234
28257,H3F3B,28235
28258,UNK,28236
28259,AC087289.1,28237
28260,UNC13D,28238
28261,WBP2,28239
28262,TRIM47,28240
28263,AC087289.5,28241
28264,TRIM65,28242
28265,AC087289.2,28243
28266,MRPL38,28244
28267,AC087289.3,28245
28268,FBF1,28246
28269,ACOX1,28247
28270,AC087289.4,28248
28271,TEN1,28249
28272,CDK3,28250
28273,EVPL,28251
28274,SRP68,28252
28275,ZACN,28253
28276,GALR2,28254
28277,EXOC7,28255
28278,FOXJ1,28256
28279,RNF157-AS1,28257
28280,RNF157,28258
28281,UBALD2,28259
28282,QRICH2,28260
28283,PRPSAP1,28261
28284,SPHK1,28262
28285,UBE2O,28263
28286,AANAT,28264
28287,RHBDF2,28265
28288,CYGB,28266
28289,PRCD,28267
28290,AC015802.4,28268
28291,AC015802.6,28269
28292,ST6GALNAC2,28270
28293,AC015802.1,28271
28294,ST6GALNAC1,28272
28295,AC005837.1,28273
28296,MXRA7,28274
28297,AC005837.3,28275
28298,JMJD6,28276
28299,METTL23,28277
28300,AC005837.2,28278
28301,SRSF2,28279
28302,MFSD11,28280
28303,LINC02080,28281
28304,LINC00868,28282
28305,MGAT5B,28283
28306,AC016168.1,28284
28307,SEC14L1,28285
28308,AC068594.1,28286
28309,AC068594.2,28287
28310,SEPT9,28288
28311,AC111182.1,28289
28312,AC111170.1,28290
28313,AC021683.3,28291
28314,AC021683.2,28292
28315,AC021683.1,28293
28316,LINC01987,28294
28317,LINC01973,28295
28318,TNRC6C,28296
28319,TMC6,28297
28320,TMC8,28298
28321,C17orf99,28299
28322,SYNGR2,28300
28323,TK1,28301
28324,AFMID,28302
28325,BIRC5,28303
28326,TMEM235,28304
28327,AC087645.4,28305
28328,LINC01993,28306
28329,AC087645.2,28307
28330,SOCS3,28308
28331,AC061992.1,28309
28332,PGS1,28310
28333,DNAH17,28311
28334,LINC02081,28312
28335,CYTH1,28313
28336,USP36,28314
28337,TIMP2,28315
28338,AC022966.1,28316
28339,CEP295NL,28317
28340,AC100788.1,28318
28341,LGALS3BP,28319
28342,CANT1,28320
28343,C1QTNF1-AS1,28321
28344,C1QTNF1,28322
28345,ENGASE,28323
28346,RBFOX3,28324
28347,AC021534.1,28325
28348,LINC02078,28326
28349,ENPP7,28327
28350,CBX2,28328
28351,CBX8,28329
28352,AC100791.2,28330
28353,LINC01977,28331
28354,CBX4,28332
28355,AC100791.1,28333
28356,LINC01979,28334
28357,LINC01978,28335
28358,TBC1D16,28336
28359,AC100791.3,28337
28360,AC116025.1,28338
28361,CCDC40,28339
28362,GAA,28340
28363,EIF4A3,28341
28364,AC087741.2,28342
28365,CARD14,28343
28366,AC087741.1,28344
28367,SGSH,28345
28368,SLC26A11,28346
28369,RNF213,28347
28370,AC124319.3,28348
28371,AC124319.2,28349
28372,ENDOV,28350
28373,AC120024.1,28351
28374,NPTX1,28352
28375,RPTOR,28353
28376,AC016245.1,28354
28377,AC127496.3,28355
28378,AC127496.4,28356
28379,AC127496.1,28357
28380,CHMP6,28358
28381,AC127496.6,28359
28382,AC127496.5,28360
28383,AC127496.2,28361
28384,BAIAP2-DT,28362
28385,BAIAP2,28363
28386,AATK,28364
28387,AC115099.1,28365
28388,PVALEF,28366
28389,CEP131,28367
28390,AC027601.2,28368
28391,TEPSIN,28369
28392,AC027601.1,28370
28393,NDUFAF8,28371
28394,SLC38A10,28372
28395,AC027601.4,28373
28396,LINC00482,28374
28397,TMEM105,28375
28398,AC027601.3,28376
28399,AC110285.6,28377
28400,AC110285.3,28378
28401,AC110285.1,28379
28402,AC110285.5,28380
28403,AC110285.2,28381
28404,BAHCC1,28382
28405,AC110285.4,28383
28406,LINC01971,28384
28407,ACTG1,28385
28408,AC139149.1,28386
28409,FSCN2,28387
28410,FAAP100,28388
28411,NPLOC4,28389
28412,TSPAN10,28390
28413,PDE6G,28391
28414,OXLD1,28392
28415,CCDC137,28393
28416,ARL16,28394
28417,HGS,28395
28418,AC139530.3,28396
28419,AC139530.1,28397
28420,MRPL12,28398
28421,AC139530.2,28399
28422,SLC25A10,28400
28423,GCGR,28401
28424,MCRIP1,28402
28425,PPP1R27,28403
28426,P4HB,28404
28427,AC145207.3,28405
28428,ARHGDIA,28406
28429,AC145207.2,28407
28430,AC145207.5,28408
28431,AC145207.6,28409
28432,ALYREF,28410
28433,ANAPC11,28411
28434,NPB,28412
28435,PCYT2,28413
28436,SIRT7,28414
28437,MAFG,28415
28438,AC145207.8,28416
28439,MAFG-DT,28417
28440,PYCR1,28418
28441,AC145207.4,28419
28442,MYADML2,28420
28443,AC145207.1,28421
28444,NOTUM,28422
28445,AC145207.7,28423
28446,ASPSCR1,28424
28447,CENPX,28425
28448,LRRC45,28426
28449,RAC3,28427
28450,DCXR,28428
28451,AC137723.1,28429
28452,RFNG,28430
28453,GPS1,28431
28454,DUS1L,28432
28455,FASN,28433
28456,CCDC57,28434
28457,AC129510.1,28435
28458,AC129510.2,28436
28459,AC132872.2,28437
28460,SLC16A3,28438
28461,CSNK1D,28439
28462,AC132872.3,28440
28463,LINC01970,28441
28464,AC132872.1,28442
28465,CD7,28443
28466,SECTM1,28444
28467,TEX19,28445
28468,UTS2R,28446
28469,AC132938.1,28447
28470,OGFOD3,28448
28471,HEXDC,28449
28472,CYBC1,28450
28473,AC132938.3,28451
28474,NARF,28452
28475,NARF-AS1,28453
28476,FOXK2,28454
28477,AC124283.2,28455
28478,AC124283.1,28456
28479,WDR45B,28457
28480,RAB40B,28458
28481,AC024361.2,28459
28482,FN3KRP,28460
28483,AC024361.3,28461
28484,FN3K,28462
28485,TBCD,28463
28486,AC068014.1,28464
28487,ZNF750,28465
28488,AC087222.1,28466
28489,B3GNTL1,28467
28490,AC130371.1,28468
28491,METRNL,28469
28492,AC130371.2,28470
28493,AC144831.1,28471
28494,AC139099.2,28472
28495,AC139099.3,28473
28496,AC139099.1,28474
28497,LINC02564,28475
28498,AP005530.1,28476
28499,TUBB8P12,28477
28500,AP001005.3,28478
28501,USP14,28479
28502,THOC1,28480
28503,AP000845.1,28481
28504,AP000915.1,28482
28505,COLEC12,28483
28506,LINC01925,28484
28507,CETN1,28485
28508,CLUL1,28486
28509,AP001178.3,28487
28510,TYMS,28488
28511,ENOSF1,28489
28512,AP001178.2,28490
28513,YES1,28491
28514,AP001020.3,28492
28515,AP001020.1,28493
28516,AP000894.4,28494
28517,AP000894.3,28495
28518,ADCYAP1,28496
28519,LINC01904,28497
28520,AP005328.2,28498
28521,AP005328.1,28499
28522,LINC00470,28500
28523,AC008109.1,28501
28524,AC019183.1,28502
28525,AP005057.1,28503
28526,AP005230.1,28504
28527,METTL4,28505
28528,NDC80,28506
28529,SMCHD1,28507
28530,AP001011.1,28508
28531,EMILIN2,28509
28532,LPIN2,28510
28533,AP000919.4,28511
28534,AP000919.2,28512
28535,AP000919.3,28513
28536,MYOM1,28514
28537,AP005329.2,28515
28538,AP005329.3,28516
28539,MYL12A,28517
28540,AP005329.1,28518
28541,MYL12B,28519
28542,AP001025.1,28520
28543,LINC01895,28521
28544,IGLJCOR18,28522
28545,TGIF1,28523
28546,GAPLINC,28524
28547,DLGAP1,28525
28548,DLGAP1-AS1,28526
28549,DLGAP1-AS2,28527
28550,AP002478.1,28528
28551,DLGAP1-AS3,28529
28552,DLGAP1-AS4,28530
28553,DLGAP1-AS5,28531
28554,AP005203.1,28532
28555,LINC01892,28533
28556,AKAIN1,28534
28557,AP005380.1,28535
28558,AP001496.2,28536
28559,LINC00526,28537
28560,LINC00667,28538
28561,ZBTB14,28539
28562,AP001496.1,28540
28563,AP005671.1,28541
28564,EPB41L3,28542
28565,AP005059.2,28543
28566,AP005059.1,28544
28567,MIR3976HG,28545
28568,TMEM200C,28546
28569,AP005433.1,28547
28570,L3MBTL4,28548
28571,AP001021.1,28549
28572,AP001021.2,28550
28573,L3MBTL4-AS1,28551
28574,AP005202.2,28552
28575,LINC01387,28553
28576,AP005205.1,28554
28577,AP005205.2,28555
28578,ARHGAP28,28556
28579,AP005210.1,28557
28580,LINC00668,28558
28581,LAMA1,28559
28582,AP002409.1,28560
28583,AP005062.1,28561
28584,LRRC30,28562
28585,PTPRM,28563
28586,AP000897.2,28564
28587,AP001094.3,28565
28588,AP001094.1,28566
28589,RAB12,28567
28590,AP001793.2,28568
28591,GACAT2,28569
28592,MTCL1,28570
28593,NDUFV2,28571
28594,AP005899.1,28572
28595,NDUFV2-AS1,28573
28596,ANKRD12,28574
28597,AP001033.1,28575
28598,TWSG1,28576
28599,AP005432.2,28577
28600,RALBP1,28578
28601,PPP4R1,28579
28602,AP001381.1,28580
28603,PPP4R1-AS1,28581
28604,RAB31,28582
28605,TXNDC2,28583
28606,AC006238.1,28584
28607,VAPA,28585
28608,AP005271.1,28586
28609,AP005209.1,28587
28610,AP006219.1,28588
28611,LINC01254,28589
28612,APCDD1,28590
28613,NAPG,28591
28614,AP001099.1,28592
28615,LINC01887,28593
28616,AP001180.2,28594
28617,AP001180.1,28595
28618,PIEZO2,28596
28619,AP001180.4,28597
28620,AP005120.1,28598
28621,AP005229.1,28599
28622,AP005229.2,28600
28623,AP001109.1,28601
28624,LINC01928,28602
28625,LINC01255,28603
28626,SLC35G4,28604
28627,AP001120.2,28605
28628,AP001120.1,28606
28629,GNAL,28607
28630,AP005137.1,28608
28631,CHMP1B,28609
28632,CHMP1B-AS1,28610
28633,AP005137.2,28611
28634,MPPE1,28612
28635,AP001269.4,28613
28636,AP001269.2,28614
28637,IMPA2,28615
28638,AP001269.1,28616
28639,AP001542.3,28617
28640,AP002414.5,28618
28641,ANKRD62,28619
28642,AP005264.4,28620
28643,AP005264.3,28621
28644,CIDEA,28622
28645,AP005264.1,28623
28646,TUBB6,28624
28647,AFG3L2,28625
28648,PRELID3A,28626
28649,AP001029.1,28627
28650,AP001029.2,28628
28651,SPIRE1,28629
28652,PSMG2,28630
28653,CEP76,28631
28654,AP005482.2,28632
28655,AP005482.1,28633
28656,PTPN2,28634
28657,SEH1L,28635
28658,AP002449.1,28636
28659,CEP192,28637
28660,AP001198.2,28638
28661,AP001198.1,28639
28662,LDLRAD4,28640
28663,AP002505.1,28641
28664,AP002439.1,28642
28665,LDLRAD4-AS1,28643
28666,AP005131.5,28644
28667,AP005131.2,28645
28668,AP005131.1,28646
28669,AP005131.3,28647
28670,AP001010.1,28648
28671,FAM210A,28649
28672,RNMT,28650
28673,MC5R,28651
28674,MC2R,28652
28675,ZNF519,28653
28676,AC006557.1,28654
28677,AC006557.3,28655
28678,POTEC,28656
28679,ANKRD30B,28657
28680,AP006565.1,28658
28681,LINC01906,28659
28682,AP005121.1,28660
28683,LINC01443,28661
28684,LINC01444,28662
28685,AP005121.2,28663
28686,AP005242.3,28664
28687,AP005242.1,28665
28688,AP005901.2,28666
28689,ROCK1,28667
28690,AC022809.1,28668
28691,GREB1L,28669
28692,AC015878.1,28670
28693,ESCO1,28671
28694,SNRPD1,28672
28695,ABHD3,28673
28696,AC106037.2,28674
28697,MIB1,28675
28698,MIR133A1HG,28676
28699,AC103987.2,28677
28700,LINC01900,28678
28701,AC091043.1,28679
28702,GATA6-AS1,28680
28703,GATA6,28681
28704,AC091588.1,28682
28705,AC091588.3,28683
28706,AC091588.2,28684
28707,AC027449.1,28685
28708,CTAGE1,28686
28709,AC090912.1,28687
28710,AC090912.2,28688
28711,RBBP8,28689
28712,CABLES1,28690
28713,TMEM241,28691
28714,AC011731.1,28692
28715,RIOK3,28693
28716,RMC1,28694
28717,NPC1,28695
28718,ANKRD29,28696
28719,LAMA3,28697
28720,AC010754.1,28698
28721,TTC39C,28699
28722,TTC39C-AS1,28700
28723,AC090772.2,28701
28724,AC090772.1,28702
28725,CABYR,28703
28726,AC090772.3,28704
28727,OSBPL1A,28705
28728,AC023983.1,28706
28729,AC023983.2,28707
28730,IMPACT,28708
28731,HRH4,28709
28732,AC007922.1,28710
28733,AC007922.3,28711
28734,LINC01915,28712
28735,AC022884.1,28713
28736,AC018697.1,28714
28737,LINC01894,28715
28738,AC104961.1,28716
28739,ZNF521,28717
28740,AC110603.1,28718
28741,SS18,28719
28742,PSMA8,28720
28743,TAF4B,28721
28744,LINC01543,28722
28745,KCTD1,28723
28746,AQP4-AS1,28724
28747,PCAT18,28725
28748,AC012588.1,28726
28749,AC018371.1,28727
28750,AQP4,28728
28751,CHST9,28729
28752,LINC01908,28730
28753,AC090403.1,28731
28754,AC021382.1,28732
28755,AC068408.1,28733
28756,CDH2,28734
28757,AC110015.1,28735
28758,AC023932.1,28736
28759,AC074237.1,28737
28760,AC117569.1,28738
28761,AC090506.1,28739
28762,AC016382.1,28740
28763,DSC3,28741
28764,DSC2,28742
28765,DSCAS,28743
28766,DSC1,28744
28767,AC012417.1,28745
28768,DSG1,28746
28769,DSG1-AS1,28747
28770,DSG4,28748
28771,DSG3,28749
28772,AC021549.1,28750
28773,DSG2,28751
28774,DSG2-AS1,28752
28775,TTR,28753
28776,B4GALT6,28754
28777,AC017100.1,28755
28778,SLC25A52,28756
28779,TRAPPC8,28757
28780,AC022960.1,28758
28781,AC009831.1,28759
28782,RNF125,28760
28783,AC011825.4,28761
28784,RNF138,28762
28785,AC011825.2,28763
28786,GAREM1,28764
28787,MEP1B,28765
28788,AC015563.2,28766
28789,AC021224.1,28767
28790,AC025887.2,28768
28791,AC025887.1,28769
28792,KLHL14,28770
28793,AC012123.1,28771
28794,AC090371.2,28772
28795,CCDC178,28773
28796,AC090371.1,28774
28797,AC091198.1,28775
28798,ASXL3,28776
28799,NOL4,28777
28800,AC104985.1,28778
28801,AC104985.2,28779
28802,DTNA,28780
28803,AC022601.1,28781
28804,AC068506.1,28782
28805,MAPRE2,28783
28806,AC015967.1,28784
28807,ZNF397,28785
28808,ZSCAN30,28786
28809,AC011815.2,28787
28810,AC011815.1,28788
28811,AC116447.1,28789
28812,ZNF24,28790
28813,ZNF396,28791
28814,AC007998.4,28792
28815,AC007998.3,28793
28816,AC007998.2,28794
28817,INO80C,28795
28818,GALNT1,28796
28819,AC090229.1,28797
28820,AC118757.1,28798
28821,C18orf21,28799
28822,RPRD1A,28800
28823,SLC39A6,28801
28824,ELP2,28802
28825,AC023043.1,28803
28826,MOCOS,28804
28827,FHOD3,28805
28828,TPGS2,28806
28829,KIAA1328,28807
28830,AC016493.1,28808
28831,AC015961.1,28809
28832,CELF4,28810
28833,AC015961.2,28811
28834,AC090386.1,28812
28835,AC100781.1,28813
28836,AC016205.1,28814
28837,AC011139.1,28815
28838,LINC01901,28816
28839,LINC01902,28817
28840,LINC01477,28818
28841,AC021504.1,28819
28842,PIK3C3,28820
28843,LINC00907,28821
28844,RIT2,28822
28845,SYT4,28823
28846,LINC01478,28824
28847,AC120049.1,28825
28848,SETBP1,28826
28849,AC090376.1,28827
28850,SLC14A2,28828
28851,SLC14A2-AS1,28829
28852,AC023421.2,28830
28853,SLC14A1,28831
28854,SIGLEC15,28832
28855,EPG5,28833
28856,PSTPIP2,28834
28857,ATP5F1A,28835
28858,HAUS1,28836
28859,C18orf25,28837
28860,RNF165,28838
28861,LOXHD1,28839
28862,ST8SIA5,28840
28863,AC090241.3,28841
28864,PIAS2,28842
28865,KATNAL2,28843
28866,ELOA3D,28844
28867,ELOA3C,28845
28868,ELOA3B,28846
28869,ELOA3,28847
28870,ELOA2,28848
28871,AC012254.1,28849
28872,AC012254.3,28850
28873,HDHD2,28851
28874,AC012254.2,28852
28875,IER3IP1,28853
28876,SKOR2,28854
28877,MIR4527HG,28855
28878,AC102797.1,28856
28879,SMAD2,28857
28880,AC120349.1,28858
28881,ZBTB7C,28859
28882,CTIF,28860
28883,AC048380.1,28861
28884,AC093567.1,28862
28885,SMAD7,28863
28886,AC114684.1,28864
28887,AC016866.1,28865
28888,DYM,28866
28889,AC016866.2,28867
28890,AC044840.1,28868
28891,C18orf32,28869
28892,RPL17-C18orf32,28870
28893,AC100778.3,28871
28894,RPL17,28872
28895,AC091170.1,28873
28896,LIPG,28874
28897,AC090227.2,28875
28898,ACAA2,28876
28899,AC090227.1,28877
28900,SNHG22,28878
28901,MYO5B,28879
28902,CFAP53,28880
28903,MBD1,28881
28904,CXXC1,28882
28905,AC105227.1,28883
28906,SKA1,28884
28907,MAPK4,28885
28908,MRO,28886
28909,ME2,28887
28910,ELAC1,28888
28911,AC091551.1,28889
28912,SMAD4,28890
28913,MEX3C,28891
28914,LINC01630,28892
28915,AC016383.1,28893
28916,DCC,28894
28917,AC103949.1,28895
28918,LINC01919,28896
28919,LINC01917,28897
28920,MBD2,28898
28921,AC093462.1,28899
28922,POLI,28900
28923,STARD6,28901
28924,C18orf54,28902
28925,DYNAP,28903
28926,RAB27B,28904
28927,AC007673.1,28905
28928,AC098848.1,28906
28929,CCDC68,28907
28930,LINC01929,28908
28931,TCF4,28909
28932,TCF4-AS1,28910
28933,TCF4-AS2,28911
28934,AC022031.2,28912
28935,LINC01415,28913
28936,AC022031.1,28914
28937,LINC01416,28915
28938,AC009271.1,28916
28939,AC006305.1,28917
28940,LINC01905,28918
28941,AC006305.2,28919
28942,LINC01539,28920
28943,AC006305.3,28921
28944,TXNL1,28922
28945,WDR7,28923
28946,AC012301.1,28924
28947,LINC-ROR,28925
28948,AC100775.1,28926
28949,BOD1L2,28927
28950,LINC02565,28928
28951,ST8SIA3,28929
28952,AC090340.1,28930
28953,ONECUT2,28931
28954,FECH,28932
28955,AC100847.1,28933
28956,NARS,28934
28957,AC027097.1,28935
28958,AC027097.2,28936
28959,ATP8B1,28937
28960,LINC01897,28938
28961,NEDD4L,28939
28962,AC107896.1,28940
28963,AC090236.1,28941
28964,AC105105.2,28942
28965,MIR122HG,28943
28966,AC105105.4,28944
28967,ALPK2,28945
28968,AC105105.1,28946
28969,AC104971.2,28947
28970,AC104971.3,28948
28971,MALT1,28949
28972,AC104365.1,28950
28973,AC104365.3,28951
28974,AC104365.2,28952
28975,LINC01926,28953
28976,ZNF532,28954
28977,AC040963.1,28955
28978,SEC11C,28956
28979,GRP,28957
28980,RAX,28958
28981,CPLX4,28959
28982,LMAN1,28960
28983,AC016229.2,28961
28984,CCBE1,28962
28985,AC016229.1,28963
28986,AC090213.1,28964
28987,AC010776.1,28965
28988,AC010776.2,28966
28989,AC010776.3,28967
28990,PMAIP1,28968
28991,AC090377.1,28969
28992,AC090771.2,28970
28993,AC090621.1,28971
28994,MC4R,28972
28995,AC113137.1,28973
28996,CDH20,28974
28997,AC090409.2,28975
28998,AC090409.1,28976
28999,AC105094.2,28977
29000,AC105094.1,28978
29001,LINC01544,28979
29002,RNF152,28980
29003,PIGN,28981
29004,KIAA1468,28982
29005,AC027514.2,28983
29006,TNFRSF11A,28984
29007,AC100843.1,28985
29008,ZCCHC2,28986
29009,AC064801.1,28987
29010,PHLPP1,28988
29011,BCL2,28989
29012,AC022726.2,28990
29013,KDSR,28991
29014,AC036176.1,28992
29015,VPS4B,28993
29016,SERPINB5,28994
29017,SERPINB12,28995
29018,SERPINB13,28996
29019,SERPINB4,28997
29020,SERPINB11,28998
29021,SERPINB3,28999
29022,SERPINB7,29000
29023,SERPINB2,29001
29024,SERPINB10,29002
29025,HMSD,29003
29026,AC009802.1,29004
29027,SERPINB8,29005
29028,LINC00305,29006
29029,LINC01924,29007
29030,AC100848.1,29008
29031,LINC01538,29009
29032,AC007948.1,29010
29033,AC007631.1,29011
29034,LINC01916,29012
29035,AC090358.1,29013
29036,CDH7,29014
29037,AC023394.1,29015
29038,CDH19,29016
29039,AC110597.1,29017
29040,DSEL,29018
29041,AC110597.3,29019
29042,AC114689.3,29020
29043,AC022655.1,29021
29044,LINC01903,29022
29045,AC100844.1,29023
29046,AC068112.1,29024
29047,LINC01912,29025
29048,AC005909.1,29026
29049,TMX3,29027
29050,CCDC102B,29028
29051,AC022035.1,29029
29052,AC096708.2,29030
29053,AC090337.1,29031
29054,AC026585.1,29032
29055,DOK6,29033
29056,AC119868.2,29034
29057,AC068254.1,29035
29058,CD226,29036
29059,RTTN,29037
29060,SOCS6,29038
29061,LINC01909,29039
29062,LIVAR,29040
29063,LINC01910,29041
29064,GTSCR1,29042
29065,AC090415.2,29043
29066,AC091691.2,29044
29067,LINC01541,29045
29068,LINC01899,29046
29069,AC027458.1,29047
29070,AC069114.1,29048
29071,CBLN2,29049
29072,NETO1,29050
29073,AC091138.1,29051
29074,AC079070.1,29052
29075,AC090125.1,29053
29076,FBXO15,29054
29077,TIMM21,29055
29078,AC090398.1,29056
29079,CYB5A,29057
29080,C18orf63,29058
29081,LINC01922,29059
29082,FAM69C,29060
29083,CNDP2,29061
29084,CNDP1,29062
29085,AC009704.1,29063
29086,LINC00909,29064
29087,ZNF407,29065
29088,AC015819.2,29066
29089,AC015819.1,29067
29090,ZADH2,29068
29091,TSHZ1,29069
29092,AC116003.3,29070
29093,AC116003.1,29071
29094,SMIM21,29072
29095,AC116003.2,29073
29096,LINC01898,29074
29097,AC021506.1,29075
29098,AC090457.1,29076
29099,AC103808.6,29077
29100,LINC01893,29078
29101,AC103808.2,29079
29102,AC103808.4,29080
29103,AC103808.3,29081
29104,AC103808.1,29082
29105,AC103808.5,29083
29106,ZNF516,29084
29107,AC009716.1,29085
29108,AC018413.1,29086
29109,C18orf65,29087
29110,LINC00908,29088
29111,LINC00683,29089
29112,LINC01927,29090
29113,LINC01879,29091
29114,ZNF236-DT,29092
29115,AC027575.2,29093
29116,ZNF236,29094
29117,AC093330.1,29095
29118,MBP,29096
29119,AC018529.1,29097
29120,AC018529.2,29098
29121,AC100863.1,29099
29122,GALR1,29100
29123,AC124254.1,29101
29124,AC123786.1,29102
29125,LINC01029,29103
29126,AC134978.1,29104
29127,AC107892.1,29105
29128,AC087399.1,29106
29129,AC012572.1,29107
29130,AC044873.1,29108
29131,AC091027.2,29109
29132,AC091027.1,29110
29133,LINC01896,29111
29134,SALL3,29112
29135,ATP9B,29113
29136,AC104423.1,29114
29137,AC023090.1,29115
29138,NFATC1,29116
29139,AC018445.1,29117
29140,AC068473.4,29118
29141,AC068473.1,29119
29142,AC068473.5,29120
29143,CTDP1,29121
29144,AC068473.2,29122
29145,AC021594.1,29123
29146,AC021594.2,29124
29147,KCNG2,29125
29148,AC114341.1,29126
29149,PQLC1,29127
29150,HSBP1L1,29128
29151,TXNL4A,29129
29152,AC090360.1,29130
29153,RBFA,29131
29154,RBFADN,29132
29155,ADNP2,29133
29156,PARD6G-AS1,29134
29157,PARD6G,29135
29158,AC139100.1,29136
29159,DEFB125,29137
29160,DEFB126,29138
29161,DEFB127,29139
29162,DEFB128,29140
29163,DEFB129,29141
29164,DEFB132,29142
29165,AL034548.1,29143
29166,C20orf96,29144
29167,ZCCHC3,29145
29168,NRSN2-AS1,29146
29169,SOX12,29147
29170,NRSN2,29148
29171,TRIB3,29149
29172,RBCK1,29150
29173,TBC1D20,29151
29174,CSNK2A1,29152
29175,TCF15,29153
29176,SRXN1,29154
29177,AL121758.1,29155
29178,SCRT2,29156
29179,SLC52A3,29157
29180,FAM110A,29158
29181,ANGPT4,29159
29182,RSPO4,29160
29183,PSMF1,29161
29184,AL031665.2,29162
29185,TMEM74B,29163
29186,C20orf202,29164
29187,RAD21L1,29165
29188,SNPH,29166
29189,SDCBP2,29167
29190,AL136531.2,29168
29191,SDCBP2-AS1,29169
29192,AL136531.1,29170
29193,FKBP1A,29171
29194,NSFL1C,29172
29195,SIRPB2,29173
29196,SIRPD,29174
29197,AL049634.2,29175
29198,SIRPB1,29176
29199,SIRPG,29177
29200,SIRPG-AS1,29178
29201,AL121760.1,29179
29202,AL117335.1,29180
29203,SIRPA,29181
29204,PDYN-AS1,29182
29205,PDYN,29183
29206,STK35,29184
29207,AL121899.1,29185
29208,TGM3,29186
29209,TGM6,29187
29210,SNRPB,29188
29211,AL049650.1,29189
29212,ZNF343,29190
29213,TMC2,29191
29214,NOP56,29192
29215,IDH3B,29193
29216,AL049712.1,29194
29217,EBF4,29195
29218,CPXM1,29196
29219,AL035460.1,29197
29220,C20orf141,29198
29221,TMEM239,29199
29222,PCED1A,29200
29223,VPS16,29201
29224,PTPRA,29202
29225,GNRH2,29203
29226,MRPS26,29204
29227,OXT,29205
29228,AVP,29206
29229,UBOX5-AS1,29207
29230,UBOX5,29208
29231,FASTKD5,29209
29232,LZTS3,29210
29233,DDRGK1,29211
29234,ITPA,29212
29235,SLC4A11,29213
29236,AL109976.1,29214
29237,C20orf194,29215
29238,ATRN,29216
29239,GFRA4,29217
29240,ADAM33,29218
29241,SIGLEC1,29219
29242,HSPA12B,29220
29243,C20orf27,29221
29244,SPEF1,29222
29245,CENPB,29223
29246,CDC25B,29224
29247,LINC01730,29225
29248,AP5S1,29226
29249,MAVS,29227
29250,AL353194.1,29228
29251,PANK2,29229
29252,AL031670.1,29230
29253,RNF24,29231
29254,AL356414.1,29232
29255,SMOX,29233
29256,LINC01433,29234
29257,ADRA1D,29235
29258,AL139350.1,29236
29259,AL121781.1,29237
29260,PRNP,29238
29261,PRND,29239
29262,PRNT,29240
29263,AL133396.2,29241
29264,RASSF2,29242
29265,SLC23A2,29243
29266,AL121890.3,29244
29267,AL121890.2,29245
29268,AL121890.5,29246
29269,AL121890.4,29247
29270,TMEM230,29248
29271,PCNA,29249
29272,CDS2,29250
29273,PROKR2,29251
29274,AL121757.2,29252
29275,LINC00658,29253
29276,AL121757.1,29254
29277,LINC00654,29255
29278,AL109935.2,29256
29279,LINC01729,29257
29280,AL109935.1,29258
29281,GPCPD1,29259
29282,SHLD1,29260
29283,CHGB,29261
29284,TRMT6,29262
29285,MCM8,29263
29286,MCM8-AS1,29264
29287,AL035461.2,29265
29288,CRLS1,29266
29289,LRRN4,29267
29290,AL118505.1,29268
29291,FERMT1,29269
29292,CASC20,29270
29293,LINC01713,29271
29294,BMP2,29272
29295,AL096799.1,29273
29296,LINC01428,29274
29297,AL080248.1,29275
29298,LINC01751,29276
29299,LINC01706,29277
29300,HAO1,29278
29301,TMX4,29279
29302,AL021396.1,29280
29303,PLCB1,29281
29304,PLCB4,29282
29305,LAMP5-AS1,29283
29306,LAMP5,29284
29307,PAK5,29285
29308,AL353612.1,29286
29309,PARAL1,29287
29310,ANKEF1,29288
29311,SNAP25-AS1,29289
29312,AL354824.1,29290
29313,AL354824.2,29291
29314,SNAP25,29292
29315,MKKS,29293
29316,AL034430.1,29294
29317,SLX4IP,29295
29318,JAG1,29296
29319,AL050403.2,29297
29320,LINC01752,29298
29321,AL135937.1,29299
29322,AL050403.1,29300
29323,AL158042.1,29301
29324,C20orf187,29302
29325,AL049649.1,29303
29326,AL109837.2,29304
29327,AL161938.1,29305
29328,LINC00687,29306
29329,BTBD3,29307
29330,AL035448.1,29308
29331,AL109838.1,29309
29332,AL136460.1,29310
29333,LINC01722,29311
29334,AL078623.1,29312
29335,LINC01723,29313
29336,SPTLC3,29314
29337,ISM1,29315
29338,ISM1-AS1,29316
29339,AL050320.1,29317
29340,AL121782.1,29318
29341,TASP1,29319
29342,ESF1,29320
29343,NDUFAF5,29321
29344,SEL1L2,29322
29345,MACROD2,29323
29346,FLRT3,29324
29347,MACROD2-AS1,29325
29348,AL138808.1,29326
29349,AL121584.1,29327
29350,KIF16B,29328
29351,AL049794.1,29329
29352,AL049794.2,29330
29353,SNRPB2,29331
29354,OTOR,29332
29355,AL121892.1,29333
29356,PCSK2,29334
29357,BFSP1,29335
29358,DSTN,29336
29359,RRBP1,29337
29360,BANF2,29338
29361,AL035045.1,29339
29362,SNX5,29340
29363,OVOL2,29341
29364,MGME1,29342
29365,AL160411.1,29343
29366,PET117,29344
29367,KAT14,29345
29368,ZNF133,29346
29369,AL049646.2,29347
29370,AL049646.1,29348
29371,LINC00851,29349
29372,DZANK1,29350
29373,POLR3F,29351
29374,RBBP9,29352
29375,SEC23B,29353
29376,SMIM26,29354
29377,AL121900.2,29355
29378,DTD1,29356
29379,AL121900.1,29357
29380,LINC00652,29358
29381,AL035563.1,29359
29382,SCP2D1,29360
29383,AL135936.1,29361
29384,SLC24A3,29362
29385,AL136090.1,29363
29386,AL049647.1,29364
29387,AL121761.2,29365
29388,AL121761.1,29366
29389,AL132821.1,29367
29390,RIN2,29368
29391,NAA20,29369
29392,CRNKL1,29370
29393,CFAP61,29371
29394,AL035454.1,29372
29395,AL049648.1,29373
29396,AL121721.1,29374
29397,INSM1,29375
29398,RALGAPA2,29376
29399,AL133465.1,29377
29400,LINC00237,29378
29401,AL121759.2,29379
29402,KIZ,29380
29403,AL121759.1,29381
29404,KIZ-AS1,29382
29405,AL117332.1,29383
29406,XRN2,29384
29407,NKX2-4,29385
29408,AL158013.1,29386
29409,AL133325.3,29387
29410,NKX2-2,29388
29411,NKX2-2-AS1,29389
29412,AL133325.2,29390
29413,LINC01727,29391
29414,LINC01726,29392
29415,PAX1,29393
29416,AL109807.1,29394
29417,LINC01432,29395
29418,AL035258.1,29396
29419,LINC01427,29397
29420,AL133464.1,29398
29421,LINC00261,29399
29422,AL121722.1,29400
29423,FOXA2,29401
29424,LINC01384,29402
29425,LINC01747,29403
29426,AL158175.1,29404
29427,AL049651.1,29405
29428,SSTR4,29406
29429,THBD,29407
29430,CD93,29408
29431,LINC00656,29409
29432,AL118508.2,29410
29433,AL118508.1,29411
29434,AL390037.1,29412
29435,AL096677.1,29413
29436,NXT1,29414
29437,LINC01431,29415
29438,GZF1,29416
29439,NAPB,29417
29440,CSTL1,29418
29441,CST11,29419
29442,AL109954.2,29420
29443,AL109954.1,29421
29444,AL109954.3,29422
29445,CST8,29423
29446,CST9L,29424
29447,CST9,29425
29448,CST3,29426
29449,AL121894.2,29427
29450,AL121894.1,29428
29451,CST4,29429
29452,CST1,29430
29453,AL591074.1,29431
29454,CST2,29432
29455,CST5,29433
29456,GGTLC1,29434
29457,AL110503.1,29435
29458,LINC01721,29436
29459,AL158090.1,29437
29460,SYNDIG1,29438
29461,AL157413.1,29439
29462,AL049594.1,29440
29463,AL035661.1,29441
29464,CST7,29442
29465,APMAP,29443
29466,ACSS1,29444
29467,AL080312.2,29445
29468,VSX1,29446
29469,AL035252.2,29447
29470,ENTPD6,29448
29471,AL035252.3,29449
29472,AL121772.1,29450
29473,PYGB,29451
29474,AL121772.2,29452
29475,AL121772.3,29453
29476,ABHD12,29454
29477,GINS1,29455
29478,NINL,29456
29479,NANP,29457
29480,ZNF337-AS1,29458
29481,ZNF337,29459
29482,AL031673.1,29460
29483,AL390198.1,29461
29484,FAM182B,29462
29485,LINC01733,29463
29486,AL078587.1,29464
29487,AL391119.1,29465
29488,AL121904.1,29466
29489,LINC01597,29467
29490,LINC01598,29468
29491,DEFB115,29469
29492,DEFB116,29470
29493,DEFB118,29471
29494,DEFB119,29472
29495,DEFB121,29473
29496,DEFB123,29474
29497,DEFB124,29475
29498,REM1,29476
29499,LINC00028,29477
29500,HM13,29478
29501,HM13-AS1,29479
29502,AL110115.2,29480
29503,ID1,29481
29504,COX4I2,29482
29505,BCL2L1,29483
29506,AL117381.1,29484
29507,ABALON,29485
29508,TPX2,29486
29509,MYLK2,29487
29510,FOXS1,29488
29511,DUSP15,29489
29512,TTLL9,29490
29513,PDRG1,29491
29514,XKR7,29492
29515,CCM2L,29493
29516,AL031658.1,29494
29517,HCK,29495
29518,TM9SF4,29496
29519,PLAGL2,29497
29520,POFUT1,29498
29521,KIF3B,29499
29522,AL121583.1,29500
29523,ASXL1,29501
29524,NOL4L,29502
29525,AL034550.1,29503
29526,AL034550.2,29504
29527,AL133343.2,29505
29528,NOL4L-DT,29506
29529,AL133343.1,29507
29530,C20orf203,29508
29531,FO393400.1,29509
29532,COMMD7,29510
29533,DNMT3B,29511
29534,MAPRE1,29512
29535,AL035071.2,29513
29536,AL035071.1,29514
29537,EFCAB8,29515
29538,SUN5,29516
29539,BPIFB2,29517
29540,BPIFB6,29518
29541,BPIFB3,29519
29542,BPIFB4,29520
29543,BPIFA2,29521
29544,AL121901.1,29522
29545,BPIFA3,29523
29546,BPIFA1,29524
29547,BPIFB1,29525
29548,CDK5RAP1,29526
29549,SNTA1,29527
29550,CBFA2T2,29528
29551,AL121906.2,29529
29552,NECAB3,29530
29553,C20orf144,29531
29554,ACTL10,29532
29555,AL121906.1,29533
29556,E2F1,29534
29557,PXMP4,29535
29558,AL050349.1,29536
29559,ZNF341,29537
29560,ZNF341-AS1,29538
29561,CHMP4B,29539
29562,AL034549.1,29540
29563,RALY,29541
29564,AL031668.1,29542
29565,EIF2S2,29543
29566,ASIP,29544
29567,AHCY,29545
29568,ITCH,29546
29569,ITCH-AS1,29547
29570,DYNLRB1,29548
29571,MAP1LC3A,29549
29572,PIGU,29550
29573,NCOA6,29551
29574,TP53INP2,29552
29575,GGT7,29553
29576,ACSS2,29554
29577,GSS,29555
29578,MYH7B,29556
29579,TRPC4AP,29557
29580,EDEM2,29558
29581,PROCR,29559
29582,AL356652.1,29560
29583,MMP24OS,29561
29584,MMP24,29562
29585,AL121753.1,29563
29586,EIF6,29564
29587,FAM83C-AS1,29565
29588,FAM83C,29566
29589,UQCC1,29567
29590,GDF5OS,29568
29591,GDF5,29569
29592,CEP250,29570
29593,FO393401.1,29571
29594,C20orf173,29572
29595,ERGIC3,29573
29596,SPAG4,29574
29597,CPNE1,29575
29598,AL109827.1,29576
29599,RBM12,29577
29600,NFS1,29578
29601,ROMO1,29579
29602,RBM39,29580
29603,PHF20,29581
29604,SCAND1,29582
29605,CNBD2,29583
29606,NORAD,29584
29607,AL035420.3,29585
29608,AL035420.1,29586
29609,AL035420.2,29587
29610,EPB41L1,29588
29611,AL121895.1,29589
29612,AL121895.2,29590
29613,AAR2,29591
29614,DLGAP4,29592
29615,DLGAP4-AS1,29593
29616,MYL9,29594
29617,TGIF2,29595
29618,TGIF2-RAB5IF,29596
29619,RAB5IF,29597
29620,SLA2,29598
29621,NDRG3,29599
29622,DSN1,29600
29623,SOGA1,29601
29624,TLDC2,29602
29625,SAMHD1,29603
29626,RBL1,29604
29627,AL136172.1,29605
29628,MROH8,29606
29629,RPN2,29607
29630,GHRH,29608
29631,MANBAL,29609
29632,SRC,29610
29633,BLCAP,29611
29634,NNAT,29612
29635,LINC01746,29613
29636,LINC00489,29614
29637,AL162293.1,29615
29638,CTNNBL1,29616
29639,VSTM2L,29617
29640,TTI1,29618
29641,RPRD1B,29619
29642,AL031651.1,29620
29643,TGM2,29621
29644,KIAA1755,29622
29645,AL359555.3,29623
29646,AL359555.4,29624
29647,AL359555.2,29625
29648,AL359555.1,29626
29649,BPI,29627
29650,LBP,29628
29651,AL391095.2,29629
29652,AL391095.1,29630
29653,AL391095.3,29631
29654,RALGAPB,29632
29655,ADIG,29633
29656,ARHGAP40,29634
29657,SLC32A1,29635
29658,ACTR5,29636
29659,PPP1R16B,29637
29660,FAM83D,29638
29661,AL023803.2,29639
29662,AL023803.1,29640
29663,DHX35,29641
29664,LINC01734,29642
29665,AL118523.1,29643
29666,LINC01370,29644
29667,AL133419.1,29645
29668,AL009050.1,29646
29669,MAFB,29647
29670,AL035665.1,29648
29671,TOP1,29649
29672,PLCG1-AS1,29650
29673,PLCG1,29651
29674,ZHX3,29652
29675,LPIN3,29653
29676,EMILIN3,29654
29677,CHD6,29655
29678,AL049812.2,29656
29679,AL049812.3,29657
29680,PTPRT,29658
29681,AL031656.1,29659
29682,AL031676.1,29660
29683,AL021395.1,29661
29684,SRSF6,29662
29685,L3MBTL1,29663
29686,Z98752.3,29664
29687,Z98752.1,29665
29688,SGK2,29666
29689,Z98752.4,29667
29690,IFT52,29668
29691,MYBL2,29669
29692,GTSF1L,29670
29693,LINC01728,29671
29694,TOX2,29672
29695,JPH2,29673
29696,OSER1,29674
29697,OSER1-DT,29675
29698,GDAP1L1,29676
29699,FITM2,29677
29700,R3HDML,29678
29701,AL117382.1,29679
29702,HNF4A,29680
29703,HNF4A-AS1,29681
29704,AL117382.2,29682
29705,LINC01620,29683
29706,TTPAL,29684
29707,SERINC3,29685
29708,PKIG,29686
29709,ADA,29687
29710,AL139352.1,29688
29711,LINC01260,29689
29712,KCNK15-AS1,29690
29713,WISP2,29691
29714,KCNK15,29692
29715,RIMS4,29693
29716,YWHAB,29694
29717,PABPC1L,29695
29718,TOMM34,29696
29719,STK4-AS1,29697
29720,STK4,29698
29721,KCNS1,29699
29722,WFDC5,29700
29723,WFDC12,29701
29724,PI3,29702
29725,SEMG1,29703
29726,SEMG2,29704
29727,SLPI,29705
29728,MATN4,29706
29729,RBPJL,29707
29730,SDC4,29708
29731,SYS1,29709
29732,SYS1-DBNDD2,29710
29733,TP53TG5,29711
29734,DBNDD2,29712
29735,PIGT,29713
29736,AL031663.3,29714
29737,WFDC2,29715
29738,AL031663.2,29716
29739,SPINT3,29717
29740,WFDC6,29718
29741,EPPIN-WFDC6,29719
29742,EPPIN,29720
29743,WFDC8,29721
29744,WFDC9,29722
29745,WFDC10A,29723
29746,WFDC11,29724
29747,WFDC10B,29725
29748,WFDC13,29726
29749,SPINT4,29727
29750,WFDC3,29728
29751,DNTTIP1,29729
29752,UBE2C,29730
29753,TNNC2,29731
29754,SNX21,29732
29755,ACOT8,29733
29756,ZSWIM3,29734
29757,ZSWIM1,29735
29758,SPATA25,29736
29759,NEURL2,29737
29760,CTSA,29738
29761,AL008726.1,29739
29762,PLTP,29740
29763,PCIF1,29741
29764,ZNF335,29742
29765,MMP9,29743
29766,SLC12A5-AS1,29744
29767,SLC12A5,29745
29768,NCOA5,29746
29769,CD40,29747
29770,AL031687.1,29748
29771,CDH22,29749
29772,SLC35C2,29750
29773,AL133227.1,29751
29774,ELMO2,29752
29775,ZNF334,29753
29776,OCSTAMP,29754
29777,SLC13A3,29755
29778,TP53RK,29756
29779,AL031055.1,29757
29780,SLC2A10,29758
29781,EYA2,29759
29782,AL354766.2,29760
29783,ZMYND8,29761
29784,AL031666.2,29762
29785,AL031666.1,29763
29786,LINC01754,29764
29787,NCOA3,29765
29788,SULF2,29766
29789,AL354813.1,29767
29790,AL357558.2,29768
29791,AL357558.1,29769
29792,LINC01522,29770
29793,LINC01523,29771
29794,AL139351.1,29772
29795,LINC00494,29773
29796,AL137078.1,29774
29797,AL137078.2,29775
29798,AL049541.1,29776
29799,AL049541.2,29777
29800,PREX1,29778
29801,AL133342.1,29779
29802,ARFGEF2,29780
29803,CSE1L-AS1,29781
29804,CSE1L,29782
29805,STAU1,29783
29806,DDX27,29784
29807,ZNFX1,29785
29808,ZFAS1,29786
29809,KCNB1,29787
29810,PTGIS,29788
29811,B4GALT5,29789
29812,SLC9A8,29790
29813,SPATA2,29791
29814,RNF114,29792
29815,SNAI1,29793
29816,TRERNA1,29794
29817,UBE2V1,29795
29818,TMEM189-UBE2V1,29796
29819,TMEM189,29797
29820,AL161937.2,29798
29821,AL161937.1,29799
29822,LINC01273,29800
29823,CEBPB-AS1,29801
29824,CEBPB,29802
29825,SMIM25,29803
29826,LINC01270,29804
29827,LINC01271,29805
29828,PTPN1,29806
29829,AL133230.1,29807
29830,RIPOR3,29808
29831,AL353653.1,29809
29832,PARD6B,29810
29833,BCAS4,29811
29834,ADNP,29812
29835,ADNP-AS1,29813
29836,DPM1,29814
29837,MOCS3,29815
29838,AL050404.1,29816
29839,KCNG1,29817
29840,NFATC2,29818
29841,ATP9A,29819
29842,SALL4,29820
29843,LINC01429,29821
29844,ZFP64,29822
29845,LINC01524,29823
29846,AL109610.1,29824
29847,AL049765.1,29825
29848,AL031674.1,29826
29849,AL121902.1,29827
29850,TSHZ2,29828
29851,AL391097.1,29829
29852,AL391097.2,29830
29853,AL109930.1,29831
29854,AL354993.1,29832
29855,AL354993.2,29833
29856,AL157838.1,29834
29857,ZNF217,29835
29858,AC005808.1,29836
29859,AC006076.1,29837
29860,BCAS1,29838
29861,AC005220.1,29839
29862,CYP24A1,29840
29863,PFDN4,29841
29864,DOK5,29842
29865,LINC01440,29843
29866,LINC01441,29844
29867,AL160413.1,29845
29868,CBLN4,29846
29869,MC3R,29847
29870,AL139824.1,29848
29871,FAM210B,29849
29872,AURKA,29850
29873,CSTF1,29851
29874,CASS4,29852
29875,RTF2,29853
29876,GCNT7,29854
29877,FAM209A,29855
29878,FAM209B,29856
29879,LINC01716,29857
29880,TFAP2C,29858
29881,AL133232.1,29859
29882,AL157414.2,29860
29883,AL157414.1,29861
29884,BMP7,29862
29885,BMP7-AS1,29863
29886,AL122058.1,29864
29887,SPO11,29865
29888,RAE1,29866
29889,MTRNR2L3,29867
29890,AL109955.1,29868
29891,RBM38,29869
29892,CTCFL,29870
29893,PCK1,29871
29894,AL035541.1,29872
29895,ZBP1,29873
29896,PMEPA1,29874
29897,NKILA,29875
29898,AL354984.1,29876
29899,LINC01742,29877
29900,AL354984.2,29878
29901,C20orf85,29879
29902,ANKRD60,29880
29903,RAB22A,29881
29904,VAPB,29882
29905,APCDD1L,29883
29906,AL050327.1,29884
29907,LINC01711,29885
29908,STX16,29886
29909,STX16-NPEPL1,29887
29910,NPEPL1,29888
29911,AL132655.3,29889
29912,AL132655.2,29890
29913,GNAS-AS1,29891
29914,AL132655.1,29892
29915,GNAS,29893
29916,AL121917.1,29894
29917,AL121917.2,29895
29918,NELFCD,29896
29919,CTSZ,29897
29920,TUBB1,29898
29921,ATP5F1E,29899
29922,PRELID3B,29900
29923,ZNF831,29901
29924,EDN3,29902
29925,AL035250.1,29903
29926,AL035250.2,29904
29927,AL389889.1,29905
29928,PHACTR3,29906
29929,AL121908.1,29907
29930,SYCP2,29908
29931,FAM217B,29909
29932,PPP1R3D,29910
29933,CDH26,29911
29934,C20orf197,29912
29935,AL132822.1,29913
29936,MIR646HG,29914
29937,AL117372.1,29915
29938,AL139348.1,29916
29939,AL121910.1,29917
29940,LINC01718,29918
29941,CDH4,29919
29942,BX640515.1,29920
29943,AL160412.1,29921
29944,AL162457.1,29922
29945,AL162457.2,29923
29946,TAF4,29924
29947,AL137077.2,29925
29948,LSM14B,29926
29949,PSMA7,29927
29950,SS18L1,29928
29951,MTG2,29929
29952,HRH3,29930
29953,OSBPL2,29931
29954,ADRM1,29932
29955,AL354836.1,29933
29956,LAMA5,29934
29957,LAMA5-AS1,29935
29958,AL121832.2,29936
29959,RPS21,29937
29960,CABLES2,29938
29961,RBBP8NL,29939
29962,AL121832.1,29940
29963,GATA5,29941
29964,AL499627.2,29942
29965,AL499627.1,29943
29966,MIR1-1HG-AS1,29944
29967,MIR1-1HG,29945
29968,BX640514.1,29946
29969,BX640514.2,29947
29970,AL450469.2,29948
29971,AL450469.1,29949
29972,AL357033.1,29950
29973,SLCO4A1,29951
29974,AL357033.4,29952
29975,AL357033.3,29953
29976,SLCO4A1-AS1,29954
29977,LINC00686,29955
29978,NTSR1,29956
29979,AL357033.2,29957
29980,LINC00659,29958
29981,MRGBP,29959
29982,OGFR-AS1,29960
29983,OGFR,29961
29984,COL9A3,29962
29985,TCFL5,29963
29986,DIDO1,29964
29987,AL117379.1,29965
29988,GID8,29966
29989,SLC17A9,29967
29990,BHLHE23,29968
29991,LINC01749,29969
29992,LINC00029,29970
29993,LINC01056,29971
29994,HAR1B,29972
29995,HAR1A,29973
29996,AL096828.2,29974
29997,AL096828.1,29975
29998,YTHDF1,29976
29999,AL096828.3,29977
30000,BIRC7,29978
30001,NKAIN4,29979
30002,AL121827.2,29980
30003,ARFGAP1,29981
30004,COL20A1,29982
30005,CHRNA4,29983
30006,AL121827.1,29984
30007,KCNQ2,29985
30008,AL353658.2,29986
30009,AL353658.1,29987
30010,EEF1A2,29988
30011,AL121829.1,29989
30012,PPDPF,29990
30013,PTK6,29991
30014,SRMS,29992
30015,AL121829.2,29993
30016,FNDC11,29994
30017,HELZ2,29995
30018,GMEB2,29996
30019,MHENCR,29997
30020,STMN3,29998
30021,RTEL1,29999
30022,RTEL1-TNFRSF6B,30000
30023,TNFRSF6B,30001
30024,ARFRP1,30002
30025,ZGPAT,30003
30026,AL121845.3,30004
30027,AL121845.4,30005
30028,LIME1,30006
30029,AL121845.2,30007
30030,SLC2A4RG,30008
30031,ZBTB46,30009
30032,AL121845.1,30010
30033,ZBTB46-AS1,30011
30034,AL118506.1,30012
30035,ABHD16B,30013
30036,TPD52L2,30014
30037,DNAJC5,30015
30038,UCKL1,30016
30039,UCKL1-AS1,30017
30040,ZNF512B,30018
30041,SAMD10,30019
30042,PRPF6,30020
30043,C20orf204,30021
30044,SOX18,30022
30045,TCEA2,30023
30046,AL355803.1,30024
30047,RGS19,30025
30048,OPRL1,30026
30049,LKAAEAR1,30027
30050,MYT1,30028
30051,NPBWR2,30029
30052,PCMTD2,30030
30053,LINC00266-1,30031
30054,AC008993.4,30032
30055,FAM138F,30033
30056,OR4F17,30034
30057,AC092192.1,30035
30058,AC016588.2,30036
30059,PLPP2,30037
30060,MIER2,30038
30061,AC016588.1,30039
30062,THEG,30040
30063,AC010641.1,30041
30064,C2CD4C,30042
30065,SHC2,30043
30066,ODF3L2,30044
30067,MADCAM1,30045
30068,AC005775.1,30046
30069,TPGS1,30047
30070,CDC34,30048
30071,GZMM,30049
30072,AC009005.1,30050
30073,BSG,30051
30074,HCN2,30052
30075,POLRMT,30053
30076,AC004449.1,30054
30077,FGF22,30055
30078,RNF126,30056
30079,AC004156.1,30057
30080,FSTL3,30058
30081,PRSS57,30059
30082,PALM,30060
30083,MISP,30061
30084,AC006273.1,30062
30085,LINC01836,30063
30086,PTBP1,30064
30087,PLPPR3,30065
30088,AZU1,30066
30089,PRTN3,30067
30090,ELANE,30068
30091,CFD,30069
30092,MED16,30070
30093,R3HDM4,30071
30094,KISS1R,30072
30095,ARID3A,30073
30096,AC005379.1,30074
30097,WDR18,30075
30098,AC004528.1,30076
30099,GRIN3B,30077
30100,TMEM259,30078
30101,AC004528.2,30079
30102,CNN2,30080
30103,ABCA7,30081
30104,ARHGAP45,30082
30105,POLR2E,30083
30106,GPX4,30084
30107,SBNO2,30085
30108,STK11,30086
30109,CBARP,30087
30110,AC004221.1,30088
30111,ATP5F1D,30089
30112,MIDN,30090
30113,CIRBP,30091
30114,CIRBP-AS1,30092
30115,C19orf24,30093
30116,EFNA2,30094
30117,AC005330.1,30095
30118,MUM1,30096
30119,AC005329.2,30097
30120,NDUFS7,30098
30121,AC005329.3,30099
30122,AC005329.1,30100
30123,GAMT,30101
30124,DAZAP1,30102
30125,RPS15,30103
30126,AC027307.3,30104
30127,APC2,30105
30128,AC027307.2,30106
30129,C19orf25,30107
30130,PCSK4,30108
30131,REEP6,30109
30132,ADAMTSL5,30110
30133,AC027307.1,30111
30134,PLK5,30112
30135,MEX3D,30113
30136,MBD3,30114
30137,AC005943.1,30115
30138,UQCR11,30116
30139,TCF3,30117
30140,AC005256.1,30118
30141,ONECUT3,30119
30142,ATP8B3,30120
30143,REXO1,30121
30144,AC012615.2,30122
30145,AC012615.3,30123
30146,KLF16,30124
30147,AC012615.4,30125
30148,AC012615.1,30126
30149,AC012615.5,30127
30150,ABHD17A,30128
30151,SCAMP4,30129
30152,ADAT3,30130
30153,CSNK1G2,30131
30154,CSNK1G2-AS1,30132
30155,BTBD2,30133
30156,MKNK2,30134
30157,MOB3A,30135
30158,IZUMO4,30136
30159,AP3D1,30137
30160,DOT1L,30138
30161,AC004490.1,30139
30162,PLEKHJ1,30140
30163,SF3A2,30141
30164,AMH,30142
30165,JSRP1,30143
30166,OAZ1,30144
30167,AC005258.1,30145
30168,PEAK3,30146
30169,LINGO3,30147
30170,LSM7,30148
30171,SPPL2B,30149
30172,TMPRSS9,30150
30173,TIMM13,30151
30174,LMNB2,30152
30175,LINC01775,30153
30176,GADD45B,30154
30177,GNG7,30155
30178,AC092068.1,30156
30179,DIRAS1,30157
30180,AC006538.2,30158
30181,SLC39A3,30159
30182,SGTA,30160
30183,THOP1,30161
30184,ZNF554,30162
30185,ZNF555,30163
30186,AC006130.1,30164
30187,ZNF556,30165
30188,ZNF57,30166
30189,AC119403.1,30167
30190,ZNF77,30168
30191,TLE6,30169
30192,TLE2,30170
30193,AC005944.1,30171
30194,AES,30172
30195,GNA11,30173
30196,AC005262.2,30174
30197,KF456478.1,30175
30198,GNA15,30176
30199,AC005264.1,30177
30200,S1PR4,30178
30201,NCLN,30179
30202,CELF5,30180
30203,AC010649.1,30181
30204,NFIC,30182
30205,SMIM24,30183
30206,AC005551.1,30184
30207,DOHH,30185
30208,FZR1,30186
30209,MFSD12,30187
30210,C19orf71,30188
30211,AC005786.3,30189
30212,AC005786.2,30190
30213,HMG20B,30191
30214,GIPC3,30192
30215,TBXA2R,30193
30216,CACTIN-AS1,30194
30217,CACTIN,30195
30218,PIP5K1C,30196
30219,AC004637.1,30197
30220,TJP3,30198
30221,APBA3,30199
30222,AC005954.2,30200
30223,MRPL54,30201
30224,RAX2,30202
30225,MATK,30203
30226,ZFR2,30204
30227,ATCAY,30205
30228,NMRK2,30206
30229,DAPK3,30207
30230,EEF2,30208
30231,PIAS4,30209
30232,ZBTB7A,30210
30233,MAP2K2,30211
30234,CREB3L3,30212
30235,SIRT6,30213
30236,ANKRD24,30214
30237,EBI3,30215
30238,YJU2,30216
30239,SHD,30217
30240,TMIGD2,30218
30241,FSD1,30219
30242,STAP2,30220
30243,AC104521.1,30221
30244,MPND,30222
30245,AC007292.3,30223
30246,AC007292.2,30224
30247,SH3GL1,30225
30248,AC007292.1,30226
30249,CHAF1A,30227
30250,AC011498.3,30228
30251,UBXN6,30229
30252,AC011498.2,30230
30253,AC011498.6,30231
30254,AC011498.1,30232
30255,HDGFL2,30233
30256,PLIN4,30234
30257,PLIN5,30235
30258,AC011498.4,30236
30259,LRG1,30237
30260,SEMA6B,30238
30261,TNFAIP8L1,30239
30262,MYDGF,30240
30263,AC005339.1,30241
30264,DPP9,30242
30265,DPP9-AS1,30243
30266,MIR7-3HG,30244
30267,AC005523.1,30245
30268,FEM1A,30246
30269,AC005523.2,30247
30270,TICAM1,30248
30271,AC027319.1,30249
30272,PLIN3,30250
30273,ARRDC5,30251
30274,UHRF1,30252
30275,KDM4B,30253
30276,PTPRS,30254
30277,AC022517.1,30255
30278,AC005790.1,30256
30279,ZNRF4,30257
30280,TINCR,30258
30281,SAFB2,30259
30282,SAFB,30260
30283,RPL36,30261
30284,C19orf70,30262
30285,HSD11B1L,30263
30286,LONP1,30264
30287,CATSPERD,30265
30288,PRR22,30266
30289,AC011499.1,30267
30290,DUS3L,30268
30291,NRTN,30269
30292,FUT6,30270
30293,FUT3,30271
30294,AC024592.2,30272
30295,FUT5,30273
30296,AC024592.3,30274
30297,NDUFA11,30275
30298,AC024592.1,30276
30299,AC104532.1,30277
30300,VMAC,30278
30301,AC104532.2,30279
30302,CAPS,30280
30303,RANBP3,30281
30304,AC011444.1,30282
30305,RFX2,30283
30306,AC011444.2,30284
30307,AC011444.3,30285
30308,ACSBG2,30286
30309,MLLT1,30287
30310,AC011471.2,30288
30311,ACER1,30289
30312,AC011491.3,30290
30313,CLPP,30291
30314,ALKBH7,30292
30315,PSPN,30293
30316,GTF2F1,30294
30317,KHSRP,30295
30318,SLC25A41,30296
30319,SLC25A23,30297
30320,CRB3,30298
30321,DENND1C,30299
30322,AC010503.4,30300
30323,TUBB4A,30301
30324,AC010503.1,30302
30325,AC010503.2,30303
30326,TNFSF9,30304
30327,CD70,30305
30328,TNFSF14,30306
30329,C3,30307
30330,GPR108,30308
30331,TRIP10,30309
30332,AC008760.1,30310
30333,SH2D3A,30311
30334,VAV1,30312
30335,ADGRE1,30313
30336,AC025278.1,30314
30337,MBD3L2B,30315
30338,MBD3L5,30316
30339,MBD3L4,30317
30340,MBD3L2,30318
30341,MBD3L3,30319
30342,ZNF557,30320
30343,INSR,30321
30344,AC119396.1,30322
30345,AC008878.3,30323
30346,AC119396.2,30324
30347,ARHGEF18,30325
30348,PEX11G,30326
30349,TEX45,30327
30350,AC008878.1,30328
30351,ZNF358,30329
30352,AC008878.4,30330
30353,MCOLN1,30331
30354,AC008878.2,30332
30355,PNPLA6,30333
30356,CAMSAP3,30334
30357,XAB2,30335
30358,PET100,30336
30359,AC008763.2,30337
30360,PCP2,30338
30361,AC008763.1,30339
30362,STXBP2,30340
30363,RETN,30341
30364,MCEMP1,30342
30365,AC008763.3,30343
30366,TRAPPC5,30344
30367,FCER2,30345
30368,CLEC4G,30346
30369,CD209,30347
30370,CLEC4M,30348
30371,EVI5L,30349
30372,PRR36,30350
30373,AC010336.3,30351
30374,LRRC8E,30352
30375,AC010336.1,30353
30376,MAP2K7,30354
30377,AC010336.4,30355
30378,TGFBR3L,30356
30379,AC010336.2,30357
30380,SNAPC2,30358
30381,CTXN1,30359
30382,TIMM44,30360
30383,ELAVL1,30361
30384,AC010336.6,30362
30385,AC008946.1,30363
30386,CCL25,30364
30387,FBN3,30365
30388,CERS4,30366
30389,AC022146.2,30367
30390,CD320,30368
30391,AC010323.1,30369
30392,NDUFA7,30370
30393,RPS28,30371
30394,KANK3,30372
30395,ANGPTL4,30373
30396,RAB11B-AS1,30374
30397,RAB11B,30375
30398,MARCH2,30376
30399,AC136469.1,30377
30400,HNRNPM,30378
30401,PRAM1,30379
30402,ZNF414,30380
30403,MYO1F,30381
30404,AC092316.1,30382
30405,ADAMTS10,30383
30406,AC130469.1,30384
30407,LINC01862,30385
30408,ACTL9,30386
30409,OR2Z1,30387
30410,ZNF558,30388
30411,AC008734.1,30389
30412,MBD3L1,30390
30413,MUC16,30391
30414,OR1M1,30392
30415,OR7G2,30393
30416,OR7G1,30394
30417,OR7G3,30395
30418,ZNF317,30396
30419,OR7D2,30397
30420,OR7D4,30398
30421,OR7E24,30399
30422,AC011451.1,30400
30423,ZNF699,30401
30424,ZNF559,30402
30425,ZNF559-ZNF177,30403
30426,ZNF177,30404
30427,ZNF266,30405
30428,ZNF560,30406
30429,AC008567.2,30407
30430,ZNF426,30408
30431,ZNF426-DT,30409
30432,ZNF121,30410
30433,ZNF561,30411
30434,ZNF562,30412
30435,AC008759.3,30413
30436,AC008759.2,30414
30437,ZNF846,30415
30438,AC008752.1,30416
30439,FBXL12,30417
30440,UBL5,30418
30441,AC008752.2,30419
30442,PIN1,30420
30443,OLFM2,30421
30444,COL5A3,30422
30445,AC008742.1,30423
30446,RDH8,30424
30447,C19orf66,30425
30448,AC020931.1,30426
30449,ANGPTL6,30427
30450,PPAN-P2RY11,30428
30451,PPAN,30429
30452,P2RY11,30430
30453,EIF3G,30431
30454,DNMT1,30432
30455,S1PR2,30433
30456,MRPL4,30434
30457,AC011511.2,30435
30458,AC011511.3,30436
30459,ICAM1,30437
30460,AC011511.5,30438
30461,ICAM4,30439
30462,ICAM5,30440
30463,ZGLP1,30441
30464,AC011511.1,30442
30465,FDX2,30443
30466,AC011511.4,30444
30467,RAVER1,30445
30468,AC114271.1,30446
30469,ICAM3,30447
30470,TYK2,30448
30471,CDC37,30449
30472,PDE4A,30450
30473,KEAP1,30451
30474,S1PR5,30452
30475,ATG4D,30453
30476,KRI1,30454
30477,CDKN2D,30455
30478,AP1M2,30456
30479,SLC44A2,30457
30480,ILF3-DT,30458
30481,ILF3,30459
30482,QTRT1,30460
30483,DNM2,30461
30484,TMED1,30462
30485,C19orf38,30463
30486,CARM1,30464
30487,YIPF2,30465
30488,TIMM29,30466
30489,SMARCA4,30467
30490,AC011442.1,30468
30491,LDLR,30469
30492,SPC24,30470
30493,KANK2,30471
30494,DOCK6,30472
30495,AC011472.1,30473
30496,AC011472.4,30474
30497,ANGPTL8,30475
30498,TSPAN16,30476
30499,RAB3D,30477
30500,TMEM205,30478
30501,CCDC159,30479
30502,PLPPR2,30480
30503,AC024575.1,30481
30504,SWSAP1,30482
30505,EPOR,30483
30506,RGL3,30484
30507,CCDC151,30485
30508,PRKCSH,30486
30509,ELAVL3,30487
30510,AC008481.3,30488
30511,ZNF653,30489
30512,ECSIT,30490
30513,CNN1,30491
30514,ELOF1,30492
30515,ZNF627,30493
30516,ACP5,30494
30517,AC008543.1,30495
30518,ZNF823,30496
30519,ZNF441,30497
30520,AC008543.5,30498
30521,ZNF491,30499
30522,ZNF440,30500
30523,AC008543.4,30501
30524,ZNF439,30502
30525,ZNF69,30503
30526,ZNF700,30504
30527,AC008770.2,30505
30528,ZNF763,30506
30529,ZNF433,30507
30530,AC008770.1,30508
30531,ZNF878,30509
30532,ZNF844,30510
30533,ZNF788P,30511
30534,ZNF20,30512
30535,ZNF625-ZNF20,30513
30536,ZNF625,30514
30537,ZNF136,30515
30538,ZNF44,30516
30539,ZNF563,30517
30540,ZNF442,30518
30541,AC008758.4,30519
30542,ZNF799,30520
30543,AC008758.5,30521
30544,ZNF443,30522
30545,AC008758.6,30523
30546,AC008758.2,30524
30547,ZNF709,30525
30548,AC008758.1,30526
30549,ZNF564,30527
30550,AC010422.6,30528
30551,AC010422.1,30529
30552,ZNF490,30530
30553,ZNF791,30531
30554,AC010422.3,30532
30555,MAN2B1,30533
30556,AC010422.5,30534
30557,WDR83,30535
30558,WDR83OS,30536
30559,DHPS,30537
30560,AC010422.2,30538
30561,GNG14,30539
30562,FBXW9,30540
30563,AC018761.4,30541
30564,TNPO2,30542
30565,AC018761.1,30543
30566,TRIR,30544
30567,ASNA1,30545
30568,BEST2,30546
30569,HOOK2,30547
30570,AC018761.3,30548
30571,JUNB,30549
30572,PRDX2,30550
30573,AC018761.2,30551
30574,THSD8,30552
30575,RNASEH2A,30553
30576,RTBDN,30554
30577,AC020934.1,30555
30578,MAST1,30556
30579,DNASE2,30557
30580,AC020934.2,30558
30581,KLF1,30559
30582,GCDH,30560
30583,SYCE2,30561
30584,FARSA,30562
30585,FARSA-AS1,30563
30586,CALR,30564
30587,AC092069.1,30565
30588,RAD23A,30566
30589,GADD45GIP1,30567
30590,DAND5,30568
30591,NFIX,30569
30592,AC138474.1,30570
30593,AC007787.1,30571
30594,LYL1,30572
30595,TRMT1,30573
30596,NACC1,30574
30597,AC005546.1,30575
30598,AC011446.1,30576
30599,STX10,30577
30600,IER2,30578
30601,AC011446.2,30579
30602,CACNA1A,30580
30603,CCDC130,30581
30604,MRI1,30582
30605,AC008686.1,30583
30606,C19orf53,30584
30607,ZSWIM4,30585
30608,AC020916.2,30586
30609,AC020916.1,30587
30610,NANOS3,30588
30611,C19orf57,30589
30612,CC2D1A,30590
30613,PODNL1,30591
30614,DCAF15,30592
30615,RFX1,30593
30616,AC022098.4,30594
30617,RLN3,30595
30618,AC022098.2,30596
30619,IL27RA,30597
30620,PALM3,30598
30621,MISP3,30599
30622,C19orf67,30600
30623,SAMD1,30601
30624,PRKACA,30602
30625,AC022098.3,30603
30626,ASF1B,30604
30627,AC022098.1,30605
30628,ADGRL1,30606
30629,AC011509.2,30607
30630,AC011509.1,30608
30631,LINC01841,30609
30632,LINC01842,30610
30633,ADGRE5,30611
30634,AC008569.1,30612
30635,DDX39A,30613
30636,PKN1,30614
30637,PTGER1,30615
30638,GIPC1,30616
30639,DNAJB1,30617
30640,TECR,30618
30641,NDUFB7,30619
30642,CLEC17A,30620
30643,ADGRE3,30621
30644,ZNF333,30622
30645,ADGRE2,30623
30646,OR7C1,30624
30647,OR7A5,30625
30648,OR7A10,30626
30649,OR7A17,30627
30650,OR7C2,30628
30651,SLC1A6,30629
30652,CCDC105,30630
30653,CASP14,30631
30654,OR1I1,30632
30655,SYDE1,30633
30656,ILVBL,30634
30657,AC003956.1,30635
30658,NOTCH3,30636
30659,AC004257.1,30637
30660,EPHX3,30638
30661,BRD4,30639
30662,AC005776.2,30640
30663,AKAP8,30641
30664,AKAP8L,30642
30665,WIZ,30643
30666,RASAL3,30644
30667,PGLYRP2,30645
30668,CYP4F22,30646
30669,AC093072.1,30647
30670,CYP4F8,30648
30671,CYP4F3,30649
30672,CYP4F12,30650
30673,OR10H2,30651
30674,OR10H3,30652
30675,AC004597.1,30653
30676,OR10H5,30654
30677,OR10H1,30655
30678,LINC01764,30656
30679,UCA1,30657
30680,CYP4F2,30658
30681,CYP4F11,30659
30682,OR10H4,30660
30683,LINC01855,30661
30684,TPM4,30662
30685,AC008894.1,30663
30686,RAB8A,30664
30687,AC008894.2,30665
30688,HSH2D,30666
30689,CIB3,30667
30690,FAM32A,30668
30691,AC020911.1,30669
30692,AP1M1,30670
30693,AC020911.2,30671
30694,KLF2,30672
30695,AC020917.3,30673
30696,EPS15L1,30674
30697,AC020917.2,30675
30698,CALR3,30676
30699,AC008764.1,30677
30700,C19orf44,30678
30701,CHERP,30679
30702,AC008764.6,30680
30703,SLC35E1,30681
30704,AC008764.3,30682
30705,AC008764.5,30683
30706,AC008764.8,30684
30707,MED26,30685
30708,AC008764.4,30686
30709,AC008764.2,30687
30710,AC024075.3,30688
30711,SMIM7,30689
30712,TMEM38A,30690
30713,NWD1,30691
30714,SIN3B,30692
30715,F2RL3,30693
30716,CPAMD8,30694
30717,AC020908.2,30695
30718,HAUS8,30696
30719,AC020908.1,30697
30720,MYO9B,30698
30721,AC020908.3,30699
30722,AC020913.1,30700
30723,AC020913.3,30701
30724,AC020913.2,30702
30725,USE1,30703
30726,OCEL1,30704
30727,NR2F6,30705
30728,AC010646.1,30706
30729,USHBP1,30707
30730,BABAM1,30708
30731,AC010463.1,30709
30732,ANKLE1,30710
30733,ABHD8,30711
30734,MRPL34,30712
30735,DDA1,30713
30736,ANO8,30714
30737,GTPBP3,30715
30738,PLVAP,30716
30739,AC010463.2,30717
30740,CCDC194,30718
30741,BST2,30719
30742,BISPR,30720
30743,MVB12A,30721
30744,AC010319.4,30722
30745,AC010319.3,30723
30746,TMEM221,30724
30747,AC010319.2,30725
30748,AC010319.5,30726
30749,NXNL1,30727
30750,SLC27A1,30728
30751,AC010618.3,30729
30752,PGLS,30730
30753,AC010618.2,30731
30754,FAM129C,30732
30755,COLGALT1,30733
30756,UNC13A,30734
30757,AC008761.2,30735
30758,MAP1S,30736
30759,AC008761.1,30737
30760,FCHO1,30738
30761,B3GNT3,30739
30762,INSL3,30740
30763,JAK3,30741
30764,RPL18A,30742
30765,SLC5A5,30743
30766,CCDC124,30744
30767,KCNN1,30745
30768,ARRDC2,30746
30769,IL12RB1,30747
30770,MAST3,30748
30771,AC007192.2,30749
30772,PIK3R2,30750
30773,AC007192.1,30751
30774,IFI30,30752
30775,MPV17L2,30753
30776,RAB3A,30754
30777,AC005759.1,30755
30778,AC008397.2,30756
30779,PDE4C,30757
30780,AC008397.1,30758
30781,IQCN,30759
30782,JUND,30760
30783,LSM4,30761
30784,PGPEP1,30762
30785,GDF15,30763
30786,LRRC25,30764
30787,SSBP4,30765
30788,ISYNA1,30766
30789,AC010335.1,30767
30790,ELL,30768
30791,AC005387.1,30769
30792,FKBP8,30770
30793,AC005387.2,30771
30794,KXD1,30772
30795,AC005253.1,30773
30796,AC005253.2,30774
30797,UBA52,30775
30798,CRLF1,30776
30799,REX1BD,30777
30800,TMEM59L,30778
30801,KLHL26,30779
30802,CRTC1,30780
30803,COMP,30781
30804,UPF1,30782
30805,GDF1,30783
30806,CERS1,30784
30807,AC005197.1,30785
30808,COPE,30786
30809,AC002985.1,30787
30810,DDX49,30788
30811,HOMER3,30789
30812,HOMER3-AS1,30790
30813,SUGP2,30791
30814,ARMC6,30792
30815,SLC25A42,30793
30816,TMEM161A,30794
30817,BORCS8-MEF2B,30795
30818,MEF2B,30796
30819,BORCS8,30797
30820,RFXANK,30798
30821,NR2C2AP,30799
30822,NCAN,30800
30823,HAPLN4,30801
30824,TM6SF2,30802
30825,SUGP1,30803
30826,MAU2,30804
30827,GATAD2A,30805
30828,AC092067.1,30806
30829,TSSK6,30807
30830,NDUFA13,30808
30831,AC011448.1,30809
30832,YJEFN3,30810
30833,CILP2,30811
30834,PBX4,30812
30835,AC002306.1,30813
30836,LPAR2,30814
30837,GMIP,30815
30838,ATP13A1,30816
30839,ZNF101,30817
30840,ZNF14,30818
30841,LINC00663,30819
30842,AC011477.4,30820
30843,ZNF506,30821
30844,ZNF253,30822
30845,AC011477.3,30823
30846,ZNF93,30824
30847,ZNF682,30825
30848,ZNF90,30826
30849,AC011447.3,30827
30850,ZNF486,30828
30851,AC008554.1,30829
30852,ZNF737,30830
30853,AC010636.2,30831
30854,AC010636.1,30832
30855,ZNF626,30833
30856,AC010329.1,30834
30857,ZNF66,30835
30858,ZNF85,30836
30859,AC008739.1,30837
30860,ZNF430,30838
30861,ZNF714,30839
30862,ZNF431,30840
30863,ZNF708,30841
30864,ZNF738,30842
30865,ZNF493,30843
30866,AC010615.4,30844
30867,LINC00664,30845
30868,ZNF429,30846
30869,AC123912.1,30847
30870,AC123912.4,30848
30871,AC123912.2,30849
30872,ZNF100,30850
30873,AC092364.1,30851
30874,ZNF43,30852
30875,ZNF208,30853
30876,AC003973.2,30854
30877,AC003973.1,30855
30878,ZNF257,30856
30879,ZNF676,30857
30880,AC073539.1,30858
30881,AC073539.3,30859
30882,ZNF729,30860
30883,ZNF98,30861
30884,AC011516.1,30862
30885,AC025811.1,30863
30886,LINC01233,30864
30887,LINC01785,30865
30888,ZNF492,30866
30889,AC024563.1,30867
30890,ZNF99,30868
30891,ZNF723,30869
30892,AC022145.1,30870
30893,ZNF728,30871
30894,LINC01859,30872
30895,LINC01858,30873
30896,AC074135.2,30874
30897,AC074135.1,30875
30898,ZNF730,30876
30899,ZNF724,30877
30900,AC092329.3,30878
30901,AC092329.1,30879
30902,ZNF91,30880
30903,AC010300.1,30881
30904,LINC01224,30882
30905,ZNF675,30883
30906,ZNF681,30884
30907,AC139769.2,30885
30908,ZNF726,30886
30909,AC011503.1,30887
30910,ZNF254,30888
30911,AC092279.1,30889
30912,AC073534.2,30890
30913,ERVK-28,30891
30914,LINC00662,30892
30915,AC006504.1,30893
30916,AC006504.5,30894
30917,AC006504.2,30895
30918,AC010511.1,30896
30919,AC020905.1,30897
30920,AC005580.1,30898
30921,AC093074.1,30899
30922,AC005307.1,30900
30923,AC005381.1,30901
30924,AC005394.1,30902
30925,AC005616.1,30903
30926,AC079466.2,30904
30927,AC079466.1,30905
30928,AC007795.1,30906
30929,AC008991.1,30907
30930,AC008991.2,30908
30931,AC011524.1,30909
30932,AC011524.2,30910
30933,LINC00906,30911
30934,LINC01532,30912
30935,UQCRFS1,30913
30936,AC007786.1,30914
30937,AC007786.2,30915
30938,AC007786.3,30916
30939,AC011474.3,30917
30940,AC011474.2,30918
30941,VSTM2B,30919
30942,POP4,30920
30943,PLEKHF1,30921
30944,C19orf12,30922
30945,CCNE1,30923
30946,URI1,30924
30947,AC008507.2,30925
30948,AC005597.1,30926
30949,ZNF536,30927
30950,AC011478.1,30928
30951,AC011507.1,30929
30952,LINC01834,30930
30953,AC020897.1,30931
30954,AC020912.1,30932
30955,LINC01791,30933
30956,TSHZ3,30934
30957,AC025809.1,30935
30958,AC008992.1,30936
30959,AC008794.2,30937
30960,AC008794.1,30938
30961,AC011525.1,30939
30962,AC011525.2,30940
30963,LINC01837,30941
30964,AC011456.1,30942
30965,LINC01533,30943
30966,LINC01782,30944
30967,AC011518.1,30945
30968,ZNF507,30946
30969,AC007773.1,30947
30970,DPY19L3,30948
30971,PDCD5,30949
30972,ANKRD27,30950
30973,AC008474.1,30951
30974,RGS9BP,30952
30975,AC008736.1,30953
30976,NUDT19,30954
30977,AC008736.2,30955
30978,TDRD12,30956
30979,SLC7A9,30957
30980,AC008805.2,30958
30981,CEP89,30959
30982,FAAP24,30960
30983,RHPN2,30961
30984,GPATCH1,30962
30985,WDR88,30963
30986,LRP3,30964
30987,SLC7A10,30965
30988,AC008738.4,30966
30989,AC008738.6,30967
30990,CEBPA,30968
30991,AC008738.3,30969
30992,AC008738.5,30970
30993,CEBPA-DT,30971
30994,AC008738.2,30972
30995,CEBPG,30973
30996,PEPD,30974
30997,AC010485.1,30975
30998,CHST8,30976
30999,KCTD15,30977
31000,AC008556.1,30978
31001,LSM14A,30979
31002,KIAA0355,30980
31003,AC010504.1,30981
31004,GPI,30982
31005,AC092073.1,30983
31006,PDCD2L,30984
31007,AC008747.1,30985
31008,UBA2,30986
31009,WTIP,30987
31010,SCGB1B2P,30988
31011,SCGB2B2,30989
31012,ZNF302,30990
31013,AC020910.4,30991
31014,ZNF181,30992
31015,ZNF599,30993
31016,LINC01801,30994
31017,AC008555.1,30995
31018,AC008555.2,30996
31019,AC008555.5,30997
31020,LINC00904,30998
31021,AC008555.3,30999
31022,AC008555.6,31000
31023,LINC01838,31001
31024,ZNF30-AS1,31002
31025,ZNF30,31003
31026,ZNF792,31004
31027,GRAMD1A,31005
31028,AC020907.3,31006
31029,AC020907.4,31007
31030,SCN1B,31008
31031,HPN,31009
31032,HPN-AS1,31010
31033,AC020907.1,31011
31034,FXYD3,31012
31035,LGI4,31013
31036,FXYD1,31014
31037,FXYD7,31015
31038,FXYD5,31016
31039,FAM187B,31017
31040,LSR,31018
31041,AC002128.2,31019
31042,USF2,31020
31043,HAMP,31021
31044,MAG,31022
31045,CD22,31023
31046,FFAR1,31024
31047,FFAR3,31025
31048,GPR42,31026
31049,LINC01531,31027
31050,AC002511.2,31028
31051,AC002511.1,31029
31052,FFAR2,31030
31053,KRTDAP,31031
31054,DMKN,31032
31055,SBSN,31033
31056,GAPDHS,31034
31057,TMEM147-AS1,31035
31058,TMEM147,31036
31059,ATP4A,31037
31060,AD000090.1,31038
31061,PMIS2,31039
31062,LINC01766,31040
31063,AC002115.1,31041
31064,HAUS5,31042
31065,RBM42,31043
31066,ETV2,31044
31067,COX6B1,31045
31068,UPK1A,31046
31069,UPK1A-AS1,31047
31070,ZBTB32,31048
31071,KMT2B,31049
31072,IGFLR1,31050
31073,AD000671.2,31051
31074,U2AF1L4,31052
31075,PSENEN,31053
31076,AD000671.1,31054
31077,AD000671.3,31055
31078,LIN37,31056
31079,AC002398.2,31057
31080,HSPB6,31058
31081,PROSER3,31059
31082,AC002398.1,31060
31083,ARHGAP33,31061
31084,PRODH2,31062
31085,NPHS1,31063
31086,KIRREL2,31064
31087,APLP1,31065
31088,NFKBID,31066
31089,HCST,31067
31090,TYROBP,31068
31091,LRFN3,31069
31092,AF038458.3,31070
31093,AF038458.2,31071
31094,SDHAF1,31072
31095,SYNE4,31073
31096,ALKBH6,31074
31097,AC002116.2,31075
31098,CLIP3,31076
31099,THAP8,31077
31100,WDR62,31078
31101,OVOL3,31079
31102,POLR2I,31080
31103,TBCB,31081
31104,CAPNS1,31082
31105,AD001527.1,31083
31106,COX7A1,31084
31107,ZNF565,31085
31108,ZNF146,31086
31109,AC012617.1,31087
31110,LINC00665,31088
31111,ZFP14,31089
31112,AC092296.1,31090
31113,AC092296.3,31091
31114,ZFP82,31092
31115,ZNF566,31093
31116,AC092295.2,31094
31117,ZNF260,31095
31118,AC092295.1,31096
31119,ZNF529,31097
31120,ZNF529-AS1,31098
31121,ZNF382,31099
31122,ZNF461,31100
31123,AC074138.1,31101
31124,LINC01534,31102
31125,ZNF567,31103
31126,ZNF850,31104
31127,AC020928.2,31105
31128,AC020928.3,31106
31129,AC020928.1,31107
31130,ZNF790,31108
31131,ZNF345,31109
31132,ZNF829,31110
31133,ZNF568,31111
31134,ZNF420,31112
31135,AC010632.1,31113
31136,AC012309.1,31114
31137,ZNF585A,31115
31138,AC012309.2,31116
31139,ZNF585B,31117
31140,ZNF383,31118
31141,LINC01535,31119
31142,AC016590.1,31120
31143,HKR1,31121
31144,AC016590.3,31122
31145,ZNF527,31123
31146,ZNF569,31124
31147,ZNF570,31125
31148,ZNF793-AS1,31126
31149,AC022148.2,31127
31150,ZNF793,31128
31151,AC022148.1,31129
31152,ZNF571-AS1,31130
31153,ZNF540,31131
31154,ZNF571,31132
31155,ZFP30,31133
31156,ZNF781,31134
31157,AC093227.2,31135
31158,ZNF607,31136
31159,AC093227.1,31137
31160,ZNF573,31138
31161,WDR87,31139
31162,SIPA1L3,31140
31163,AC011465.1,31141
31164,DPF1,31142
31165,SPINT2,31143
31166,PPP1R14A,31144
31167,AC011479.1,31145
31168,C19orf33,31146
31169,YIF1B,31147
31170,KCNK6,31148
31171,CATSPERG,31149
31172,AC005625.1,31150
31173,PSMD8,31151
31174,GGN,31152
31175,AC005789.1,31153
31176,SPRED3,31154
31177,FAM98C,31155
31178,RASGRP4,31156
31179,RYR1,31157
31180,AC067969.2,31158
31181,AC067969.1,31159
31182,MAP4K1,31160
31183,AC008649.1,31161
31184,EIF3K,31162
31185,ACTN4,31163
31186,AC008649.2,31164
31187,CAPN12,31165
31188,AC022144.1,31166
31189,LGALS7,31167
31190,LGALS7B,31168
31191,LGALS4,31169
31192,ECH1,31170
31193,AC008982.1,31171
31194,AC104534.1,31172
31195,HNRNPL,31173
31196,RINL,31174
31197,AC011455.1,31175
31198,SIRT2,31176
31199,NFKBIB,31177
31200,CCER2,31178
31201,SARS2,31179
31202,AC011455.2,31180
31203,MRPS12,31181
31204,ERVK9-11,31182
31205,FBXO17,31183
31206,FBXO27,31184
31207,AC010605.1,31185
31208,ACP7,31186
31209,PAK4,31187
31210,AC011443.1,31188
31211,NCCRP1,31189
31212,SYCN,31190
31213,IFNL3,31191
31214,IFNL2,31192
31215,IFNL1,31193
31216,LRFN1,31194
31217,GMFG,31195
31218,AC011445.2,31196
31219,SAMD4B,31197
31220,PAF1,31198
31221,MED29,31199
31222,ZFP36,31200
31223,PLEKHG2,31201
31224,RPS16,31202
31225,SUPT5H,31203
31226,TIMM50,31204
31227,DLL3,31205
31228,SELENOV,31206
31229,EID2B,31207
31230,AC011500.3,31208
31231,EID2,31209
31232,LGALS13,31210
31233,LGALS16,31211
31234,AC005515.2,31212
31235,LGALS14,31213
31236,CLC,31214
31237,LEUTX,31215
31238,AC005393.1,31216
31239,DYRK1B,31217
31240,FBL,31218
31241,FCGBP,31219
31242,PSMC4,31220
31243,ZNF546,31221
31244,ZNF780B,31222
31245,ZNF780A,31223
31246,AC005614.1,31224
31247,MAP3K10,31225
31248,TTC9B,31226
31249,CNTD2,31227
31250,AKT2,31228
31251,C19orf47,31229
31252,PLD3,31230
31253,HIPK4,31231
31254,PRX,31232
31255,SERTAD1,31233
31256,AC010271.2,31234
31257,SERTAD3,31235
31258,AC010271.1,31236
31259,BLVRB,31237
31260,SPTBN4,31238
31261,SHKBP1,31239
31262,LTBP4,31240
31263,NUMBL,31241
31264,COQ8B,31242
31265,ITPKC,31243
31266,C19orf54,31244
31267,SNRPA,31245
31268,MIA-RAB4B,31246
31269,MIA,31247
31270,RAB4B,31248
31271,RAB4B-EGLN2,31249
31272,AC008537.4,31250
31273,EGLN2,31251
31274,AC008537.1,31252
31275,AC008537.2,31253
31276,CYP2A6,31254
31277,CYP2A7,31255
31278,CYP2B6,31256
31279,CYP2A13,31257
31280,CYP2F1,31258
31281,CYP2S1,31259
31282,AXL,31260
31283,AC011510.1,31261
31284,HNRNPUL1,31262
31285,TGFB1,31263
31286,CCDC97,31264
31287,AC011462.1,31265
31288,TMEM91,31266
31289,B9D2,31267
31290,EXOSC5,31268
31291,BCKDHA,31269
31292,AC011462.2,31270
31293,B3GNT8,31271
31294,DMAC2,31272
31295,ERICH4,31273
31296,PCAT19,31274
31297,AC243960.3,31275
31298,LINC01480,31276
31299,AC243960.1,31277
31300,CEACAM21,31278
31301,CEACAM4,31279
31302,CEACAM7,31280
31303,CEACAM5,31281
31304,AC243967.1,31282
31305,CEACAM6,31283
31306,AC243967.2,31284
31307,CEACAM3,31285
31308,AC243967.3,31286
31309,LYPD4,31287
31310,DMRTC2,31288
31311,RPS19,31289
31312,CD79A,31290
31313,ARHGEF1,31291
31314,AC010616.1,31292
31315,RABAC1,31293
31316,AC010616.2,31294
31317,ATP1A3,31295
31318,GRIK5,31296
31319,ZNF574,31297
31320,POU2F2,31298
31321,AC010247.2,31299
31322,DEDD2,31300
31323,ZNF526,31301
31324,GSK3A,31302
31325,AC006486.1,31303
31326,ERF,31304
31327,CIC,31305
31328,PAFAH1B3,31306
31329,PRR19,31307
31330,TMEM145,31308
31331,MEGF8,31309
31332,CNFN,31310
31333,LIPE-AS1,31311
31334,LIPE,31312
31335,CXCL17,31313
31336,CEACAM1,31314
31337,CEACAM8,31315
31338,PSG3,31316
31339,PSG8,31317
31340,PSG8-AS1,31318
31341,PSG1,31319
31342,PSG6,31320
31343,PSG7,31321
31344,AC004784.1,31322
31345,PSG11,31323
31346,PSG2,31324
31347,AC005392.1,31325
31348,PSG5,31326
31349,PSG4,31327
31350,PSG9,31328
31351,AC005392.2,31329
31352,CD177,31330
31353,AC005392.3,31331
31354,TEX101,31332
31355,LYPD3,31333
31356,PHLDB3,31334
31357,ETHE1,31335
31358,ZNF575,31336
31359,XRCC1,31337
31360,L34079.2,31338
31361,L34079.1,31339
31362,L34079.3,31340
31363,PINLYP,31341
31364,IRGQ,31342
31365,ZNF576,31343
31366,SRRM5,31344
31367,ZNF428,31345
31368,CADM4,31346
31369,PLAUR,31347
31370,IRGC,31348
31371,SMG9,31349
31372,KCNN4,31350
31373,AC115522.1,31351
31374,LYPD5,31352
31375,ZNF283,31353
31376,ZNF404,31354
31377,AC006213.2,31355
31378,AC006213.3,31356
31379,ZNF45,31357
31380,ZNF221,31358
31381,ZNF155,31359
31382,AC006213.1,31360
31383,ZNF230,31361
31384,AC067968.2,31362
31385,ZNF222,31363
31386,AC067968.1,31364
31387,ZNF223,31365
31388,ZNF284,31366
31389,ZNF224,31367
31390,AC021092.1,31368
31391,ZNF225,31369
31392,ZNF234,31370
31393,ZNF226,31371
31394,ZNF227,31372
31395,ZNF235,31373
31396,ZNF233,31374
31397,ZNF112,31375
31398,AC245748.1,31376
31399,ZNF285,31377
31400,ZNF229,31378
31401,ZNF180,31379
31402,CEACAM20,31380
31403,AC245748.3,31381
31404,IGSF23,31382
31405,AC243964.2,31383
31406,PVR,31384
31407,CEACAM19,31385
31408,CEACAM16,31386
31409,BCL3,31387
31410,CBLC,31388
31411,AC092306.1,31389
31412,BCAM,31390
31413,NECTIN2,31391
31414,AC011481.2,31392
31415,TOMM40,31393
31416,APOE,31394
31417,APOC1,31395
31418,APOC4-APOC2,31396
31419,APOC4,31397
31420,APOC2,31398
31421,AC011481.1,31399
31422,CLPTM1,31400
31423,RELB,31401
31424,CLASRP,31402
31425,ZNF296,31403
31426,GEMIN7-AS1,31404
31427,GEMIN7,31405
31428,MARK4,31406
31429,PPP1R37,31407
31430,AC005757.1,31408
31431,NKPD1,31409
31432,TRAPPC6A,31410
31433,BLOC1S3,31411
31434,AC005779.2,31412
31435,AC005779.1,31413
31436,EXOC3L2,31414
31437,CKM,31415
31438,KLC3,31416
31439,ERCC2,31417
31440,PPP1R13L,31418
31441,CD3EAP,31419
31442,ERCC1,31420
31443,FOSB,31421
31444,RTN2,31422
31445,PPM1N,31423
31446,VASP,31424
31447,OPA3,31425
31448,GPR4,31426
31449,EML2,31427
31450,GIPR,31428
31451,SNRPD2,31429
31452,QPCTL,31430
31453,FBXO46,31431
31454,BHMG1,31432
31455,SIX5,31433
31456,DM1-AS,31434
31457,DMPK,31435
31458,AC011530.1,31436
31459,DMWD,31437
31460,RSPH6A,31438
31461,SYMPK,31439
31462,AC092301.1,31440
31463,FOXA3,31441
31464,IRF2BP1,31442
31465,MYPOP,31443
31466,NANOS2,31444
31467,NOVA2,31445
31468,CCDC61,31446
31469,PGLYRP1,31447
31470,AC007785.3,31448
31471,IGFL4,31449
31472,AC007785.1,31450
31473,IGFL3,31451
31474,IGFL2,31452
31475,AC006262.2,31453
31476,IGFL2-AS1,31454
31477,AC006262.3,31455
31478,IGFL1,31456
31479,HIF3A,31457
31480,AC007193.2,31458
31481,PPP5C,31459
31482,AC007193.1,31460
31483,AC007193.3,31461
31484,CCDC8,31462
31485,PNMA8C,31463
31486,PNMA8A,31464
31487,PPP5D1,31465
31488,PNMA8B,31466
31489,AC011484.1,31467
31490,CALM3,31468
31491,AC093503.2,31469
31492,PTGIR,31470
31493,GNG8,31471
31494,DACT3,31472
31495,DACT3-AS1,31473
31496,PRKD2,31474
31497,STRN4,31475
31498,AC008635.1,31476
31499,FKRP,31477
31500,SLC1A5,31478
31501,AC008622.2,31479
31502,AP2S1,31480
31503,ARHGAP35,31481
31504,NPAS1,31482
31505,TMEM160,31483
31506,ZC3H4,31484
31507,SAE1,31485
31508,BBC3,31486
31509,CCDC9,31487
31510,INAFM1,31488
31511,C5AR1,31489
31512,C5AR2,31490
31513,DHX34,31491
31514,MEIS3,31492
31515,SLC8A2,31493
31516,KPTN,31494
31517,NAPA-AS1,31495
31518,NAPA,31496
31519,ZNF541,31497
31520,AC010519.1,31498
31521,AC010331.1,31499
31522,BICRA,31500
31523,BICRA-AS1,31501
31524,EHD2,31502
31525,NOP53,31503
31526,NOP53-AS1,31504
31527,SELENOW,31505
31528,TPRX1,31506
31529,CRX,31507
31530,LINC01595,31508
31531,SULT2A1,31509
31532,BSPH1,31510
31533,ELSPBP1,31511
31534,CABP5,31512
31535,PLA2G4C,31513
31536,PLA2G4C-AS1,31514
31537,LIG1,31515
31538,AC011466.3,31516
31539,AC011466.2,31517
31540,ZSWIM9,31518
31541,CARD8,31519
31542,AC011466.1,31520
31543,CARD8-AS1,31521
31544,AC008392.1,31522
31545,ZNF114,31523
31546,CCDC114,31524
31547,EMP3,31525
31548,TMEM143,31526
31549,SYNGR4,31527
31550,KDELR1,31528
31551,GRIN2D,31529
31552,GRWD1,31530
31553,KCNJ14,31531
31554,AC008403.2,31532
31555,AC008403.1,31533
31556,CYTH2,31534
31557,LMTK3,31535
31558,AC008403.3,31536
31559,SULT2B1,31537
31560,FAM83E,31538
31561,SPACA4,31539
31562,RPL18,31540
31563,AC022154.1,31541
31564,SPHK2,31542
31565,DBP,31543
31566,CA11,31544
31567,NTN5,31545
31568,FUT2,31546
31569,MAMSTR,31547
31570,RASIP1,31548
31571,IZUMO1,31549
31572,FUT1,31550
31573,FGF21,31551
31574,BCAT2,31552
31575,HSD17B14,31553
31576,PLEKHA4,31554
31577,PPP1R15A,31555
31578,TULP2,31556
31579,NUCB1,31557
31580,NUCB1-AS1,31558
31581,DHDH,31559
31582,BAX,31560
31583,AC026803.2,31561
31584,FTL,31562
31585,GYS1,31563
31586,RUVBL2,31564
31587,LHB,31565
31588,AC008687.4,31566
31589,CGB3,31567
31590,AC008687.1,31568
31591,CGB2,31569
31592,CGB1,31570
31593,CGB5,31571
31594,CGB8,31572
31595,CGB7,31573
31596,AC008687.8,31574
31597,AC008687.2,31575
31598,NTF4,31576
31599,AC008687.3,31577
31600,KCNA7,31578
31601,SNRNP70,31579
31602,LIN7B,31580
31603,C19orf73,31581
31604,PPFIA3,31582
31605,HRC,31583
31606,TRPM4,31584
31607,SLC6A16,31585
31608,AC011450.1,31586
31609,CD37,31587
31610,TEAD2,31588
31611,AC010524.1,31589
31612,DKKL1,31590
31613,AC010643.1,31591
31614,CCDC155,31592
31615,PTH2,31593
31616,GFY,31594
31617,SLC17A7,31595
31618,PIH1D1,31596
31619,ALDH16A1,31597
31620,AC010619.1,31598
31621,FLT3LG,31599
31622,RPL13A,31600
31623,RPS11,31601
31624,FCGRT,31602
31625,RCN3,31603
31626,NOSIP,31604
31627,PRRG2,31605
31628,PRR12,31606
31629,AC011495.2,31607
31630,RRAS,31608
31631,SCAF1,31609
31632,IRF3,31610
31633,BCL2L12,31611
31634,PRMT1,31612
31635,ADM5,31613
31636,AC011495.3,31614
31637,CPT1C,31615
31638,TSKS,31616
31639,AP2A1,31617
31640,FUZ,31618
31641,AC006942.1,31619
31642,MED25,31620
31643,PTOV1-AS1,31621
31644,PTOV1,31622
31645,AC018766.1,31623
31646,PTOV1-AS2,31624
31647,PNKP,31625
31648,AKT1S1,31626
31649,TBC1D17,31627
31650,IL4I1,31628
31651,NUP62,31629
31652,AC011452.1,31630
31653,ATF5,31631
31654,SIGLEC11,31632
31655,VRK3,31633
31656,ZNF473,31634
31657,AC010624.3,31635
31658,AC010624.2,31636
31659,IZUMO2,31637
31660,MYH14,31638
31661,AC008655.1,31639
31662,KCNC3,31640
31663,NR1H2,31641
31664,NAPSA,31642
31665,AC008655.2,31643
31666,POLD1,31644
31667,AC020909.1,31645
31668,SPIB,31646
31669,MYBPC2,31647
31670,FAM71E1,31648
31671,EMC10,31649
31672,AC020909.3,31650
31673,AC020909.2,31651
31674,JOSD2,31652
31675,ASPDH,31653
31676,LRRC4B,31654
31677,SYT3,31655
31678,C19orf81,31656
31679,SHANK1,31657
31680,CLEC11A,31658
31681,GPR32,31659
31682,AC010325.1,31660
31683,ACP4,31661
31684,AC010325.2,31662
31685,C19orf48,31663
31686,LINC01869,31664
31687,KLK1,31665
31688,KLK15,31666
31689,AC011523.1,31667
31690,KLK3,31668
31691,KLK2,31669
31692,KLK4,31670
31693,KLK5,31671
31694,AC011483.2,31672
31695,KLK6,31673
31696,AC011483.1,31674
31697,KLK7,31675
31698,KLK8,31676
31699,AC011473.4,31677
31700,KLK9,31678
31701,KLK10,31679
31702,AC011473.2,31680
31703,KLK11,31681
31704,KLK12,31682
31705,AC011473.3,31683
31706,AC011473.1,31684
31707,KLK13,31685
31708,KLK14,31686
31709,CTU1,31687
31710,SIGLEC9,31688
31711,SIGLEC7,31689
31712,AC063977.6,31690
31713,CD33,31691
31714,SIGLECL1,31692
31715,AC063977.3,31693
31716,LINC01872,31694
31717,IGLON5,31695
31718,VSIG10L,31696
31719,AC008750.3,31697
31720,ETFB,31698
31721,AC008750.4,31699
31722,AC008750.8,31700
31723,CLDND2,31701
31724,NKG7,31702
31725,LIM2,31703
31726,C19orf84,31704
31727,AC008750.7,31705
31728,SIGLEC10,31706
31729,AC008750.1,31707
31730,AC008750.2,31708
31731,SIGLEC8,31709
31732,CEACAM18,31710
31733,SIGLEC12,31711
31734,SIGLEC6,31712
31735,AC020914.1,31713
31736,ZNF175,31714
31737,AC018755.1,31715
31738,SIGLEC5,31716
31739,AC018755.2,31717
31740,SIGLEC14,31718
31741,SPACA6P-AS,31719
31742,SPACA6,31720
31743,HAS1,31721
31744,FPR1,31722
31745,FPR2,31723
31746,FPR3,31724
31747,ZNF577,31725
31748,AC006272.1,31726
31749,ZNF649-AS1,31727
31750,ZNF649,31728
31751,ZNF613,31729
31752,ZNF350-AS1,31730
31753,ZNF350,31731
31754,ZNF615,31732
31755,ZNF614,31733
31756,ZNF432,31734
31757,AC011468.5,31735
31758,ZNF841,31736
31759,ZNF616,31737
31760,AC011468.3,31738
31761,ZNF836,31739
31762,AC010320.1,31740
31763,PPP2R1A,31741
31764,AC010320.2,31742
31765,ZNF766,31743
31766,AC010320.3,31744
31767,ZNF480,31745
31768,AC010320.4,31746
31769,ZNF610,31747
31770,ZNF880,31748
31771,ZNF528,31749
31772,ZNF534,31750
31773,ZNF578,31751
31774,AC022150.3,31752
31775,ZNF808,31753
31776,ZNF701,31754
31777,AC022150.1,31755
31778,ZNF83,31756
31779,ZNF611,31757
31780,ZNF600,31758
31781,ZNF28,31759
31782,ZNF468,31760
31783,ZNF320,31761
31784,AC010487.3,31762
31785,ZNF888,31763
31786,AC010487.2,31764
31787,ZNF816-ZNF321P,31765
31788,ZNF816,31766
31789,AC010328.1,31767
31790,ERVV-1,31768
31791,ERVV-2,31769
31792,ZNF160,31770
31793,ZNF415,31771
31794,ZNF347,31772
31795,ZNF665,31773
31796,AC092070.1,31774
31797,ZNF677,31775
31798,AC092070.3,31776
31799,VN1R2,31777
31800,VN1R4,31778
31801,AC092070.4,31779
31802,BIRC8,31780
31803,ZNF845,31781
31804,ZNF525,31782
31805,ZNF765,31783
31806,ZNF761,31784
31807,ZNF813,31785
31808,ZNF331,31786
31809,DPRX,31787
31810,AC011453.1,31788
31811,AC008753.3,31789
31812,AC008753.2,31790
31813,NLRP12,31791
31814,AC008440.1,31792
31815,AC008440.3,31793
31816,MYADM,31794
31817,AC008440.2,31795
31818,PRKCG,31796
31819,CACNG7,31797
31820,CACNG8,31798
31821,CACNG6,31799
31822,VSTM1,31800
31823,TARM1,31801
31824,OSCAR,31802
31825,NDUFA3,31803
31826,TFPT,31804
31827,PRPF31,31805
31828,AC245052.4,31806
31829,CNOT3,31807
31830,LENG1,31808
31831,TMC4,31809
31832,MBOAT7,31810
31833,TSEN34,31811
31834,AC245052.1,31812
31835,RPS9,31813
31836,LILRB3,31814
31837,AC245052.7,31815
31838,LILRA6,31816
31839,LILRB5,31817
31840,LILRB2,31818
31841,LILRA5,31819
31842,LILRA4,31820
31843,LAIR1,31821
31844,TTYH1,31822
31845,AC245884.1,31823
31846,AC245884.10,31824
31847,AC245884.8,31825
31848,LENG8-AS1,31826
31849,LENG8,31827
31850,LENG9,31828
31851,CDC42EP5,31829
31852,LAIR2,31830
31853,KIR3DX1,31831
31854,LILRA2,31832
31855,AC245036.5,31833
31856,LILRA1,31834
31857,LILRB1,31835
31858,LILRB1-AS1,31836
31859,LILRB4,31837
31860,KIR3DL3,31838
31861,KIR2DL3,31839
31862,KIR2DL1,31840
31863,KIR2DL4,31841
31864,KIR3DL1,31842
31865,KIR3DL2,31843
31866,FCAR,31844
31867,AC245128.3,31845
31868,NCR1,31846
31869,NLRP7,31847
31870,NLRP2,31848
31871,AC011476.3,31849
31872,GP6,31850
31873,RDH13,31851
31874,EPS8L1,31852
31875,PPP1R12C,31853
31876,TNNT1,31854
31877,TNNI3,31855
31878,AC010327.1,31856
31879,DNAAF3,31857
31880,AC010327.3,31858
31881,SYT5,31859
31882,PTPRH,31860
31883,AC010327.4,31861
31884,TMEM86B,31862
31885,PPP6R1,31863
31886,HSPBP1,31864
31887,BRSK1,31865
31888,AC020922.2,31866
31889,TMEM150B,31867
31890,AC020922.4,31868
31891,KMT5C,31869
31892,COX6B2,31870
31893,AC020922.1,31871
31894,FAM71E2,31872
31895,IL11,31873
31896,TMEM190,31874
31897,AC020922.3,31875
31898,TMEM238,31876
31899,RPL28,31877
31900,UBE2S,31878
31901,SHISA7,31879
31902,ISOC2,31880
31903,C19orf85,31881
31904,AC008735.3,31882
31905,ZNF628,31883
31906,NAT14,31884
31907,SSC5D,31885
31908,SBK2,31886
31909,SBK3,31887
31910,ZNF579,31888
31911,FIZ1,31889
31912,ZNF524,31890
31913,ZNF865,31891
31914,AC008735.4,31892
31915,ZNF784,31893
31916,ZNF580,31894
31917,ZNF581,31895
31918,CCDC106,31896
31919,U2AF2,31897
31920,AC008735.2,31898
31921,EPN1,31899
31922,AC010525.1,31900
31923,NLRP9,31901
31924,RFPL4A,31902
31925,RFPL4AL1,31903
31926,NLRP11,31904
31927,NLRP4,31905
31928,NLRP13,31906
31929,NLRP8,31907
31930,NLRP5,31908
31931,LINC01864,31909
31932,ZNF787,31910
31933,ZNF444,31911
31934,GALP,31912
31935,ZSCAN5B,31913
31936,ZSCAN5C,31914
31937,ZSCAN5A,31915
31938,EDDM13,31916
31939,AC006116.8,31917
31940,AC006116.9,31918
31941,ZNF582,31919
31942,AC006116.4,31920
31943,ZNF582-AS1,31921
31944,ZNF583,31922
31945,ZNF667,31923
31946,ZNF667-AS1,31924
31947,ZNF471,31925
31948,AC005498.1,31926
31949,AC005498.2,31927
31950,ZFP28,31928
31951,AC005498.3,31929
31952,ZNF470,31930
31953,ZNF71,31931
31954,SMIM17,31932
31955,ZNF835,31933
31956,AC006115.1,31934
31957,AC007228.2,31935
31958,AC006115.3,31936
31959,ZIM2-AS1,31937
31960,ZIM2,31938
31961,PEG3,31939
31962,MIMT1,31940
31963,USP29,31941
31964,ZIM3,31942
31965,DUXA,31943
31966,ZNF264,31944
31967,AURKC,31945
31968,ZNF805,31946
31969,AC005261.3,31947
31970,ZNF460-AS1,31948
31971,ZNF460,31949
31972,AC005261.1,31950
31973,ZNF543,31951
31974,AC005261.2,31952
31975,ZNF304,31953
31976,ZNF547,31954
31977,TRAPPC2B,31955
31978,AC003002.1,31956
31979,ZNF548,31957
31980,AC003002.3,31958
31981,AC003002.2,31959
31982,ZNF17,31960
31983,ZNF749,31961
31984,AC004076.1,31962
31985,AC004076.2,31963
31986,VN1R1,31964
31987,ZNF772,31965
31988,AC003005.2,31966
31989,ZNF419,31967
31990,AC003005.1,31968
31991,ZNF773,31969
31992,ZNF549,31970
31993,ZNF550,31971
31994,ZNF416,31972
31995,ZIK1,31973
31996,ZNF530,31974
31997,ZNF134,31975
31998,AC003682.1,31976
31999,ZNF211,31977
32000,ZSCAN4,31978
32001,ZNF551,31979
32002,AC003006.1,31980
32003,ZNF154,31981
32004,ZNF671,31982
32005,ZNF776,31983
32006,ZNF586,31984
32007,ZNF552,31985
32008,AC010522.1,31986
32009,ZNF587B,31987
32010,ZNF814,31988
32011,ZNF587,31989
32012,AC010326.2,31990
32013,ZNF417,31991
32014,ZNF418,31992
32015,ZNF256,31993
32016,C19orf18,31994
32017,ZNF606,31995
32018,ZSCAN1,31996
32019,ZNF135,31997
32020,ZSCAN18,31998
32021,ZNF329,31999
32022,ZNF274,32000
32023,ZNF544,32001
32024,AC020915.5,32002
32025,AC020915.3,32003
32026,ZNF8,32004
32027,AC020915.1,32005
32028,ERVK3-1,32006
32029,AC010642.2,32007
32030,ZSCAN22,32008
32031,A1BG,32009
32032,A1BG-AS1,32010
32033,ZNF497,32011
32034,AC012313.2,32012
32035,AC012313.6,32013
32036,ZNF837,32014
32037,RPS5,32015
32038,RNF225,32016
32039,LINC02560,32017
32040,ZNF584,32018
32041,AC012313.1,32019
32042,AC012313.5,32020
32043,ZNF132,32021
32044,AC012313.8,32022
32045,ZNF324B,32023
32046,ZNF324,32024
32047,ZNF446,32025
32048,AC012313.7,32026
32049,SLC27A5,32027
32050,AC012313.9,32028
32051,ZBTB45,32029
32052,TRIM28,32030
32053,CHMP2A,32031
32054,UBE2M,32032
32055,MZF1-AS1,32033
32056,MZF1,32034
32057,AC016629.2,32035
32058,SRY,32036
32059,RPS4Y1,32037
32060,AC006157.1,32038
32061,ZFY,32039
32062,ZFY-AS1,32040
32063,LINC00278,32041
32064,TGIF2LY,32042
32065,AC010737.1,32043
32066,AC010722.1,32044
32067,PCDH11Y,32045
32068,TSPY2,32046
32069,LINC00280,32047
32070,TTTY1B,32048
32071,TTTY2B,32049
32072,TTTY21B,32050
32073,TTTY7,32051
32074,TTTY8B,32052
32075,AMELY,32053
32076,TBL1Y,32054
32077,TTTY16,32055
32078,TTTY12,32056
32079,LINC00279,32057
32080,TTTY18,32058
32081,TTTY19,32059
32082,TTTY11,32060
32083,TTTY20,32061
32084,TSPY4,32062
32085,TSPY8,32063
32086,TSPY3,32064
32087,FAM197Y5,32065
32088,TSPY1,32066
32089,TSPY10,32067
32090,TTTY8,32068
32091,TTTY7B,32069
32092,TTTY21,32070
32093,TTTY2,32071
32094,TTTY1,32072
32095,TTTY22,32073
32096,AC010891.1,32074
32097,TTTY23,32075
32098,TTTY15,32076
32099,USP9Y,32077
32100,DDX3Y,32078
32101,UTY,32079
32102,TMSB4Y,32080
32103,VCY,32081
32104,VCY1B,32082
32105,AC010723.1,32083
32106,NLGN4Y,32084
32107,NLGN4Y-AS1,32085
32108,FAM41AY1,32086
32109,FAM224B,32087
32110,CDY2B,32088
32111,CDY2A,32089
32112,FAM224A,32090
32113,FAM41AY2,32091
32114,AC022486.1,32092
32115,HSFY1,32093
32116,TTTY9B,32094
32117,HSFY2,32095
32118,TTTY14,32096
32119,AC010889.1,32097
32120,KDM5D,32098
32121,TTTY10,32099
32122,EIF1AY,32100
32123,RPS4Y2,32101
32124,AC007876.1,32102
32125,PRORY,32103
32126,RBMY1B,32104
32127,RBMY1A1,32105
32128,TTTY13,32106
32129,RBMY1D,32107
32130,RBMY1E,32108
32131,PRY2,32109
32132,AC007359.1,32110
32133,TTTY6B,32111
32134,RBMY1F,32112
32135,TTTY5,32113
32136,RBMY1J,32114
32137,AC008175.1,32115
32138,TTTY6,32116
32139,PRY,32117
32140,TTTY17A,32118
32141,TTTY4,32119
32142,BPY2,32120
32143,DAZ1,32121
32144,DAZ2,32122
32145,TTTY3B,32123
32146,CDY1B,32124
32147,TTTY17B,32125
32148,TTTY4B,32126
32149,BPY2B,32127
32150,DAZ3,32128
32151,DAZ4,32129
32152,BPY2C,32130
32153,TTTY4C,32131
32154,TTTY17C,32132
32155,LINC00266-4P,32133
32156,CDY1,32134
32157,TTTY3,32135
32158,CU104787.1,32136
32159,AP000542.3,32137
32160,AP000542.2,32138
32161,OR11H1,32139
32162,AP000534.1,32140
32163,AP000532.2,32141
32164,POTEH,32142
32165,POTEH-AS1,32143
32166,AP000527.1,32144
32167,AC145543.1,32145
32168,AP000547.2,32146
32169,CCT8L2,32147
32170,AP000547.3,32148
32171,AP000365.1,32149
32172,LINC01665,32150
32173,XKR3,32151
32174,AC007064.2,32152
32175,IGKV1OR22-5,32153
32176,IGKV2OR22-4,32154
32177,IGKV2OR22-3,32155
32178,IGKV3OR22-2,32156
32179,IGKV1OR22-1,32157
32180,GAB4,32158
32181,AC006946.2,32159
32182,AC006946.3,32160
32183,IL17RA,32161
32184,TMEM121B,32162
32185,LINC01664,32163
32186,HDHD5,32164
32187,HDHD5-AS1,32165
32188,ADA2,32166
32189,CECR3,32167
32190,CECR2,32168
32191,SLC25A18,32169
32192,AC007666.1,32170
32193,ATP6V1E1,32171
32194,BCL2L13,32172
32195,BID,32173
32196,LINC00528,32174
32197,MICAL3,32175
32198,LINC01634,32176
32199,AC016027.1,32177
32200,PEX26,32178
32201,TUBA8,32179
32202,AC008079.2,32180
32203,USP18,32181
32204,AC008079.1,32182
32205,LINC01660,32183
32206,AC011718.1,32184
32207,FAM230A,32185
32208,AC023490.1,32186
32209,AC023490.3,32187
32210,GGTLC3,32188
32211,TMEM191B,32189
32212,RIMBP3,32190
32213,LINC01662,32191
32214,LINC01663,32192
32215,DGCR6,32193
32216,AC007326.4,32194
32217,PRODH,32195
32218,AC007326.2,32196
32219,DGCR9,32197
32220,DGCR2,32198
32221,AC004471.1,32199
32222,AC004471.2,32200
32223,ESS2,32201
32224,TSSK2,32202
32225,GSC2,32203
32226,LINC01311,32204
32227,SLC25A1,32205
32228,CLTCL1,32206
32229,HIRA,32207
32230,C22orf39,32208
32231,MRPL40,32209
32232,AC000068.1,32210
32233,UFD1,32211
32234,AC000068.3,32212
32235,AC000068.2,32213
32236,CDC45,32214
32237,CLDN5,32215
32238,LINC00895,32216
32239,AC000067.1,32217
32240,SEPT5,32218
32241,AC000093.1,32219
32242,GP1BB,32220
32243,TBX1,32221
32244,GNB1L,32222
32245,RTL10,32223
32246,TXNRD2,32224
32247,COMT,32225
32248,ARVCF,32226
32249,TANGO2,32227
32250,AC006547.1,32228
32251,AC006547.3,32229
32252,DGCR8,32230
32253,AC006547.2,32231
32254,TRMT2A,32232
32255,RANBP1,32233
32256,ZDHHC8,32234
32257,CCDC188,32235
32258,AC007663.2,32236
32259,LINC00896,32237
32260,RTN4R,32238
32261,DGCR6L,32239
32262,AC007663.3,32240
32263,AC007731.1,32241
32264,AC007731.3,32242
32265,USP41,32243
32266,ZNF74,32244
32267,SCARF2,32245
32268,AC007731.5,32246
32269,KLHL22,32247
32270,MED15,32248
32271,AC007731.4,32249
32272,PI4KA,32250
32273,SERPIND1,32251
32274,SNAP29,32252
32275,AC007308.1,32253
32276,CRKL,32254
32277,LINC01637,32255
32278,AIFM3,32256
32279,AC002470.1,32257
32280,LZTR1,32258
32281,THAP7,32259
32282,THAP7-AS1,32260
32283,P2RX6,32261
32284,SLC7A4,32262
32285,AC002472.1,32263
32286,LRRC74B,32264
32287,AP000550.1,32265
32288,AP000550.2,32266
32289,GGT2,32267
32290,AP000552.1,32268
32291,AP000552.3,32269
32292,LINC01651,32270
32293,RIMBP3B,32271
32294,HIC2,32272
32295,TMEM191C,32273
32296,RIMBP3C,32274
32297,UBE2L3,32275
32298,YDJC,32276
32299,CCDC116,32277
32300,AP000553.3,32278
32301,SDF2L1,32279
32302,PPIL2,32280
32303,YPEL1,32281
32304,MAPK1,32282
32305,PPM1F,32283
32306,AC245452.1,32284
32307,TOP3B,32285
32308,IGLVI-70,32286
32309,IGLV4-69,32287
32310,IGLVI-68,32288
32311,AC245452.5,32289
32312,IGLV10-54,32290
32313,IGLV10-67,32291
32314,IGLVIV-66-1,32292
32315,IGLVV-66,32293
32316,IGLVIV-65,32294
32317,IGLVIV-64,32295
32318,IGLVI-63,32296
32319,IGLV1-62,32297
32320,IGLV8-61,32298
32321,IGLV4-60,32299
32322,IGLVIV-59,32300
32323,IGLVV-58,32301
32324,IGLV6-57,32302
32325,IGLVI-56,32303
32326,IGLV11-55,32304
32327,IGLVIV-53,32305
32328,VPREB1,32306
32329,AC245060.6,32307
32330,AC245060.5,32308
32331,AC245060.2,32309
32332,IGLV5-52,32310
32333,IGLV1-51,32311
32334,IGLV1-50,32312
32335,IGLV9-49,32313
32336,IGLV5-48,32314
32337,IGLV1-47,32315
32338,IGLV7-46,32316
32339,IGLV5-45,32317
32340,IGLV1-44,32318
32341,IGLV7-43,32319
32342,IGLVI-42,32320
32343,IGLVVII-41-1,32321
32344,IGLV1-41,32322
32345,IGLV1-40,32323
32346,IGLVI-38,32324
32347,IGLV5-37,32325
32348,IGLV1-36,32326
32349,IGLV7-35,32327
32350,ZNF280B,32328
32351,ZNF280A,32329
32352,PRAME,32330
32353,AC246793.1,32331
32354,IGLV2-34,32332
32355,IGLV2-33,32333
32356,IGLV3-32,32334
32357,IGLV3-31,32335
32358,IGLV3-30,32336
32359,GGTLC2,32337
32360,IGLV3-29,32338
32361,IGLV2-28,32339
32362,IGLV3-27,32340
32363,IGLV3-26,32341
32364,IGLVVI-25-1,32342
32365,IGLV3-25,32343
32366,AC244250.1,32344
32367,IGLV3-24,32345
32368,IGLV2-23,32346
32369,IGLVVI-22-1,32347
32370,IGLV3-22,32348
32371,IGLV3-21,32349
32372,IGLVI-20,32350
32373,IGLV3-19,32351
32374,IGLV2-18,32352
32375,IGLV3-17,32353
32376,IGLV3-16,32354
32377,IGLV3-15,32355
32378,IGLV2-14,32356
32379,IGLV3-13,32357
32380,IGLV3-12,32358
32381,IGLV2-11,32359
32382,IGLV3-10,32360
32383,IGLV3-9,32361
32384,IGLV2-8,32362
32385,IGLV3-7,32363
32386,IGLV3-6,32364
32387,IGLV2-5,32365
32388,IGLV3-4,32366
32389,IGLV4-3,32367
32390,IGLV3-2,32368
32391,IGLV3-1,32369
32392,IGLL5,32370
32393,IGLJ1,32371
32394,IGLC1,32372
32395,IGLJ2,32373
32396,IGLC2,32374
32397,IGLJ3,32375
32398,IGLC3,32376
32399,IGLJ4,32377
32400,IGLC4,32378
32401,IGLJ5,32379
32402,IGLC5,32380
32403,IGLJ6,32381
32404,IGLC6,32382
32405,IGLJ7,32383
32406,IGLC7,32384
32407,RSPH14,32385
32408,GNAZ,32386
32409,RAB36,32387
32410,BCR,32388
32411,LINC02556,32389
32412,LINC01659,32390
32413,LINC01658,32391
32414,LINC02557,32392
32415,PCAT14,32393
32416,AP000345.1,32394
32417,IGLL1,32395
32418,AP000345.2,32396
32419,DRICH1,32397
32420,RGL4,32398
32421,ZNF70,32399
32422,VPREB3,32400
32423,C22orf15,32401
32424,CHCHD10,32402
32425,MMP11,32403
32426,SMARCB1,32404
32427,DERL3,32405
32428,AP000350.5,32406
32429,SLC2A11,32407
32430,AP000350.4,32408
32431,AP000350.7,32409
32432,MIF,32410
32433,MIF-AS1,32411
32434,AP000350.6,32412
32435,GSTT2B,32413
32436,DDTL,32414
32437,AC253536.6,32415
32438,DDT,32416
32439,GSTT4,32417
32440,CABIN1,32418
32441,SUSD2,32419
32442,GGT5,32420
32443,SPECC1L,32421
32444,SPECC1L-ADORA2A,32422
32445,ADORA2A,32423
32446,ADORA2A-AS1,32424
32447,UPB1,32425
32448,AP000355.1,32426
32449,GUCD1,32427
32450,SNRPD3,32428
32451,GGT1,32429
32452,LRRC75B,32430
32453,AP000356.2,32431
32454,AP000357.2,32432
32455,PIWIL3,32433
32456,SGSM1,32434
32457,TMEM211,32435
32458,KIAA1671,32436
32459,AL022323.3,32437
32460,AL022323.5,32438
32461,AL022323.2,32439
32462,AL022323.4,32440
32463,AL022323.1,32441
32464,CRYBB3,32442
32465,Z99916.1,32443
32466,CRYBB2,32444
32467,Z99916.3,32445
32468,AL022332.1,32446
32469,LRP5L,32447
32470,AL022324.3,32448
32471,AL008721.1,32449
32472,IGLVIVOR22-1,32450
32473,AL022329.1,32451
32474,GRK3,32452
32475,AL022329.2,32453
32476,MYO18B,32454
32477,AL022329.3,32455
32478,Z98949.1,32456
32479,Z98949.3,32457
32480,LINC02559,32458
32481,AL022337.1,32459
32482,SEZ6L,32460
32483,AL080273.1,32461
32484,ASPHD2,32462
32485,HPS4,32463
32486,SRRD,32464
32487,TFIP11,32465
32488,Z95115.1,32466
32489,TPST2,32467
32490,CRYBB1,32468
32491,CRYBA4,32469
32492,MIAT,32470
32493,Z99774.1,32471
32494,MIATNB,32472
32495,LINC01422,32473
32496,Z97353.2,32474
32497,AL008638.3,32475
32498,AL008638.5,32476
32499,AL008638.4,32477
32500,AL008638.2,32478
32501,AL008638.6,32479
32502,AL008638.1,32480
32503,AL021153.1,32481
32504,LINC01638,32482
32505,AL020994.3,32483
32506,AL020994.1,32484
32507,LINC02554,32485
32508,AL020994.2,32486
32509,AL049536.1,32487
32510,AL050402.1,32488
32511,AL133456.1,32489
32512,AL121885.2,32490
32513,AL121885.3,32491
32514,AL121885.1,32492
32515,MN1,32493
32516,PITPNB,32494
32517,TTC28,32495
32518,CHEK2,32496
32519,HSCB,32497
32520,CCDC117,32498
32521,XBP1,32499
32522,Z93930.2,32500
32523,ZNRF3,32501
32524,ZNRF3-AS1,32502
32525,C22orf31,32503
32526,KREMEN1,32504
32527,AL021393.1,32505
32528,EMID1,32506
32529,RHBDD3,32507
32530,AL031186.1,32508
32531,EWSR1,32509
32532,GAS2L1,32510
32533,RASL10A,32511
32534,AP1B1,32512
32535,RFPL1S,32513
32536,RFPL1,32514
32537,AC000035.1,32515
32538,NEFH,32516
32539,THOC5,32517
32540,NIPSNAP1,32518
32541,NF2,32519
32542,AC004882.1,32520
32543,AC004882.2,32521
32544,CABP7,32522
32545,ZMAT5,32523
32546,UQCR10,32524
32547,ASCC2,32525
32548,MTMR3,32526
32549,AC003681.1,32527
32550,HORMAD2-AS1,32528
32551,HORMAD2,32529
32552,AC002378.1,32530
32553,LIF-AS1,32531
32554,LIF,32532
32555,AC004264.1,32533
32556,OSM,32534
32557,CASTOR1,32535
32558,AC004997.1,32536
32559,TBC1D10A,32537
32560,SF3A1,32538
32561,CCDC157,32539
32562,RNF215,32540
32563,SEC14L2,32541
32564,AC004832.3,32542
32565,MTFP1,32543
32566,AC004832.6,32544
32567,SEC14L3,32545
32568,AC004832.1,32546
32569,SEC14L4,32547
32570,SEC14L6,32548
32571,GAL3ST1,32549
32572,PES1,32550
32573,TCN2,32551
32574,SLC35E4,32552
32575,DUSP18,32553
32576,OSBP2,32554
32577,MORC2-AS1,32555
32578,MORC2,32556
32579,AC004542.2,32557
32580,AC004542.1,32558
32581,SMTN,32559
32582,AC005005.3,32560
32583,SELENOM,32561
32584,INPP5J,32562
32585,PLA2G3,32563
32586,RNF185,32564
32587,RNF185-AS1,32565
32588,LIMK2,32566
32589,PIK3IP1,32567
32590,PIK3IP1-AS1,32568
32591,PATZ1,32569
32592,LINC01521,32570
32593,DRG1,32571
32594,EIF4ENIF1,32572
32595,AL096701.3,32573
32596,SFI1,32574
32597,PISD,32575
32598,PRR14L,32576
32599,DEPDC5,32577
32600,Z82190.2,32578
32601,YWHAH,32579
32602,AL008719.1,32580
32603,LINC02558,32581
32604,SLC5A1,32582
32605,Z83839.2,32583
32606,C22orf42,32584
32607,AL008723.2,32585
32608,RFPL2,32586
32609,IGLCOR22-1,32587
32610,SLC5A4-AS1,32588
32611,SLC5A4,32589
32612,AL008723.1,32590
32613,AL008723.3,32591
32614,AL021937.3,32592
32615,RFPL3,32593
32616,IGLCOR22-2,32594
32617,RFPL3S,32595
32618,AL021937.1,32596
32619,IGLVIVOR22-2,32597
32620,AL021937.4,32598
32621,RTCB,32599
32622,BPIFC,32600
32623,FBXO7,32601
32624,SYN3,32602
32625,Z82246.1,32603
32626,Z73495.1,32604
32627,TIMP3,32605
32628,Z82198.1,32606
32629,LINC01640,32607
32630,LARGE1,32608
32631,Z82198.2,32609
32632,Z82173.1,32610
32633,Z73429.1,32611
32634,LINC01643,32612
32635,Z68323.1,32613
32636,AL021877.2,32614
32637,Z82196.1,32615
32638,Z82196.2,32616
32639,ISX-AS1,32617
32640,ISX,32618
32641,Z99755.2,32619
32642,HMGXB4,32620
32643,AL008635.1,32621
32644,TOM1,32622
32645,Z82244.2,32623
32646,Z82244.1,32624
32647,HMOX1,32625
32648,MCM5,32626
32649,AL022334.2,32627
32650,RASD2,32628
32651,MB,32629
32652,APOL6,32630
32653,AL049748.1,32631
32654,APOL5,32632
32655,RBFOX2,32633
32656,Z82217.1,32634
32657,Z95114.4,32635
32658,Z95114.1,32636
32659,Z95114.2,32637
32660,APOL3,32638
32661,APOL4,32639
32662,APOL2,32640
32663,APOL1,32641
32664,MYH9,32642
32665,FO393418.1,32643
32666,AL022313.2,32644
32667,TXN2,32645
32668,FOXRED2,32646
32669,EIF3D,32647
32670,AL022313.3,32648
32671,CACNG2,32649
32672,AL049749.1,32650
32673,IFT27,32651
32674,PVALB,32652
32675,Z82185.1,32653
32676,NCF4-AS1,32654
32677,NCF4,32655
32678,CSF2RB,32656
32679,Z82180.1,32657
32680,TEX33,32658
32681,TST,32659
32682,MPST,32660
32683,KCTD17,32661
32684,TMPRSS6,32662
32685,AL022314.1,32663
32686,IL2RB,32664
32687,Z82188.2,32665
32688,C1QTNF6,32666
32689,SSTR3,32667
32690,RAC2,32668
32691,CYTH4,32669
32692,ELFN2,32670
32693,Z94160.2,32671
32694,MFNG,32672
32695,CARD10,32673
32696,AL022315.1,32674
32697,CDC42EP1,32675
32698,LGALS2,32676
32699,GGA1,32677
32700,SH3BP1,32678
32701,Z83844.3,32679
32702,Z83844.2,32680
32703,PDXP,32681
32704,LGALS1,32682
32705,NOL12,32683
32706,Z83844.1,32684
32707,TRIOBP,32685
32708,H1F0,32686
32709,GCAT,32687
32710,GALR3,32688
32711,ANKRD54,32689
32712,EIF3L,32690
32713,MICALL1,32691
32714,C22orf23,32692
32715,AL031587.3,32693
32716,POLR2F,32694
32717,SOX10,32695
32718,AL031587.1,32696
32719,AL031587.4,32697
32720,PICK1,32698
32721,AL031587.2,32699
32722,SLC16A8,32700
32723,BAIAP2L2,32701
32724,AL022322.1,32702
32725,PLA2G6,32703
32726,AL022322.2,32704
32727,MAFF,32705
32728,TMEM184B,32706
32729,AL020993.1,32707
32730,CSNK1E,32708
32731,TPTEP2-CSNK1E,32709
32732,Z97056.1,32710
32733,KCNJ4,32711
32734,KDELR3,32712
32735,DDX17,32713
32736,DMC1,32714
32737,FAM227A,32715
32738,CBY1,32716
32739,AL021707.4,32717
32740,AL021707.2,32718
32741,TOMM22,32719
32742,JOSD1,32720
32743,GTPBP1,32721
32744,AL021707.5,32722
32745,SUN2,32723
32746,AL021707.3,32724
32747,AL021707.1,32725
32748,AL021707.6,32726
32749,AL021707.7,32727
32750,DNAL4,32728
32751,NPTXR,32729
32752,CBX6,32730
32753,AL022318.1,32731
32754,APOBEC3A,32732
32755,APOBEC3B,32733
32756,APOBEC3B-AS1,32734
32757,APOBEC3C,32735
32758,AL022318.4,32736
32759,APOBEC3D,32737
32760,APOBEC3F,32738
32761,APOBEC3G,32739
32762,APOBEC3H,32740
32763,CBX7,32741
32764,AL031846.2,32742
32765,PDGFB,32743
32766,AL031590.1,32744
32767,AL022326.1,32745
32768,RPL3,32746
32769,SYNGR1,32747
32770,TAB1,32748
32771,MGAT3,32749
32772,MGAT3-AS1,32750
32773,MIEF1,32751
32774,AL022312.1,32752
32775,ATF4,32753
32776,RPS19BP1,32754
32777,CACNA1I,32755
32778,ENTHD1,32756
32779,GRAP2,32757
32780,Z82206.1,32758
32781,FAM83F,32759
32782,Z83847.1,32760
32783,TNRC6B,32761
32784,ADSL,32762
32785,AL022238.4,32763
32786,SGSM3,32764
32787,AL022238.2,32765
32788,MKL1,32766
32789,AL022238.3,32767
32790,AL031594.1,32768
32791,MCHR1,32769
32792,SLC25A17,32770
32793,ST13,32771
32794,XPNPEP3,32772
32795,DNAJB7,32773
32796,RBX1,32774
32797,EP300,32775
32798,AL035658.1,32776
32799,EP300-AS1,32777
32800,L3MBTL2,32778
32801,AL035681.1,32779
32802,CHADL,32780
32803,RANGAP1,32781
32804,ZC3H7B,32782
32805,TEF,32783
32806,AL008582.1,32784
32807,TOB2,32785
32808,PHF5A,32786
32809,ACO2,32787
32810,POLR3H,32788
32811,CSDC2,32789
32812,PMM1,32790
32813,DESI1,32791
32814,XRCC6,32792
32815,SNU13,32793
32816,C22orf46,32794
32817,MEI1,32795
32818,CCDC134,32796
32819,AL021453.1,32797
32820,SREBF2,32798
32821,SHISA8,32799
32822,TNFRSF13C,32800
32823,CENPM,32801
32824,SEPT3,32802
32825,Z99716.1,32803
32826,WBP2NL,32804
32827,NAGA,32805
32828,PHETA2,32806
32829,SMDT1,32807
32830,NDUFA6,32808
32831,CYP2D6,32809
32832,AC254562.2,32810
32833,AC254562.3,32811
32834,TCF20,32812
32835,OGFRP1,32813
32836,Z83851.1,32814
32837,Z83851.2,32815
32838,LINC01315,32816
32839,NFAM1,32817
32840,AL022316.1,32818
32841,RRP7A,32819
32842,SERHL2,32820
32843,POLDIP3,32821
32844,Z93241.1,32822
32845,CYB5R3,32823
32846,ATP5MGL,32824
32847,A4GALT,32825
32848,ARFGAP3,32826
32849,PACSIN2,32827
32850,AL022476.1,32828
32851,TTLL1,32829
32852,BIK,32830
32853,MCAT,32831
32854,TSPO,32832
32855,TTLL12,32833
32856,SCUBE1,32834
32857,Z82214.2,32835
32858,Z82214.1,32836
32859,Z99756.1,32837
32860,LINC01639,32838
32861,MPPED1,32839
32862,EFCAB6-AS1,32840
32863,EFCAB6,32841
32864,Z97055.2,32842
32865,SULT4A1,32843
32866,PNPLA5,32844
32867,PNPLA3,32845
32868,SAMM50,32846
32869,PARVB,32847
32870,PARVG,32848
32871,AL031595.2,32849
32872,SHISAL1,32850
32873,Z85994.1,32851
32874,LINC01656,32852
32875,RTL6,32853
32876,LINC00207,32854
32877,LINC00229,32855
32878,PRR5,32856
32879,PRR5-ARHGAP8,32857
32880,ARHGAP8,32858
32881,PHF21B,32859
32882,NUP50-DT,32860
32883,Z82243.1,32861
32884,NUP50,32862
32885,KIAA0930,32863
32886,AL008718.2,32864
32887,UPK3A,32865
32888,FAM118A,32866
32889,SMC1B,32867
32890,RIBC2,32868
32891,AL021391.1,32869
32892,FBLN1,32870
32893,LINC01589,32871
32894,ATXN10,32872
32895,BX324167.2,32873
32896,BX324167.1,32874
32897,WNT7B,32875
32898,BX537318.1,32876
32899,PRR34,32877
32900,AL121672.3,32878
32901,PRR34-AS1,32879
32902,MIRLET7BHG,32880
32903,AL121672.1,32881
32904,AL121672.2,32882
32905,PPARA,32883
32906,CDPF1,32884
32907,PKDREJ,32885
32908,TTC38,32886
32909,GTSE1-DT,32887
32910,GTSE1,32888
32911,TRMU,32889
32912,CELSR1,32890
32913,AL021392.1,32891
32914,GRAMD4,32892
32915,CERK,32893
32916,AL118516.1,32894
32917,TBC1D22A,32895
32918,TBC1D22A-AS1,32896
32919,Z82186.1,32897
32920,LINC01644,32898
32921,LINC00898,32899
32922,AL117329.1,32900
32923,AL121580.1,32901
32924,FP325330.3,32902
32925,FP325330.1,32903
32926,FP325330.2,32904
32927,BX284656.2,32905
32928,BX284656.1,32906
32929,Z82249.1,32907
32930,FAM19A5,32908
32931,LINC01310,32909
32932,Z82202.1,32910
32933,C22orf34,32911
32934,AL008636.1,32912
32935,AL031593.1,32913
32936,Z97192.1,32914
32937,Z97192.2,32915
32938,AL023802.1,32916
32939,BRD1,32917
32940,Z98885.3,32918
32941,Z98885.2,32919
32942,AL117328.2,32920
32943,ZBED4,32921
32944,ALG12,32922
32945,AL671710.1,32923
32946,CRELD2,32924
32947,BX539320.1,32925
32948,PIM3,32926
32949,IL17REL,32927
32950,TTLL8,32928
32951,MLC1,32929
32952,MOV10L1,32930
32953,PANX2,32931
32954,TRABD,32932
32955,AL022328.3,32933
32956,AL022328.4,32934
32957,SELENOO,32935
32958,AL022328.1,32936
32959,AL022328.2,32937
32960,TUBGCP6,32938
32961,HDAC10,32939
32962,MAPK12,32940
32963,MAPK11,32941
32964,PLXNB2,32942
32965,DENND6B,32943
32966,CR559946.1,32944
32967,CR559946.2,32945
32968,PPP6R2,32946
32969,SBF1,32947
32970,ADM2,32948
32971,MIOX,32949
32972,LMF2,32950
32973,NCAPH2,32951
32974,SCO2,32952
32975,SCO2,32952
32976,U62317.3,32953
32977,TYMP,32954
32978,ODF3B,32955
32979,U62317.2,32956
32980,U62317.5,32957
32981,KLHDC7B,32958
32982,SYCE3,32959
32983,CPT1B,32960
32984,CHKB-CPT1B,32961
32985,CHKB,32962
32986,CHKB-DT,32963
32987,U62317.4,32964
32988,MAPK8IP2,32965
32989,ARSA,32966
32990,SHANK3,32967
32991,AC000036.1,32968
32992,ACR,32969
32993,AC002056.2,32970
32994,RABL2B,32971
32995,FP565260.4,32972
32996,FP565260.3,32973
32997,FP565260.5,32974
32998,GATD3B,32975
32999,FP565260.2,32976
33000,FP565260.1,32977
33001,FP565260.6,32978
33002,AC079801.1,32979
33003,LINC01670,32980
33004,CU633967.1,32981
33005,FP236315.3,32982
33006,FP236315.1,32983
33007,H2BFS,32984
33008,LINC01669,32985
33009,CU639417.3,32986
33010,CU639417.4,32987
33011,SIK1B,32988
33012,CU633906.1,32989
33013,CU633906.2,32990
33014,CBSL,32991
33015,U2AF1L5,32992
33016,FP236240.1,32993
33017,CRYAA2,32994
33018,CU638689.4,32995
33019,CU638689.1,32996
33020,CU638689.5,32997
33021,FP475955.3,32998
33022,FP475955.1,32999
33023,FP475955.2,33000
33024,CU634019.6,33001
33025,CU634019.4,33002
33026,CU634019.2,33003
33027,CU634019.1,33004
33028,CU633904.1,33005
33029,FP236241.1,33006
33030,SMIM11B,33007
33031,CU633980.1,33008
33032,SMIM34B,33009
33033,KCNE1B,33010
33034,FP671120.1,33011
33035,FP671120.3,33012
33036,FP671120.4,33013
33037,FP236383.1,33014
33038,FP236383.2,33015
33039,FP236383.3,33016
33040,LINC01666,33017
33041,CR392039.3,33018
33042,CR381653.1,33019
33043,LINC01667,33020
33044,AC018692.1,33021
33045,CR382287.2,33022
33046,AP003900.1,33023
33047,TPTE,33024
33048,IGHV1OR21-1,33025
33049,AP001464.1,33026
33050,AJ239318.1,33027
33051,LINC01674,33028
33052,POTED,33029
33053,AL050303.1,33030
33054,AP001347.1,33031
33055,LIPI,33032
33056,RBM11,33033
33057,HSPA13,33034
33058,SAMSN1,33035
33059,SAMSN1-AS1,33036
33060,AF127936.2,33037
33061,AF127936.1,33038
33062,AF127577.4,33039
33063,LINC02246,33040
33064,AF127577.3,33041
33065,NRIP1,33042
33066,AF127577.1,33043
33067,AF127577.2,33044
33068,AF127577.5,33045
33069,AJ009632.2,33046
33070,AJ009632.1,33047
33071,USP25,33048
33072,MIR99AHG,33049
33073,AP001172.1,33050
33074,AP001172.2,33051
33075,AP000962.1,33052
33076,AF130359.1,33053
33077,AF212831.1,33054
33078,LINC01549,33055
33079,CXADR,33056
33080,BTG3,33057
33081,AP000432.1,33058
33082,C21orf91-OT1,33059
33083,C21orf91,33060
33084,AL109761.1,33061
33085,CHODL-AS1,33062
33086,CHODL,33063
33087,AF130417.1,33064
33088,TMPRSS15,33065
33089,MIR548XHG,33066
33090,AF240627.1,33067
33091,AL157359.2,33068
33092,AL157359.1,33069
33093,AP000431.2,33070
33094,AP000431.1,33071
33095,AP000855.1,33072
33096,LINC01683,33073
33097,LINC02573,33074
33098,LINC00320,33075
33099,NCAM2,33076
33100,AP001136.1,33077
33101,AP001117.1,33078
33102,AF241725.1,33079
33103,LINC00317,33080
33104,LINC01425,33081
33105,AP000472.1,33082
33106,LINC01687,33083
33107,LINC00308,33084
33108,AP000561.1,33085
33109,AP000959.1,33086
33110,AP001116.1,33087
33111,AP000459.2,33088
33112,AP000459.1,33089
33113,AP000474.1,33090
33114,AP000477.2,33091
33115,AP000477.1,33092
33116,AP000470.1,33093
33117,LINC01689,33094
33118,LINC01684,33095
33119,LINC01692,33096
33120,AP000402.1,33097
33121,AP000146.1,33098
33122,AP000235.1,33099
33123,AP000233.2,33100
33124,AP000233.1,33101
33125,AP001341.1,33102
33126,LINC00158,33103
33127,AP000221.1,33104
33128,MIR155HG,33105
33129,AP000223.1,33106
33130,MRPL39,33107
33131,JAM2,33108
33132,ATP5PF,33109
33133,GABPA,33110
33134,APP,33111
33135,AP001439.1,33112
33136,AP000229.1,33113
33137,AP001595.1,33114
33138,AP001596.1,33115
33139,CYYR1-AS1,33116
33140,AP001596.2,33117
33141,CYYR1,33118
33142,ADAMTS1,33119
33143,AP001599.1,33120
33144,ADAMTS5,33121
33145,AP001605.1,33122
33146,AP001604.1,33123
33147,LINC01673,33124
33148,LINC00113,33125
33149,AJ006995.1,33126
33150,LINC00314,33127
33151,LINC01695,33128
33152,AF165147.1,33129
33153,LINC00161,33130
33154,N6AMT1,33131
33155,LTN1,33132
33156,RWDD2B,33133
33157,AF129075.2,33134
33158,USP16,33135
33159,CCT8,33136
33160,MAP3K7CL,33137
33161,AF124730.1,33138
33162,BACH1,33139
33163,BACH1-AS1,33140
33164,BACH1-IT2,33141
33165,GRIK1,33142
33166,AP000238.1,33143
33167,GRIK1-AS1,33144
33168,AF096876.1,33145
33169,CLDN17,33146
33170,LINC00307,33147
33171,CLDN8,33148
33172,KRTAP24-1,33149
33173,KRTAP25-1,33150
33174,KRTAP26-1,33151
33175,KRTAP27-1,33152
33176,KRTAP23-1,33153
33177,KRTAP13-2,33154
33178,KRTAP13-1,33155
33179,KRTAP13-3,33156
33180,KRTAP13-4,33157
33181,KRTAP15-1,33158
33182,KRTAP19-1,33159
33183,KRTAP19-2,33160
33184,KRTAP19-3,33161
33185,KRTAP19-4,33162
33186,KRTAP19-5,33163
33187,KRTAP19-6,33164
33188,KRTAP19-7,33165
33189,KRTAP22-2,33166
33190,KRTAP6-3,33167
33191,KRTAP6-2,33168
33192,KRTAP22-1,33169
33193,KRTAP6-1,33170
33194,KRTAP20-1,33171
33195,KRTAP20-4,33172
33196,KRTAP20-2,33173
33197,KRTAP20-3,33174
33198,KRTAP21-3,33175
33199,KRTAP21-2,33176
33200,KRTAP21-1,33177
33201,KRTAP8-1,33178
33202,KRTAP7-1,33179
33203,KRTAP11-1,33180
33204,KRTAP19-8,33181
33205,TIAM1,33182
33206,AP000251.1,33183
33207,AP000253.1,33184
33208,SOD1,33185
33209,AP000254.1,33186
33210,SCAF4,33187
33211,AP000255.1,33188
33212,HUNK,33189
33213,HUNK-AS1,33190
33214,LINC00159,33191
33215,AP000265.1,33192
33216,MIS18A,33193
33217,MIS18A-AS1,33194
33218,MRAP,33195
33219,AP000266.1,33196
33220,URB1,33197
33221,URB1-AS1,33198
33222,EVA1C,33199
33223,TCP10L,33200
33224,AP000275.2,33201
33225,CFAP298,33202
33226,SYNJ1,33203
33227,PAXBP1-AS1,33204
33228,PAXBP1,33205
33229,C21orf62-AS1,33206
33230,C21orf62,33207
33231,AP000281.2,33208
33232,AP000282.1,33209
33233,LINC01690,33210
33234,OLIG2,33211
33235,LINC00945,33212
33236,OLIG1,33213
33237,AP000289.1,33214
33238,AP000290.1,33215
33239,LINC01548,33216
33240,IFNAR2,33217
33241,AP000295.1,33218
33242,IL10RB-DT,33219
33243,IL10RB,33220
33244,IFNAR1,33221
33245,IFNGR2,33222
33246,TMEM50B,33223
33247,AP000302.1,33224
33248,DNAJC28,33225
33249,GART,33226
33250,SON,33227
33251,DONSON,33228
33252,AP000311.1,33229
33253,CRYZL1,33230
33254,ITSN1,33231
33255,ATP5PO,33232
33256,LINC00649,33233
33257,AP000569.1,33234
33258,MRPS6,33235
33259,SLC5A3,33236
33260,LINC00310,33237
33261,AP000317.1,33238
33262,KCNE2,33239
33263,AP000320.1,33240
33264,SMIM11A,33241
33265,C21orf140,33242
33266,AP000322.2,33243
33267,SMIM34A,33244
33268,AP000322.1,33245
33269,KCNE1,33246
33270,RCAN1,33247
33271,CLIC6,33248
33272,LINC00160,33249
33273,LINC01426,33250
33274,RUNX1,33251
33275,AF015262.1,33252
33276,AF015720.1,33253
33277,LINC01436,33254
33278,SETD4,33255
33279,AP000688.4,33256
33280,CBR1,33257
33281,AP000688.3,33258
33282,AP000688.2,33259
33283,CBR3,33260
33284,DOPEY2,33261
33285,AP000692.2,33262
33286,MORC3,33263
33287,CHAF1B,33264
33288,AP000695.1,33265
33289,AP000695.2,33266
33290,CLDN14,33267
33291,AP000696.1,33268
33292,AP000697.1,33269
33293,SIM2,33270
33294,HLCS,33271
33295,AP000704.1,33272
33296,RIPPLY3,33273
33297,PIGP,33274
33298,TTC3,33275
33299,TTC3-AS1,33276
33300,DSCR9,33277
33301,AP001432.1,33278
33302,VPS26C,33279
33303,AP001412.1,33280
33304,AP001437.1,33281
33305,DYRK1A,33282
33306,KCNJ6,33283
33307,DSCR4,33284
33308,DSCR8,33285
33309,KCNJ15,33286
33310,AP001434.1,33287
33311,LINC01423,33288
33312,ERG,33289
33313,LINC00114,33290
33314,ETS2,33291
33315,AP001042.1,33292
33316,AP001043.1,33293
33317,AP001043.2,33294
33318,LINC01700,33295
33319,AF064858.1,33296
33320,AF064858.3,33297
33321,AF064858.2,33298
33322,PSMG1,33299
33323,BRWD1,33300
33324,AF129408.1,33301
33325,BRWD1-AS2,33302
33326,BRWD1-AS1,33303
33327,HMGN1,33304
33328,WRB,33305
33329,LCA5L,33306
33330,SH3BGR,33307
33331,B3GALT5,33308
33332,B3GALT5-AS1,33309
33333,AF064860.2,33310
33334,IGSF5,33311
33335,PCP4,33312
33336,DSCAM,33313
33337,DSCAM-AS1,33314
33338,LINC00323,33315
33339,BACE2,33316
33340,PLAC4,33317
33341,BACE2-IT1,33318
33342,FAM3B,33319
33343,MX2,33320
33344,MX1,33321
33345,AP001610.1,33322
33346,TMPRSS2,33323
33347,AP001610.2,33324
33348,AP006748.1,33325
33349,LINC00111,33326
33350,LINC00479,33327
33351,LINC00112,33328
33352,RIPK4,33329
33353,AP001615.1,33330
33354,PRDM15,33331
33355,AP001619.2,33332
33356,C2CD2,33333
33357,ZBTB21,33334
33358,ZNF295-AS1,33335
33359,UMODL1,33336
33360,ABCG1,33337
33361,TFF3,33338
33362,TFF2,33339
33363,TFF1,33340
33364,TMPRSS3,33341
33365,UBASH3A,33342
33366,RSPH1,33343
33367,SLC37A1,33344
33368,AP001625.2,33345
33369,LINC01671,33346
33370,AP001626.1,33347
33371,PDE9A,33348
33372,AP001627.1,33349
33373,LINC01668,33350
33374,AP001628.2,33351
33375,AP001628.1,33352
33376,WDR4,33353
33377,NDUFV3,33354
33378,ERVH48-1,33355
33379,AP001630.1,33356
33380,PKNOX1,33357
33381,CBS,33358
33382,U2AF1,33359
33383,FRGCA,33360
33384,AP001631.1,33361
33385,CRYAA,33362
33386,LINC00322,33363
33387,LINC01679,33364
33388,AP001046.1,33365
33389,SIK1,33366
33390,LINC00319,33367
33391,LINC00313,33368
33392,AP001048.1,33369
33393,HSF2BP,33370
33394,H2BFS,32984
33395,RRP1B,33371
33396,PDXK,33372
33397,CSTB,33373
33398,RRP1,33374
33399,AATBC,33375
33400,AGPAT3,33376
33401,TRAPPC10,33377
33402,PWP2,33378
33403,GATD3A,33379
33404,LINC01678,33380
33405,AP001056.2,33381
33406,AP001056.1,33382
33407,ICOSLG,33383
33408,AP001059.3,33384
33409,AP001059.2,33385
33410,DNMT3L,33386
33411,AP001059.1,33387
33412,AIRE,33388
33413,PFKL,33389
33414,C21orf2,33390
33415,AP001062.1,33391
33416,AP001062.2,33392
33417,AP001063.1,33393
33418,TRPM2,33394
33419,TRPM2-AS,33395
33420,LRRC3-DT,33396
33421,LRRC3,33397
33422,AP001065.1,33398
33423,LINC02575,33399
33424,AP001065.2,33400
33425,TSPEAR,33401
33426,TSPEAR-AS1,33402
33427,TSPEAR-AS2,33403
33428,KRTAP10-1,33404
33429,KRTAP10-2,33405
33430,KRTAP10-3,33406
33431,KRTAP10-4,33407
33432,KRTAP10-5,33408
33433,KRTAP10-6,33409
33434,KRTAP10-7,33410
33435,KRTAP10-8,33411
33436,KRTAP10-9,33412
33437,KRTAP10-10,33413
33438,KRTAP10-11,33414
33439,KRTAP12-4,33415
33440,KRTAP12-3,33416
33441,KRTAP12-2,33417
33442,KRTAP12-1,33418
33443,KRTAP10-12,33419
33444,UBE2G2,33420
33445,LINC01424,33421
33446,SUMO3,33422
33447,PTTG1IP,33423
33448,ITGB2,33424
33449,ITGB2-AS1,33425
33450,LINC01547,33426
33451,AL844908.1,33427
33452,FAM207A,33428
33453,AP001505.1,33429
33454,LINC00163,33430
33455,LINC00165,33431
33456,PICSAR,33432
33457,ADARB1,33433
33458,AL133499.1,33434
33459,LINC00334,33435
33460,POFUT2,33436
33461,LINC00315,33437
33462,BX322557.1,33438
33463,LINC00316,33439
33464,BX322559.1,33440
33465,BX322562.1,33441
33466,COL18A1,33442
33467,COL18A1-AS2,33443
33468,COL18A1-AS1,33444
33469,SLC19A1,33445
33470,LINC01694,33446
33471,PCBP3,33447
33472,AL133492.1,33448
33473,AL592528.1,33449
33474,AJ011932.1,33450
33475,COL6A1,33451
33476,AP001476.1,33452
33477,AP001476.3,33453
33478,AP001476.2,33454
33479,AP001471.1,33455
33480,COL6A2,33456
33481,FTCD,33457
33482,FTCD-AS1,33458
33483,SPATC1L,33459
33484,AP001468.1,33460
33485,LSS,33461
33486,AP001469.1,33462
33487,MCM3AP-AS1,33463
33488,MCM3AP,33464
33489,AP001469.2,33465
33490,AP001469.3,33466
33491,YBEY,33467
33492,C21orf58,33468
33493,PCNT,33469
33494,DIP2A,33470
33495,S100B,33471
33496,PRMT2,33472
33497,MT-ND1,33473
33498,MT-ND2,33474
33499,MT-CO1,33475
33500,MT-CO2,33476
33501,MT-ATP8,33477
33502,MT-ATP6,33478
33503,MT-CO3,33479
33504,MT-ND3,33480
33505,MT-ND4L,33481
33506,MT-ND4,33482
33507,MT-ND5,33483
33508,MT-ND6,33484
33509,MT-CYB,33485
33510,AC133551.1,33486
33511,AC136612.1,33487
33512,AC136616.1,33488
33513,AC136616.3,33489
33514,AC136616.2,33490
33515,AC141272.1,33491
33516,AC136352.3,33492
33517,AC136352.2,33493
33518,AC171558.3,33494
33519,AC171558.1,33495
33520,BX004987.1,33496
33521,AC145212.1,33497
33522,MAFIP,33498
33523,AC011841.1,33499
33524,AC011043.1,33500
33525,AC011043.2,33501
33526,AL592183.1,33502
33527,AC007325.1,33503
33528,AC007325.4,33504
33529,AC007325.2,33505
33530,BX072566.1,33506
33531,AL354822.1,33507
33532,AC023491.2,33508
33533,AC004556.1,33509
33534,AC233755.2,33510
33535,AC233755.1,33511
33536,AC240274.1,33512
33537,AC213203.1,33513
33538,FAM231C,33514
