cell_name,UMAP1,UMAP2
MSC1_AATGAAGCATGCCGCA,2.9118147,2.9097497
MSC1_ACAAGCTGTTGACGGA,3.667072,3.2394085
MSC1_ACGTACAAGGGACACT,4.1273274,3.5041726
MSC1_ACTATGGAGCCGATAG,2.758145,2.8216527
MSC1_AGAAATGGTCTCAGGC,3.3006058,3.1446157
MSC1_AGAAGCGCAGCATACT,2.6001587,2.7302663
MSC1_AGCGCCAGTTATCCAG,3.572486,3.1975727
MSC1_ATCACAGGTTGCATGT,2.9755852,2.9966054
MSC1_ATCACGAGTGAGGATC,3.5833936,3.2188256
MSC1_ATCCTATTCTAGTGAC,2.548544,2.6677694
MSC1_ATGGATCGTATGACAA,2.467516,2.6959724
MSC1_ATGGGTTGTACTCCCT,2.3626647,2.6367466
MSC1_CAGATCACACTTCTCG,4.1412897,3.485687
MSC1_CATAAGCAGTCCGCGT,3.8805125,3.3272376
MSC1_CATAAGCTCTCGCGTT,3.620487,3.2013202
MSC1_CATCCGTGTGTTGATC,3.293191,3.0679624
MSC1_CATTCCGGTTGACTGT,2.4593272,2.6452312
MSC1_CCATCACAGCGCCGTT,4.448006,3.617059
MSC1_CCTCTAGAGTGTTCCA,2.8206272,2.9366581
MSC1_CGTTCTGTCGGTTCAA,2.432871,2.5833054
MSC1_CTGGTCTCACCTCAGG,9.620194,13.599925
MSC1_GATGCTATCAGCCCAG,3.1353056,2.987753
MSC1_GATTCGACATGGGCAA,4.255959,3.6841154
MSC1_GATTGGTCAAGGCTTT,4.1623793,3.4593134
MSC1_GATTTCTTCCCGAGGT,3.868198,3.196788
MSC1_GCTCAAACATAGCTGT,3.018877,2.966234
MSC1_GGAGAACTCAAGTGTC,2.5021589,2.6661513
MSC1_GGCTTGGTCTCACGAA,3.0812128,2.9965742
MSC1_GTAACCACAATGAAAC,3.3765795,3.1187932
MSC1_GTCACTCAGTGGATAT,2.6009917,2.6634924
MSC1_GTCATTTCACCAACAT,2.627222,2.7564566
MSC1_TAACTTCCACCAAAGG,2.9053612,2.9033577
MSC1_TACGTCCAGCTGTTCA,4.298249,3.6419637
MSC1_TATTGGGGTTCCAAAC,3.6926,3.359447
MSC1_TCAAGACTCTCTTGCG,2.7704868,2.8712988
MSC1_TCACGCTCATCGGAGA,3.1854033,3.0226831
MSC1_TCATATCTCCTACCAC,2.707697,2.7565043
MSC1_TCCCACAAGAGCAAGA,3.6291811,3.1651611
MSC1_TCGGTCTGTTTGGAGG,3.9671052,3.5025103
MSC1_TGAATCGAGCGAATGC,4.1237817,3.5019274
MSC1_TGACGCGAGTCGAGGT,3.2711055,3.1680446
MSC1_TGCAGTATCCAGCACG,2.4243946,2.651278
MSC1_TGTTCTACAACAGATA,4.0554256,3.4439173
MSC1_TTACAGGCACACCTGG,3.1485116,3.1345305
MSC1_TTCGGTCAGGTGGCTA,3.3134663,3.1407542
MSC1_TTTCGATAGTCTCCTC,3.6679127,3.1864882
MSC2_AAGCGAGAGCCTGACC,11.008099,11.994861
MSC2_AGAGCAGCACAATTCG,9.764783,2.2495558
MSC2_AGTCACACACAGTACT,9.414885,12.696788
MSC2_AGTTAGCTCAACCGAT,10.114446,13.670792
MSC2_ATTCAGGCAAATAAGC,9.711466,13.491128
MSC2_CCCAACTCAATGACCT,10.441971,14.0404625
MSC2_CCGATCTGTGGGATTG,9.596695,11.855549
MSC2_CCGGACATCGCAGTGC,10.095592,13.808149
MSC2_CCGTTCAGTCACTTAG,10.166156,13.310322
MSC2_CCTCCTCAGAGAATCT,10.144946,14.453229
MSC2_CGCCATTAGGGTGAGG,10.191325,5.9270225
MSC2_CTAACCCTCATTTACC,9.480665,12.02069
MSC2_CTACCCAGTTTGAACC,9.49155,11.352131
MSC2_CTATAGGCACTACCGG,12.580447,10.662773
MSC2_CTATCCGGTCACTTAG,9.344814,10.876829
MSC2_CTTCTCTAGCTCACTA,9.629267,11.89094
MSC2_GACTGATCAAGATGTA,10.342218,11.76886
MSC2_GCCGTGACAGCGAGTA,9.907638,11.104291
MSC2_GGACGTCGTGCTATTG,11.004823,10.746705
MSC2_GGGATCCCATCCGGCA,9.050791,10.877782
MSC2_GGGTTTACAAGTTCCA,9.509355,11.880092
MSC2_GTGACGCTCACTTATC,10.201167,13.721404
MSC2_GTGATGTAGATCCCAT,10.127481,5.001839
MSC2_TAACTTCCAGCGTGCT,9.122697,5.4322777
MSC2_TAATTCCCAGACCTAT,9.469882,14.43862
MSC2_TAGATCGTCTATACTC,10.0172205,2.261287
MSC2_TATTCCAGTGGTAATA,10.330947,11.707239
MSC2_TCAGTCCTCACTGGGC,8.893535,9.852432
MSC2_TCTACATCAATGGCAG,9.646983,12.532902
MSC2_TCTCCGAGTGCGGCTT,8.961894,8.899659
MSC2_TGATTCTTCATTCATC,10.363994,14.919655
MSC2_TGCATCCAGACATACA,10.306632,13.058079
MSC2_TTCCTTCCATAGAATG,9.49695,12.089181
MSC2_TTTGGTTGTTTGTTCT,9.699945,11.333454
MSC3_ACTATGGTCGAGATGG,9.739127,11.665806
MSC3_AGAGAGCCAGCCGTTG,10.151477,2.420511
MSC3_ATCGGCGTCTTGAACG,9.16536,10.576234
MSC3_CATTGTTAGAGAATCT,10.240678,12.038336
MSC3_GGGATCCTCGGTAACT,12.819978,13.02866
MSC3_GTTCGCTCACAACGTT,10.780057,12.598088
MSC3_TCTTCCTGTCATAACC,9.184083,8.648229
MSC3_TGAGGAGGTTCGTTCC,9.573264,13.907344
MSC4_AAAGAACAGGCACTAG,10.498215,12.391364
MSC4_AAATGGAAGACTGTTC,10.265219,12.278251
MSC4_AACACACGTTGCAAGG,10.249408,12.681068
MSC4_AACAGGGGTCGTTGCG,10.0378895,11.494318
MSC4_AACCATGAGGTTGAGC,11.671693,11.93106
MSC4_AACCCAAGTACATACC,10.519528,11.557393
MSC4_AACGAAATCATAAGGA,10.202066,12.700251
MSC4_AAGACTCGTTAGGCTT,10.092535,11.431548
MSC4_AAGGTAATCACTGCTC,9.531033,12.782241
MSC4_AATCGTGGTTCGTAAC,10.983889,11.246373
MSC4_AATGACCCAGGTTACT,9.957707,12.58864
MSC4_AATGGAACAACCGTGC,9.787879,13.141462
MSC4_ACAGCCGAGTATAGGT,11.031454,12.22277
MSC4_ACATGCAAGGACACTG,11.344986,11.793801
MSC4_ACCGTTCGTTAAAGTG,9.807469,12.192097
MSC4_ACGATCACACCTGCGA,10.297613,11.823866
MSC4_ACGATGTGTAGTAAGT,10.597459,12.677037
MSC4_ACGTCCTGTGGCTTAT,9.376544,12.189923
MSC4_ACTACGACATTCTCTA,11.034182,12.930447
MSC4_ACTATTCTCGCCATAA,10.916124,12.765606
MSC4_ACTTCCGAGAGTTCGG,10.645047,12.011467
MSC4_ACTTTCAGTCACTCAA,10.341821,10.1357975
MSC4_ACTTTCAGTGCTCCGA,9.766036,12.421252
MSC4_AGAAGTAAGACGCAGT,10.981248,11.780732
MSC4_AGACCATTCTGGCTGG,4.433399,3.6859868
MSC4_AGATAGAAGGGCTTCC,10.732882,12.697248
MSC4_AGATAGACACTCATAG,9.793096,12.081459
MSC4_AGCCACGCACACACGC,9.921581,12.760054
MSC4_AGGTAGGGTATGGAAT,11.062076,12.700601
MSC4_AGGTGTTCAAGCCCAC,10.283265,12.699793
MSC4_AGGTTACGTCCAGGTC,10.922919,12.681555
MSC4_AGTCACAGTGCAGATG,11.247692,12.028429
MSC4_AGTGACTGTCAGTCTA,10.859729,11.986625
MSC4_AGTTCGACAACAGCTT,10.68515,12.824589
MSC4_ATAGGCTGTGCGCTCA,10.836937,13.482605
MSC4_ATCACGAAGTCGCCCA,10.574467,11.287068
MSC4_ATCCTATAGGGCCAAT,10.562344,12.848874
MSC4_ATCGATGAGATAGTGT,10.666462,12.355063
MSC4_ATCGGCGAGGCCGCTT,11.12735,12.468627
MSC4_ATCTTCAAGCACTCTA,10.137837,12.60678
MSC4_ATTACCTTCGCCAATA,10.984125,12.307638
MSC4_ATTACTCTCACCTTGC,10.489011,12.034518
MSC4_ATTCTACAGTTCCGTA,11.229007,10.508746
MSC4_CAAAGAAGTCCAAATC,9.808134,11.246385
MSC4_CAAGCTAGTCTCAGAT,11.866839,11.687143
MSC4_CACCGTTCACTCACTC,11.506924,12.769868
MSC4_CACGTTCAGTTGGACG,10.099951,12.266107
MSC4_CACTGGGCAACAGCCC,11.160082,11.445017
MSC4_CACTGTCCATAGGTTC,10.593689,13.540731
MSC4_CAGATACAGGGTATAT,9.631696,11.737004
MSC4_CAGATACCACTGTCCT,10.639412,11.827418
MSC4_CAGCAATAGCGTATAA,10.92422,12.686514
MSC4_CATCAAGCACGTAACT,11.79392,13.203433
MSC4_CATCCACGTGCCTACG,10.208975,12.80158
MSC4_CATCGTCAGCAAGTCG,10.1927595,12.415695
MSC4_CATGCAAAGATTGGGC,10.073647,12.112095
MSC4_CATGCTCTCTTCCCGA,9.8460455,12.723251
MSC4_CATTCTAGTTCCCAAA,10.634214,12.9149685
MSC4_CATTGCCTCCCTCTCC,10.016757,12.243464
MSC4_CCACAAACATGGAAGC,9.709232,10.38566
MSC4_CCACTTGCAATTGCTG,11.1727495,12.5735035
MSC4_CCCTAACCACCGAATT,9.966434,12.272436
MSC4_CCCTCTCGTTCCGCTT,9.054516,12.956944
MSC4_CCGGTAGAGGGATCGT,11.946923,10.790199
MSC4_CCTAAGAGTCGCCTAG,9.834775,10.445569
MSC4_CCTAAGAGTTTCACAG,10.167295,12.773818
MSC4_CCTAAGATCATGCCAA,9.810053,12.406434
MSC4_CGATGGCTCCCATACC,9.87796,12.794645
MSC4_CGCATAAAGTTCATCG,9.882936,12.478941
MSC4_CGCATAATCGACGTCG,10.093984,2.7087727
MSC4_CGGAATTGTAGACACG,9.905943,12.151723
MSC4_CTAACTTCACCTCAGG,10.621928,13.539178
MSC4_CTATCCGTCGAGTCCG,10.653544,9.999537
MSC4_CTATCTAAGGTTCCGC,10.891286,13.25695
MSC4_CTCAGAACATCACCAA,10.225239,12.748191
MSC4_CTCATGCCAGTCTACA,10.53609,12.728998
MSC4_CTCCTTTAGCGCCTTG,10.151311,12.520846
MSC4_CTGCCTATCAGTCCGG,9.879574,12.967013
MSC4_CTGTAGAAGCAGGTCA,10.961736,12.242572
MSC4_CTGTGGGAGTATAACG,4.374758,3.5222218
MSC4_CTTCTAAAGTTCCAGT,10.488255,12.0048685
MSC4_CTTCTAAGTGTACATC,11.1253395,12.437518
MSC4_GAAGCGATCGTGGCGT,10.948931,10.566364
MSC4_GACACGCCAGTCGCTG,10.191932,11.282917
MSC4_GACCCAGTCTGCATGA,11.008672,12.950569
MSC4_GACCTTCGTATCATGC,10.07743,11.968074
MSC4_GACGCTGAGGGCAATC,10.925897,11.619434
MSC4_GAGGCAAGTACTGAGG,9.494846,12.293116
MSC4_GAGGGATTCTCCCATG,10.057149,12.47769
MSC4_GAGTCTATCAGAACCT,9.937016,13.115158
MSC4_GAGTGTTTCTTACGGA,11.5465145,12.465179
MSC4_GAGTTACCAATCTCGA,11.465057,12.263224
MSC4_GAGTTACCAGCTTTCC,10.2549,12.204443
MSC4_GATAGAAAGTTCATGC,10.51011,12.179291
MSC4_GATGACTAGTTCTCTT,10.626966,12.492146
MSC4_GATGATCCATTGACCA,11.137184,12.326325
MSC4_GATTCTTCAACCCTAA,11.511964,12.005534
MSC4_GATTCTTTCGTGGGTC,9.442806,15.647519
MSC4_GCAACATGTAGAGATT,9.450015,12.344872
MSC4_GCCCGAATCGCCTTGT,9.894161,12.284847
MSC4_GCCGTGAGTGCAATGG,10.766322,12.060256
MSC4_GCCTGTTGTCTCGCGA,9.585958,12.680955
MSC4_GCGTGCAGTTCCCAAA,10.465643,11.945893
MSC4_GCTACAAGTGGTCTCG,9.930115,15.084792
MSC4_GCTACAATCCGAGATT,10.928099,12.395411
MSC4_GCTACCTGTGCGACAA,10.297874,13.74046
MSC4_GCTGCAGCACGACGTC,11.735485,12.251749
MSC4_GCTTCACCAGCAGAAC,10.875167,11.8916445
MSC4_GCTTCACGTCTATGAC,12.104897,10.551432
MSC4_GGAACCCCAGTACTAC,4.292399,3.511328
MSC4_GGAGAACGTGTATTCG,9.7799635,12.442639
MSC4_GGCTTGGGTACTGCCG,10.943794,11.825466
MSC4_GGCTTTCAGATAGCAT,10.828851,12.320516
MSC4_GGGTCACCACGTACAT,9.676208,12.795113
MSC4_GGTCACGTCTGGACTA,10.442776,12.234237
MSC4_GGTGGCTGTGGATGAC,9.877822,12.239484
MSC4_GGTTGTAGTCGAGCTC,10.482467,12.392754
MSC4_GTAATCGGTCCAATCA,10.720603,12.456345
MSC4_GTAGCTAAGTATGAAC,10.009059,2.121496
MSC4_GTCACGGCAACCAATC,11.507621,11.767453
MSC4_GTCACGGCAACGCATT,10.220852,12.170208
MSC4_GTCGTTCCACTGTGAT,10.998892,12.539667
MSC4_GTCTACCCAGCCTATA,11.216947,12.6483345
MSC4_GTGCAGCCACCACATA,10.168142,11.988756
MSC4_GTGTGATAGAGATTCA,9.902894,11.043962
MSC4_GTGTGGCTCCGTAATG,9.9909935,12.704291
MSC4_GTGTTCCTCGCGCTGA,11.011353,11.950839
MSC4_GTTAGTGTCCACGAAT,10.77931,12.452242
MSC4_GTTTACTGTACCTAAC,11.123613,13.456728
MSC4_TAACACGTCACCGACG,11.444475,12.280573
MSC4_TAAGCGTAGGAATCGC,10.742759,11.573085
MSC4_TAATCTCCAGTAGTTC,11.252403,12.708407
MSC4_TACATTCGTTCGGGTC,10.912849,12.143294
MSC4_TACCTCGCATACTTTC,10.503905,13.356549
MSC4_TACCTGCTCTTCTGGC,12.064545,12.243167
MSC4_TAGACCAAGAAAGTCT,10.339428,11.873597
MSC4_TAGACTGCATCAGTGT,10.18548,12.604497
MSC4_TAGGAGGGTACGAAAT,9.775943,12.061153
MSC4_TATCGCCGTACCTAGT,10.455669,12.028413
MSC4_TATCTTGTCTGCCTCA,10.524537,11.830091
MSC4_TATGTTCGTTTCGATG,4.2475877,3.5403664
MSC4_TATTCCACAGATACCT,11.700192,12.47532
MSC4_TCAATCTGTAGTATAG,10.812674,12.65735
MSC4_TCACTATCAAGCTACT,11.662919,12.561064
MSC4_TCACTCGCAATTTCGG,10.998683,12.839215
MSC4_TCAGCAATCTACTGAG,10.406113,10.959022
MSC4_TCAGCCTCAACCACGC,9.905913,13.107626
MSC4_TCAGGTACATACAGAA,9.91062,12.040069
MSC4_TCAGTGATCCGTGGCA,9.916402,11.880147
MSC4_TCATTGTTCATACGGT,11.394426,12.828098
MSC4_TCATTTGCAAATGGCG,12.168391,11.503764
MSC4_TCCCACACAACTGTGT,10.278295,13.231494
MSC4_TCCGGGATCACAGTGT,10.522021,12.4809885
MSC4_TCCTAATTCGCTTGAA,10.832303,11.951433
MSC4_TCGCTCAGTTCCAAAC,10.564358,13.307108
MSC4_TCTACCGAGGGTTAAT,10.589512,12.61293
MSC4_TCTATCATCAGGAAGC,10.806935,12.573527
MSC4_TCTCACGAGTTAACAG,11.171678,12.735738
MSC4_TCTCCGATCTACAGGT,10.095655,12.782367
MSC4_TCTTCCTCACAGTACT,11.989168,12.005717
MSC4_TGAATGCCAACGGCCT,10.608914,12.599903
MSC4_TGACAGTTCCGATGTA,10.579933,12.39704
MSC4_TGACTCCCAACCTATG,9.605661,12.711867
MSC4_TGACTCCCAGGCACTC,10.539812,12.839884
MSC4_TGAGGGACACCTATCC,10.480022,12.971521
MSC4_TGATCTTTCTGAACGT,11.718158,12.165995
MSC4_TGCACGGTCCTGTACC,9.480344,12.985464
MSC4_TGCCGAGAGCTCGACC,10.416903,10.986603
MSC4_TGCGACGGTTACGCCG,9.757002,14.237888
MSC4_TGCGGGTCACGTCGTG,11.869884,11.997746
MSC4_TGCTGAACATACTGAC,10.754404,11.384728
MSC4_TGGGCTGGTACACGCC,10.078034,12.830844
MSC4_TGTTCATAGCACTAGG,11.415713,12.812329
MSC4_TGTTCTACATGACTCA,11.1435995,12.00914
MSC4_TGTTTGTCACTCGATA,11.397603,12.770966
MSC4_TGTTTGTTCATCGTAG,9.936466,12.254315
MSC4_TTACAGGGTACTGCCG,10.997448,12.8883915
MSC4_TTACCATGTGATACTC,10.561415,11.851324
MSC4_TTCAGGATCTGGGCAC,10.372893,12.258211
MSC4_TTCCTTCTCCAGTGCG,10.4048395,12.735845
MSC4_TTCTAACGTGGATCGA,10.715899,13.108237
MSC4_TTCTTCCAGAGCCCAA,11.234956,12.537464
MSC4_TTGGGTAGTATCGCAT,9.843513,12.22786
MSC4_TTGTGGAGTTGGCTAT,11.287798,12.714698
MSC4_TTTACGTCACCTGCGA,9.84997,12.49081
MSC4_TTTCGATTCTCTCCGA,12.097108,10.315971
MSC4_TTTGACTAGCTCTGTA,9.97123,12.396106
MSC4_TTTGGTTCACTGTTCC,12.171971,11.206114
MSC4-Dura_AAAGAACCACCGTGGT,10.020915,15.543903
MSC4-Dura_AAAGTGAAGTCCCAAT,11.042384,14.612828
MSC4-Dura_AAAGTGAGTATCGTAC,10.579219,16.021246
MSC4-Dura_AACAAAGTCGGCTGTG,10.992355,15.411754
MSC4-Dura_AACACACTCAAGCCGC,9.553427,15.757876
MSC4-Dura_AACCTTTAGTCAGCCC,11.38149,14.6772175
MSC4-Dura_AACGGGAAGAGCTGCA,10.630348,13.431776
MSC4-Dura_AAGAACATCAAGCGTT,11.077796,13.880137
MSC4-Dura_AAGCGTTTCAAGCCCG,11.038101,15.853112
MSC4-Dura_AAGTCGTCACCGGCTA,9.910684,14.435115
MSC4-Dura_AAGTGAACATCCGAAT,9.94183,15.468246
MSC4-Dura_AAGTGAAGTCCTCCAT,9.226329,15.1895685
MSC4-Dura_AAGTTCGTCTACTATC,10.831522,15.136862
MSC4-Dura_AATCGACAGAGATCGC,11.013841,15.157991
MSC4-Dura_AATCGACGTAGCTAAA,10.561949,14.742817
MSC4-Dura_AATGGAATCTGTGTGA,10.311957,14.966948
MSC4-Dura_AATTTCCAGGTCTGGA,9.981694,15.514867
MSC4-Dura_AATTTCCGTCAGCTTA,10.731543,14.361599
MSC4-Dura_ACAACCAGTATTGACC,9.13123,15.933552
MSC4-Dura_ACAAGCTCAGCTGTCG,10.99293,13.968297
MSC4-Dura_ACAGGGATCTGCACCT,11.655307,14.6698065
MSC4-Dura_ACCACAACAGTGAGCA,11.462581,14.828293
MSC4-Dura_ACCCTTGAGGTACCTT,11.119742,15.660811
MSC4-Dura_ACCGTTCGTGTAACGG,9.972864,15.449316
MSC4-Dura_ACGATCACACTACGGC,9.416251,14.411059
MSC4-Dura_ACGGGTCAGGATTCCT,11.978035,14.042256
MSC4-Dura_ACGGGTCGTTTCTTAC,11.847131,14.870095
MSC4-Dura_ACGGTTAAGGTAAAGG,9.285884,15.415161
MSC4-Dura_ACTATTCCACTAACGT,11.350216,15.869884
MSC4-Dura_ACTCCCAAGCACTAAA,11.57361,14.911585
MSC4-Dura_ACTCCCAAGGCTCCCA,11.839253,15.28561
MSC4-Dura_ACTCCCAGTTAGGCCC,11.333858,15.663265
MSC4-Dura_ACTGATGAGCATCAGG,11.840645,15.450362
MSC4-Dura_ACTTATCGTGCTAGCC,11.093893,15.392686
MSC4-Dura_ACTTCGCCACTTACAG,4.187242,3.4393175
MSC4-Dura_ACTTTCACACTGTTCC,9.351086,15.372862
MSC4-Dura_AGAACAAAGCCACAAG,10.805633,14.843186
MSC4-Dura_AGACCCGGTCGCGGTT,10.314796,14.950091
MSC4-Dura_AGACTCATCATGGTAC,12.08637,15.2493305
MSC4-Dura_AGCGATTAGACCATGG,10.629163,15.598342
MSC4-Dura_AGGATAAAGCTGAGCA,10.380088,14.847139
MSC4-Dura_AGGGCTCAGCGTCAGA,10.635097,14.655012
MSC4-Dura_AGGGTCCGTTGACTGT,11.547383,15.500971
MSC4-Dura_AGGTTACAGCGTGCTC,8.850151,15.814897
MSC4-Dura_AGGTTACCATCCGGTG,11.704795,15.364548
MSC4-Dura_AGTAACCTCCGCTTAC,10.35152,15.481296
MSC4-Dura_AGTAGTCGTTGATCGT,11.665984,15.215847
MSC4-Dura_AGTCAACCACGCTATA,11.440254,14.544741
MSC4-Dura_AGTCACAAGCAACTTC,10.745488,15.405518
MSC4-Dura_AGTCTCCAGCTGACCC,9.5427265,15.113505
MSC4-Dura_ATACCTTCAGTCGCTG,9.254837,15.786802
MSC4-Dura_ATCATTCAGCTATCTG,10.798901,15.834338
MSC4-Dura_ATCATTCAGGAGTATT,10.360446,14.4763
MSC4-Dura_ATCATTCCATGAAGGC,10.2624855,15.133262
MSC4-Dura_ATCGATGTCTCTGCTG,9.821509,15.991475
MSC4-Dura_ATCGTCCGTTCGGCCA,11.5455885,16.135658
MSC4-Dura_ATCTCTAGTCACCTTC,9.439618,15.768967
MSC4-Dura_ATGAAAGAGACGCATG,9.280048,14.973912
MSC4-Dura_ATGACCAAGCTACAAA,11.953236,14.947802
MSC4-Dura_ATGAGGGCATCCGCGA,8.95373,15.2671795
MSC4-Dura_ATGAGTCGTTCACCGG,10.434686,14.170483
MSC4-Dura_ATGTCCCGTTATTCCT,11.039212,15.012397
MSC4-Dura_ATTACTCGTACATTGC,12.040131,15.091556
MSC4-Dura_ATTCCCGAGCCGATTT,9.765301,15.424345
MSC4-Dura_ATTCGTTTCCTGTAGA,10.933,15.202445
MSC4-Dura_ATTCTTGAGCCTCCAG,11.158267,15.921881
MSC4-Dura_ATTCTTGCATTGCTTT,9.001044,15.560657
MSC4-Dura_CAACAACAGTTGTCAC,11.893552,15.673617
MSC4-Dura_CAAGACTTCGCCTCTA,11.288238,15.674416
MSC4-Dura_CAATACGGTAACTGCT,10.341434,15.598495
MSC4-Dura_CACAGGCTCTCAGTCC,11.437804,16.066294
MSC4-Dura_CACATGAGTCGATTAC,11.78222,15.397573
MSC4-Dura_CACCAAAAGATGACAT,11.195772,16.184916
MSC4-Dura_CACCAAATCACGATCA,9.316728,15.600173
MSC4-Dura_CACGAATGTTAAACCC,9.219549,16.014133
MSC4-Dura_CACGAATGTTATGACC,11.0795,12.657573
MSC4-Dura_CACTGAATCCATGATG,11.604346,15.461225
MSC4-Dura_CACTTCGAGGGTTTCT,8.954228,15.39089
MSC4-Dura_CAGAGCCGTCTAGGCC,11.100929,14.901411
MSC4-Dura_CAGCCAGTCGTTCTCG,9.058216,15.324696
MSC4-Dura_CAGCGTGAGAGGGTCT,9.185739,15.617947
MSC4-Dura_CAGTTAGAGGTGAGCT,10.887352,14.861769
MSC4-Dura_CAGTTCCTCGTCACCT,11.213355,15.587725
MSC4-Dura_CATACCCAGTCTTCGA,9.131798,15.0540905
MSC4-Dura_CATAGACTCCGGACTG,11.612027,15.568614
MSC4-Dura_CATCAAGGTTGCTTGA,11.826113,14.742284
MSC4-Dura_CATCGGGCACCATAAC,11.4300585,14.036929
MSC4-Dura_CATCGTCCAATAGTCC,11.07301,15.947508
MSC4-Dura_CATCGTCCATCCGGTG,10.597393,14.633795
MSC4-Dura_CATTCTAGTAGTCCTA,10.038564,14.680638
MSC4-Dura_CATTGTTTCTTGGAAC,11.769885,15.560664
MSC4-Dura_CATTTCACAACTTGCA,10.246442,14.580613
MSC4-Dura_CCAATGAGTAGGATAT,11.545585,15.964281
MSC4-Dura_CCACCATAGGGCAATC,9.228111,15.413749
MSC4-Dura_CCATAAGGTACAGAAT,11.342229,15.701422
MSC4-Dura_CCCGGAACAGGGTCTC,10.652194,15.953447
MSC4-Dura_CCGGACACAGCGGTTC,11.131715,15.112895
MSC4-Dura_CCGTTCACAGAACGCA,11.418697,14.588747
MSC4-Dura_CCTAAGAAGGTGCATG,9.93708,14.340248
MSC4-Dura_CCTCATGTCGAAGAAT,10.946852,14.74622
MSC4-Dura_CCTTTGGGTAGTGCGA,11.282531,14.675459
MSC4-Dura_CGAGAAGCAGCGTATT,9.535237,15.562005
MSC4-Dura_CGAGGAAAGCACTCAT,10.898512,14.130368
MSC4-Dura_CGAGTGCAGATAGCAT,9.651583,15.081884
MSC4-Dura_CGAGTTAGTCATCAGT,11.561653,15.759695
MSC4-Dura_CGCCATTGTGGCCACT,11.654349,15.223488
MSC4-Dura_CGCGTGAGTTGGACCC,12.498823,13.641277
MSC4-Dura_CGGGACTGTCATATGC,11.924511,14.824319
MSC4-Dura_CGGGTGTGTTGGACCC,9.545157,15.863746
MSC4-Dura_CGGTCAGTCCAAATGC,10.9127655,15.192779
MSC4-Dura_CGTAGTAGTTCGATTG,10.392688,15.283742
MSC4-Dura_CGTAGTATCAATCTCT,10.01258,15.044997
MSC4-Dura_CGTGCTTAGACGTCGA,10.789343,15.466439
MSC4-Dura_CGTGTCTAGCCGATAG,11.6129675,14.773319
MSC4-Dura_CGTTGGGAGCATATGA,10.826508,13.656537
MSC4-Dura_CGTTGGGGTATGGGAC,11.693996,14.628225
MSC4-Dura_CTACAGACAGGCGAAT,11.011479,15.485218
MSC4-Dura_CTACAGATCCACAGCG,11.803168,15.984918
MSC4-Dura_CTACCTGAGGGCGAGA,11.205447,15.395791
MSC4-Dura_CTCAATTTCCACTAGA,10.52817,15.788093
MSC4-Dura_CTCAATTTCTTTCTAG,11.411742,15.592409
MSC4-Dura_CTCATGCCACTGGCCA,12.003141,13.565381
MSC4-Dura_CTCATGCGTACCGTGC,10.024926,15.598483
MSC4-Dura_CTCCCTCAGAGAGCGG,9.231413,15.65348
MSC4-Dura_CTCGAGGAGTGCGACA,11.113383,15.499694
MSC4-Dura_CTCGAGGCAGGATGAC,11.814865,15.530481
MSC4-Dura_CTCTGGTGTTCCTAAG,10.667199,14.015269
MSC4-Dura_CTGAGCGCACGATAGG,11.615943,13.689934
MSC4-Dura_CTGAGCGTCAACGCTA,9.603359,15.227065
MSC4-Dura_CTGCAGGGTCATCGCG,9.677763,14.243436
MSC4-Dura_CTGTACCTCGGTTAGT,11.418729,14.70882
MSC4-Dura_CTGTATTTCGTTTACT,9.754809,15.8738
MSC4-Dura_CTTAGGACATTCACAG,10.016433,15.309617
MSC4-Dura_CTTAGGATCTTGCGCT,9.901856,15.561018
MSC4-Dura_GAAACCTAGACGACGT,10.788415,15.192172
MSC4-Dura_GAAGTAACACAAGTGG,10.406417,15.120786
MSC4-Dura_GACCAATAGATTGACA,11.295943,16.132942
MSC4-Dura_GACCAATCAGAATTCC,11.506714,15.501772
MSC4-Dura_GACCAATCAGCTGAGA,11.582955,15.857458
MSC4-Dura_GACCCAGTCGTACCTC,11.518689,15.611087
MSC4-Dura_GACGTTATCAGTGGGA,9.498585,14.581023
MSC4-Dura_GAGACTTGTTAAGGAT,12.145005,14.963832
MSC4-Dura_GAGCCTGGTGTATCCA,11.415177,14.206979
MSC4-Dura_GAGCCTGGTGTTCAGT,9.054196,14.865926
MSC4-Dura_GAGCTGCCAATCAAGA,10.260695,15.096224
MSC4-Dura_GAGGGTACATACTGTG,10.621827,15.145408
MSC4-Dura_GAGTCATAGGTGCATG,10.969813,15.676614
MSC4-Dura_GAGTTGTAGAAATGGG,9.851421,15.207338
MSC4-Dura_GAGTTGTTCTAGCCTC,11.230722,16.120514
MSC4-Dura_GATAGCTCACAGCCTG,10.960505,15.808224
MSC4-Dura_GATGAGGGTGAATAAC,9.712329,15.222784
MSC4-Dura_GCACATAAGGGTTAGC,10.573851,15.234443
MSC4-Dura_GCACGTGTCCCTGTTG,12.845585,13.098436
MSC4-Dura_GCAGCCATCTCCAAGA,10.335428,15.613011
MSC4-Dura_GCCAGGTAGCACTAGG,11.260689,15.175637
MSC4-Dura_GCCGTGACATGCAGCC,10.926939,15.00965
MSC4-Dura_GCTACCTGTTCGGTTA,9.9434185,15.267281
MSC4-Dura_GCTGAATAGCTACTGT,9.242486,15.100876
MSC4-Dura_GCTGCAGTCCGTGTAA,11.028102,15.937958
MSC4-Dura_GGAATGGGTACGTTCA,10.312005,14.74059
MSC4-Dura_GGACGTCCAAGTCCAT,11.12688,13.946206
MSC4-Dura_GGATGTTTCTTCCACG,9.296527,16.111584
MSC4-Dura_GGGAGATCAAGGCGTA,11.278187,14.221954
MSC4-Dura_GGGAGATTCGAGAACG,9.018726,15.355088
MSC4-Dura_GGGCGTTTCCCTCGAT,11.638517,15.290233
MSC4-Dura_GGGCGTTTCGCCCAGA,11.10356,15.067665
MSC4-Dura_GGGTATTCAATCGTCA,9.983599,15.472236
MSC4-Dura_GGGTATTGTTCAGTAC,9.426662,15.852265
MSC4-Dura_GGGTCACCAGTTGCGC,11.280791,15.352156
MSC4-Dura_GGTCTGGTCAGAATAG,11.191041,14.943887
MSC4-Dura_GGTGGCTGTACGCGTC,10.626459,15.994027
MSC4-Dura_GGTGTTAGTATCACCA,10.414982,14.749323
MSC4-Dura_GTAACCAGTGTTTACG,9.503691,16.214363
MSC4-Dura_GTAAGTCTCTCCGCAT,10.605967,14.73443
MSC4-Dura_GTACAGTAGAAACTCA,9.6750345,15.427606
MSC4-Dura_GTACAGTAGGCACCAA,10.43244,14.685081
MSC4-Dura_GTAGCTAGTGAGCCAA,8.935302,15.237813
MSC4-Dura_GTAGTACCAACGCCCA,10.774764,15.382243
MSC4-Dura_GTCACTCGTATTGAGA,11.735412,14.674897
MSC4-Dura_GTCATGAAGGCTTTCA,11.404858,16.03234
MSC4-Dura_GTCATTTCATGTTACG,11.191638,14.553208
MSC4-Dura_GTCCCATCACGACAGA,11.713335,14.972972
MSC4-Dura_GTCGCGAAGGGACCAT,9.211093,14.91052
MSC4-Dura_GTCGCGATCGTCTAAG,11.93428,15.347045
MSC4-Dura_GTCTGTCAGTTGGCTT,9.80783,15.832826
MSC4-Dura_GTCTTTATCGTTTACT,11.480315,15.299671
MSC4-Dura_GTGCTGGGTGCTGTCG,10.613037,15.858323
MSC4-Dura_GTGCTTCGTCACTACA,11.381092,15.427206
MSC4-Dura_GTGGAAGGTATAATGG,8.983726,15.342187
MSC4-Dura_GTGTCCTAGTCTAACC,10.464648,15.372867
MSC4-Dura_GTGTTAGCACAATTCG,9.140043,15.142123
MSC4-Dura_GTTACGAGTAAGATCA,9.744289,16.009874
MSC4-Dura_GTTAGTGGTATCGTGT,9.679483,15.2750635
MSC4-Dura_GTTGCGGGTAGCGTAG,9.063704,15.170873
MSC4-Dura_GTTGCGGTCTGTGTGA,9.532186,15.814291
MSC4-Dura_GTTGTAGGTAATCAAG,11.803202,13.595776
MSC4-Dura_GTTGTGAGTCTTCGAA,11.829025,15.804611
MSC4-Dura_TAACACGGTCCAACGC,10.542445,15.298566
MSC4-Dura_TAAGTCGTCAGCGGAA,10.871075,15.683301
MSC4-Dura_TACGCTCGTTATGGTC,9.464775,15.055429
MSC4-Dura_TACTTCAAGCAGCGAT,9.677215,14.927505
MSC4-Dura_TACTTCAGTTATAGCC,11.658805,14.864762
MSC4-Dura_TAGGAGGGTGCTGATT,10.587477,12.851753
MSC4-Dura_TAGGGTTAGTTAACGA,9.787935,14.673816
MSC4-Dura_TAGGGTTCAAGCTGCC,9.189951,16.307062
MSC4-Dura_TAGTGCACACTGCGAC,11.894503,15.299733
MSC4-Dura_TATATCCGTGCCGGTT,11.600197,13.950068
MSC4-Dura_TATCTGTTCGCAATTG,11.784475,15.542356
MSC4-Dura_TCAATTCGTCGATGCC,10.66542,15.093305
MSC4-Dura_TCACGCTCACCTGCGA,11.005156,15.966426
MSC4-Dura_TCACTATGTAAGCTCT,10.137121,16.183662
MSC4-Dura_TCACTCGCAGTTGTCA,9.103966,15.94224
MSC4-Dura_TCAGTCCAGCGTATGG,9.48887,14.880394
MSC4-Dura_TCATGTTCAAATGGTA,11.201188,14.786022
MSC4-Dura_TCCACCACACCTGATA,11.145252,15.134227
MSC4-Dura_TCCACGTTCACGACTA,9.517851,15.696231
MSC4-Dura_TCCAGAAGTCACTGAT,9.388917,15.06925
MSC4-Dura_TCGCTCACAGTCAACT,11.888216,15.667768
MSC4-Dura_TCGGGACGTAGCCCTG,11.050049,15.319708
MSC4-Dura_TCGGGTGCATATGCGT,9.618858,15.352701
MSC4-Dura_TCTACATTCCGTCACT,9.098362,15.537268
MSC4-Dura_TCTACCGCATGCTGCG,9.981291,15.084027
MSC4-Dura_TCTATCAAGCGGTATG,9.85676,14.387256
MSC4-Dura_TCTTGCGGTGTGAATA,8.97664,15.392076
MSC4-Dura_TCTTGCGTCAAGGACG,11.455471,14.649604
MSC4-Dura_TGAACGTGTCACCTTC,11.049298,15.304599
MSC4-Dura_TGAATGCGTCGTAATC,10.84875,15.048436
MSC4-Dura_TGACTCCCAAATGATG,8.952033,15.372792
MSC4-Dura_TGAGTCAGTAGGCAGT,10.022401,15.836892
MSC4-Dura_TGATCAGCAGTCAACT,11.126656,15.075697
MSC4-Dura_TGATTTCTCTAGTTCT,10.702415,14.84881
MSC4-Dura_TGCAGTATCCAAGCTA,10.205463,13.977717
MSC4-Dura_TGCGACGCAATACCCA,10.526143,14.642571
MSC4-Dura_TGCTTCGGTGATCGTT,9.45084,15.162894
MSC4-Dura_TGGAGGAAGTCGTTAC,9.492215,15.454173
MSC4-Dura_TGGGAGACAGTGTACT,11.175912,15.222792
MSC4-Dura_TGGGCGTGTATCGAAA,11.302867,15.964345
MSC4-Dura_TGGGCGTGTTGCAAGG,10.1726885,15.665032
MSC4-Dura_TGGTGATTCCCACAGG,8.963177,15.164692
MSC4-Dura_TGGTTAGAGTCAGCGA,10.762988,14.378223
MSC4-Dura_TTAGTCTCACCCTAAA,11.761657,14.191347
MSC4-Dura_TTCAATCGTGTTGATC,10.324099,15.547316
MSC4-Dura_TTCACGCCAAGACCTT,11.29892,14.9261265
MSC4-Dura_TTCCTAAAGGAACTAT,10.915487,14.943257
MSC4-Dura_TTCCTAACATTACGGT,11.647775,15.242748
MSC4-Dura_TTCCTCTGTGCTCTTC,9.241215,15.630772
MSC4-Dura_TTCCTTCGTGAATGAT,11.312647,15.730104
MSC4-Dura_TTCGGTCAGGGTGAGG,11.621185,15.444522
MSC4-Dura_TTCTGTACAGGCGAAT,10.927644,15.016722
MSC4-Dura_TTGAACGCATCGGAAG,10.623852,15.083633
MSC4-Dura_TTGAACGGTCAACCAT,9.201604,14.576086
MSC4-Dura_TTGAACGGTCGTGGAA,11.97864,15.51937
MSC4-Dura_TTGAACGTCTCGTTTA,12.082891,14.923725
MSC4-Dura_TTGCATTTCCGGACTG,11.517373,14.295614
MSC4-Dura_TTGCGTCGTACCTAGT,11.763611,15.065481
MSC4-Dura_TTGGGCGTCGCAATGT,11.1253805,14.310616
MSC4-Dura_TTGGGTAGTCGTCGGT,9.269485,16.273273
MSC4-Dura_TTGTTCAAGGTGCAGT,11.232298,14.92945
MSC4-Dura_TTTACGTTCGCTATTT,11.516919,14.993419
MSC4-Dura_TTTACTGAGCACGATG,11.056837,14.394813
MSC4-Dura_TTTAGTCGTACCCAGC,9.169897,15.266039
MSC4-Dura_TTTCACAGTGGTCTTA,9.257995,15.128831
MSC4-Dura_TTTGACTGTACCCGCA,11.508848,14.350696
MSC4-Dura_TTTGTTGAGGTCACTT,9.928445,15.945185
MSC4-Dura_TTTGTTGCAAAGGCTG,10.803583,14.62195
MSC5_AACCAACTCTACTATC,9.4860525,12.711767
MSC5_AACCTGATCGTCAACA,10.8434925,11.950104
MSC5_AACCTTTAGAATAGTC,11.56177,13.123188
MSC5_AAGAACAGTGTTGCCG,9.551795,14.397898
MSC5_ACACTGACAATGTGGG,11.652991,13.42214
MSC5_ACCGTTCAGCGGCTCT,10.656764,12.5531
MSC5_ACGGTTAGTACTGACT,9.490747,10.087009
MSC5_ACTTTGTAGTAGTCAA,11.008473,12.262976
MSC5_AGAACAACAATTGCTG,10.13299,11.847383
MSC5_AGACCCGAGGATACGC,10.626889,11.71262
MSC5_AGATAGATCCACTTTA,9.282356,12.19809
MSC5_AGCGCTGAGAAGGGAT,3.9173367,3.422209
MSC5_AGCTCAAAGCGGGTAT,11.749312,12.012573
MSC5_AGGATCTCATGTGCCG,11.917991,12.624217
MSC5_AGGCTGCGTAGCACAG,10.507725,11.222524
MSC5_AGTACTGCAATACCCA,11.742603,13.449151
MSC5_ATATCCTGTGGTCTTA,11.916839,12.545159
MSC5_ATCACAGGTGTCGCTG,11.233203,13.05579
MSC5_ATCACGAGTGCATACT,11.501994,12.557637
MSC5_ATCACGATCGTCAACA,12.085836,12.360328
MSC5_ATCCACCTCCAATGCA,11.867652,13.53623
MSC5_ATCGGATAGTCATCCA,11.422426,12.639019
MSC5_ATCGGCGGTATTCCTT,11.856439,14.005399
MSC5_ATGTCTTAGTCACTCA,9.827336,12.78945
MSC5_ATTCACTCAACACTAC,11.153357,13.227887
MSC5_ATTCAGGCAAGGTTGG,12.41608,11.346954
MSC5_CAACAACGTTGTATGC,10.328792,3.2065303
MSC5_CAACGATAGTACCGGA,10.845001,12.936829
MSC5_CACACAACAAGCGATG,9.49581,7.449442
MSC5_CACTGAACATCCTATT,12.00583,13.167045
MSC5_CAGAGCCTCATGAGAA,11.3882475,11.970873
MSC5_CCTAAGACATCCGCGA,11.367293,12.894927
MSC5_CCTCAGTAGACTAAGT,11.393084,13.052708
MSC5_CTCATGCAGCTACAAA,10.92594,3.5837328
MSC5_CTCCCAATCCTAGCCT,10.12884,11.834883
MSC5_GAAGTAATCAGCTGAT,11.601635,12.007437
MSC5_GACCAATTCTTGAGCA,11.841933,11.919087
MSC5_GAGAAATGTTGCTGAT,10.00349,13.224873
MSC5_GAGCCTGCATAGCACT,9.622366,12.153474
MSC5_GAGCTGCCAACAGATA,11.176839,14.116498
MSC5_GATGCTATCTGTACAG,10.98652,12.292069
MSC5_GCACTAATCCTGGTCT,11.458557,13.847879
MSC5_GCATCGGAGATGGGCT,11.940351,11.216458
MSC5_GCTTTCGCACTGAATC,4.165303,3.4974828
MSC5_GGCAGTCTCGAGGCAA,11.703379,12.751774
MSC5_GGGACTCCAGCGTGAA,10.899779,9.770982
MSC5_GGTGTCGGTCGAACGA,10.457554,11.948301
MSC5_GGTTGTAGTGAAAGTT,11.62659,13.629563
MSC5_GTACAACGTCTACATG,11.023435,11.24152
MSC5_GTCCACTAGACGACTG,12.311441,11.961882
MSC5_GTCCCATCACAGACGA,11.086689,12.83566
MSC5_GTTGAACCATTAGGCT,10.674176,13.076147
MSC5_GTTGCGGCATACTGAC,11.183139,12.523316
MSC5_TAATTCCGTGGCTACC,10.287389,12.220333
MSC5_TACCGGGTCCAAGCAT,10.842981,12.7968025
MSC5_TAGGGTTAGGAGCTGT,11.189709,11.95534
MSC5_TATCCTAAGGGCTTCC,11.998273,12.850466
MSC5_TCAAGTGAGTCATGAA,9.305941,13.848615
MSC5_TCACGCTCAACCCTCT,11.2993765,13.023113
MSC5_TCACGCTCAGAGCCCT,10.243036,11.893458
MSC5_TCACTATGTCACAATC,10.008221,13.069164
MSC5_TCAGCCTAGCATGATA,10.419279,12.446089
MSC5_TCATGGATCTATGCCC,10.556975,13.174461
MSC5_TCCATGCTCGCCTTTG,4.405821,3.619239
MSC5_TCCGAAATCCTAGCTC,9.914636,12.28928
MSC5_TCCGATCTCACTCTTA,11.019049,12.450492
MSC5_TCCGGGATCTTAGGAC,10.364847,12.465958
MSC5_TCCTCGACACTTTAGG,9.175047,11.76446
MSC5_TCGAAGTTCACAACCA,9.7702875,14.65144
MSC5_TCGATTTCATTGAAAG,11.343577,11.982259
MSC5_TCGCTTGTCGGCTTGG,11.4001665,11.739443
MSC5_TCGGGACGTGAAGCTG,12.9661875,12.221781
MSC5_TGAGGTTAGGGCAATC,9.989253,12.526485
MSC5_TGCATCCCACTGCACG,11.760509,13.008341
MSC5_TGTACAGAGACTTAAG,9.644354,11.718961
MSC5_TGTTCATGTGCAGTGA,10.14283,13.373891
MSC5_TTAATCCCACCAGCCA,9.840154,12.504003
MSC5_TTACCGCAGTATGAGT,10.230729,12.397397
MSC5_TTCCAATGTATTCCTT,10.724651,12.426505
MSC5_TTCCACGGTCGTGATT,12.049444,11.824575
MSC5_TTGAACGTCGTCAAAC,12.3100605,12.092128
MSC5_TTGGGATAGTTCCGGC,10.2516365,11.678408
MSC5_TTTACCAAGATAGGGA,9.441008,12.269077
MSC5-BTI_AACCTTTCATAATGAG,11.749275,11.668646
MSC5-BTI_AAGCATCCAATAAGGT,9.8924885,11.272782
MSC5-BTI_AAGCATCCAGCTACCG,10.275193,10.438636
MSC5-BTI_AAGCCATAGCAAGTGC,11.234874,11.912428
MSC5-BTI_ACACTGACAATGTGGG,12.05977,13.372513
MSC5-BTI_ACGGAAGTCTAGTGTG,9.790636,11.583043
MSC5-BTI_ACGTAACTCACCTGTC,9.19333,11.149055
MSC5-BTI_ACTTCGCAGAGATTCA,12.560484,10.943366
MSC5-BTI_AGGCATTAGACGTCGA,11.245939,10.497795
MSC5-BTI_AGGTAGGTCAGCTGAT,10.635091,12.374934
MSC5-BTI_AGTACTGCAATACCCA,11.815258,13.760019
MSC5-BTI_AGTCACAAGGGAGTTC,12.022349,12.996558
MSC5-BTI_ATCCACCTCCAATGCA,12.112972,13.870925
MSC5-BTI_ATCCATTTCTGGCTGG,11.10736,13.926425
MSC5-BTI_ATCGGCGGTATTCCTT,12.198207,13.407688
MSC5-BTI_ATCTTCAAGCCAAGCA,12.837773,13.084195
MSC5-BTI_ATGAGTCAGCACCTGC,11.228917,12.62665
MSC5-BTI_ATGGAGGCAGTCTACA,9.656313,4.4481297
MSC5-BTI_ATTACTCAGGCAGTCA,9.54383,10.6689415
MSC5-BTI_ATTCGTTGTGCTCTTC,11.164139,12.267698
MSC5-BTI_CAAAGAACAACCACAT,11.863597,12.695692
MSC5-BTI_CAACAACAGTTGAATG,11.5911,12.74236
MSC5-BTI_CACTGAACATCCTATT,12.00749,12.9145355
MSC5-BTI_CCACCATGTACAAGTA,10.372778,13.890204
MSC5-BTI_CCTATCGGTCGTTCAA,9.962049,13.715175
MSC5-BTI_CCTGTTGCACTGGATT,9.993786,12.106047
MSC5-BTI_CCTTCAGTCGCAGAGA,10.776914,12.528191
MSC5-BTI_CGCCATTTCTACCCAC,10.526303,12.287926
MSC5-BTI_CGTAAGTAGTGCTAGG,10.43258,10.859012
MSC5-BTI_CGTGCTTGTTCGTAAC,5.620734,3.9217362
MSC5-BTI_CTCCCAACACTTGTCC,12.72346,12.680024
MSC5-BTI_GACATCATCCCTCATG,10.76088,11.662395
MSC5-BTI_GACCCTTTCCACAGCG,11.404068,10.692701
MSC5-BTI_GACTGATTCAAAGACA,8.75785,9.015531
MSC5-BTI_GAGTGAGGTCGTCATA,11.103364,11.778811
MSC5-BTI_GCACTAATCAGCTGTA,11.659437,12.186369
MSC5-BTI_GCCAGGTTCTCGACCT,10.219653,10.343314
MSC5-BTI_GCCCGAAAGCGTGCCT,12.213413,11.031535
MSC5-BTI_GCGTGCAGTTCAGGTT,10.993234,11.476652
MSC5-BTI_GGGACTCCAGCGTGAA,10.518062,10.085462
MSC5-BTI_GGGTTTATCTAAGAAG,9.216458,13.792723
MSC5-BTI_GTAGATCGTCTGTTAG,9.559998,14.487325
MSC5-BTI_GTCATGAAGGACGCAT,9.261782,11.334544
MSC5-BTI_GTCGCGAAGGAACGCT,11.828332,12.470301
MSC5-BTI_GTGTGATGTACTTGTG,11.236563,12.183377
MSC5-BTI_GTTGAACGTACCACGC,11.398422,14.545209
MSC5-BTI_TACGCTCGTCCGGCAT,12.158129,13.724361
MSC5-BTI_TCACGGGGTCAACCTA,12.438523,13.286929
MSC5-BTI_TCACGGGGTTGGGACA,12.105306,12.365331
MSC5-BTI_TCATATCTCGAGCCTG,10.070112,13.697927
MSC5-BTI_TCCACGTCAATAGTCC,5.0536485,3.8072789
MSC5-BTI_TCCCAGTGTCTAGGTT,10.369598,7.910634
MSC5-BTI_TCGGTCTAGATGTTGA,11.097422,11.601604
MSC5-BTI_TGCATCCCACTGCACG,12.06936,12.858684
MSC5-BTI_TGCGATAAGCTATCTG,11.703889,11.520154
MSC5-BTI_TGGAGAGCATCTTAGG,11.774062,11.97783
MSC5-BTI_TGGGATTAGAAACTGT,10.734307,11.62805
MSC5-BTI_TGGTAGTTCACTTCTA,9.921303,2.0733292
MSC5-BTI_TGTGAGTAGACAAGCC,11.291907,11.949479
MSC5-BTI_TGTTCCGAGCCGCTTG,11.169819,13.962683
MSC5-BTI_TTCACGCGTAGTACGG,10.21946,12.455021
MSC5-BTI_TTCCTTCGTGTCCATA,11.527112,10.385605
MSC5-BTI_TTGGATGCACACCGCA,10.071415,10.7974
MSC5-BTI_TTTCAGTCACTTCTCG,11.987733,13.079442
MSC5-Dura_AAAGGATTCTGGGCAC,10.683883,15.628835
MSC5-Dura_AACAAAGTCAAAGGAT,10.715949,16.04385
MSC5-Dura_AAGCGTTCAGGTATGG,11.695259,15.36674
MSC5-Dura_AAGGAATTCTGCCTCA,9.105787,15.5173645
MSC5-Dura_AATAGAGCATCCTATT,10.907416,14.664376
MSC5-Dura_AATGGCTGTACCGTCG,11.383108,15.561042
MSC5-Dura_ACACTGACAATGTGGG,9.409183,15.7643385
MSC5-Dura_ACCACAATCCAACCAA,9.461973,16.399342
MSC5-Dura_ACGGTCGTCTAACGGT,10.3925905,15.048378
MSC5-Dura_ACGTAACAGCACACAG,10.849321,14.723223
MSC5-Dura_ACGTTCCTCGTACCTC,11.348731,16.024868
MSC5-Dura_ACTACGATCCCGAAAT,10.444388,14.21551
MSC5-Dura_ACTCTCGTCTGCAGCG,11.194215,15.209729
MSC5-Dura_ACTGCAAGTTAGAAAC,10.071345,15.953416
MSC5-Dura_AGAACAACAAGCGCTC,10.513682,14.645062
MSC5-Dura_AGCATCAGTTACGGAG,10.904244,14.276757
MSC5-Dura_AGGCATTCAATTGCCA,10.860846,14.315412
MSC5-Dura_AGGCTGCGTTGCCTAA,9.777499,16.089174
MSC5-Dura_AGGGTGACAAGGTTGG,10.004544,16.277584
MSC5-Dura_AGGTAGGTCGGTGCAC,10.691626,15.560902
MSC5-Dura_AGGTTGTGTCCGAAAG,10.658933,15.490498
MSC5-Dura_AGTACTGCAATACCCA,11.371533,14.13184
MSC5-Dura_AGTAGCTTCACCATGA,10.303064,15.474675
MSC5-Dura_AGTAGTCAGCTACTAC,10.089892,15.164613
MSC5-Dura_AGTGATCAGCTCCATA,9.336411,16.225914
MSC5-Dura_AGTTAGCCACTACGGC,9.906485,15.427725
MSC5-Dura_ATCACAGCATGAATCC,10.119874,15.546371
MSC5-Dura_ATCATTCCAGTCAGTT,10.117582,15.739955
MSC5-Dura_ATCCACCCAGGACTTT,10.23436,14.428353
MSC5-Dura_ATCCACCTCCAATGCA,10.711014,16.330574
MSC5-Dura_ATCCATTGTTGCTGAT,9.581097,16.232506
MSC5-Dura_ATCGATGTCTCTCCGA,10.448035,15.873044
MSC5-Dura_ATCGGATCAAGTGGCA,9.331366,15.692685
MSC5-Dura_ATCGGCGGTATTCCTT,8.81529,16.005548
MSC5-Dura_ATCTCTACACGATTCA,9.161172,16.33025
MSC5-Dura_ATCTTCAAGCCAAGCA,10.602757,16.241816
MSC5-Dura_ATCTTCATCGGTTCAA,9.773658,15.279828
MSC5-Dura_ATGAGGGAGTTGCGAG,11.75274,14.761886
MSC5-Dura_ATGGATCCAAGTATCC,10.009232,15.572559
MSC5-Dura_ATGGATCGTGAGATTA,10.845197,14.622847
MSC5-Dura_ATGGGAGAGATACGAT,11.3941965,15.042385
MSC5-Dura_ATGGGTTTCGCTAGCG,9.058687,15.856016
MSC5-Dura_ATTCATCCAGACAATA,10.035203,15.655932
MSC5-Dura_ATTCATCGTGCCGTTG,10.748324,13.623412
MSC5-Dura_ATTGTTCGTTCTTCAT,10.558288,15.824195
MSC5-Dura_ATTTCTGGTAGATCCT,10.686139,15.818163
MSC5-Dura_CAAAGAACAACCACAT,10.34967,15.349345
MSC5-Dura_CAACCAAGTCAAACGG,10.929586,15.418597
MSC5-Dura_CAACGATAGCAGCAGT,11.23002,15.344801
MSC5-Dura_CAATCGACAGCGAACA,11.3746805,13.47914
MSC5-Dura_CAATTTCGTCAGATTC,11.0649805,14.377529
MSC5-Dura_CACAGATTCTGAACGT,9.2714405,16.379036
MSC5-Dura_CACTGAACATCCTATT,10.531982,15.831348
MSC5-Dura_CACTGTCTCGTCTACC,9.7446165,16.347342
MSC5-Dura_CAGCAGCTCAACTCTT,9.778689,15.941268
MSC5-Dura_CAGGCCACACAGAAGC,11.27257,15.881501
MSC5-Dura_CAGGTATCAGGGAGAG,11.722112,15.658447
MSC5-Dura_CATACAGGTCATAGTC,10.140473,14.587761
MSC5-Dura_CATCCACAGCCATTTG,8.945846,16.10169
MSC5-Dura_CATCGCTCAAAGGCAC,10.087243,14.917133
MSC5-Dura_CATGGTAAGCTACTAC,10.362195,16.142828
MSC5-Dura_CATTCCGAGAGCTGCA,11.3233385,14.70335
MSC5-Dura_CATTCTACATCCGTGG,9.2881565,14.819838
MSC5-Dura_CATTCTACATGCTGCG,9.916839,15.67243
MSC5-Dura_CCACGAGAGTCACTGT,11.388076,16.05084
MSC5-Dura_CCCGAAGCATTAGGAA,11.874736,15.472396
MSC5-Dura_CCGATCTTCGTAACAC,9.029015,15.879558
MSC5-Dura_CCGATGGAGGGCTGAT,11.041289,15.360205
MSC5-Dura_CCTACGTTCTCCCATG,10.785368,15.976592
MSC5-Dura_CGATGGCAGCTGTCCG,10.758131,15.642667
MSC5-Dura_CGGAGAATCTACCCAC,10.289062,16.030918
MSC5-Dura_CGGGACTCAGGTCCCA,8.901955,16.087322
MSC5-Dura_CGTTCTGCAAGGATGC,9.695974,16.017286
MSC5-Dura_CTACAGAAGCCGTAAG,11.852099,15.561341
MSC5-Dura_CTCACTGGTAGCTTAC,9.157032,15.990244
MSC5-Dura_CTCAGTCAGATTGGGC,10.868955,15.8298235
MSC5-Dura_CTCATGCGTTATGTCG,11.009151,16.279045
MSC5-Dura_CTCCGATAGCGCCATC,10.669413,14.403753
MSC5-Dura_CTCCTTTAGGCCACTC,10.704422,15.01695
MSC5-Dura_CTGCATCCACGTAACT,9.370195,16.10645
MSC5-Dura_CTGTAGAGTCTGCCTT,11.519774,15.120439
MSC5-Dura_CTGTCGTTCTAGCCTC,10.91898,16.31667
MSC5-Dura_CTTGAGAAGCTTGTTG,11.594886,15.061263
MSC5-Dura_GAACACTCAGATGCGA,11.012155,16.050276
MSC5-Dura_GAACACTTCCCATACC,10.205892,16.327291
MSC5-Dura_GACCTTCGTTCGGGTC,10.135927,15.4801445
MSC5-Dura_GAGACTTGTATGACAA,10.198004,15.28497
MSC5-Dura_GAGCCTGGTTAGCGGA,10.559697,15.254442
MSC5-Dura_GAGCTGCCATCATGAC,10.9224205,15.8606825
MSC5-Dura_GATCAGTGTGACAGCA,11.14638,15.758786
MSC5-Dura_GATGATCGTCTTCAAG,10.787767,14.525349
MSC5-Dura_GATTTCTGTCCTCAGG,10.243616,16.026636
MSC5-Dura_GCACGGTGTGCTGATT,11.084136,15.448911
MSC5-Dura_GCTACCTTCTTGTGCC,10.812576,14.548738
MSC5-Dura_GCTGGGTAGCCTCTTC,10.457627,15.888839
MSC5-Dura_GGAGATGTCAAAGCCT,10.940781,15.970595
MSC5-Dura_GGCGTCAGTTGAGAGC,10.454433,15.37947
MSC5-Dura_GGCTGTGAGGCATCAG,10.560597,16.047129
MSC5-Dura_GGCTGTGGTGTATACC,9.658947,16.704636
MSC5-Dura_GGGCGTTGTGGGCTCT,11.962283,15.1095495
MSC5-Dura_GGGTCTGCATATCGGT,9.301068,16.007517
MSC5-Dura_GGGTGAAAGAAACCAT,10.327084,15.697266
MSC5-Dura_GGGTGAACACTAAACC,9.26538,15.8661995
MSC5-Dura_GGTGGCTAGTAGCCAG,11.504124,13.182172
MSC5-Dura_GGTGGCTCAACGGGTA,9.445216,15.392261
MSC5-Dura_GGTTAACTCGTTGCCT,10.635142,14.621772
MSC5-Dura_GTCGTTCCAGGAGACT,11.166804,15.820681
MSC5-Dura_GTCGTTCTCCATGAGT,10.916011,14.040015
MSC5-Dura_GTGATGTGTATCGTTG,9.916397,16.238098
MSC5-Dura_GTGGTTATCCCTTGGT,9.858101,16.482393
MSC5-Dura_GTGTAACGTAATGATG,10.754139,16.146397
MSC5-Dura_GTGTTAGCATTGGGAG,8.95803,15.7219515
MSC5-Dura_GTTACCCGTTGCCTAA,11.192774,15.569011
MSC5-Dura_GTTGCGGTCTAAGAAG,9.525326,16.389929
MSC5-Dura_TAACGACCATCTGGGC,10.69643,14.233457
MSC5-Dura_TAACTTCCAGCTACTA,9.937715,16.347397
MSC5-Dura_TAAGCCACACACCAGC,9.078538,14.945715
MSC5-Dura_TAATTCCAGCATTGTC,9.014175,16.102425
MSC5-Dura_TACCGAAAGTCAAGCG,11.427785,15.936647
MSC5-Dura_TACGCTCGTCCGGCAT,9.819877,2.6763046
MSC5-Dura_TACGGTAAGGATTTGA,10.739685,15.6774
MSC5-Dura_TCAAGTGAGCTGGTGA,9.837575,16.177595
MSC5-Dura_TCACGGGGTCAACCTA,11.235189,16.109678
MSC5-Dura_TCACTATAGTAGGATT,10.921373,13.353744
MSC5-Dura_TCATGTTAGGACATCG,10.667037,15.10134
MSC5-Dura_TCATGTTGTGTACGCC,10.335948,16.39363
MSC5-Dura_TCCAGAATCAGTGTCA,10.318523,11.6410055
MSC5-Dura_TCCGAAACAGCCCAGT,10.764684,14.339174
MSC5-Dura_TCCTCCCAGACTAAGT,10.438603,15.748956
MSC5-Dura_TCCTCTTAGGTACAGC,10.113991,16.37774
MSC5-Dura_TCGGGACCAGTTCCAA,10.045827,15.120613
MSC5-Dura_TCGGTCTAGCAACAAT,11.652327,15.992967
MSC5-Dura_TCGTGCTAGAGGATCC,10.5202265,15.699315
MSC5-Dura_TCTAACTCAATTGCGT,8.79515,15.986302
MSC5-Dura_TCTCACGCAAGTGCAG,10.060019,16.18145
MSC5-Dura_TCTTGCGAGGTCATTC,11.487692,15.533696
MSC5-Dura_TCTTGCGCACTAGGCC,10.88776,16.109327
MSC5-Dura_TCTTTGACAGATACTC,11.359313,13.985061
MSC5-Dura_TGAATGCTCATTGCGA,11.085774,15.341949
MSC5-Dura_TGACTCCCACAATGCT,11.38677,14.923609
MSC5-Dura_TGAGGGACAAGAATGT,10.375924,13.879881
MSC5-Dura_TGAGTCAGTCGCAGTC,10.186656,15.514477
MSC5-Dura_TGATTTCTCATTGCCC,10.640611,14.225092
MSC5-Dura_TGCATCCCACTGCACG,9.677439,16.22333
MSC5-Dura_TGCGGGTCAGATACTC,11.95679,15.485353
MSC5-Dura_TGCTGAATCCCAGTGG,10.545224,15.452473
MSC5-Dura_TGCTTCGGTCTTCATT,11.30252,15.913939
MSC5-Dura_TGGATGTAGTTTCGGT,10.599208,15.301705
MSC5-Dura_TGGGAGAAGCAACTTC,8.961917,16.251755
MSC5-Dura_TGTAACGCACAAGTGG,10.896319,14.365302
MSC5-Dura_TGTCCACTCCATCCGT,10.085813,16.003891
MSC5-Dura_TGTTACTCAGCGTGAA,9.754946,16.012259
MSC5-Dura_TGTTCCGAGGACTTCT,9.741297,14.629459
MSC5-Dura_TTCACGCGTCAAGGCA,11.909496,15.662173
MSC5-Dura_TTCCACGTCGGCTGTG,10.59534,14.2914
MSC5-Dura_TTCCGGTGTGTTGATC,11.045429,13.915298
MSC5-Dura_TTGACCCGTGACAACG,10.649546,16.203783
MSC5-Dura_TTTCAGTCACTTCTCG,10.061734,15.864736
MSC5-Dura_TTTCCTCGTTAGAGTA,10.5109625,15.331745
MSC5-Dura_TTTGGTTTCGATTGAC,10.89297,15.799134
MSC6_AAACCCACAATCAGCT,10.796705,3.0673733
MSC6_AAACCCATCATGCCAA,10.7810545,6.4894233
MSC6_AAACGAACAATGGCCC,10.920969,7.973113
MSC6_AAACGAACAGCTACCG,11.342556,8.371065
MSC6_AAACGAATCTCGTGAA,11.524574,9.5999155
MSC6_AAACGCTAGCGTGAAC,10.989638,8.645067
MSC6_AAAGAACAGACCATAA,12.722423,8.047195
MSC6_AAAGAACGTAGCTTAC,10.4728775,10.641682
MSC6_AAAGGATAGACATGCG,11.170556,9.691477
MSC6_AAAGGATAGCCGAATG,10.4724045,5.5175524
MSC6_AAAGGATAGGACAACC,10.9209385,6.457082
MSC6_AAAGGATAGGGCCCTT,10.8501835,2.8298688
MSC6_AAAGGATAGTCTTCGA,10.945749,9.018837
MSC6_AAAGGATCAGAGACTG,10.230796,3.680473
MSC6_AAAGGGCCAGAAATCA,10.901346,8.439312
MSC6_AAAGGGCGTGCCGAAA,8.000899,7.9106736
MSC6_AAAGGGCGTTACGGAG,10.047033,3.6575344
MSC6_AAAGGGCGTTGCGGAA,10.420133,4.5892806
MSC6_AAAGGTAAGCTATCCA,10.498699,10.308492
MSC6_AAAGGTATCCACACCT,11.190963,5.9549437
MSC6_AAAGGTATCTTGGTGA,11.210929,4.1643786
MSC6_AAAGTCCAGCGCCGTT,12.554495,7.2098284
MSC6_AAAGTCCCATGTGCTA,11.03684,4.874832
MSC6_AAAGTCCTCGTAGTCA,12.135307,8.754482
MSC6_AAAGTGAAGTCCCTAA,11.080474,7.9542694
MSC6_AAAGTGACACAGTCCG,13.081303,8.701991
MSC6_AAATGGAGTTGCGTAT,10.217206,4.345253
MSC6_AACAAAGAGGTTCTTG,11.769488,5.6479526
MSC6_AACAAAGCAATGGCAG,8.197943,5.072141
MSC6_AACAACCAGGCATCGA,11.517231,7.5439024
MSC6_AACAACCAGGTGTGAC,12.033243,5.7991557
MSC6_AACAACCCAAGTGACG,11.447363,7.7074757
MSC6_AACAACCCAGCGATTT,11.001555,5.958974
MSC6_AACAACCGTGTATCCA,10.536366,9.648557
MSC6_AACAACCGTTGTGGAG,12.271934,5.4261956
MSC6_AACAACCTCAACGCTA,12.82377,10.006879
MSC6_AACAACCTCGTAACTG,10.243539,2.4227903
MSC6_AACACACAGATTGATG,10.959733,4.0956926
MSC6_AACACACAGGAACTAT,8.910784,4.9071116
MSC6_AACACACAGGGAGGAC,10.544266,8.715066
MSC6_AACACACCAACACTAC,9.783315,7.2569923
MSC6_AACACACCACTCCCTA,12.42142,6.723815
MSC6_AACACACGTGCATACT,11.2264385,6.921585
MSC6_AACACACTCGTCAAAC,11.0798235,5.0721207
MSC6_AACACACTCTTAGTTC,11.248807,9.12012
MSC6_AACAGGGGTTCTTGCC,10.509323,5.4470415
MSC6_AACCAACAGAGGTTTA,11.5064945,9.046263
MSC6_AACCAACGTCCTCCTA,10.896983,5.599725
MSC6_AACCACAAGAGTCGAC,9.573926,8.3964
MSC6_AACCACAAGCAAGCCA,10.428592,6.6923122
MSC6_AACCACACAATATCCG,11.007633,6.753776
MSC6_AACCATGAGCACCAGA,12.821168,7.060965
MSC6_AACCATGCATAGTCGT,12.175315,7.200853
MSC6_AACCATGGTATTCCTT,11.514085,7.8784356
MSC6_AACCATGTCTCTAAGG,10.675023,3.784314
MSC6_AACCTGATCGGCTGTG,10.314032,8.192968
MSC6_AACCTTTAGGTAGCAC,8.813956,6.688423
MSC6_AACGAAAAGATAGGGA,10.336605,6.296005
MSC6_AACGAAAGTGCAAGAC,12.166817,8.76122
MSC6_AACGGGAAGAAACTGT,10.74707,9.618947
MSC6_AACGGGACACGTAGAG,8.714155,6.5274005
MSC6_AACGGGAGTGACTATC,9.786752,3.0475802
MSC6_AACGTCAAGAATTCAG,8.227109,6.089094
MSC6_AACGTCACAGTGCCTG,9.471375,7.7462044
MSC6_AACGTCAGTCAGACTT,11.456936,10.208102
MSC6_AACGTCAGTCTACAGT,10.982564,9.647007
MSC6_AACGTCATCGGTTAGT,8.982915,5.4611363
MSC6_AACTTCTAGCCTAACT,10.620169,2.4880352
MSC6_AACTTCTCAGGTGACA,11.545268,8.572231
MSC6_AACTTCTGTGAGCGAT,11.967651,5.450184
MSC6_AACTTCTTCGATACAC,12.705471,11.511359
MSC6_AAGAACAAGAAGTGTT,12.436277,11.052152
MSC6_AAGACAAAGTATGCAA,12.7881365,7.0444427
MSC6_AAGACAACAGTCAGAG,12.255402,8.465808
MSC6_AAGACAACATGTGGTT,9.899784,6.669503
MSC6_AAGACAATCACTTATC,9.903997,6.6947465
MSC6_AAGACTCAGAACCCGA,11.477315,8.949416
MSC6_AAGACTCAGTCGGGAT,12.297215,6.2519436
MSC6_AAGACTCGTGCTATTG,11.1712,10.961985
MSC6_AAGATAGCATGATGCT,11.6688795,10.384739
MSC6_AAGATAGCATGTAACC,10.177761,5.5491095
MSC6_AAGCATCGTTGCATCA,11.264742,5.8358335
MSC6_AAGCCATTCATGCCAA,9.22655,8.003088
MSC6_AAGCGAGCACTATCGA,10.771939,8.919797
MSC6_AAGCGAGGTGTATCCA,11.352572,7.3090453
MSC6_AAGCGAGTCATCTACT,9.552615,3.8236754
MSC6_AAGCGTTAGACTCATC,12.775536,9.221383
MSC6_AAGCGTTAGGCCTGCT,12.554133,8.458655
MSC6_AAGCGTTGTCCCAAAT,11.274824,8.578093
MSC6_AAGCGTTTCCGTGTGG,10.115973,9.272605
MSC6_AAGCGTTTCGACACCG,10.792996,4.817854
MSC6_AAGGAATAGAGTCGAC,13.223913,7.829108
MSC6_AAGGAATTCAAACCTG,9.353838,8.425328
MSC6_AAGGTAAAGGGCGAGA,10.429601,5.9771504
MSC6_AAGGTAAGTTCGAACT,12.796743,12.443184
MSC6_AAGGTAAGTTTACTGG,12.570979,6.1906543
MSC6_AAGTCGTAGTAAACGT,10.522157,9.003173
MSC6_AAGTCGTCAACCGCTG,12.279782,7.5907483
MSC6_AAGTCGTTCGGCCAAC,10.471725,4.7754045
MSC6_AAGTGAAAGTACGAGC,10.297534,7.1877527
MSC6_AAGTGAAGTACTCAAC,12.537702,6.4911547
MSC6_AAGTTCGAGACGGTCA,10.798884,6.903802
MSC6_AAGTTCGAGCCATTGT,10.665631,7.333071
MSC6_AAGTTCGAGGGATCAC,9.816831,2.9583886
MSC6_AAGTTCGGTAACACCT,11.717246,4.8883557
MSC6_AAGTTCGTCCGGTTCT,12.375767,11.665357
MSC6_AAGTTCGTCGCTAGCG,11.318958,10.420032
MSC6_AATAGAGCAAGGAGTC,10.635392,10.399774
MSC6_AATAGAGCAAGTGGTG,9.7165365,4.577983
MSC6_AATAGAGGTCGCTGCA,11.893142,8.632039
MSC6_AATAGAGTCCCTCTAG,10.605893,4.815351
MSC6_AATCACGCACTACACA,10.332541,9.398418
MSC6_AATCACGGTGAGGATC,11.9937,7.8177376
MSC6_AATCACGTCAACTACG,10.989274,5.527913
MSC6_AATCACGTCACTAGCA,13.13573,7.0532417
MSC6_AATCGACCACAGAAGC,10.876968,6.830897
MSC6_AATCGACCATTGCTTT,12.026289,6.2321434
MSC6_AATCGACGTGTGAATA,11.090129,7.604308
MSC6_AATCGACTCCTCGATC,6.349661,3.5573614
MSC6_AATCGTGAGGTAACTA,9.332057,5.908719
MSC6_AATCGTGAGGTCCAGA,10.164303,5.353649
MSC6_AATCGTGGTGCCTGCA,11.803643,9.420243
MSC6_AATGAAGTCAAGTTGC,11.989908,6.0010257
MSC6_AATGAAGTCTTGGCTC,10.932753,6.94652
MSC6_AATGACCGTGGTTTGT,12.733838,8.423562
MSC6_AATGCCAAGGTTCAGG,9.864938,6.975352
MSC6_AATGCCACAACACAGG,10.380118,10.423358
MSC6_AATGGAAAGGCGAAGG,9.860177,7.676021
MSC6_AATGGAACAGACCATT,9.307705,9.398317
MSC6_AATGGAAGTACAGAAT,10.414267,7.68912
MSC6_AATGGAAGTAGTTAGA,11.041353,6.6812687
MSC6_AATGGAAGTGTCTAAC,13.296902,7.4901147
MSC6_AATGGAAGTTGCCAAT,12.4113455,6.034836
MSC6_AATGGCTAGAGTGGCT,12.121279,6.6845765
MSC6_AATGGCTAGCTTAAGA,11.688178,7.6264105
MSC6_AATGGCTAGGGTACGT,9.422738,8.577867
MSC6_AATGGCTCAGCGTACC,6.129385,3.9455416
MSC6_AATGGCTCAGGGCTTC,11.303318,7.05828
MSC6_AATGGCTGTACAACGG,8.492987,5.6983957
MSC6_AATGGCTGTAGGGTAC,9.962274,5.860525
MSC6_AATTCCTGTAAGATAC,10.324419,9.298568
MSC6_AATTCCTGTCTTTCTA,8.559756,6.0023513
MSC6_AATTCCTTCAACTCTT,11.961337,5.4035745
MSC6_AATTCCTTCGCAAGAG,8.682829,6.268095
MSC6_AATTTCCAGAAACTGT,11.877668,10.647332
MSC6_AATTTCCTCAGGAACG,11.578889,8.385017
MSC6_ACAAAGACAGTCAACT,11.69671,9.189585
MSC6_ACAAAGATCGTAGGAG,10.230325,8.3245
MSC6_ACAAAGATCTCTGCCA,10.329044,3.0475063
MSC6_ACAACCAAGCAGCAGT,10.629816,5.8905296
MSC6_ACAACCAGTAGTGGCA,12.972936,7.6741467
MSC6_ACAACCATCCCTCTTT,11.338794,9.5962715
MSC6_ACAAGCTTCAATCGGT,9.658603,8.53357
MSC6_ACACAGTAGATGCTTC,11.825654,7.028755
MSC6_ACACAGTAGCACACAG,7.651414,4.544306
MSC6_ACACAGTAGCGGTAGT,10.45023,2.9641616
MSC6_ACACAGTCAAATCGGG,10.55349,10.042822
MSC6_ACACAGTCAATTCTTC,11.777289,7.744506
MSC6_ACACAGTCAGCTGAAG,9.484551,6.46791
MSC6_ACACGCGAGGATTCAA,10.171161,9.194794
MSC6_ACACTGAAGCAGAAAG,11.6877575,7.577981
MSC6_ACACTGAAGTTTCAGC,11.368302,8.830561
MSC6_ACACTGACAAGATCCT,9.839841,2.30935
MSC6_ACACTGATCTGTCCCA,10.422361,8.112095
MSC6_ACAGAAATCTTGGAAC,10.994536,6.8243933
MSC6_ACAGCCGAGAAACCCG,12.229112,10.698369
MSC6_ACAGGGAAGTCATGCT,12.1630535,6.7072406
MSC6_ACAGGGACATGGCCAC,13.037836,7.2567153
MSC6_ACAGGGAGTATCAGCT,10.821168,9.507356
MSC6_ACAGGGAGTCGGCACT,10.622422,2.5980754
MSC6_ACAGGGATCACTGAAC,7.2445493,5.0308104
MSC6_ACATCCCAGTGTTCAC,9.202796,9.036832
MSC6_ACATCCCTCCTCACCA,11.161922,13.048647
MSC6_ACATCCCTCTCAACGA,10.794863,4.1457415
MSC6_ACATCGACAAGTATAG,10.832498,7.4247513
MSC6_ACATCGAGTTCAACGT,11.396203,4.8071237
MSC6_ACATCGATCTATTCGT,10.221075,4.346691
MSC6_ACATGCACAGTGACCC,12.339256,9.056689
MSC6_ACATTTCAGGGTTAAT,11.38071,5.964074
MSC6_ACATTTCCAATTGGTC,9.620155,8.403472
MSC6_ACATTTCCATACTTTC,10.057529,4.6085014
MSC6_ACATTTCGTATACGGG,11.307248,5.451064
MSC6_ACCAAACTCAAACTGC,12.537207,5.884226
MSC6_ACCAACAAGCGGTATG,9.967726,9.109661
MSC6_ACCAACATCACTCACC,11.885507,8.801335
MSC6_ACCAACATCCCAGGCA,10.574995,7.865435
MSC6_ACCACAACAAAGAGTT,10.994014,10.912042
MSC6_ACCACAATCATAGAGA,8.02854,5.0579734
MSC6_ACCATTTAGCAGGCAT,10.137182,7.1115594
MSC6_ACCATTTCAGACATCT,12.585335,7.4738235
MSC6_ACCCAAAAGCGGTATG,10.911887,3.770622
MSC6_ACCCAAAGTCGGCTAC,10.586126,11.323851
MSC6_ACCCAAATCCATTCAT,11.693161,8.336257
MSC6_ACCCTCAAGAGTGGCT,11.405262,7.6084332
MSC6_ACCCTCACATTGTCGA,10.146543,9.429783
MSC6_ACCCTTGAGGCCGCTT,11.023818,8.456017
MSC6_ACCCTTGCATGACGTT,10.840074,3.1509411
MSC6_ACCGTTCAGCACCCAC,11.742294,7.179489
MSC6_ACCGTTCAGTGCAGCA,11.95675,9.927255
MSC6_ACCTACCCACCTTCCA,10.003594,3.1854262
MSC6_ACCTACCTCATCAGTG,7.8912253,5.472174
MSC6_ACCTGTCGTATGGAAT,12.1311455,8.227281
MSC6_ACCTGTCTCGACGAGA,12.052387,6.766376
MSC6_ACCTGTCTCGGTAAGG,11.547463,11.165974
MSC6_ACGATGTAGGATACGC,12.582586,7.439355
MSC6_ACGATGTGTGATAGAT,11.57111,7.7448
MSC6_ACGCACGAGAAGTATC,10.273263,4.6707416
MSC6_ACGCACGTCCAACTGA,13.504901,9.259272
MSC6_ACGGAAGCACTCCTGT,12.841799,7.3695774
MSC6_ACGGGTCAGGTCGTGA,8.56406,6.8716016
MSC6_ACGGGTCCAAGGCGTA,7.9013643,7.968653
MSC6_ACGGGTCCACCTGCAG,10.826122,2.4883444
MSC6_ACGGGTCGTAACATCC,10.419363,7.929941
MSC6_ACGGGTCGTGAGTAAT,11.098583,7.0912414
MSC6_ACGGTCGTCACCCATC,8.883828,4.7634134
MSC6_ACGGTTAGTGTGATGG,9.283918,8.779963
MSC6_ACGGTTAGTTTCAGAC,12.75261,8.893815
MSC6_ACGTAACCATGAGTAA,9.909453,5.973572
MSC6_ACGTAACGTTCTAACG,12.0350895,11.704678
MSC6_ACGTACACAACATACC,11.91579,9.767033
MSC6_ACGTACACAGTTAGGG,12.457897,9.32962
MSC6_ACGTACAGTACCTGTA,11.601981,11.082183
MSC6_ACGTACAGTAGAGACC,9.751864,9.131468
MSC6_ACGTACAGTGACACGA,12.407585,9.43481
MSC6_ACGTCCTAGACTCTAC,10.366112,10.211296
MSC6_ACGTCCTCAGACGGAT,8.48732,5.8618608
MSC6_ACGTCCTGTGCCTATA,10.70404,6.2666492
MSC6_ACGTCCTGTGTGTACT,12.558243,8.697352
MSC6_ACGTTCCGTTGTGGCC,11.552982,6.4863586
MSC6_ACTACGAGTTTCGTTT,10.956844,10.71251
MSC6_ACTACGATCGACATCA,11.0736475,8.177147
MSC6_ACTATCTTCCGTCACT,10.578155,6.3626018
MSC6_ACTATTCAGCGAAACC,10.2834425,7.761286
MSC6_ACTATTCAGCTAGCCC,10.875544,5.794268
MSC6_ACTATTCCAGATTAAG,10.6743145,3.3886704
MSC6_ACTCCCAAGTGGCAGT,10.512868,7.451389
MSC6_ACTCCCACAGCTTTGA,9.962722,2.3417027
MSC6_ACTCCCAGTATCGTAC,12.247102,6.4827223
MSC6_ACTCCCATCGCTGCGA,12.842453,8.938911
MSC6_ACTCTCGAGGGTACGT,12.501153,7.468644
MSC6_ACTCTCGAGGTGCTGA,12.044153,8.301034
MSC6_ACTCTCGAGTCCCAAT,9.742495,2.2168849
MSC6_ACTCTCGGTCTGATAC,9.390158,9.84545
MSC6_ACTCTCGTCAAGAGGC,10.620203,7.2646885
MSC6_ACTGATGAGGGCAACT,10.165082,8.231971
MSC6_ACTGATGGTATCGCAT,12.165711,9.0222225
MSC6_ACTGCAAAGACTAGAT,11.125156,11.255176
MSC6_ACTGTCCAGGCCCGTT,7.3414426,5.1618304
MSC6_ACTGTCCCAAAGCACG,11.291618,11.64035
MSC6_ACTGTCCCAGCCCACA,10.870064,11.4519615
MSC6_ACTGTCCCAGCGGTTC,11.433017,8.620441
MSC6_ACTGTCCGTGGTACAG,11.682757,5.839916
MSC6_ACTGTGATCCCATGGG,9.97605,5.853552
MSC6_ACTGTGATCCTTCTTC,11.79022,7.302215
MSC6_ACTGTGATCGGCTTCT,9.014052,4.392992
MSC6_ACTGTGATCGTCGACG,10.612982,8.080667
MSC6_ACTGTGATCTACGCGG,11.656358,11.188026
MSC6_ACTTAGGAGTTCCGTA,10.24682,2.2002215
MSC6_ACTTAGGAGTTGAATG,10.727267,9.635979
MSC6_ACTTAGGGTGCATCTA,12.336124,5.7852883
MSC6_ACTTAGGTCGCCCAGA,9.728602,3.114678
MSC6_ACTTATCAGGCGCTTC,12.329904,7.934219
MSC6_ACTTATCCACGTTCGG,9.445038,6.0253015
MSC6_ACTTATCTCTGGTGCG,12.419121,7.844438
MSC6_ACTTATCTCTTGGTCC,13.355967,8.211392
MSC6_ACTTCGCAGCGTGTCC,11.802161,10.717551
MSC6_ACTTCGCCAAAGCAAT,11.6729,7.4513917
MSC6_ACTTCGCGTACAGTCT,11.890263,7.0994735
MSC6_ACTTCGCGTGCTGCAC,10.341588,8.496469
MSC6_ACTTCGCGTTCTAAGC,11.1879,11.365284
MSC6_ACTTCGCTCAGGTGTT,10.250128,2.7986147
MSC6_ACTTCGCTCTGGTCAA,9.038521,5.724512
MSC6_ACTTTCAAGCGTATAA,8.6704,5.6563244
MSC6_ACTTTCAAGTTTAGGA,11.738801,8.580137
MSC6_ACTTTGTAGAGATTCA,11.27329,7.2888517
MSC6_ACTTTGTCACTAGTAC,11.580421,8.014681
MSC6_ACTTTGTCAGAGCCCT,13.177585,7.4524255
MSC6_ACTTTGTTCCGATCTC,12.076223,7.674708
MSC6_ACTTTGTTCGAGCACC,12.126124,9.712338
MSC6_AGAACAATCTGTCGTC,11.575078,11.435893
MSC6_AGAACCTAGGAATCGC,13.070397,7.1480107
MSC6_AGAACCTGTATACAGA,10.24292,7.2494793
MSC6_AGAACCTTCACATCAG,9.91201,7.811336
MSC6_AGAAGCGAGAAATTCG,8.477394,5.1922417
MSC6_AGAAGCGAGTGTACCT,11.016898,5.937203
MSC6_AGAAGCGTCATTCCTA,11.547517,4.7260103
MSC6_AGAAGTACAGCGCTTG,6.121311,3.499109
MSC6_AGAAGTACATGGTACT,11.985305,4.838619
MSC6_AGAAGTAGTTGTAAAG,11.504904,8.181049
MSC6_AGAAGTAGTTTCGCTC,11.955761,9.027663
MSC6_AGAAGTATCAGTAGGG,10.5278425,9.571246
MSC6_AGACAAAAGCAACCAG,10.739998,6.449296
MSC6_AGACAAACAAGTGGAC,7.798976,6.3207126
MSC6_AGACAAAGTTGAGTCT,11.447945,8.277655
MSC6_AGACAGGAGACGACTG,10.5280695,5.323594
MSC6_AGACCATAGATGGCGT,9.50642,8.1909895
MSC6_AGACCATAGTCAAGCG,10.130726,9.064769
MSC6_AGACCATGTACGCTTA,12.824623,8.381269
MSC6_AGACCATGTGATACCT,10.765431,7.656545
MSC6_AGACCATTCCGTTGAA,9.806319,7.487731
MSC6_AGACCCGGTAATGCTC,11.501592,8.347709
MSC6_AGACCCGGTCCCTCAT,11.012626,7.645449
MSC6_AGACCCGTCGATTCCC,11.329689,6.5913534
MSC6_AGACTCACATCATTTC,9.669943,5.4750547
MSC6_AGACTCAGTCTTGGTA,10.960762,6.06855
MSC6_AGACTCAGTGTCCGTG,10.503518,9.176863
MSC6_AGACTCAGTTGGTGTT,11.128356,8.20979
MSC6_AGACTCATCATTCGGA,9.91837,8.304954
MSC6_AGAGAATAGACGGATC,11.041315,9.512554
MSC6_AGAGAATAGCATGAAT,10.289631,8.40986
MSC6_AGAGAATGTTTGTTGG,9.46828,9.090336
MSC6_AGAGAGCCACTAACGT,11.467843,6.560678
MSC6_AGAGAGCGTAGGGTAC,11.125697,6.9975452
MSC6_AGAGAGCGTATGACAA,11.90583,10.349975
MSC6_AGAGAGCGTCCGGATC,10.598562,9.808843
MSC6_AGAGAGCTCTCTATAC,11.07787,5.355682
MSC6_AGAGCAGAGCGGATCA,9.955839,2.651893
MSC6_AGAGCAGCACTGGATT,10.47703,2.2135155
MSC6_AGAGCAGTCTCGTCAC,10.453068,4.200502
MSC6_AGATAGAAGAATTCAG,11.641069,8.376637
MSC6_AGATAGAAGGACACTG,11.288437,5.514231
MSC6_AGATAGACAGGTATGG,12.273728,5.960657
MSC6_AGATAGAGTTCGATTG,10.282398,2.8906903
MSC6_AGATAGATCTGTGCGG,11.451094,7.591435
MSC6_AGATCCAAGCTAGAGC,9.964071,5.81254
MSC6_AGATCCATCGAGTACT,11.196359,6.8670645
MSC6_AGATCGTAGGCATCAG,12.820848,8.2183695
MSC6_AGATCGTGTTGCGGAA,9.186613,13.329486
MSC6_AGATGAACATCCGGTG,12.073168,10.382532
MSC6_AGATGAATCTGTTCAT,11.179829,10.492638
MSC6_AGATGCTGTCTACATG,10.704738,6.815828
MSC6_AGATGCTTCATACGGT,10.321009,4.9243975
MSC6_AGCATCAAGAGGTCGT,10.279095,9.314752
MSC6_AGCCAATAGATGCGAC,7.1044993,4.291976
MSC6_AGCCACGCAACCGCTG,11.521523,9.664913
MSC6_AGCCACGCAGGGATAC,12.455734,5.746549
MSC6_AGCCACGTCAGACAAA,9.471809,4.9594555
MSC6_AGCCAGCTCACTCTTA,9.6748495,2.5489275
MSC6_AGCCAGCTCGCTCATC,10.568934,5.8930244
MSC6_AGCGATTGTGCAACAG,11.04129,9.710903
MSC6_AGCGCCACATACGCAT,12.007552,5.525676
MSC6_AGCGCCAGTAGAGGAA,9.43936,7.9003167
MSC6_AGCGCTGAGCGTATAA,11.312973,6.5398936
MSC6_AGCGCTGCATCGTCCT,12.434503,7.6879807
MSC6_AGCGCTGGTGGCGTAA,10.526035,9.481657
MSC6_AGCGTCGCATCTCGTC,9.103258,4.859323
MSC6_AGCGTCGGTTCTTCAT,9.064796,8.824482
MSC6_AGCTACACATCTAGAC,11.21815,6.112052
MSC6_AGCTACAGTCGATTCA,11.06864,6.1356564
MSC6_AGCTACAGTTGGGTAG,10.488173,8.644697
MSC6_AGCTACATCTCGGCTT,12.178786,8.548606
MSC6_AGCTCAAAGGTTCTTG,10.143866,8.173978
MSC6_AGCTCAAAGTGGAAAG,12.859604,11.360727
MSC6_AGCTCAATCATATGGC,12.7231245,10.43872
MSC6_AGCTCAATCGAACCAT,6.1823144,3.570799
MSC6_AGCTCAATCGGTCGGT,12.477514,7.689121
MSC6_AGCTTCCTCGCACTCT,9.710808,7.025248
MSC6_AGGAAATAGAGTCTGG,10.579957,10.52423
MSC6_AGGAAATAGGGAGGAC,9.353487,9.396706
MSC6_AGGAAATCACTTCAGA,11.322855,6.471219
MSC6_AGGAATAAGACAGTCG,10.353915,9.095736
MSC6_AGGAATAGTGGTCTGC,12.116311,10.713925
MSC6_AGGAATATCCGATGCG,12.0208645,6.1222277
MSC6_AGGAATATCGACATAC,11.227763,9.468881
MSC6_AGGACGAAGCGCGTTC,11.567044,9.690468
MSC6_AGGACGACAGCACAAG,10.08948,6.9235854
MSC6_AGGACGAGTGTGAGCA,10.96506,8.9965105
MSC6_AGGACTTTCTATGCCC,9.489223,7.855775
MSC6_AGGAGGTGTCATCGGC,11.712162,10.316332
MSC6_AGGATAAAGATACCAA,11.231612,8.072315
MSC6_AGGATCTTCATTGCCC,10.451018,6.023995
MSC6_AGGATCTTCTGGCTGG,10.34416,3.293859
MSC6_AGGATCTTCTTCCACG,9.809625,8.791723
MSC6_AGGCATTGTACGGGAT,12.25373,7.5575323
MSC6_AGGCATTTCGCTTGAA,6.3406234,3.5756223
MSC6_AGGCCACAGTAAAGCT,10.805225,7.7129903
MSC6_AGGCTGCCAGCCTACG,11.364471,10.847328
MSC6_AGGGAGTCAACCCTCT,12.220376,7.6433797
MSC6_AGGGCCTAGTCACTGT,10.84226,5.1636815
MSC6_AGGGCCTCACTTCCTG,12.374749,8.551052
MSC6_AGGGCCTGTCACAGAG,10.839189,4.387963
MSC6_AGGGCTCCACGCCAGT,12.612559,8.509252
MSC6_AGGGCTCTCAGTGATC,13.234234,10.155436
MSC6_AGGGTCCAGCACCGTC,10.842399,8.741672
MSC6_AGGGTCCCAGGTTTAC,12.061873,5.467725
MSC6_AGGGTCCTCGCCAGAC,10.413818,10.085106
MSC6_AGGGTCCTCGGTATGT,11.929675,6.903153
MSC6_AGGGTGACACTTCATT,8.70904,5.793823
MSC6_AGGGTGAGTCGACTGC,6.14017,3.4224944
MSC6_AGGGTTTAGGCTAAAT,10.267658,11.244368
MSC6_AGGGTTTCAGTTGGTT,9.27262,8.248985
MSC6_AGGGTTTGTAAGCTCT,11.090821,11.415254
MSC6_AGGGTTTGTGTAGTGG,10.627921,2.779198
MSC6_AGGTAGGGTGGCGTAA,12.151402,9.263708
MSC6_AGGTAGGGTTGCTAGT,11.366786,5.6654887
MSC6_AGGTAGGGTTGGGAAC,12.250513,7.620593
MSC6_AGGTCATCAGCTATTG,9.543754,8.510987
MSC6_AGGTCATTCAGTGTGT,12.927218,7.597155
MSC6_AGGTCATTCGACACCG,10.379774,7.702783
MSC6_AGGTCTAAGTTCTACG,12.14322,7.126053
MSC6_AGGTCTAGTGAGTCAG,11.88334,11.953013
MSC6_AGGTCTATCCTGGCTT,8.670693,5.0890317
MSC6_AGGTGTTCACACAGAG,7.9028563,4.741773
MSC6_AGGTGTTCACGACAAG,9.947395,7.535212
MSC6_AGGTTACCACGGTGAA,11.521115,6.620788
MSC6_AGGTTACGTTGCATGT,12.720993,7.0560036
MSC6_AGGTTGTCACGGCACT,10.377788,6.154366
MSC6_AGTAACCAGAGATGCC,9.897769,11.34017
MSC6_AGTAACCCAACGACAG,12.819471,9.902634
MSC6_AGTACCACATTCAGGT,10.295097,7.6220193
MSC6_AGTACTGAGAAATGGG,11.260303,5.8116717
MSC6_AGTACTGAGCTTCTAG,10.332989,4.1834598
MSC6_AGTACTGAGGGACCAT,10.552173,7.332934
MSC6_AGTACTGCAAAGACGC,10.59212,5.8905683
MSC6_AGTACTGCAATACCCA,11.699172,13.636053
MSC6_AGTACTGCAGAACTTC,9.672889,3.4636478
MSC6_AGTACTGGTCCGGTGT,12.124414,7.742987
MSC6_AGTACTGGTTGTGGCC,6.5847745,4.2339964
MSC6_AGTAGCTAGGTCTTTG,10.058146,2.8598883
MSC6_AGTAGCTGTATTCTCT,11.281262,8.849384
MSC6_AGTAGCTTCCATGCAA,12.424996,8.878185
MSC6_AGTAGCTTCTAACGGT,10.289271,10.002979
MSC6_AGTCAACAGCCTCACG,11.455577,6.927067
MSC6_AGTCAACCATTGCTTT,9.671015,11.455507
MSC6_AGTCAACTCAACACGT,11.450449,7.881904
MSC6_AGTCAACTCACTGGTA,10.869552,5.8783755
MSC6_AGTCACACAGCAGATG,12.678896,9.357345
MSC6_AGTCACACATGCAGCC,10.774306,5.801544
MSC6_AGTCACATCTCAGTCC,11.448931,8.846708
MSC6_AGTCATGAGGTGATCG,10.68471,3.2713757
MSC6_AGTCATGCAACTCGAT,10.627541,6.1579933
MSC6_AGTCATGCACTTACAG,11.076689,10.841608
MSC6_AGTCATGGTTGACTGT,12.34558,5.884278
MSC6_AGTCATGTCAAGAAAC,11.102589,9.076092
MSC6_AGTCTCCCAACGGCTC,10.944258,7.623422
MSC6_AGTCTCCGTAATGCGG,11.539457,7.009911
MSC6_AGTCTCCGTCCACATA,11.404244,10.354544
MSC6_AGTGACTCAATCTCTT,11.864396,10.003055
MSC6_AGTGACTGTATGAGAT,12.367222,8.77372
MSC6_AGTGATCAGTATGTAG,9.569808,7.5768976
MSC6_AGTGATCTCCCAAGTA,9.985802,8.047394
MSC6_AGTGATCTCTGCTCTG,11.645695,12.324985
MSC6_AGTGCCGAGCGGATCA,11.731139,5.5329227
MSC6_AGTGCCGAGTAATTGG,9.32187,8.862638
MSC6_AGTGCCGTCCCGAACG,11.77945,7.781416
MSC6_AGTGTTGTCTTTGCTA,11.404501,10.193262
MSC6_AGTTAGCCATACACCA,10.525651,8.831944
MSC6_AGTTCGAGTTCGTAAC,8.490874,5.286395
MSC6_ATACCTTAGCTGAAAT,9.658611,8.303258
MSC6_ATACCTTCAGCATACT,12.869853,6.879126
MSC6_ATACCTTGTCCAAATC,8.626762,8.273335
MSC6_ATACTTCCATAATCGC,10.110045,6.7245517
MSC6_ATACTTCGTGGCTGAA,11.230949,3.6570404
MSC6_ATACTTCGTTCGGGTC,11.940556,7.157041
MSC6_ATACTTCTCAAATGCC,10.388015,4.7594075
MSC6_ATACTTCTCGAACCAT,10.240034,6.5955153
MSC6_ATAGACCAGCTGGCTC,9.087138,7.132698
MSC6_ATAGACCCACCCTTGT,9.639066,5.8912644
MSC6_ATAGAGACAATTGCGT,8.5195465,5.2345796
MSC6_ATAGAGAGTCTTACAG,9.501753,3.9578028
MSC6_ATAGAGATCTCTCGAC,10.932194,8.565485
MSC6_ATAGGCTAGTCTTCGA,12.110823,6.8159723
MSC6_ATAGGCTCAACGCATT,11.643228,6.360914
MSC6_ATAGGCTGTACGGCAA,10.919122,8.427889
MSC6_ATAGGCTGTTAAGGGC,8.866406,5.864538
MSC6_ATAGGCTTCACACGAT,11.280104,5.427931
MSC6_ATATCCTAGCAAGGAA,11.763511,8.700063
MSC6_ATATCCTGTCCTCAGG,11.156708,7.585876
MSC6_ATATCCTGTGCATGTT,11.602989,7.532135
MSC6_ATATCCTTCAGCTCTC,12.387886,8.507234
MSC6_ATATCCTTCTGACCCT,11.870288,6.3682547
MSC6_ATCACAGAGTGGCCTC,7.815997,4.3243294
MSC6_ATCACAGGTATACGGG,10.900942,8.744565
MSC6_ATCACAGTCACCTTAT,11.150286,5.1308436
MSC6_ATCACAGTCTTAGGAC,11.530131,4.7702737
MSC6_ATCACGACACAGTCCG,11.296686,6.8201904
MSC6_ATCACGACACCATTCC,10.627262,7.4667788
MSC6_ATCACGAGTTGCCATA,13.049316,9.340012
MSC6_ATCACGATCTCGGCTT,9.324277,6.4105687
MSC6_ATCACTTCAAATGGCG,9.644065,8.1626425
MSC6_ATCACTTCACGACAGA,7.68935,4.7563767
MSC6_ATCACTTGTGACTGTT,11.089074,8.661552
MSC6_ATCAGGTTCAAGATAG,11.016533,7.9809213
MSC6_ATCATTCCACGTCGTG,10.059864,8.807475
MSC6_ATCATTCTCCTAGAGT,9.015861,7.8813133
MSC6_ATCCACCAGAACCCGA,10.96588,8.196004
MSC6_ATCCACCGTGCTGCAC,10.750403,8.222135
MSC6_ATCCACCTCATTTCCA,11.244871,7.3435893
MSC6_ATCCACCTCCAATGCA,12.282656,13.657694
MSC6_ATCCACCTCCATAAGC,10.284123,9.246495
MSC6_ATCCATTAGGTAATCA,8.925607,6.9144764
MSC6_ATCCATTGTGTCATCA,9.790849,9.657675
MSC6_ATCCCTGGTCCTACAA,10.2268505,2.3152337
MSC6_ATCCCTGGTGACTCGC,11.496648,8.174782
MSC6_ATCCGTCAGCTTGTTG,12.920821,10.332259
MSC6_ATCCGTCCACCGTGGT,11.6288805,4.4841337
MSC6_ATCCGTCGTCAGGAGT,9.78629,8.428655
MSC6_ATCCTATGTTTCGACA,12.066566,11.058293
MSC6_ATCGATGAGAATCGCG,10.870161,6.5156574
MSC6_ATCGATGAGATGCCGA,10.162216,2.380027
MSC6_ATCGATGCACTGGATT,10.299381,6.103982
MSC6_ATCGATGCAGTCAGCC,10.269211,2.267994
MSC6_ATCGATGCATAAGCGG,10.207621,4.362258
MSC6_ATCGATGTCTCTCCGA,12.043303,13.208011
MSC6_ATCGCCTAGCAAATGT,10.272475,6.7149916
MSC6_ATCGGATGTAGGATAT,10.686751,5.6468782
MSC6_ATCGGATTCATGAGAA,11.603166,13.056355
MSC6_ATCGGATTCCAAAGGG,10.08813,2.3442051
MSC6_ATCGGCGAGCCACAAG,12.2206135,6.150512
MSC6_ATCGGCGCACGACGAA,11.625023,4.6654344
MSC6_ATCGGCGGTACCAGAG,13.254528,9.250706
MSC6_ATCGGCGGTATTCCTT,12.022357,14.098084
MSC6_ATCGGCGTCAGTGATC,10.780863,7.5587254
MSC6_ATCGGCGTCTTGGGCG,8.497788,4.9139023
MSC6_ATCGTAGAGATGGCAC,10.711419,6.647394
MSC6_ATCGTAGGTCTGCATA,9.839196,9.072844
MSC6_ATCGTAGGTTGGGATG,10.074118,8.542781
MSC6_ATCGTAGTCCATTTGT,11.695379,9.020981
MSC6_ATCGTCCCAAATGAGT,10.326992,5.158593
MSC6_ATCGTCCCAGCAGAAC,10.336528,7.65746
MSC6_ATCGTCCGTACGCGTC,11.073344,11.352803
MSC6_ATCGTCCTCATTTCGT,10.573822,4.1504526
MSC6_ATCGTCCTCGTTCTAT,11.688443,4.5198336
MSC6_ATCGTGACACGTAGTT,13.178338,7.570466
MSC6_ATCGTGATCGATGGAG,9.481213,6.3167744
MSC6_ATCTCTAAGGTAGACC,11.51982,8.845071
MSC6_ATGAAAGAGTCGGCCT,7.3732753,4.963454
MSC6_ATGAAAGGTCTATGAC,11.429828,3.9672685
MSC6_ATGAAAGGTTCTCAGA,11.819723,10.471242
MSC6_ATGAAAGTCGCCGATG,12.308523,5.378187
MSC6_ATGAAAGTCGTCTACC,10.145978,6.5616827
MSC6_ATGACCACAGATTCGT,10.943296,7.81648
MSC6_ATGACCAGTAGTTAGA,12.540001,8.054604
MSC6_ATGACCAGTCTGTTAG,12.542159,10.856123
MSC6_ATGACCATCGAGGCAA,9.331078,6.540717
MSC6_ATGAGGGAGTTAACGA,10.183841,6.2643275
MSC6_ATGAGGGGTCAGGTAG,10.878364,7.8091288
MSC6_ATGAGGGGTCGGCACT,12.470744,8.832324
MSC6_ATGAGGGGTGCTCCGA,11.874739,4.9262085
MSC6_ATGAGGGTCCTTACCG,11.204682,5.8543878
MSC6_ATGAGTCAGCCACCGT,7.0967712,4.6442237
MSC6_ATGAGTCAGGACACTG,10.005657,10.070534
MSC6_ATGAGTCCACCAGGTC,10.119336,2.3686867
MSC6_ATGAGTCTCATTACCT,7.847202,7.8412495
MSC6_ATGATCGCATACTGTG,9.43101,6.4648385
MSC6_ATGATCGGTACACTCA,12.445001,10.431235
MSC6_ATGATCGGTACGAAAT,10.823576,5.031132
MSC6_ATGATCGGTTTCGTGA,12.350397,6.65478
MSC6_ATGCATGAGAGTTGAT,12.522484,10.554712
MSC6_ATGCATGCACTCCGAG,12.11997,6.6096096
MSC6_ATGCATGCATCTCATT,11.178329,4.4524827
MSC6_ATGCATGGTTTCTTAC,11.585898,7.705059
MSC6_ATGCCTCTCCACAAGT,11.296773,4.357957
MSC6_ATGCGATCAATACCCA,10.142596,10.02337
MSC6_ATGCGATGTCTTTATC,9.4119835,9.271909
MSC6_ATGCGATTCGCCACTT,10.585937,8.175837
MSC6_ATGCGATTCGGCTTGG,11.507271,5.8103347
MSC6_ATGGAGGAGATTGATG,10.738924,8.255264
MSC6_ATGGAGGAGCTTACGT,12.978686,8.717475
MSC6_ATGGAGGTCCGAAGGA,10.564591,6.2668223
MSC6_ATGGATCCAGGCGTTC,11.847846,8.5828085
MSC6_ATGGATCGTAGCTTTG,11.360357,9.222215
MSC6_ATGGATCTCTCTCTAA,11.519965,5.713899
MSC6_ATGGGAGGTAGATGTA,9.351293,7.0605264
MSC6_ATGGGAGTCCCGAAAT,10.595821,10.5890665
MSC6_ATGGGAGTCGTTAGTG,13.1876,7.8719587
MSC6_ATGGGTTAGTATAGAC,11.40889,10.367401
MSC6_ATGGTTGAGGCCTAAG,10.884752,7.657746
MSC6_ATGGTTGTCTAGGAAA,10.41711,8.145916
MSC6_ATGGTTGTCTGGAGAG,12.387152,6.635964
MSC6_ATGTCCCAGGGAGGGT,9.410459,6.6586494
MSC6_ATGTCCCCATATGGCT,10.468216,5.0329027
MSC6_ATGTCCCGTGACACAG,10.686981,2.9354758
MSC6_ATGTCTTGTGCATACT,11.134675,9.490461
MSC6_ATGTCTTGTTTCGTAG,8.816368,5.990785
MSC6_ATTACCTCAAGGTCTT,11.13923,5.164087
MSC6_ATTACTCCACCGTACG,10.33285,9.118073
MSC6_ATTACTCCACCTCTAC,10.628773,5.228947
MSC6_ATTCACTGTGGCTTGC,12.143313,10.121189
MSC6_ATTCAGGAGGGTCTTT,9.619105,9.09919
MSC6_ATTCAGGCAAGCTGCC,10.499337,9.377954
MSC6_ATTCAGGCAGCAGAAC,9.66673,2.4777105
MSC6_ATTCAGGTCACGGAGA,9.326143,7.0394187
MSC6_ATTCATCGTCGAGATG,10.789912,7.3972826
MSC6_ATTCATCTCCCGTGAG,7.542519,5.550315
MSC6_ATTCCATAGGATCATA,10.64211,3.6705732
MSC6_ATTCCATCATCTCGTC,12.566598,7.089956
MSC6_ATTCCATTCAGGGATG,9.391768,9.879995
MSC6_ATTCCCGAGCTGGTGA,11.871959,9.324248
MSC6_ATTCCCGCATCACCAA,12.326648,9.50818
MSC6_ATTCCCGGTGCCTTCT,8.02884,4.4993467
MSC6_ATTCCCGGTTCGTGCG,10.364864,3.5123951
MSC6_ATTCCCGTCGGAGATG,7.923762,4.8544335
MSC6_ATTCCTAAGTAACGTA,11.239543,11.026263
MSC6_ATTCCTATCGAAGAAT,11.4369135,11.304855
MSC6_ATTCGTTAGCAGGCAT,10.457897,8.492286
MSC6_ATTCGTTAGCGTCAGA,5.935303,3.2839735
MSC6_ATTCTACTCTATCCAT,11.4240885,8.177582
MSC6_ATTCTTGGTTCCTACC,11.303939,7.5131574
MSC6_ATTCTTGTCTGATTCT,11.3655,6.964549
MSC6_ATTGGGTAGTATCTGC,11.343046,8.473912
MSC6_ATTGTTCAGCCACCGT,11.063132,8.958659
MSC6_ATTGTTCGTTACGGAG,10.566688,10.36286
MSC6_ATTGTTCTCAACCTCC,11.861356,5.4194064
MSC6_ATTTCACAGTGATGGC,10.605629,8.596474
MSC6_ATTTCACCAGCAATTC,12.616532,7.0477524
MSC6_ATTTCACGTACGCTTA,10.836769,8.134267
MSC6_ATTTCTGAGTAAGGGA,10.570371,10.887191
MSC6_ATTTCTGGTGATAGAT,12.55794,6.1560435
MSC6_ATTTCTGGTGGTATGG,10.751508,8.762939
MSC6_CAAAGAATCGGTTAGT,11.548264,6.280953
MSC6_CAACAACAGAAAGTCT,11.20893,6.552712
MSC6_CAACAACAGTAGTCTC,11.938114,9.658804
MSC6_CAACAACGTGGCTTGC,9.88053,5.969353
MSC6_CAACAGTCATTGAAAG,12.786279,6.7105885
MSC6_CAACAGTGTTATAGAG,8.935897,8.239491
MSC6_CAACAGTTCCTTGAAG,11.702045,7.5417876
MSC6_CAACCAAAGTTTGGCT,10.057259,5.102872
MSC6_CAACCAACAGGTGACA,11.997933,8.957413
MSC6_CAACCAAGTACTCCCT,9.8680105,7.9142523
MSC6_CAACCTCAGCTAGTTC,10.03989,8.69634
MSC6_CAACCTCGTCTGTGGC,10.662784,3.3328927
MSC6_CAACGATAGGACAGTC,10.546859,8.238855
MSC6_CAACGATGTCAAGGCA,9.740848,9.784377
MSC6_CAACGGCAGGAGGCAG,9.835417,7.291328
MSC6_CAACGGCCAGATCACT,12.072819,5.184796
MSC6_CAACGGCCATGTCAGT,11.591077,6.7076707
MSC6_CAAGACTCAACAGCCC,12.44751,9.808435
MSC6_CAAGACTGTACCTTCC,11.420576,5.4408207
MSC6_CAAGACTGTACGGCAA,11.906498,6.2182703
MSC6_CAAGACTGTCATACCA,11.065655,9.919888
MSC6_CAAGACTGTCCAACGC,8.329377,5.9049397
MSC6_CAAGACTTCGTCACCT,8.931715,5.504912
MSC6_CAAGAGGAGAAGCTGC,7.523102,5.507014
MSC6_CAAGAGGTCAAGCTGT,10.858934,4.703354
MSC6_CAAGCTACAATCGTCA,12.506857,7.128001
MSC6_CAAGCTACAATTGCCA,10.7008505,9.762454
MSC6_CAAGCTAGTTCTCTCG,12.126342,7.2046857
MSC6_CAAGGGAAGTATGAAC,11.295824,6.2278104
MSC6_CAAGGGAAGTCACGAG,10.080525,5.281879
MSC6_CAAGGGACATGGACAG,12.054487,8.688915
MSC6_CAAGGGATCCGATTAG,9.972747,9.963999
MSC6_CAATACGAGCAGTAAT,8.278083,5.532216
MSC6_CAATACGAGGTTCTTG,13.345125,9.017812
MSC6_CAATACGGTGGAAATT,11.452284,9.628765
MSC6_CAATACGTCAAGCCCG,10.231424,8.011592
MSC6_CAATACGTCATAGCAC,9.55468,7.2981076
MSC6_CAATACGTCTGGACCG,9.246725,8.338624
MSC6_CAATCGAAGTTTCTTC,11.091032,9.1962805
MSC6_CAATCGACAACCGGAA,11.10699,8.7406435
MSC6_CAATCGAGTGTCTCCT,12.0823345,9.903218
MSC6_CAATTTCAGGTGCTGA,12.533121,7.8549504
MSC6_CAATTTCTCACTGGTA,10.06585,9.805419
MSC6_CACAACAAGCGTGCTC,10.560031,11.2265415
MSC6_CACAACACACACTGGC,11.545328,8.01104
MSC6_CACAACACATAGGCGA,12.979132,12.727704
MSC6_CACACAATCAACCGAT,11.691411,5.6580186
MSC6_CACAGATAGACATCCT,12.01426,6.189534
MSC6_CACAGATCAAACGGCA,11.203253,6.6086154
MSC6_CACAGATCATGGTGGA,11.122593,9.90168
MSC6_CACATGACACACCTAA,11.199836,7.262714
MSC6_CACATGAGTCTGGTTA,11.648086,6.7533236
MSC6_CACCAAAAGCGACATG,10.434224,7.8466573
MSC6_CACCAAACACATGAAA,11.262668,6.337428
MSC6_CACCGTTAGGTAGTAT,12.881267,12.304702
MSC6_CACCGTTCATCGTCCT,9.024298,7.185078
MSC6_CACCGTTCATTGGCAT,10.18243,7.4144793
MSC6_CACGAATAGCCGGAAT,11.809086,11.060288
MSC6_CACGAATGTCGAATGG,13.105846,8.147067
MSC6_CACGGGTTCGCAATTG,11.269895,4.6683745
MSC6_CACGGGTTCTGGGCGT,10.129192,4.235899
MSC6_CACTAAGAGCAGTAAT,6.2806835,3.5444887
MSC6_CACTAAGCAAGTTTGC,12.826035,11.352601
MSC6_CACTGAACATCCTATT,12.282612,12.926937
MSC6_CACTGGGCATCTCATT,10.434563,6.3411093
MSC6_CACTGGGGTAATCAAG,11.978982,8.007912
MSC6_CACTGGGTCACTACGA,10.678048,4.7966175
MSC6_CACTGGGTCAGAGTTC,11.118585,10.26332
MSC6_CACTTCGAGGCGCTCT,9.488126,9.464765
MSC6_CACTTCGAGGTCCCTG,11.713211,5.059093
MSC6_CACTTCGCACTGGATT,10.398954,3.3353658
MSC6_CACTTCGGTTTGTTGG,11.426988,8.499067
MSC6_CACTTCGTCTACTTCA,10.28003,5.449415
MSC6_CAGAGCCCATGGAACG,5.9601564,3.372233
MSC6_CAGATACAGCGGACAT,10.783829,10.998499
MSC6_CAGATACGTCGTCAGC,12.186568,6.044302
MSC6_CAGATCAAGGAGTACC,8.336315,4.711841
MSC6_CAGATCACAGAGATTA,10.771436,5.774023
MSC6_CAGATCATCCATTTGT,7.370455,4.988641
MSC6_CAGATCATCTCGAACA,10.727383,8.946469
MSC6_CAGATTGAGGGCAGAG,8.364086,5.388873
MSC6_CAGATTGAGGTGCTGA,10.303385,7.6492033
MSC6_CAGATTGGTATCAGGG,10.6164875,8.940573
MSC6_CAGATTGGTCATCACA,10.56996,3.5923321
MSC6_CAGATTGTCAAGCTTG,10.858768,6.05015
MSC6_CAGCAATAGTATGGAT,13.385408,7.756935
MSC6_CAGCAATCAGAATGTA,12.082098,7.327162
MSC6_CAGCACGGTATCCTCC,10.332337,6.170234
MSC6_CAGCACGGTTTGGCTA,10.420623,7.816646
MSC6_CAGCACGTCAGTGGGA,11.069878,7.6579084
MSC6_CAGCACGTCTCCTGTG,7.632563,5.7164526
MSC6_CAGCAGCAGAGCAGAA,7.448389,4.2909894
MSC6_CAGCAGCGTCTACATG,10.418769,6.9598646
MSC6_CAGCCAGAGACGCTCC,9.694228,7.8179016
MSC6_CAGCCAGGTGCTTCAA,10.573921,8.42777
MSC6_CAGCGTGAGCACCAGA,12.955653,7.2188907
MSC6_CAGCGTGAGTCATCGT,10.079363,2.6995351
MSC6_CAGCGTGTCAGACCCG,9.650294,7.5206404
MSC6_CAGCGTGTCTTGGTCC,10.378936,7.0244946
MSC6_CAGGCCACATTCTCCG,10.940215,6.1134577
MSC6_CAGGCCAGTCCGGATC,12.137008,6.5049376
MSC6_CAGGGCTAGAAGCGCT,8.559019,5.951624
MSC6_CAGGGCTGTACTCAAC,9.369944,7.4017878
MSC6_CAGGTATAGAATTGCA,12.964738,6.2985516
MSC6_CAGGTATTCGGTGTAT,10.977438,7.81249
MSC6_CAGTGCGAGTAACAGT,11.484522,8.295297
MSC6_CAGTGCGCAGGAAGTC,7.755808,5.6035414
MSC6_CAGTGCGCAGGCGTTC,11.310295,7.8276615
MSC6_CAGTGCGTCAAGCCAT,10.943062,9.545827
MSC6_CAGTGCGTCAGCAGAG,9.5859,8.847194
MSC6_CAGTGCGTCTTTCCAA,12.711312,9.03729
MSC6_CAGTTAGCAACAAGAT,11.2730255,10.935841
MSC6_CAGTTAGGTCTGTGCG,10.062982,7.708548
MSC6_CAGTTAGGTGACTCTA,9.055481,9.011466
MSC6_CATAAGCGTTCGTTCC,11.437777,11.85856
MSC6_CATACAGAGTCATAGA,9.558779,3.834473
MSC6_CATACAGAGTTAACGA,8.896057,5.566172
MSC6_CATACAGGTACCGTCG,12.214396,5.3934608
MSC6_CATACAGTCCTTATAC,10.390837,2.1535213
MSC6_CATACCCAGCGAAACC,13.492819,8.582691
MSC6_CATACCCTCACGTCCT,11.064938,6.618394
MSC6_CATAGACTCACACCGG,9.988029,7.542658
MSC6_CATAGACTCTTCCACG,11.984452,7.757891
MSC6_CATCAAGAGAAGGTAG,10.947213,8.834327
MSC6_CATCAAGTCGAAGTGG,11.2041,6.855402
MSC6_CATCAAGTCGCCTTGT,11.508243,5.478431
MSC6_CATCCACCACCCTGAG,7.4673023,4.3028
MSC6_CATCCACTCTGCGTCT,10.485956,7.3594074
MSC6_CATCCCAAGGTATTGA,10.242209,3.5326312
MSC6_CATCCGTAGTTAACGA,10.343108,6.4618354
MSC6_CATCCGTCACGGTGAA,10.113361,8.82117
MSC6_CATCCGTCAGGTAGTG,12.492918,6.5176587
MSC6_CATCCGTCAGGTGAGT,11.24548,9.232384
MSC6_CATCCGTGTCAGATTC,9.89979,9.0022
MSC6_CATCCGTGTCCTCATC,11.02991,6.8988113
MSC6_CATCGGGAGGTAAAGG,12.415741,9.324564
MSC6_CATCGGGTCTTTGCTA,13.248374,7.5101957
MSC6_CATGAGTGTAAGCTCT,11.792343,5.4948387
MSC6_CATGCAAAGGTCATCT,5.945756,3.9213777
MSC6_CATGCAACAATCGAAA,10.764094,7.934967
MSC6_CATGCAACAATTGCCA,13.136813,8.117941
MSC6_CATGCAACATGACAAA,10.377451,9.169384
MSC6_CATGCCTAGAGCCGAT,10.031927,8.351707
MSC6_CATGCCTCAGTCGCAC,13.011501,8.814904
MSC6_CATGCCTCATACTTTC,11.238201,6.4723787
MSC6_CATGCCTGTATTGCCA,10.986244,9.695243
MSC6_CATGCCTGTGAATAAC,10.144752,8.6625595
MSC6_CATGCCTGTTTGGAAA,10.141742,7.6146455
MSC6_CATGCGGAGCTACGTT,10.261835,2.8297086
MSC6_CATGCGGGTCTCCTGT,11.0731735,4.5335183
MSC6_CATGCTCAGTAAGGGA,13.250111,7.337223
MSC6_CATGCTCCATGCCGAC,12.551325,11.419709
MSC6_CATGGATAGTTACGGG,11.66172,7.9206834
MSC6_CATGGATGTTATCTGG,12.077289,8.466726
MSC6_CATGGATTCCGCAGTG,11.088212,11.712611
MSC6_CATGGTATCAACACCA,12.092063,5.790776
MSC6_CATTCATCACATGAAA,12.1958065,10.867916
MSC6_CATTCCGAGGATATGT,10.025078,7.780651
MSC6_CATTCCGGTACAGAAT,12.235878,9.366317
MSC6_CATTCCGGTAGTACGG,12.915334,6.559422
MSC6_CATTCCGTCACGAGGA,10.932672,4.5775933
MSC6_CATTCCGTCTAGATCG,10.279153,5.4205017
MSC6_CATTCTACATCCGTGG,12.582083,13.085175
MSC6_CATTGAGCAGACCCGT,11.716391,8.387558
MSC6_CATTGCCAGATGATTG,12.082584,5.270075
MSC6_CATTGCCCAAGGAGTC,10.182567,9.416131
MSC6_CATTGCCGTCGGCCTA,12.101183,5.9422827
MSC6_CATTGTTTCGAACGCC,11.7376995,11.635308
MSC6_CATTTCAAGCGATGAC,11.432112,5.289879
MSC6_CATTTCAAGTGATAGT,9.98076,6.834066
MSC6_CATTTCACAAACTAAG,11.090978,8.559868
MSC6_CCAAGCGCAATATCCG,12.448535,9.011826
MSC6_CCAAGCGTCCACACCT,12.866361,8.943093
MSC6_CCAATGAAGGTCACTT,11.9664755,11.967794
MSC6_CCAATTTAGCACCGTC,11.377813,11.555638
MSC6_CCAATTTGTAGCCAGA,11.873021,7.773217
MSC6_CCAATTTGTGGATCGA,12.121614,9.911476
MSC6_CCAATTTTCATGGTAC,9.564068,8.175166
MSC6_CCAATTTTCTATCCAT,11.88251,6.829987
MSC6_CCAATTTTCTTCGTAT,10.6894045,7.792366
MSC6_CCACAAATCCCTCGTA,11.232661,7.587043
MSC6_CCACACTAGTTTCTTC,7.570214,5.0508723
MSC6_CCACACTCATGCAGGA,11.498844,7.469054
MSC6_CCACACTGTACTCGAT,10.791921,8.26304
MSC6_CCACCATCATAAGCGG,10.939875,7.5410967
MSC6_CCACGAGCATGTTCAG,8.236524,7.197376
MSC6_CCACGAGTCCCGTGTT,11.142121,8.99124
MSC6_CCACGAGTCTGCATAG,10.90573,8.336964
MSC6_CCACGAGTCTGGACCG,10.709088,2.3998332
MSC6_CCACGTTAGACATCCT,11.633762,9.748445
MSC6_CCACGTTAGTAGTCCT,11.810145,9.681068
MSC6_CCACGTTTCATTTCCA,10.969943,3.4734707
MSC6_CCACTTGAGGGTAATT,8.149904,5.886616
MSC6_CCACTTGGTTGTACGT,11.640791,9.151444
MSC6_CCATCACAGAGGCTGT,11.65208,11.19808
MSC6_CCATCACCAACGGCTC,10.385393,4.0990973
MSC6_CCATCACCAGAGAATT,8.922372,7.5652833
MSC6_CCATCACCAGCGATTT,6.6309557,4.254882
MSC6_CCATCACGTTCTCCCA,11.82031,6.7374134
MSC6_CCCAACTGTCAAAGAT,11.055558,5.456175
MSC6_CCCAACTTCAGTCACA,9.483813,9.315378
MSC6_CCCAACTTCCGTCACT,10.904007,8.858835
MSC6_CCCATTGGTAACCAGG,11.523555,11.255827
MSC6_CCCATTGGTTGTATGC,13.043208,6.9279094
MSC6_CCCGAAGAGTGCACTT,13.446901,7.3942904
MSC6_CCCGAAGTCTATGTGG,13.122304,7.4369755
MSC6_CCCGGAACACCATTCC,9.060196,7.43055
MSC6_CCCGGAAGTGGAGGTT,9.322726,4.5926323
MSC6_CCCGGAATCTCTAAGG,11.478628,6.147092
MSC6_CCCTAACAGTTCTCTT,10.967447,4.2985425
MSC6_CCCTAACGTGTATACC,10.785153,7.3843193
MSC6_CCCTAACTCTGCCTGT,8.708603,7.320318
MSC6_CCCTCAAAGGCCTTGC,11.524169,5.691613
MSC6_CCCTCAAGTTGAGGAC,11.760198,6.510253
MSC6_CCCTCTCAGGCTCCCA,11.510249,9.257604
MSC6_CCCTCTCGTACCGGAA,9.768978,5.516372
MSC6_CCCTCTCGTCTCCCTA,11.020167,10.225504
MSC6_CCCTCTCGTGTCTTCC,10.261761,2.1884856
MSC6_CCCTGATGTTGTCTAG,11.565418,9.302028
MSC6_CCCTTAGCATGCCGAC,8.359991,5.6743426
MSC6_CCCTTAGGTGCTTATG,11.023886,8.695459
MSC6_CCGAACGCAGAGTCAG,8.42975,6.176611
MSC6_CCGAACGCATAATGAG,10.279921,2.1315339
MSC6_CCGAACGCATCGGTTA,11.267445,7.057175
MSC6_CCGAACGGTATCATGC,8.780064,6.1413145
MSC6_CCGATCTGTGGTCTAT,10.841602,10.347545
MSC6_CCGATGGCACGACGTC,10.334127,10.8882
MSC6_CCGATGGCATACAGCT,12.135481,9.4351225
MSC6_CCGCAAGAGTGGCAGT,8.711318,5.5407896
MSC6_CCGCAAGGTGCATACT,10.991041,9.012894
MSC6_CCGCAAGTCATTGCTT,10.717575,6.690113
MSC6_CCGGACAAGGTAGTCG,10.717478,5.7368984
MSC6_CCGGGTACAAGTATAG,10.85152,10.667728
MSC6_CCGGGTAGTCGTTGCG,11.821738,9.338786
MSC6_CCGGGTATCGTGCACG,10.487453,8.052409
MSC6_CCGGTAGAGAGAGCCT,8.86814,5.3003373
MSC6_CCGGTAGAGCAATTAG,6.1969156,4.042966
MSC6_CCGGTAGAGCCTTTGA,10.91872,6.299239
MSC6_CCGGTAGCATCGTGCG,10.541091,10.059397
MSC6_CCGGTAGGTTGCACGC,11.699344,9.645823
MSC6_CCGGTGAAGATCCAAA,9.8288,9.644636
MSC6_CCGGTGAAGCGAATGC,11.0985155,6.494126
MSC6_CCGGTGAGTGTTGATC,12.579951,7.4094214
MSC6_CCGGTGAGTTATGACC,10.278821,9.838296
MSC6_CCGTAGGAGCAACTCT,10.535257,4.277712
MSC6_CCGTAGGCATAGACTC,12.323343,10.761507
MSC6_CCGTGAGCACACCGCA,10.580331,9.897896
MSC6_CCGTGAGCACCTTCGT,8.159204,4.728469
MSC6_CCGTGAGCATCCTTCG,11.051116,11.3080225
MSC6_CCGTGAGTCACGATAC,12.168195,5.2412095
MSC6_CCGTTCATCTCACCCA,12.960306,9.8106985
MSC6_CCTAACCTCATCTGTT,10.999332,4.8880477
MSC6_CCTAACCTCATGCCAA,9.733277,8.005346
MSC6_CCTAAGACAGCGAACA,12.046373,8.896045
MSC6_CCTAAGAGTATCGTAC,11.673763,7.251947
MSC6_CCTACGTAGACATGCG,10.699093,2.6080878
MSC6_CCTACGTAGGATGGCT,6.2379704,3.9429798
MSC6_CCTACGTTCTCGACCT,10.398435,11.2942095
MSC6_CCTATCGAGGTTCACT,12.077191,6.727617
MSC6_CCTATCGCAGTCAGAG,10.169192,5.9019275
MSC6_CCTATCGTCACACCGG,13.190749,7.923452
MSC6_CCTCAACAGGGCAATC,8.925096,7.957413
MSC6_CCTCAACAGTTAACAG,10.348421,4.755781
MSC6_CCTCAACCAGAATGTA,11.634158,8.078275
MSC6_CCTCAACGTCGTCATA,13.550722,7.9225483
MSC6_CCTCACAAGTGGATAT,10.52039,5.9876785
MSC6_CCTCACACATTGGATC,8.873879,8.119354
MSC6_CCTCACAGTCCAGAAG,12.703753,9.776948
MSC6_CCTCAGTGTTTGGAAA,10.920048,7.8224773
MSC6_CCTCAGTTCATTGCCC,10.52024,6.905268
MSC6_CCTCAGTTCCCGAAAT,10.226491,9.284162
MSC6_CCTCATGCAACGGTAG,11.104646,9.86007
MSC6_CCTCATGGTTTGTTGG,12.582064,6.71685
MSC6_CCTCATGTCATTATCC,9.283322,7.895802
MSC6_CCTCCAACACGATTCA,10.763691,4.9734683
MSC6_CCTCCAACAGAGAATT,12.0957,7.7213483
MSC6_CCTCCAAGTTCGGACC,11.921644,6.437137
MSC6_CCTCCAATCGAGAATA,10.286,5.220671
MSC6_CCTCCAATCGCGTCGA,12.602155,10.072122
MSC6_CCTCCTCAGTGAGTTA,11.206586,11.042417
MSC6_CCTCTAGAGATGCCGA,11.867027,7.352308
MSC6_CCTCTAGCAGCGACCT,11.229869,8.142088
MSC6_CCTCTAGCAGTTAGGG,12.726141,7.5425415
MSC6_CCTCTAGGTCCCGTGA,10.115307,8.298843
MSC6_CCTCTAGTCCACCTGT,10.007828,8.704644
MSC6_CCTCTCCAGATCCGAG,11.00776,9.1963005
MSC6_CCTCTCCCACAAATGA,9.783213,4.925857
MSC6_CCTCTCCGTGGTATGG,12.275623,9.535823
MSC6_CCTGCATAGAGTGGCT,9.725272,8.453192
MSC6_CCTGCATAGGAGAGTA,12.605025,10.893491
MSC6_CCTGCATCAGCGTGCT,10.244622,10.210747
MSC6_CCTGTTGAGTACAGAT,9.661507,8.002308
MSC6_CCTGTTGAGTTGAAGT,10.673733,9.357746
MSC6_CCTGTTGGTTAGGAGC,10.330479,8.701363
MSC6_CCTGTTGTCACCATCC,11.736555,8.033419
MSC6_CCTTCAGAGCTGGTGA,12.185974,10.726433
MSC6_CCTTCAGCACGAAAGC,12.055685,8.518717
MSC6_CCTTCAGGTACGATTC,9.984181,10.464279
MSC6_CCTTCAGTCTCCCATG,10.174,6.429344
MSC6_CCTTGTGAGTGCGTCC,12.653596,6.9306917
MSC6_CCTTGTGGTAGCTCGC,10.792654,7.4210863
MSC6_CCTTGTGGTGGAGGTT,11.644641,8.825848
MSC6_CCTTGTGTCCTACGAA,10.841524,9.828032
MSC6_CCTTTGGGTCCGGTCA,11.206877,9.943
MSC6_CCTTTGGTCCAACACA,10.266503,7.3774743
MSC6_CGAAGGACAACGGGTA,12.984549,7.188803
MSC6_CGAAGGACAATTGTGC,10.022472,7.6662464
MSC6_CGAAGGACATAGGAGC,11.638897,10.10792
MSC6_CGAAGGACATCGATCA,9.964952,8.308726
MSC6_CGAAGGAGTACAAGCG,10.181956,5.571645
MSC6_CGAAGGAGTGATTCAC,9.931777,7.3131323
MSC6_CGAAGGAGTGGTTTAC,10.14551,7.3864703
MSC6_CGAAGGAGTGTTAGCT,13.221901,9.155307
MSC6_CGAAGGATCAAGTCTG,12.677492,8.557
MSC6_CGAAGGATCGGAGCAA,11.2094145,8.390636
MSC6_CGAAGGATCGTCGATA,12.036568,10.708179
MSC6_CGAAGTTAGGCGTTAG,10.777702,9.707681
MSC6_CGAAGTTTCCTCACGT,11.125,6.3327775
MSC6_CGAATTGAGCCTTCTC,12.262571,6.82457
MSC6_CGAATTGAGTCTAGCT,10.810956,8.399112
MSC6_CGAATTGGTCGGCTAC,9.522739,5.8528
MSC6_CGAATTGGTGGTCTGC,11.339854,5.3487964
MSC6_CGACAGCCAGTGGCTC,13.316261,8.186088
MSC6_CGAGAAGGTACTCCGG,11.8231735,6.718898
MSC6_CGAGAAGTCTCTGCCA,10.677561,3.7618642
MSC6_CGAGGCTCACGAAGAC,13.116774,8.348014
MSC6_CGAGTGCAGAAACTAC,10.66684,7.873529
MSC6_CGAGTGCAGTGATTCC,12.67124,5.9998736
MSC6_CGAGTGCCATTCTTCA,12.018715,7.9287333
MSC6_CGAGTGCTCAGCTCTC,13.003844,8.347329
MSC6_CGAGTTAAGATGGGCT,10.439163,6.460328
MSC6_CGAGTTAAGTTACTCG,13.085167,8.422553
MSC6_CGAGTTATCACATCAG,11.6470995,8.851194
MSC6_CGATCGGGTAGAATAC,10.664038,8.285278
MSC6_CGATCGGGTTCGCGTG,12.264347,6.8799353
MSC6_CGATGCGCAACAAGAT,9.046187,5.997675
MSC6_CGATGCGTCGGTCACG,11.513395,9.134198
MSC6_CGATGGCCATTCTTCA,11.0348835,4.410652
MSC6_CGCAGGTAGGTTGACG,12.441797,10.328962
MSC6_CGCAGGTTCGGACAAG,12.01523,6.7714834
MSC6_CGCATAAAGAGTCGAC,11.134486,8.689334
MSC6_CGCATAACACAGCTTA,10.480317,5.6050677
MSC6_CGCATAAGTTACACAC,11.092135,4.706657
MSC6_CGCATAAGTTACCCAA,11.966411,10.25002
MSC6_CGCATGGAGCGCCTAC,10.864342,5.9048095
MSC6_CGCATGGAGGCAATGC,12.506773,8.374895
MSC6_CGCATGGCAGCTCCTT,11.680454,9.907965
MSC6_CGCATGGTCGGTTCAA,10.803551,6.2515936
MSC6_CGCCAGAAGCTCTATG,12.639045,8.876287
MSC6_CGCCAGAGTATGACAA,9.676166,6.55846
MSC6_CGCCATTGTCATCGGC,12.06991,4.963309
MSC6_CGCCATTTCACTTGGA,12.820024,7.7988014
MSC6_CGCCATTTCAGCTCTC,12.044225,6.137914
MSC6_CGGAACCGTAACTAAG,10.103959,6.992185
MSC6_CGGAACCTCGATTTCT,10.012903,3.3254614
MSC6_CGGAATTGTGTTGATC,9.873526,2.0490558
MSC6_CGGACACCAATGTCAC,11.170385,8.005158
MSC6_CGGACACTCATTTCCA,10.818085,5.8032465
MSC6_CGGACACTCTACCACC,6.0795283,3.4047487
MSC6_CGGCAGTCACAGAGCA,7.778841,4.589453
MSC6_CGGCAGTCAGAACTCT,10.698506,7.9985156
MSC6_CGGCAGTGTTGAGTCT,8.886882,4.892704
MSC6_CGGGACTCACATGAAA,12.947844,7.4568014
MSC6_CGGGACTTCTGCGATA,9.896706,6.4898925
MSC6_CGGGCATAGGAACGTC,11.511972,7.8490868
MSC6_CGGGCATGTCCTTTGC,10.57709,7.573227
MSC6_CGGGCATGTTCACCGG,12.388789,7.666598
MSC6_CGGGTCAAGGAATTAC,9.919632,6.1286726
MSC6_CGGGTCACACCATATG,12.505028,8.239293
MSC6_CGGGTCATCAGCACCG,13.329556,9.500018
MSC6_CGGGTGTAGAATACAC,10.748895,5.790558
MSC6_CGGGTGTTCGACCACG,11.062938,6.760803
MSC6_CGGTCAGAGTCACGAG,11.028445,8.436992
MSC6_CGGTCAGCACTACCGG,10.554588,8.111608
MSC6_CGGTCAGCATCTATCT,10.954766,6.9200406
MSC6_CGGTCAGGTACTGTTG,10.170094,7.8249125
MSC6_CGGTCAGGTCAGGTGA,13.045258,9.46051
MSC6_CGGTCAGTCTTTCTAG,12.704182,10.375815
MSC6_CGTAAGTCAACTCGTA,11.354542,7.7374372
MSC6_CGTAAGTCAGACTCTA,9.179374,9.2035885
MSC6_CGTAAGTCAGGTACGA,10.097582,9.782331
MSC6_CGTAATGGTCCCAAAT,10.871782,7.8367786
MSC6_CGTAATGGTGTATTCG,11.146005,5.251217
MSC6_CGTAGTAAGAGTCCGA,9.076243,5.858399
MSC6_CGTAGTAAGGTTGACG,12.427087,7.5170493
MSC6_CGTAGTATCACTGGTA,9.566544,8.770691
MSC6_CGTCCATTCTGGTGGC,10.80446,3.5268557
MSC6_CGTGAATAGAGTTGTA,6.3931527,3.3834982
MSC6_CGTGAATAGTGGAATT,10.931667,12.012782
MSC6_CGTGAATCACTAGAGG,11.285082,5.9584336
MSC6_CGTGAATCAGCGACCT,11.810225,5.0592084
MSC6_CGTGATAAGAGTCGAC,11.102356,6.153163
MSC6_CGTGATAAGTCTGCAT,12.590158,8.443335
MSC6_CGTGATAGTAAGTTAG,11.006917,5.812058
MSC6_CGTGATAGTCACAATC,6.7462635,4.610184
MSC6_CGTGCTTAGATTGACA,11.107209,9.225834
MSC6_CGTGCTTAGTATTAGG,10.114527,4.185787
MSC6_CGTGCTTCATCCTATT,11.191501,9.884492
MSC6_CGTGCTTCATGCACTA,9.780629,9.162166
MSC6_CGTGCTTGTCGATTCA,11.945841,9.262537
MSC6_CGTGCTTTCCGAAATC,12.485205,10.205572
MSC6_CGTGTCTAGTGGAATT,8.908313,7.501861
MSC6_CGTGTCTTCGCTAAAC,9.799589,3.5034
MSC6_CGTTAGAAGAAGAGCA,11.115224,4.347433
MSC6_CGTTAGAGTGCTTATG,10.608492,6.659603
MSC6_CGTTCTGAGGTTCTTG,9.731889,8.679618
MSC6_CGTTCTGGTTGGACCC,11.51281,9.34037
MSC6_CGTTCTGTCTAGAGCT,12.123837,6.9088907
MSC6_CGTTCTGTCTCAACGA,11.235708,10.513163
MSC6_CGTTGGGCACGTGTGC,9.77544,10.4292
MSC6_CGTTGGGGTTGAGAGC,13.118521,8.074788
MSC6_CTAACCCCAGCTACTA,11.843875,10.696902
MSC6_CTAACCCTCTACCTTA,11.942608,11.494545
MSC6_CTAACTTTCTCGACGG,11.61288,10.47538
MSC6_CTAAGTGAGTGCACTT,11.291218,11.11817
MSC6_CTAAGTGTCGCTGACG,12.249307,9.536418
MSC6_CTACAGAAGACCTTTG,11.186965,10.427108
MSC6_CTACAGAAGACGCAGT,7.2940974,4.807684
MSC6_CTACAGAGTCGTAATC,10.076978,8.063984
MSC6_CTACATTGTTGTCTAG,13.366583,6.675309
MSC6_CTACATTTCAGCTCTC,10.045812,2.9915776
MSC6_CTACATTTCCGATCGG,11.370264,10.379149
MSC6_CTACATTTCTTGAACG,10.277211,5.857351
MSC6_CTACCCAGTACTGCGC,12.67379,8.93163
MSC6_CTACCTGCAGGTCAGA,10.0727625,2.942042
MSC6_CTACCTGGTCCCTCAT,9.565099,7.167834
MSC6_CTACCTGGTCCGGTGT,12.86862,6.752633
MSC6_CTACGGGTCGCTGTTC,10.173165,3.3963547
MSC6_CTACTATAGCAAGTCG,13.216166,8.1209135
MSC6_CTACTATAGTCGCTAT,12.506789,5.985437
MSC6_CTACTATGTACCGTGC,12.943088,8.733565
MSC6_CTACTATTCTGAGTCA,10.447886,10.112912
MSC6_CTAGGTACAACGGCCT,12.643808,10.317274
MSC6_CTAGGTACACAAGGTG,10.602478,8.848019
MSC6_CTAGGTACATTCCTAT,12.811685,6.731629
MSC6_CTAGGTAGTGGACCTC,11.729522,10.779947
MSC6_CTAGGTATCCGATTAG,8.030155,5.082051
MSC6_CTAGGTATCGTCGGGT,11.819555,7.51105
MSC6_CTATAGGCACTGAGTT,9.450466,7.147337
MSC6_CTATAGGCATCATTTC,12.6033325,11.8059
MSC6_CTATAGGGTATCACCA,7.0207295,4.6813745
MSC6_CTATCCGAGTTCAACC,9.771517,5.3929477
MSC6_CTATCCGCATGGTACT,9.624708,6.349971
MSC6_CTATCCGGTGAGCTCC,12.055353,10.32361
MSC6_CTATCCGTCGTAACCA,10.94109,7.3217826
MSC6_CTATCCGTCTCTGCTG,11.059505,11.650803
MSC6_CTATCTAAGCCGGATA,11.050016,9.557
MSC6_CTATCTAAGTTCACTG,10.498094,7.1214914
MSC6_CTATCTACATGTACGT,9.279937,6.877549
MSC6_CTATCTAGTTCACGAT,9.467245,7.3323903
MSC6_CTATCTAGTTCTCCTG,11.928941,7.269632
MSC6_CTATCTATCGTGCGAC,11.295573,7.662974
MSC6_CTCAACCAGTCACTAC,11.138047,5.4278283
MSC6_CTCAACCAGTGCAACG,10.271619,6.16579
MSC6_CTCAACCGTTCTAAGC,12.218731,9.0605755
MSC6_CTCAAGAGTTTACCAG,12.298102,10.658923
MSC6_CTCAATTGTGAGGATC,13.3115425,9.171732
MSC6_CTCACTGAGAGAGTTT,8.017389,6.480107
MSC6_CTCACTGAGTCTGGTT,10.137196,3.7422132
MSC6_CTCAGAAAGAAAGTCT,11.24128,5.0327783
MSC6_CTCAGAAAGCCAGACA,11.836989,6.916909
MSC6_CTCAGAATCTCCGAAA,11.364715,6.3778744
MSC6_CTCAGGGAGGAAGTCC,13.089208,9.993542
MSC6_CTCAGGGTCCATAGGT,8.075674,4.6692724
MSC6_CTCAGTCAGCTAGTTC,11.246358,6.9235806
MSC6_CTCAGTCCAGCAAGAC,12.303502,11.804435
MSC6_CTCAGTCCATAGATGA,9.458869,4.4371767
MSC6_CTCAGTCCATTGTGCA,8.327866,5.561077
MSC6_CTCAGTCGTGCTTCAA,7.2529035,4.9861326
MSC6_CTCAGTCTCCCTCGAT,11.50347,4.182475
MSC6_CTCATCGGTAATGATG,9.753569,7.0110636
MSC6_CTCATCGGTTGATGTC,11.9566555,6.3516393
MSC6_CTCATGCAGGCCCACT,12.308701,6.15686
MSC6_CTCATGCCAAGGCCTC,9.934365,2.4262815
MSC6_CTCATGCTCATGCAGT,12.189674,9.450867
MSC6_CTCATTACAAACGGCA,10.516921,6.452748
MSC6_CTCCAACCACGATTCA,9.318086,7.124534
MSC6_CTCCAACCAGCACGAA,11.687444,4.9780064
MSC6_CTCCAACCAGCGGATA,12.5761795,6.456392
MSC6_CTCCACATCCATATGG,11.580631,9.03752
MSC6_CTCCACATCTCGGCTT,7.9596977,5.327245
MSC6_CTCCATGAGGGTGGGA,8.243265,5.2234135
MSC6_CTCCATGAGGTAACTA,9.399867,8.8174095
MSC6_CTCCATGAGTTCACTG,10.690073,11.109604
MSC6_CTCCATGCACGCGTGT,12.188618,11.718528
MSC6_CTCCCAACAAGAGATT,11.514739,4.583674
MSC6_CTCCCAACAGGACTTT,9.800445,6.550215
MSC6_CTCCCAAGTGCTCGTG,10.152617,8.2028055
MSC6_CTCCCAAGTGGACCAA,12.1128025,7.8659873
MSC6_CTCCTCCCACTAACCA,11.8597,7.8950944
MSC6_CTCCTCCCAGACCTAT,10.832749,8.88891
MSC6_CTCCTCCCAGACTCTA,9.724838,7.734559
MSC6_CTCCTTTCACGACAAG,10.202724,8.495208
MSC6_CTCCTTTTCTGGTTGA,9.278982,10.559225
MSC6_CTCCTTTTCTTCCTAA,11.665548,9.316701
MSC6_CTCGAGGAGTAGCATA,11.990061,5.251683
MSC6_CTCGAGGCAGGCACAA,10.233158,6.483937
MSC6_CTCGAGGTCGCATTGA,11.383879,7.938693
MSC6_CTCTCAGAGTGAACAT,12.492071,12.231844
MSC6_CTCTCAGGTAGCTGAG,12.410538,9.03203
MSC6_CTCTCAGTCTACACTT,8.762311,7.060733
MSC6_CTCTCGAAGATGTTGA,10.964569,3.4424953
MSC6_CTCTCGACATATCTCT,10.7220745,7.245802
MSC6_CTCTCGAGTATGGAGC,11.960029,6.7193685
MSC6_CTCTCGAGTCGTATGT,12.696137,8.97323
MSC6_CTCTGGTCAGTTAGAA,11.797032,8.96166
MSC6_CTCTGGTGTTACAGCT,9.140641,7.3156037
MSC6_CTGAATGCACAGAGAC,11.711801,4.951359
MSC6_CTGAGCGCAAATTGGA,12.121741,9.76126
MSC6_CTGAGCGCAGAGTCAG,10.155023,6.7818313
MSC6_CTGAGCGCAGTAACAA,9.437451,7.550074
MSC6_CTGAGCGCATCAGTGT,12.534376,8.146308
MSC6_CTGAGGCAGTTGTAGA,10.051965,9.212357
MSC6_CTGAGGCTCTTGCAAG,12.737013,9.051857
MSC6_CTGATCCAGCCACAAG,11.255579,8.742281
MSC6_CTGATCCAGTGCCTCG,8.626765,3.9428005
MSC6_CTGATCCGTCGGTGTC,12.585333,7.4627547
MSC6_CTGATCCGTTCAGCGC,12.928141,11.48019
MSC6_CTGATCCTCTCGAGTA,9.908791,7.3332586
MSC6_CTGCAGGTCCGCTAGG,11.361143,9.746608
MSC6_CTGCATCAGCGTGCCT,12.100491,5.755277
MSC6_CTGCATCGTCTTTCAT,11.838549,9.607155
MSC6_CTGCATCTCACCCTTG,10.671485,9.940497
MSC6_CTGCATCTCGAGTGAG,10.472443,7.1255193
MSC6_CTGCCATGTAATGCGG,9.597956,9.555251
MSC6_CTGCCATGTCACAGAG,9.37907,5.929796
MSC6_CTGCCTAAGAAAGCGA,11.492362,10.175045
MSC6_CTGCCTACACGACAAG,12.523703,9.051962
MSC6_CTGCCTAGTACGACTT,12.777633,9.093599
MSC6_CTGCCTAGTTTACGTG,11.107076,6.5342517
MSC6_CTGCCTATCCGACGGT,10.569219,8.273944
MSC6_CTGCGAGAGAGGTTTA,9.659069,7.119272
MSC6_CTGCGAGAGTGCACAG,10.263707,6.301777
MSC6_CTGCGAGGTATTCTCT,10.750175,8.682394
MSC6_CTGCGAGGTCATTGCA,9.788617,6.709826
MSC6_CTGCGAGTCGCATAGT,11.723177,5.0521684
MSC6_CTGCTCACATGTGTCA,10.836131,9.709014
MSC6_CTGCTCAGTACGACTT,9.758174,5.4594965
MSC6_CTGGACGAGGTCCGAA,12.197383,9.166371
MSC6_CTGGCAGTCAAGCCGC,11.435438,6.970926
MSC6_CTGGCAGTCACCTTGC,10.139673,8.226799
MSC6_CTGGCAGTCATTTGGG,12.020591,8.204163
MSC6_CTGGCAGTCGAACCTA,7.556415,5.029849
MSC6_CTGGTCTTCGCGTGCA,10.975239,5.2152023
MSC6_CTGGTCTTCTGGAGAG,11.1825285,3.7505472
MSC6_CTGGTCTTCTGTGCGG,10.562493,7.4870653
MSC6_CTGTACCTCGTAGGAG,11.729781,6.128535
MSC6_CTGTAGAAGGTTCCAT,12.592015,7.985936
MSC6_CTGTAGATCATTACTC,11.832202,8.873324
MSC6_CTGTATTAGACGGTTG,11.56991,7.681943
MSC6_CTGTATTAGCGCGTTC,9.5541,6.8260484
MSC6_CTGTATTCAAGACGGT,10.915755,4.2575607
MSC6_CTGTGAATCCGCTTAC,11.876835,9.84605
MSC6_CTGTGGGGTACATACC,10.498552,4.0903597
MSC6_CTTACCGAGATTGACA,11.861758,6.3392196
MSC6_CTTACCGAGGCCTTCG,12.168902,8.803676
MSC6_CTTACCGTCCTCAGAA,9.634579,8.266955
MSC6_CTTACCGTCTACCCAC,8.877933,6.1530194
MSC6_CTTAGGAGTCATAGTC,12.860353,9.238096
MSC6_CTTAGGATCATGAGAA,8.034037,4.8148704
MSC6_CTTAGGATCTAGTCAG,10.056893,4.0241857
MSC6_CTTCAATTCACTCTTA,11.5784855,6.2137117
MSC6_CTTCAATTCTACGCGG,10.661627,10.685152
MSC6_CTTCAATTCTGCATGA,10.451757,6.8376393
MSC6_CTTCCGAAGGAACTCG,11.438506,5.6857624
MSC6_CTTCCGACAAAGCGTG,11.014437,6.41513
MSC6_CTTCCGACACAGAGCA,10.77742,8.381558
MSC6_CTTCCGATCACGGTCG,8.543866,8.063777
MSC6_CTTCCTTCATAGCACT,10.499934,10.318815
MSC6_CTTCCTTGTCGCACGT,11.80459,6.1759286
MSC6_CTTCCTTGTTCAAAGA,12.764683,9.358712
MSC6_CTTCCTTTCCTACACC,13.416388,8.412061
MSC6_CTTCGGTCACCTTCCA,11.421072,5.0516853
MSC6_CTTCGGTGTTTCGACA,9.203258,7.0103526
MSC6_CTTCGGTTCCGCATAA,12.780531,10.507055
MSC6_CTTCGGTTCGCGTGAC,12.653188,7.813349
MSC6_CTTCTAAAGTGAGGTC,12.224531,7.1830006
MSC6_CTTCTAACATCCGTGG,12.63027,6.107149
MSC6_CTTCTAAGTCCTGGGT,6.041105,3.3207462
MSC6_CTTCTCTCAGGTCAAG,12.033478,8.385332
MSC6_CTTCTCTGTTGCCATA,11.826037,11.679833
MSC6_CTTGAGAAGAGTCACG,12.898871,9.77286
MSC6_CTTGAGAAGTTCTACG,13.371388,9.262832
MSC6_CTTGAGAGTGCCCTTT,11.957707,7.5986505
MSC6_CTTGAGAGTTGGCCTG,10.473591,4.579248
MSC6_CTTGAGATCACTGATG,9.34061,6.6320825
MSC6_CTTGAGATCTCCGCAT,12.355982,11.4980135
MSC6_CTTGATTAGCTAGAGC,10.344393,7.2733264
MSC6_CTTGATTTCTACCACC,12.977856,7.1745954
MSC6_CTTTCAATCTGGAGAG,9.065613,5.89825
MSC6_CTTTCGGAGCCTGAAG,10.101856,7.029835
MSC6_CTTTCGGAGGTCCTGC,11.163192,10.0724125
MSC6_CTTTCGGGTAACGCGA,8.610269,6.050989
MSC6_CTTTCGGTCACGGTCG,9.81125,8.874511
MSC6_CTTTCGGTCGGCATTA,11.122657,7.271822
MSC6_GAAACCTCACTGTTCC,9.991172,6.562935
MSC6_GAAACCTGTTGTCCCT,9.940649,9.598701
MSC6_GAAATGACAGTCGTTA,9.346716,6.1199493
MSC6_GAACACTAGAGCTGAC,9.399614,7.60212
MSC6_GAACACTAGCGTTGTT,13.504196,8.195059
MSC6_GAACACTCAGCGACCT,11.305306,8.649505
MSC6_GAACGTTCAAGTATCC,13.164163,9.306208
MSC6_GAACGTTCAGAACATA,11.115358,7.8000903
MSC6_GAACGTTGTCCAAATC,11.866524,5.432671
MSC6_GAACGTTGTTGAGTCT,12.276804,7.925655
MSC6_GAACTGTAGCGCCGTT,13.301907,7.9035254
MSC6_GAACTGTAGTTGTCGT,10.3739395,5.283296
MSC6_GAACTGTCATCGTGCG,9.973129,6.8738
MSC6_GAAGAATAGCCTGCCA,10.623698,6.2513046
MSC6_GAAGAATGTTGTACGT,11.616048,7.8788714
MSC6_GAAGAATTCACTCACC,12.174453,9.621463
MSC6_GAAGAATTCGAGAGCA,11.481252,8.245698
MSC6_GAAGCCCAGCTACGTT,10.64097,9.3495
MSC6_GAAGCCCCAATGGCCC,10.556475,8.119466
MSC6_GAAGCCCGTAGACACG,11.320735,10.82297
MSC6_GAAGCCCGTAGCTGTT,8.064212,6.056105
MSC6_GAAGCCCTCGAGAGAC,11.962148,9.920091
MSC6_GAAGCGAAGCACTGGA,10.968164,9.876675
MSC6_GAAGCGAGTACCTGTA,12.716958,7.655511
MSC6_GAAGCGAGTAGACGTG,12.528336,7.7961345
MSC6_GAAGCGAGTCAGGAGT,9.659732,9.961968
MSC6_GAAGCGAGTTCTCGTC,7.9337053,5.791204
MSC6_GAAGGACAGAAGCCTG,7.436028,5.6000586
MSC6_GAAGGACCAAATCCCA,11.945894,6.9148026
MSC6_GAAGGACCACGATAGG,7.347489,4.070471
MSC6_GAAGGACGTGGATACG,13.089086,9.162558
MSC6_GAAGGACTCGTTGCCT,11.079447,6.612347
MSC6_GAAGGGTCATTGACTG,10.939727,4.517302
MSC6_GAAGGGTGTGAAGCTG,11.030556,6.803437
MSC6_GAAGGGTGTGGCCTCA,10.786979,8.545484
MSC6_GAAGGGTGTGTCACAT,11.681546,10.740679
MSC6_GAAGGGTTCGGAAGGT,11.646235,7.2173634
MSC6_GAAGGGTTCTTTGGAG,10.445505,5.132276
MSC6_GAATAGAAGGTAAAGG,11.14277,9.656422
MSC6_GAATCACAGCGATCGA,11.117884,7.692962
MSC6_GAATCGTAGAGCATAT,13.09922,9.898149
MSC6_GAATCGTAGCCTCGTG,10.659197,8.595794
MSC6_GAATCGTAGTACTCGT,10.231626,3.2344193
MSC6_GACACGCCAGCTCTGG,9.6493225,10.100805
MSC6_GACACGCGTACCCACG,11.612887,5.6075587
MSC6_GACACGCGTCGGAAAC,12.022097,10.602979
MSC6_GACACGCGTTTCTTAC,10.93678,6.17908
MSC6_GACACGCTCGCGTAGC,11.554492,7.4103093
MSC6_GACAGCCCAATCTCGA,13.104797,8.397496
MSC6_GACAGCCCACCAGCGT,11.950042,9.624611
MSC6_GACAGCCCACTACACA,9.227082,5.2491198
MSC6_GACAGCCTCCCAAGCG,12.187368,8.926715
MSC6_GACAGCCTCCTATTTG,10.3681755,7.475792
MSC6_GACAGCCTCGTCAGAT,10.817802,6.320382
MSC6_GACAGCCTCTGTCAGA,10.043953,7.703498
MSC6_GACATCAAGATTGACA,9.813787,5.3891635
MSC6_GACATCACAATTGCCA,9.465235,5.692946
MSC6_GACATCATCGCAATTG,10.588005,7.0637813
MSC6_GACATCATCTTACGTT,12.763439,11.386562
MSC6_GACCAATAGAAGTCAT,7.474446,4.4846773
MSC6_GACCAATAGAAGTGTT,8.476915,5.771502
MSC6_GACCAATAGGAGTACC,8.351255,5.7126203
MSC6_GACCAATGTGCGACAA,10.354557,7.9619517
MSC6_GACCCAGAGCACTAGG,12.296805,8.028848
MSC6_GACCCAGCAGACAATA,11.219579,8.013044
MSC6_GACCCAGTCCATAAGC,12.953353,9.23842
MSC6_GACCCTTGTTGACGGA,10.483386,2.2874742
MSC6_GACCCTTGTTTACGAC,12.050155,8.968476
MSC6_GACCCTTTCGTTACCC,12.736089,12.059142
MSC6_GACCGTGCAGAGTTCT,12.898409,9.259875
MSC6_GACCGTGCATGACAAA,10.762859,7.116884
MSC6_GACCTTCCAGCAGACA,12.302462,10.006683
MSC6_GACCTTCGTAAGAACT,10.378052,7.686603
MSC6_GACCTTCGTTGCTCCT,12.893181,6.4200606
MSC6_GACGCTGAGTGCCAGA,11.306401,11.358745
MSC6_GACGTTAAGGATTCCT,11.4978485,9.857558
MSC6_GACGTTACAAATAGCA,12.494368,8.189032
MSC6_GACGTTACAGCGTGAA,10.368145,7.5184693
MSC6_GACGTTAGTCCCGCAA,12.321794,8.551799
MSC6_GACGTTAGTGGAACCA,6.3105416,3.8670018
MSC6_GACGTTATCTACGCGG,11.4666,10.628143
MSC6_GACTATGAGAGAGCAA,11.665161,8.445522
MSC6_GACTATGTCCCGGTAG,12.070387,6.5307684
MSC6_GACTATGTCTCGGGAC,11.443294,10.631188
MSC6_GACTCAACATGGATCT,11.872884,8.906825
MSC6_GACTCAAGTCGCAACC,10.826805,5.7489243
MSC6_GACTCTCGTTGGCCGT,11.580478,8.932349
MSC6_GACTCTCTCAGTCATG,10.906045,4.9889407
MSC6_GACTCTCTCTATCGGA,10.579835,11.342836
MSC6_GACTGATCAGTTGGTT,10.916216,4.284643
MSC6_GACTTCCAGCTGTTCA,10.613055,2.4120655
MSC6_GACTTCCTCACCATAG,10.369494,11.221745
MSC6_GAGAAATAGAGGCTGT,12.2628975,6.687692
MSC6_GAGAAATAGGAACGAA,9.855584,4.6012726
MSC6_GAGAAATTCAAGAGTA,10.769008,5.608506
MSC6_GAGAAATTCATACGGT,9.326506,7.777122
MSC6_GAGAAATTCCCGTTCA,9.809899,9.507393
MSC6_GAGACCCAGAACAGGA,10.421308,3.4998841
MSC6_GAGACCCTCGACCACG,11.654613,7.5891614
MSC6_GAGACTTCAGGATGAC,10.994425,10.567444
MSC6_GAGACTTCATGTGCTA,13.444165,8.832003
MSC6_GAGAGGTAGATGCTTC,13.292756,8.700979
MSC6_GAGAGGTAGCTAATGA,10.422729,7.101032
MSC6_GAGAGGTCACCTCTAC,10.753953,2.987392
MSC6_GAGAGGTCATGCACTA,10.461164,8.167095
MSC6_GAGATGGCATCAGCTA,10.023857,8.663344
MSC6_GAGATGGTCAAGAGTA,10.143965,6.9708376
MSC6_GAGCCTGCATATGAAG,8.820893,7.0083323
MSC6_GAGCCTGTCGGCACTG,12.484863,7.9405417
MSC6_GAGCCTGTCGTTCGCT,11.322612,7.6626077
MSC6_GAGCTGCAGCCGTCGT,6.2462997,3.839848
MSC6_GAGCTGCAGCGTTAGG,10.34795,2.2353344
MSC6_GAGCTGCCAAGATCCT,12.464125,10.508727
MSC6_GAGCTGCTCACGTCCT,11.54312,6.5204935
MSC6_GAGCTGCTCAGTCACA,10.686868,2.5647287
MSC6_GAGCTGCTCTTTGGAG,11.310481,10.247345
MSC6_GAGGCAAAGTGAGGTC,10.702882,2.5971372
MSC6_GAGGCAAGTCTGCGCA,12.016916,7.037171
MSC6_GAGGCCTCAAGCGAGT,11.117518,8.71635
MSC6_GAGGCCTGTGTCATCA,10.364458,9.014009
MSC6_GAGGGATAGGTTGTTC,10.363564,8.69676
MSC6_GAGGGATGTGTGTGGA,9.598636,5.966792
MSC6_GAGGGTACAGGTACGA,11.369544,9.117553
MSC6_GAGGGTATCTCATTTG,9.605496,5.6219325
MSC6_GAGTCATAGCAGCCCT,13.230406,9.74324
MSC6_GAGTCATAGCCTCTCT,7.155591,4.500791
MSC6_GAGTCATCACAGCCAC,11.118024,7.149213
MSC6_GAGTCATCACGACGAA,11.704198,5.639927
MSC6_GAGTCATTCTGCGAGC,8.146878,5.862742
MSC6_GAGTCTACAACACAAA,10.850978,6.93501
MSC6_GAGTCTACAACCCGCA,11.399087,7.98332
MSC6_GAGTCTAGTCAGTTTG,10.038379,2.661228
MSC6_GAGTCTAGTGGATCAG,11.009348,7.321282
MSC6_GAGTCTATCCCGAGAC,9.779988,7.77097
MSC6_GAGTCTATCTACGGTA,9.89493,7.1560407
MSC6_GAGTCTATCTTTGGAG,9.129644,8.197146
MSC6_GAGTGTTCACTGCACG,9.450887,6.219517
MSC6_GAGTGTTCAGACTGCC,13.002781,8.478563
MSC6_GAGTTACGTAGTTACC,10.356997,9.1297
MSC6_GAGTTGTAGGACTGGT,11.677701,8.92516
MSC6_GAGTTGTGTACGACTT,10.5085535,7.62498
MSC6_GAGTTGTGTGGAGAAA,8.785456,8.134572
MSC6_GAGTTGTGTGGGTCAA,12.259505,10.086171
MSC6_GAGTTGTTCCAAATGC,9.8177185,7.933173
MSC6_GAGTTTGAGTAATACG,10.567097,3.134276
MSC6_GAGTTTGTCCATTGCC,11.605635,9.512782
MSC6_GATAGAACAAACACCT,11.966262,11.272438
MSC6_GATAGCTGTGACAGGT,12.244357,7.8777127
MSC6_GATAGCTGTTGACTAC,9.419722,7.749052
MSC6_GATAGCTTCTCATTTG,10.429262,3.3179061
MSC6_GATCACAGTCCACTTC,12.145451,5.4299817
MSC6_GATCACAGTTACCTGA,8.932294,7.897585
MSC6_GATCATGAGGAGCAAA,6.5416613,4.445067
MSC6_GATCATGCACGGTAGA,12.872339,8.08766
MSC6_GATCATGGTACAATAG,12.310474,6.5393324
MSC6_GATCATGGTTCTAAGC,12.888531,10.731779
MSC6_GATCATGTCGTAGAGG,10.701454,5.163781
MSC6_GATCCCTAGTCGGGAT,12.071183,7.8113275
MSC6_GATCCCTCACGGATCC,10.003931,3.144471
MSC6_GATCCCTCACTGTGAT,12.33704,7.3867235
MSC6_GATCCCTTCGAGCCTG,12.376756,7.5662675
MSC6_GATCGTAAGTGTTCCA,11.391163,4.7996583
MSC6_GATGACTCACTAGGTT,12.899851,9.721379
MSC6_GATGACTGTAGCTGCC,12.137599,9.00499
MSC6_GATGACTGTTCCGTTC,10.454379,7.583051
MSC6_GATGACTTCAGTCTTT,9.948341,6.410702
MSC6_GATGAGGCACCATATG,11.349443,11.355932
MSC6_GATGAGGCATCCTTCG,12.094707,8.567069
MSC6_GATGAGGGTGTCCACG,13.051455,8.344052
MSC6_GATGAGGGTTCGGCTG,8.090925,4.467492
MSC6_GATGATCCAAATGGCG,8.579267,6.4152327
MSC6_GATGATCCAAGAATGT,10.8192,2.5523453
MSC6_GATGATCGTCACTCTC,10.607512,5.826335
MSC6_GATGATCTCCTCTTTC,9.270074,7.1937294
MSC6_GATGCTAAGGGATCGT,12.903769,6.2755
MSC6_GATGCTACACAACCGC,8.626878,6.8202167
MSC6_GATGCTAGTATCCTCC,9.917329,7.5454226
MSC6_GATGCTATCTACTTCA,10.081525,7.6048784
MSC6_GATGTTGAGTCTGGAG,9.402553,8.327066
MSC6_GATGTTGCAATCGTCA,10.683726,7.0803113
MSC6_GATGTTGCATTGTAGC,10.727268,11.615242
MSC6_GATGTTGGTACTGCGC,11.118229,6.465479
MSC6_GATGTTGGTCCCTCAT,10.445819,5.54551
MSC6_GATTCTTGTCACTAGT,13.146284,6.1479254
MSC6_GATTGGTCAGCAAGAC,10.742094,4.723735
MSC6_GATTTCTCACTACACA,9.242223,8.355713
MSC6_GATTTCTGTACTCGCG,10.444908,5.45384
MSC6_GCAACATGTCAGGCAA,10.038273,6.238265
MSC6_GCAACATTCTAAGCCA,11.407585,7.690754
MSC6_GCAACCGCACTGGATT,9.216847,8.564482
MSC6_GCAACCGCATGCCATA,11.84957,6.9137053
MSC6_GCAACCGTCGCCAGAC,10.689105,4.0596576
MSC6_GCACATAAGACAACTA,12.59198,10.613471
MSC6_GCACATAAGGTAAGAG,11.724055,9.028584
MSC6_GCACATACAAATCGTC,12.172181,8.0695
MSC6_GCACATACACTCCCTA,9.3341465,7.9994326
MSC6_GCACATAGTCAAATCC,12.92724,9.197674
MSC6_GCACATAGTGCCTAAT,11.449694,4.6353726
MSC6_GCACATAGTGCTATTG,12.060303,8.419679
MSC6_GCACATATCTCCCAAC,10.74226,8.347031
MSC6_GCACGGTAGACATAAC,9.068298,6.030036
MSC6_GCACGGTTCTTAGCTT,10.481998,7.2537155
MSC6_GCACGTGGTCCACATA,10.376245,4.569458
MSC6_GCACGTGTCACTTGGA,9.918239,6.873673
MSC6_GCACGTGTCAGAGTTC,11.139976,8.292367
MSC6_GCACGTGTCGATCCAA,9.574021,8.037262
MSC6_GCACTAACAAGGTCTT,12.748618,8.269545
MSC6_GCAGGCTAGTAACGAT,9.37013,8.007576
MSC6_GCAGGCTTCCACGGGT,10.930235,6.431089
MSC6_GCAGTTATCAACCTTT,10.396115,5.0054574
MSC6_GCATCGGAGTCATGGG,11.83738,7.2728333
MSC6_GCATCGGCACTATCCC,10.640384,6.052597
MSC6_GCATCGGCAGCAGTTT,8.966217,8.875769
MSC6_GCATCGGTCCAAAGGG,12.864296,10.47497
MSC6_GCATCTCAGTGTACCT,11.797508,10.31527
MSC6_GCATCTCTCTACGGGC,10.083614,4.93893
MSC6_GCATGATGTGGCATCC,10.841032,5.3608713
MSC6_GCATGATGTTCCTTGC,11.891353,8.036005
MSC6_GCATGATTCAAGTAAG,12.924025,7.7704883
MSC6_GCATTAGTCATGAGAA,12.8665695,8.787226
MSC6_GCCAACGGTGATATAG,9.910901,10.267525
MSC6_GCCAACGGTGGTCTAT,9.617786,6.7317486
MSC6_GCCAGCAAGATGATTG,11.151004,3.8807855
MSC6_GCCAGCAAGTAGAGTT,10.692789,3.0981069
MSC6_GCCAGCACAGCTTCCT,11.808139,9.366036
MSC6_GCCAGCAGTGAGCTCC,13.145655,7.538779
MSC6_GCCAGCATCCGGACTG,12.750869,6.7597322
MSC6_GCCAGGTTCCACGAAT,10.230525,8.741008
MSC6_GCCAGGTTCTGGGCGT,12.389615,7.4823737
MSC6_GCCAGTGAGATAGCTA,10.426198,2.7518418
MSC6_GCCAGTGCAACGGTAG,8.331889,5.923778
MSC6_GCCAGTGCAGCTGAAG,11.720651,8.611653
MSC6_GCCAGTGTCTCCGATC,11.074467,7.519249
MSC6_GCCATGGAGGGAGTGG,11.321874,5.330244
MSC6_GCCATGGTCAAGGAGC,9.459681,4.6440244
MSC6_GCCATGGTCTACCAGA,11.13403,6.824851
MSC6_GCCATTCCAAAGACTA,8.409263,4.879307
MSC6_GCCATTCCACGCTATA,12.496575,10.103789
MSC6_GCCATTCTCACTTCTA,11.519199,5.952239
MSC6_GCCATTCTCTCCGAGG,8.835637,8.054157
MSC6_GCCCAGAAGTACAGCG,10.553552,7.3487306
MSC6_GCCCAGACAAACTCTG,11.1639595,11.399327
MSC6_GCCCGAAAGTCCGCCA,13.357596,7.9993
MSC6_GCCCGAAAGTTGTAAG,11.086692,6.3282175
MSC6_GCCCGAACAGTAGTTC,11.795017,9.275411
MSC6_GCCGTGAAGTATAACG,11.476384,6.759324
MSC6_GCCGTGACAGTCGAGA,11.469745,5.519956
MSC6_GCCGTGAGTCAGGAGT,12.757058,7.293277
MSC6_GCCGTGATCCGGGACT,10.866987,7.667694
MSC6_GCCTGTTAGGTAGACC,11.289602,10.860552
MSC6_GCGAGAAAGTTACGTC,12.544408,7.2065907
MSC6_GCGAGAACAACCTATG,11.480768,9.487343
MSC6_GCGAGAACATCCAATG,10.783478,7.2854753
MSC6_GCGAGAAGTACTCCCT,11.874372,8.857813
MSC6_GCGAGAAGTCAAAGTA,9.717591,8.301621
MSC6_GCGAGAAGTGGCAGAT,10.199094,3.0827222
MSC6_GCGATCGCATGACGAG,11.605273,9.423952
MSC6_GCGATCGCATGTTTGG,12.646623,9.847102
MSC6_GCGATCGGTGAGATCG,12.089543,7.2340245
MSC6_GCGATCGGTGCGAACA,10.626068,6.3816357
MSC6_GCGATCGTCTAGATCG,10.181395,5.3893948
MSC6_GCGGAAAGTCATCTAG,12.243579,9.065867
MSC6_GCGGATCCATTGGATC,10.22277,4.34945
MSC6_GCGGATCTCTTTGCTA,10.552629,10.13841
MSC6_GCGTGCACAGAGCCCT,10.139613,8.159497
MSC6_GCGTGCACAGGACTAG,12.948265,6.5942755
MSC6_GCGTGCATCCATCTCG,11.643751,10.813214
MSC6_GCGTTTCAGCCAGAGT,10.322761,6.652667
MSC6_GCGTTTCCACTCCTGT,12.908969,10.155722
MSC6_GCGTTTCTCGCCAGTG,9.973408,8.10438
MSC6_GCTACAAAGCATCAGG,11.633593,7.4347
MSC6_GCTACAATCCTTCGAC,11.032065,3.3197377
MSC6_GCTACCTAGCGCCCAT,9.872814,8.973511
MSC6_GCTACCTGTTGCCGAC,7.825713,4.440589
MSC6_GCTCAAAAGGCGACAT,12.150491,6.3989854
MSC6_GCTGAATAGGTGCATG,11.8499155,7.826229
MSC6_GCTGAATCACCGCTAG,10.333067,7.7424216
MSC6_GCTGAATTCCTGTTGC,12.380188,8.191176
MSC6_GCTGAATTCGCACGGT,11.318023,6.6866217
MSC6_GCTGCAGCAAATAAGC,10.788022,5.440158
MSC6_GCTGCAGTCAAAGACA,10.923387,4.509601
MSC6_GCTGGGTCAAGCGAGT,12.083446,8.041254
MSC6_GCTGGGTCAGCTGTGC,12.269601,6.674913
MSC6_GCTGGGTTCTCAACGA,10.339749,9.669705
MSC6_GCTTGGGGTAATGTGA,9.882921,6.2133594
MSC6_GCTTTCGGTCCCTGTT,11.601214,9.87253
MSC6_GGAACCCAGATTCGCT,10.455257,9.0954075
MSC6_GGAACCCGTAACATCC,11.532311,7.8950033
MSC6_GGAACCCGTAGTCGGA,11.075198,7.147027
MSC6_GGAAGTGAGTACTCGT,9.974694,2.4224868
MSC6_GGAATCTAGCGTTGTT,12.370994,7.6935873
MSC6_GGAATCTCAACATCGT,11.19715,5.799237
MSC6_GGAATCTCACAAACGG,10.376857,8.993127
MSC6_GGAATCTCAGAGCTAG,11.719247,6.4598603
MSC6_GGAATGGAGGCATCTT,9.213505,4.8745384
MSC6_GGAATGGTCACTAGCA,10.884265,5.6768003
MSC6_GGAGAACAGCCTTTCC,12.179417,9.822096
MSC6_GGAGAACGTACTGTTG,8.616507,6.6186686
MSC6_GGAGAACGTATGGGAC,12.744167,7.061472
MSC6_GGAGATGAGGACTAAT,9.566915,5.7996864
MSC6_GGAGATGAGTAACCGG,9.405784,10.36597
MSC6_GGAGATGAGTCGCCCA,11.66277,6.050399
MSC6_GGAGATGGTCACTTAG,12.616668,8.830012
MSC6_GGAGATGGTCTTCGAA,9.882761,3.3538105
MSC6_GGAGCAAAGCATCTTG,13.428543,7.451241
MSC6_GGAGCAAAGCTAATCC,10.776175,6.3283453
MSC6_GGAGCAAGTACTCGTA,8.935607,9.844234
MSC6_GGAGCAATCCATCAGA,11.78293,8.886031
MSC6_GGAGCAATCCTGCCAT,8.068073,4.6958046
MSC6_GGAGGATAGACTTCGT,12.839038,6.7753534
MSC6_GGAGGATGTCCCGGTA,11.630267,9.20864
MSC6_GGAGGATTCGTAGGGA,10.679766,7.2720375
MSC6_GGAGGTAAGGGTAATT,11.20677,8.554513
MSC6_GGATCTACAAAGCTAA,10.80481,3.2154164
MSC6_GGATCTAGTCACTCAA,10.744145,2.5530899
MSC6_GGATCTAGTCGTATGT,12.693303,7.7458067
MSC6_GGATGTTGTTTGGGAG,11.885358,5.7846584
MSC6_GGATGTTTCTTACACT,9.985281,8.009612
MSC6_GGCACGTCACGGTGCT,10.950737,8.759152
MSC6_GGCACGTGTGCTCGTG,11.706152,6.3332167
MSC6_GGCAGTCAGCAATTCC,10.334694,4.7628427
MSC6_GGCAGTCCATATGAAG,9.166542,9.068204
MSC6_GGCAGTCGTCCAGTTA,12.222245,10.899024
MSC6_GGCAGTCGTTCGAGCC,10.172866,9.083685
MSC6_GGCAGTCTCATGAGGG,12.1496935,7.3881407
MSC6_GGCGTCACAGTCGAGA,12.216814,7.038935
MSC6_GGCGTCACATCTTCGC,13.36899,7.1249523
MSC6_GGCTGTGCAGGCAATG,10.640488,8.963663
MSC6_GGCTGTGGTCCTCCAT,13.148619,7.80155
MSC6_GGCTGTGGTGAGTTGG,9.98533,6.691066
MSC6_GGCTTGGAGCGCATCC,12.735311,9.498157
MSC6_GGCTTGGTCACTGTCC,11.623264,7.0374975
MSC6_GGCTTTCCAAGACCGA,11.065938,4.476728
MSC6_GGCTTTCCACGTCATA,12.344198,9.393905
MSC6_GGGAAGTCACTGGATT,10.742207,6.583755
MSC6_GGGACAAGTCCATAGT,11.193719,3.851756
MSC6_GGGACCTCACGACAGA,11.072854,7.5397925
MSC6_GGGACCTCAGACATCT,12.097385,7.060548
MSC6_GGGACCTCAGCATACT,11.603342,4.916441
MSC6_GGGACCTGTTAGGAGC,12.400223,9.595728
MSC6_GGGACCTGTTCCCAAA,10.888276,7.0414042
MSC6_GGGACCTTCCACACAA,8.761194,5.79536
MSC6_GGGACTCCAGCGTGAA,11.705224,10.654177
MSC6_GGGACTCGTGAATGTA,10.092238,9.102235
MSC6_GGGACTCTCACCCTGT,12.135973,5.7982793
MSC6_GGGAGATCACAAGCAG,9.946783,9.504451
MSC6_GGGAGATCACCCTCTA,10.417246,8.683469
MSC6_GGGAGATCACTAGTAC,10.638878,8.399549
MSC6_GGGAGATGTATCAGGG,10.310686,6.425015
MSC6_GGGAGATGTGGTACAG,9.455518,9.768656
MSC6_GGGAGTACAACGATCT,12.393066,9.1550045
MSC6_GGGAGTACATGAAGCG,9.067091,5.5147038
MSC6_GGGAGTATCAGACCCG,11.5305395,6.016318
MSC6_GGGATCCCACAAAGTA,11.100094,8.946565
MSC6_GGGATCCCAGTGTGCC,11.507921,5.581474
MSC6_GGGATCCGTATACGGG,11.742824,7.1661897
MSC6_GGGATCCTCACCCTCA,12.423942,10.971855
MSC6_GGGCCATAGCACTCTA,11.399521,6.7522774
MSC6_GGGCCATAGCCTGTCG,12.407912,8.3430605
MSC6_GGGCGTTAGCCGAACA,8.660295,6.3044453
MSC6_GGGCGTTAGCGTGTTT,10.640291,5.443656
MSC6_GGGCGTTCACCTGCGA,11.32983,8.329115
MSC6_GGGCGTTGTGAATATG,9.254829,8.988333
MSC6_GGGCGTTGTGATGTAA,9.041762,8.142882
MSC6_GGGCGTTGTGTACAGG,9.64256,5.278841
MSC6_GGGCTACAGGAGAGGC,12.813003,7.147644
MSC6_GGGCTACCAACCACGC,12.225795,8.10083
MSC6_GGGCTACTCTCATGGA,11.101948,4.788219
MSC6_GGGCTCACAACTTGGT,11.088496,7.2809186
MSC6_GGGCTCACAGCGACAA,8.135249,6.2896085
MSC6_GGGCTCACAGGCCCTA,12.89998,9.275732
MSC6_GGGCTCAGTAACATCC,10.482286,8.184939
MSC6_GGGCTCAGTCCAGCGT,11.287949,4.1853514
MSC6_GGGTAGAAGAGTCAGC,9.651043,5.211881
MSC6_GGGTAGAAGGAGTACC,12.700563,5.7871127
MSC6_GGGTAGACAAGGACAC,12.3665905,8.153957
MSC6_GGGTAGACATATCTGG,10.021956,8.737595
MSC6_GGGTAGAGTGGTTCTA,10.423808,2.3062818
MSC6_GGGTAGATCTGTTGGA,11.203326,7.0122266
MSC6_GGGTATTGTCCGTACG,11.253701,4.5524316
MSC6_GGGTATTTCGGTGAAG,12.341527,9.276939
MSC6_GGGTCACAGAGTCTTC,11.575353,5.8621526
MSC6_GGGTCACAGCTAAACA,10.9436035,8.941736
MSC6_GGGTCACAGGTACATA,12.970811,9.010686
MSC6_GGGTCACAGTTGAAGT,12.134241,9.009425
MSC6_GGGTCACCAGGTTTAC,10.498081,9.483939
MSC6_GGGTCACGTGCCTATA,12.438893,7.268018
MSC6_GGGTCACTCTTTGCAT,12.987123,8.4707155
MSC6_GGGTCTGAGCTGGCTC,13.203074,7.5261836
MSC6_GGGTCTGCACGACAAG,11.867866,7.8837953
MSC6_GGGTCTGGTAACTGCT,10.038931,7.2205033
MSC6_GGGTGTCAGCTCAGAG,10.12881,8.832448
MSC6_GGGTGTCTCTCTGCCA,12.839609,7.1314564
MSC6_GGGTGTCTCTGAGTCA,10.784054,6.980035
MSC6_GGGTTATCAATTGGTC,12.606629,6.8280807
MSC6_GGGTTATCATGCGTGC,12.349122,7.4264517
MSC6_GGGTTATGTGCCGGTT,11.111059,10.09675
MSC6_GGGTTATTCACGTAGT,10.001839,7.856568
MSC6_GGGTTTAAGTCCTACA,10.048498,6.301212
MSC6_GGGTTTACAAGACGAC,8.595219,5.6545873
MSC6_GGTAACTGTATGTGTC,10.749091,5.246131
MSC6_GGTAACTTCCACAGGC,9.890814,7.823281
MSC6_GGTAACTTCGAGAATA,12.1683855,8.912641
MSC6_GGTAATCAGCACCAGA,13.21462,8.313282
MSC6_GGTAATCGTAGCTTGT,10.971039,5.7917666
MSC6_GGTAGAGTCAATCCAG,11.665328,6.8193088
MSC6_GGTCACGTCCGTCACT,10.972813,4.6359725
MSC6_GGTCACGTCTGTGTGA,10.219531,9.547683
MSC6_GGTCTGGAGACGTCCC,9.656668,5.7279997
MSC6_GGTCTGGCAAGGAGTC,9.713885,8.770202
MSC6_GGTCTGGCATCCTTCG,12.007221,7.6372004
MSC6_GGTCTGGTCGATTTCT,12.237649,7.541993
MSC6_GGTGAAGGTGATACTC,9.544585,4.3763328
MSC6_GGTGAAGTCAGAATAG,10.385048,6.6932607
MSC6_GGTGATTAGGATACGC,10.759793,10.012859
MSC6_GGTGATTGTAGTTACC,8.292957,6.4189115
MSC6_GGTGGCTGTTCGAGCC,12.994802,6.418008
MSC6_GGTGTCGGTTAAGAAC,12.526908,10.380709
MSC6_GGTGTCGTCCATCTGC,10.430014,2.090531
MSC6_GGTTAACAGACTAAGT,11.492897,12.090353
MSC6_GGTTAACAGCATACTC,10.447995,6.726183
MSC6_GGTTAACAGTTCCTGA,9.483008,13.829421
MSC6_GGTTAACCAGAACCGA,10.327771,5.8752093
MSC6_GGTTCTCGTATGTGTC,13.379036,8.845326
MSC6_GGTTGTAAGTGGACTG,9.149388,7.3714714
MSC6_GGTTGTACACAAGTGG,11.555142,6.9861593
MSC6_GGTTGTATCAAGTCTG,13.425611,7.3786736
MSC6_GTAACACAGCCTCCAG,12.419588,11.366004
MSC6_GTAACACCACCTCTGT,13.3096695,8.701639
MSC6_GTAACACCATGCCGGT,8.263802,7.022179
MSC6_GTAACACTCCAAGAGG,9.78503,10.088776
MSC6_GTAACACTCGATTGAC,10.946291,10.673442
MSC6_GTAACACTCGTTCATT,8.155096,5.2771754
MSC6_GTAACCAGTCAACGCC,11.931113,7.2315397
MSC6_GTAACCAGTTCGAAGG,11.665665,9.776955
MSC6_GTAACCATCGAGAGAC,9.418659,6.880774
MSC6_GTAAGTCAGCACGATG,9.816466,5.8972573
MSC6_GTAAGTCAGCCTAGGA,13.033102,7.976766
MSC6_GTAAGTCAGTGCAGCA,9.5737705,8.075701
MSC6_GTAAGTCCATGGAATA,12.170715,7.6352696
MSC6_GTAATCGAGTTAGTAG,8.978328,7.6825943
MSC6_GTAATGCAGCGTGTTT,12.905053,8.663189
MSC6_GTACAACCAAACACGG,11.439123,8.420841
MSC6_GTACAACCAGGACTTT,11.7664585,5.6354923
MSC6_GTACAACGTGACCGAA,10.647295,5.8236094
MSC6_GTACAACGTTCAAGGG,11.21538,10.194674
MSC6_GTACAACTCATCACAG,12.911301,7.246184
MSC6_GTACAACTCTCGCTTG,10.436002,3.8087993
MSC6_GTACAACTCTGGTGCG,10.169235,6.462411
MSC6_GTACAACTCTTGGATG,10.304181,9.468574
MSC6_GTACAGTAGCACTTTG,11.074504,6.7884617
MSC6_GTACAGTAGGTGCTGA,10.030206,9.8689785
MSC6_GTACAGTCACATTCTT,11.29375,10.574971
MSC6_GTACAGTTCCAAACCA,11.455271,10.204795
MSC6_GTAGAAAAGGCATTTC,13.0250025,8.914678
MSC6_GTAGAAAAGTCAGGGT,8.072946,5.9680357
MSC6_GTAGAAAAGTTGTCAC,11.152258,7.799264
MSC6_GTAGAAAGTTCGGCTG,11.134788,5.494799
MSC6_GTAGATCAGGCCTGAA,11.028407,7.203952
MSC6_GTAGATCGTAGAATAC,11.146229,8.68251
MSC6_GTAGGTTCAAAGGGCT,13.232155,7.2968984
MSC6_GTAGGTTCAAGTATCC,10.706459,6.407651
MSC6_GTAGGTTCACAGCATT,10.807374,2.3831868
MSC6_GTAGGTTCACTGCACG,9.749226,8.382303
MSC6_GTAGGTTGTCAGACGA,13.491115,7.1236377
MSC6_GTAGTACAGTACAACA,9.96352,3.3584635
MSC6_GTAGTACCAATTTCGG,12.794708,6.694815
MSC6_GTAGTACTCCCACAGG,11.133007,4.3448076
MSC6_GTAGTACTCCCGGTAG,10.548258,8.132483
MSC6_GTATTGGCAGAACTTC,10.828852,6.5482116
MSC6_GTATTGGCATGACTTG,11.201577,7.714013
MSC6_GTATTGGTCTCTGACC,10.465379,8.83155
MSC6_GTATTTCAGCAGTAAT,11.563603,6.807107
MSC6_GTATTTCAGCCTCAGC,11.579095,9.417072
MSC6_GTATTTCTCGTGGGAA,10.938493,6.5870523
MSC6_GTCAAACAGACCAAAT,11.515343,8.476425
MSC6_GTCAAGTGTGAGTGAC,10.674162,5.6898246
MSC6_GTCACGGAGGGAGAAT,10.275236,2.9276807
MSC6_GTCACGGGTCTACGTA,9.354393,6.0820694
MSC6_GTCACGGGTGTTCAGT,10.34334,4.742497
MSC6_GTCACTCCACGCAAAG,10.857375,5.0642576
MSC6_GTCACTCCAGGAGGAG,11.712767,10.787576
MSC6_GTCACTCGTAAGCAAT,8.459115,5.032414
MSC6_GTCAGCGGTAGCGCTC,12.353114,8.781973
MSC6_GTCAGCGGTCCACATA,10.879152,8.433321
MSC6_GTCAGCGTCTTACGTT,8.69562,7.7016754
MSC6_GTCATGAGTAGAGCTG,10.02881,7.6812882
MSC6_GTCATTTGTTATCTTC,10.7724495,8.264741
MSC6_GTCATTTTCTTGGCTC,10.569406,8.367673
MSC6_GTCCACTCAGAATCGG,11.884549,9.235824
MSC6_GTCCACTGTGCACGCT,11.0138445,7.151783
MSC6_GTCCCATAGGAGCAAA,11.896376,8.949767
MSC6_GTCCCATAGTACGAGC,12.165744,7.215013
MSC6_GTCCCATCAAGGATGC,9.94278,6.0395975
MSC6_GTCCCATCACGGCCAT,11.96966,9.047019
MSC6_GTCCCATCAGTTGAAA,10.047838,2.6889408
MSC6_GTCCCATGTAGGCAAC,10.312065,7.728345
MSC6_GTCCCATTCCGTATAG,12.4163265,7.510425
MSC6_GTCCTCAAGCGTGTCC,12.794894,8.646154
MSC6_GTCCTCAAGTGCTCGC,11.45746,8.460054
MSC6_GTCCTCACAGTCCGTG,11.922137,8.244209
MSC6_GTCCTCATCGATACGT,10.414851,7.501297
MSC6_GTCGAATGTCACTCAA,10.866241,9.3652315
MSC6_GTCGAATTCGGCTATA,10.024242,2.7054427
MSC6_GTCGCGACACGAAGAC,11.287032,7.726389
MSC6_GTCGCGACACGGTGTC,9.130823,6.957101
MSC6_GTCGCGACAGAGTCTT,10.908947,11.227744
MSC6_GTCGTAAAGAGAGCCT,13.3271,7.7246237
MSC6_GTCGTAAAGCTTCTAG,11.242335,9.557838
MSC6_GTCGTAAAGTTGTCGT,10.566059,3.8767028
MSC6_GTCGTAAGTCAGACTT,11.128262,8.402775
MSC6_GTCGTTCAGCCTCCAG,12.434954,10.266876
MSC6_GTCTACCGTGCAATGG,10.341417,9.334529
MSC6_GTCTAGACATGACACT,10.681114,8.462672
MSC6_GTCTAGATCGATGCAT,11.067836,4.4387937
MSC6_GTCTAGATCGGCTGAC,12.732151,9.556661
MSC6_GTCTAGATCTGGAGAG,12.845023,9.240708
MSC6_GTCTCACAGGTCCTGC,10.366424,3.6545022
MSC6_GTCTCACCACGACCTG,12.086145,11.335232
MSC6_GTCTGTCCAATCTAGC,6.296878,3.8872657
MSC6_GTCTGTCCAGGCACTC,11.866017,11.420535
MSC6_GTCTTTAAGAGTATAC,13.198007,8.832358
MSC6_GTGACGCCACCCTTGT,10.848438,3.8162482
MSC6_GTGACGCGTTCTCAGA,10.648369,4.582017
MSC6_GTGACGCTCGAAACAA,12.415248,8.258556
MSC6_GTGAGCCGTCCATAGT,11.784115,5.6892977
MSC6_GTGAGCCTCTTGGCTC,10.929627,7.407538
MSC6_GTGAGGAAGTCTACCA,10.438049,9.901787
MSC6_GTGAGGACACAGTATC,11.184561,7.0461707
MSC6_GTGAGGACAGTGTGCC,12.744628,6.7381625
MSC6_GTGAGGAGTAGCTGAG,11.536919,6.571643
MSC6_GTGAGGAGTCTTCGAA,8.44076,7.872309
MSC6_GTGAGGATCATACGGT,12.400474,11.445544
MSC6_GTGAGTTCATCGCCTT,11.35593,10.974159
MSC6_GTGAGTTGTCCTTTGC,12.059475,8.812846
MSC6_GTGAGTTGTTGTACGT,11.097252,5.036537
MSC6_GTGATGTCAGAATTCC,9.506194,7.3792434
MSC6_GTGCACGCAAGTCATC,10.193242,4.4282722
MSC6_GTGCACGCAGTCGAGA,7.7556353,5.002904
MSC6_GTGCACGGTACTCGAT,11.835768,5.094112
MSC6_GTGCACGGTGCCGGTT,10.900489,2.729614
MSC6_GTGCACGTCAGAGTGG,11.77746,7.841573
MSC6_GTGCAGCGTCTTCGAA,9.86805,6.623989
MSC6_GTGCAGCGTTTGACAC,7.96236,5.012381
MSC6_GTGCAGCTCAAGAGGC,9.707626,7.1286287
MSC6_GTGCAGCTCAATCAGC,11.3648405,10.38252
MSC6_GTGCAGCTCCTGTAAG,9.778616,4.179414
MSC6_GTGCAGCTCGAAACAA,10.732695,6.7297235
MSC6_GTGCAGCTCGACGCTG,8.253668,4.9799023
MSC6_GTGCAGCTCGGTGAAG,6.8587103,4.656799
MSC6_GTGCGTGCAGCGCTTG,10.807163,5.9858603
MSC6_GTGCTGGAGCACTCAT,12.657743,10.03992
MSC6_GTGCTTCAGGTACAGC,6.2679462,4.0858316
MSC6_GTGCTTCAGTATAACG,12.097713,6.8704104
MSC6_GTGCTTCCACTACTTT,11.699808,9.1444
MSC6_GTGGAAGAGAACTGAT,10.611016,5.866386
MSC6_GTGGAAGAGTACCGGA,9.842215,6.1980376
MSC6_GTGGAAGTCTGCGAGC,11.0778265,4.456287
MSC6_GTGGAGAGTTTGACAC,10.608106,10.710708
MSC6_GTGGAGATCATGTCTT,12.081582,7.9318485
MSC6_GTGGAGATCGGTTCAA,12.529523,11.544818
MSC6_GTGGCGTCATAGCACT,12.5328245,9.625365
MSC6_GTGGCGTTCTAGCCTC,10.973354,8.132844
MSC6_GTGGGAAAGTCAGCCC,10.432298,6.7483068
MSC6_GTGGGAACAAGGCCTC,12.92849,8.479462
MSC6_GTGGGAAGTCACAGTT,6.448893,4.3056474
MSC6_GTGGGAAGTTACGTAC,12.412592,5.7526913
MSC6_GTGGGAATCCCAGCGA,12.388305,10.491868
MSC6_GTGGGAATCTAGGAAA,10.990803,6.525542
MSC6_GTGGTTAGTGCATTTG,9.908675,9.655077
MSC6_GTGTAACAGGTTAGTA,10.198345,7.440315
MSC6_GTGTAACGTGACGTCC,13.119691,8.08111
MSC6_GTGTCCTAGTAGTCTC,12.842853,9.331951
MSC6_GTGTCCTGTTTACTGG,12.91014,6.2071157
MSC6_GTGTGATCAGAACTTC,10.047412,4.4379954
MSC6_GTGTGATCATAGGAGC,11.922802,6.365397
MSC6_GTGTGATGTAGGTACG,8.774909,4.732565
MSC6_GTGTGATGTCGCCACA,10.872542,5.7888255
MSC6_GTGTGATTCCACAGCG,12.32967,10.654268
MSC6_GTGTGATTCGCATTGA,11.282613,9.205101
MSC6_GTGTTCCGTAGTGCGA,12.331402,10.345042
MSC6_GTTACAGAGCGTTCCG,11.730559,10.264486
MSC6_GTTACAGCAGCTACTA,10.890942,6.7217813
MSC6_GTTACAGCAGGACATG,10.498198,8.904613
MSC6_GTTACAGTCCACAGCG,11.834064,5.7663417
MSC6_GTTACAGTCGCTGTTC,9.548975,5.707186
MSC6_GTTACCCTCTGCCTGT,10.253901,9.364864
MSC6_GTTACGAAGCAGGCTA,13.398817,8.615833
MSC6_GTTACGAAGCGACTAG,9.56608,6.532667
MSC6_GTTACGAAGTAAGAGG,11.993357,6.936809
MSC6_GTTAGACAGGTAAGAG,12.142816,8.425562
MSC6_GTTAGACGTGCAATAA,12.332781,5.5653005
MSC6_GTTAGTGCAACGACAG,10.842056,8.605188
MSC6_GTTATGGCACGGATCC,10.347734,7.517928
MSC6_GTTCGCTAGCCATTCA,10.688887,5.837415
MSC6_GTTCGCTCAGAACTAA,12.680484,7.9547744
MSC6_GTTCGCTTCGGACAAG,10.871555,9.609438
MSC6_GTTCTATCACATAACC,9.441642,8.407515
MSC6_GTTCTATGTGAGTGAC,12.892027,7.499329
MSC6_GTTGAACAGTCTGCGC,11.412344,6.3006153
MSC6_GTTGAACGTCCAGCAC,9.086077,9.634377
MSC6_GTTGCGGGTGCTGTCG,12.312963,7.006898
MSC6_GTTGCGGTCATTTCCA,9.768531,10.062165
MSC6_GTTGCGGTCGTCAAAC,9.886899,3.407431
MSC6_GTTGCTCAGGCGAAGG,10.82969,7.7560487
MSC6_GTTGCTCAGGGCAATC,8.944894,8.299524
MSC6_GTTGCTCGTATGACAA,12.477946,7.023025
MSC6_GTTGCTCGTCTACACA,13.382234,8.78475
MSC6_GTTGCTCGTGATATAG,11.085796,9.808111
MSC6_GTTGTAGAGACGCCCT,11.08846,8.949858
MSC6_GTTGTAGCAAGGAGTC,10.3134985,6.3579974
MSC6_GTTGTAGGTTACCCAA,9.967405,10.703856
MSC6_GTTGTCCCACAAATAG,13.5089445,8.196785
MSC6_GTTGTCCTCCATCACC,12.75048,7.2093625
MSC6_GTTGTGACACCCATAA,9.918293,6.8090863
MSC6_GTTGTGACATCACGGC,10.571145,4.0303063
MSC6_GTTGTGAGTTTACGTG,10.2976,6.2338347
MSC6_GTTTACTTCACTCGAA,8.850593,4.2677903
MSC6_GTTTACTTCGACGCTG,12.428286,10.43375
MSC6_GTTTGGAAGTGTACAA,12.34629,7.083256
MSC6_GTTTGGATCCTTTAGT,11.47616,9.070305
MSC6_GTTTGGATCGATTTCT,11.156366,9.898042
MSC6_TAACACGAGTGGAATT,10.749241,9.215603
MSC6_TAACACGTCAACTGGT,11.545374,9.978917
MSC6_TAACCAGAGGGTCAAC,11.883306,6.213151
MSC6_TAACGACGTAGCGATG,10.632961,2.9065394
MSC6_TAACTTCCACTTGAAC,11.462803,6.4647927
MSC6_TAACTTCCAGAACTTC,12.139217,6.889081
MSC6_TAACTTCGTAGCTAAA,7.2265363,5.294641
MSC6_TAACTTCGTCTCCCTA,11.98095,7.341027
MSC6_TAAGCACAGAGAGCGG,10.969627,6.2366242
MSC6_TAAGCACCAGTTGCGC,10.381261,13.647377
MSC6_TAAGCACTCAACTGAC,11.082419,11.039357
MSC6_TAAGCACTCCACAGCG,12.521595,7.982867
MSC6_TAAGCACTCGGACTGC,12.868025,7.0952907
MSC6_TAAGCCATCAACGAGG,11.281161,3.9547355
MSC6_TAAGCCATCACCATGA,11.919961,6.346092
MSC6_TAAGCGTCAGCCGTTG,9.492316,7.6096168
MSC6_TAAGCGTGTTCCATTT,12.372249,6.054567
MSC6_TAAGCGTTCAATCCAG,10.671082,10.562046
MSC6_TAAGTCGCACAACATC,11.172836,5.398628
MSC6_TAAGTCGCACATCATG,10.049088,5.664031
MSC6_TAAGTCGCAGAGGGTT,9.886688,6.7941885
MSC6_TAATCTCAGACGGATC,9.61284,9.150586
MSC6_TAATCTCAGCTAAATG,9.889724,5.9685583
MSC6_TAATCTCGTAGAGTTA,11.788187,8.711307
MSC6_TAATCTCTCCGCAGTG,10.648757,8.446257
MSC6_TAATTCCAGCAGGCAT,10.287571,5.2366242
MSC6_TAATTCCAGTACTCGT,11.76873,9.635136
MSC6_TAATTCCCATGTGTCA,11.573167,5.881611
MSC6_TAATTCCGTACCAATC,11.066269,3.6373563
MSC6_TAATTCCGTTGGATCT,12.070068,9.363439
MSC6_TAATTCCTCTCTAAGG,10.69163,11.393872
MSC6_TACAACGCACAGCATT,11.551818,8.550299
MSC6_TACAACGCATTCAGGT,10.958861,9.200097
MSC6_TACAACGGTACAGAGC,6.55429,3.667505
MSC6_TACAACGTCTCCGATC,10.477956,4.2241435
MSC6_TACACCCAGCACTAAA,10.16265,7.727945
MSC6_TACACCCCAGTCACGC,8.499145,7.23577
MSC6_TACACCCTCAACTACG,11.290701,7.5545654
MSC6_TACAGGTTCAGCATTG,11.334052,8.491452
MSC6_TACATTCAGTGGTTGG,12.82824,9.675698
MSC6_TACCCGTAGACTCAAA,11.692695,7.606451
MSC6_TACCCGTCAATAGTCC,11.729825,7.761569
MSC6_TACCCGTCAGTCGAGA,10.447792,7.332208
MSC6_TACCCGTTCCTCTTTC,10.374008,3.097338
MSC6_TACCGAAAGAGCACTG,10.733866,4.300395
MSC6_TACCGAACACGTAGAG,11.279328,7.2790484
MSC6_TACCGAACAGGTGAGT,10.359121,6.7083783
MSC6_TACCGAAGTCGTCATA,10.573672,9.138272
MSC6_TACCGAAGTCGTGATT,11.905246,10.907569
MSC6_TACCGAAGTTGCGGCT,10.97628,10.646129
MSC6_TACCGAATCTCAACCC,9.746091,7.1546736
MSC6_TACCTCGCAGCTATAC,13.069785,9.91983
MSC6_TACCTCGCAGTCCCGA,10.112416,6.100439
MSC6_TACCTCGGTCGTTATG,11.754525,9.724695
MSC6_TACCTGCCACGACCTG,11.911898,9.805626
MSC6_TACCTGCTCACTGCTC,9.307079,7.7740946
MSC6_TACGCTCGTACAGTTC,8.278644,5.0797753
MSC6_TACGCTCGTCCGGCAT,12.173177,13.241433
MSC6_TACGGGCCATTGGATC,9.87036,7.0873137
MSC6_TACGGGCTCATCCTAT,9.453203,9.046097
MSC6_TACGGTAAGGCTTTCA,11.616879,10.12312
MSC6_TACGGTACAGGACATG,9.732667,7.4488006
MSC6_TACGTCCAGGTCGTAG,7.4217405,5.489594
MSC6_TACGTCCAGTGATGGC,12.183866,7.1844306
MSC6_TACGTCCCATCACCAA,13.053105,9.338184
MSC6_TACGTCCGTAGCTGTT,11.184,7.4620275
MSC6_TACGTCCTCGGTCGAC,11.234981,11.127755
MSC6_TACTGCCGTGGACCTC,6.5593905,4.00001
MSC6_TACTTACCAGAATCGG,10.683708,9.237399
MSC6_TACTTACGTATGCTTG,11.854148,8.837608
MSC6_TACTTCAAGTGAGGTC,12.511879,5.334498
MSC6_TACTTCACAGTTAAAG,12.400135,6.553165
MSC6_TACTTCAGTGACGTCC,11.586189,11.951461
MSC6_TACTTGTAGAAGCTGC,10.40417,6.811924
MSC6_TACTTGTGTGAGACCA,9.780412,2.470064
MSC6_TAGACCAGTAGGAAAG,10.865662,5.2426767
MSC6_TAGACTGTCAATCTCT,12.930512,11.473437
MSC6_TAGACTGTCATACGAC,10.489343,7.024851
MSC6_TAGACTGTCTTGTGCC,10.43254,3.770283
MSC6_TAGAGTCCATGGCCAC,8.785747,5.3991714
MSC6_TAGCACAAGCTCCATA,10.228746,3.0146205
MSC6_TAGCACAAGTGATGGC,9.008705,6.9042125
MSC6_TAGCACACACCACTGG,12.949036,10.31856
MSC6_TAGCACAGTGCATGTT,10.352452,6.5704656
MSC6_TAGGAGGCAAATAAGC,10.643083,9.823008
MSC6_TAGGAGGTCCGTGTAA,8.977983,5.8887434
MSC6_TAGGAGGTCGTAGCTA,7.449448,5.233723
MSC6_TAGGAGGTCTAGAGCT,11.027051,10.599194
MSC6_TAGGGTTCACCGTGAC,12.36978,5.8235097
MSC6_TAGGTACGTAGTCGTT,9.478288,6.1850834
MSC6_TAGGTTGCAAGGTCAG,11.271822,7.687678
MSC6_TAGGTTGCACTGGATT,10.4188795,8.660414
MSC6_TAGGTTGTCCATTGGA,12.356778,10.132554
MSC6_TAGGTTGTCGGTATGT,12.028689,9.03553
MSC6_TAGTGCAAGGTCGTGA,11.09788,4.3932104
MSC6_TAGTGCACAAACCATC,9.5461855,8.150041
MSC6_TAGTGCAGTTTGAAAG,11.900205,9.4954605
MSC6_TAGTGCATCGAAGAAT,11.040744,6.0728183
MSC6_TATACCTAGCATCCTA,11.927645,9.736934
MSC6_TATACCTAGCTCTTCC,10.542078,7.8570986
MSC6_TATACCTCACTACCGG,9.648513,9.910189
MSC6_TATACCTGTTGTAGCT,10.478396,5.2606196
MSC6_TATACCTGTTTGTTGG,13.199417,9.361028
MSC6_TATACCTTCTTCCTAA,12.059621,8.253306
MSC6_TATATCCAGCGTGCCT,9.723221,9.902495
MSC6_TATATCCCACCCGTAG,12.536993,5.7218275
MSC6_TATATCCCAGGAGGAG,10.313179,8.53247
MSC6_TATCAGGCACAGAGAC,12.317346,11.145638
MSC6_TATCAGGGTAGTATAG,8.733042,5.081764
MSC6_TATCAGGGTCCTTTGC,10.91639,7.403716
MSC6_TATCAGGGTCGACTGC,10.47673,4.6390114
MSC6_TATCCTAGTGAGATTA,11.4221115,9.270671
MSC6_TATCGCCAGAGTCAGC,11.864115,5.1708875
MSC6_TATCGCCAGATAGCTA,11.392507,7.060531
MSC6_TATCTGTAGAGCCTGA,11.074445,9.251903
MSC6_TATCTGTCAAGAGTAT,10.8297415,3.788811
MSC6_TATCTGTCACTTGAGT,10.426168,6.224119
MSC6_TATCTGTCATATACCG,10.897036,8.254038
MSC6_TATCTGTGTAACGCGA,11.5757885,7.9324403
MSC6_TATCTGTGTTGTTGCA,9.995706,2.4742744
MSC6_TATCTGTTCGGTCACG,11.983297,10.112194
MSC6_TATCTTGCAAGTACCT,9.620164,11.228806
MSC6_TATCTTGGTCGCGTTG,9.820062,6.7053394
MSC6_TATCTTGGTTGTATGC,10.454743,9.571719
MSC6_TATCTTGGTTTGAAAG,13.200975,7.7599263
MSC6_TATGTTCAGCGGGTAT,11.973197,8.637511
MSC6_TATGTTCCAAGATGGC,12.071485,8.184501
MSC6_TATGTTCGTCTACAGT,6.844042,3.9271445
MSC6_TATGTTCTCATGAGTC,9.272221,7.368624
MSC6_TATGTTCTCGCGTCGA,9.949373,6.626071
MSC6_TATTCCAAGTGTGTTC,11.564367,11.006475
MSC6_TATTCCATCTCTTGCG,12.123426,8.314895
MSC6_TATTGCTAGGCGCTCT,10.4530735,3.229721
MSC6_TATTGCTCAAGACGAC,10.238455,4.3478703
MSC6_TATTGCTCACGTTCGG,9.205025,5.715605
MSC6_TATTGCTGTATGATCC,10.3892145,7.2774034
MSC6_TATTGCTGTGTTCATG,11.027828,3.5514646
MSC6_TATTGCTGTTTGTTCT,8.2645235,4.618183
MSC6_TATTGCTTCTTTGATC,9.06656,7.6913776
MSC6_TATTTCGAGCCAGACA,11.999864,7.3833566
MSC6_TATTTCGCACAGAGCA,10.287378,10.234912
MSC6_TATTTCGGTCGAACGA,12.2847395,8.3296795
MSC6_TCAAGACCAAGTGTCT,11.839414,6.248051
MSC6_TCAAGACGTGTATCCA,6.992734,4.870319
MSC6_TCAAGACGTTGTCATG,11.253744,5.9152822
MSC6_TCAAGTGAGGAGATAG,11.321835,11.688215
MSC6_TCAAGTGAGTTGTCGT,10.719763,6.432184
MSC6_TCAAGTGCACACAGAG,11.070013,7.697384
MSC6_TCAAGTGTCATGAGTC,10.964762,7.182787
MSC6_TCAAGTGTCGACTCCT,11.950519,8.152404
MSC6_TCAATCTCAATGGCCC,10.849585,2.513501
MSC6_TCAATCTTCGGAGTGA,11.740281,7.622081
MSC6_TCAATTCCAAGAAATC,12.290931,11.668235
MSC6_TCAATTCCACTTACAG,10.808056,3.0123084
MSC6_TCACAAGAGGGCAACT,9.63352,6.7872453
MSC6_TCACAAGCAAGCGAGT,11.951669,12.180576
MSC6_TCACAAGCAGTGAGCA,7.867586,4.956975
MSC6_TCACAAGGTACCTTCC,11.515769,6.921956
MSC6_TCACAAGGTATACAGA,12.882582,7.5491
MSC6_TCACACCAGGACTATA,11.474314,9.373952
MSC6_TCACACCCACGTAGAG,9.403337,8.779844
MSC6_TCACACCTCCACACAA,12.152747,9.313945
MSC6_TCACATTAGTCGCTAT,10.807867,2.9464247
MSC6_TCACATTCAAATTGGA,10.368011,6.116278
MSC6_TCACATTGTGGTTTGT,10.260502,5.8959723
MSC6_TCACGCTAGATGGTAT,10.908431,9.734681
MSC6_TCACGGGAGAGGATCC,10.773632,8.283484
MSC6_TCACGGGAGATCACTC,6.0751057,3.6212723
MSC6_TCACGGGCAGTAGAGC,11.159152,3.9566164
MSC6_TCACTATAGCTGGCCT,10.053399,4.1764736
MSC6_TCACTATCACTTGAGT,11.854674,5.0607724
MSC6_TCACTATGTAGCTTTG,11.814217,8.805955
MSC6_TCACTCGAGACTGGGT,9.952039,9.230479
MSC6_TCACTCGAGCAGCCTC,9.7429695,5.572053
MSC6_TCACTCGGTCTGGTTA,10.100128,3.426075
MSC6_TCACTCGTCTCTCGCA,11.80174,5.6903415
MSC6_TCAGCAACAAGAGATT,12.039267,6.8487697
MSC6_TCAGCAAGTACTGAGG,10.147704,6.2829804
MSC6_TCAGCAAGTGACTGTT,10.15677,8.10124
MSC6_TCAGCAATCACCGGTG,10.031382,9.463734
MSC6_TCAGCCTGTGCCTTTC,12.955444,9.374589
MSC6_TCAGCCTTCATTCCTA,12.696944,8.797361
MSC6_TCAGCCTTCCACGTGG,10.463196,9.065934
MSC6_TCAGGGCAGAGCAGTC,11.836524,7.0631604
MSC6_TCAGGGCAGGTAGATT,9.003384,6.1523743
MSC6_TCAGGGCAGGTTCTTG,9.762437,6.558819
MSC6_TCAGGGCGTATAGGGC,7.1771073,5.181876
MSC6_TCAGGGCTCAAGTAAG,10.077196,3.8405938
MSC6_TCAGGTAAGGCCCACT,12.390627,6.410784
MSC6_TCAGGTACAGAGGAAA,9.898792,7.2041855
MSC6_TCAGGTACATAAGCGG,7.8562856,4.4722424
MSC6_TCAGTCCAGACGGTCA,9.378093,7.459421
MSC6_TCAGTCCCAAGGTCAG,12.796759,8.23271
MSC6_TCAGTCCCAGCCTATA,11.248956,4.866541
MSC6_TCAGTCCTCACCCTGT,10.998836,6.122201
MSC6_TCAGTCCTCCGTGGGT,11.7872505,5.783821
MSC6_TCAGTCCTCGTACACA,10.911157,10.712448
MSC6_TCAGTGAAGCAGCACA,11.482871,8.7033615
MSC6_TCAGTGAAGTCAACAA,9.5861,7.003692
MSC6_TCAGTGAGTCATACCA,11.585977,5.143944
MSC6_TCAGTTTGTAGTCGGA,7.6554446,4.2196636
MSC6_TCAGTTTTCCTGATAG,10.519854,5.951175
MSC6_TCATACTCAACGACTT,12.607784,10.207309
MSC6_TCATACTGTAGTCCTA,9.424616,6.703641
MSC6_TCATATCAGATTAGAC,9.871019,2.756914
MSC6_TCATATCAGGACCCAA,10.987572,11.167271
MSC6_TCATATCCAAGTTCGT,13.577936,7.6500072
MSC6_TCATATCGTCTGTGAT,10.819552,5.700321
MSC6_TCATCATAGCATTTGC,9.626369,3.1913424
MSC6_TCATCCGGTCAGTCGC,7.9433546,5.5902863
MSC6_TCATCCGTCGAAGCAG,6.316695,3.4649415
MSC6_TCATCCGTCTTTCAGT,11.471572,9.065184
MSC6_TCATGAGCATTGGATC,10.620361,5.029314
MSC6_TCATGCCGTTCGAACT,6.270065,3.677671
MSC6_TCATGCCTCTCTTGCG,12.504175,6.8133144
MSC6_TCATGGACAAGATGGC,12.056295,9.973461
MSC6_TCATGTTAGACCGTTT,11.352275,6.415946
MSC6_TCATGTTAGACTAAGT,12.313575,10.003535
MSC6_TCATGTTCACAAACGG,10.3635645,2.7580695
MSC6_TCATGTTGTACCCGCA,11.539118,9.201802
MSC6_TCATGTTGTATACCTG,11.744713,8.557623
MSC6_TCATTACGTTCACGAT,11.548657,6.304532
MSC6_TCATTCACAAAGGGTC,9.723314,8.124997
MSC6_TCATTCAGTGTAACGG,10.058247,5.894861
MSC6_TCATTCAGTTCGGTAT,13.2326565,6.807991
MSC6_TCATTCATCAATCCGA,11.580228,9.495163
MSC6_TCATTGTTCCGAGGCT,10.047583,6.2464113
MSC6_TCATTTGAGACTCGAG,11.443023,5.084426
MSC6_TCATTTGCAAGTCCCG,10.029601,4.04197
MSC6_TCATTTGGTGCAGTGA,11.383989,8.048749
MSC6_TCCACCAGTAGTCGTT,12.37544,9.914065
MSC6_TCCACCAGTCGTTGCG,11.204525,3.7882729
MSC6_TCCACGTAGCGTCAGA,11.368782,10.594703
MSC6_TCCACGTAGGATGTTA,10.082943,5.770746
MSC6_TCCACGTTCAAGCCGC,10.28239,8.657552
MSC6_TCCAGAACAGCATCTA,12.021555,8.604714
MSC6_TCCATCGAGGTTCTAC,9.392237,8.620549
MSC6_TCCATCGCACTTGGGC,9.549597,9.966429
MSC6_TCCATCGTCCAACACA,12.029952,5.91051
MSC6_TCCATCGTCGCAATTG,13.007939,7.014765
MSC6_TCCATGCAGGCACCAA,8.464267,7.8891287
MSC6_TCCATGCCACAAGTTC,8.858709,6.044639
MSC6_TCCCACAAGCACTCTA,9.743356,3.2396026
MSC6_TCCCACAGTGTCGCTG,13.000491,6.1393423
MSC6_TCCCACAGTTCTATCT,12.220279,10.0241
MSC6_TCCCACATCGGCCAAC,12.137497,8.000641
MSC6_TCCCAGTCAGGTTTAC,10.418843,4.9085817
MSC6_TCCCAGTGTCGAACGA,9.722351,6.635726
MSC6_TCCCAGTTCAGACCGC,11.255687,10.865611
MSC6_TCCCAGTTCAGATTGC,6.8350096,3.8199484
MSC6_TCCCATGAGCCTCAAT,10.07242,2.5013504
MSC6_TCCCATGCATCGCTCT,9.214818,7.6211257
MSC6_TCCCATGGTGCAGATG,10.649732,9.596057
MSC6_TCCGAAAGTTCACGAT,12.371228,7.0185056
MSC6_TCCGATCTCGCCCAGA,7.706462,4.8502517
MSC6_TCCGTGTTCCTTATCA,13.068742,10.551875
MSC6_TCCTCCCAGTATGGAT,10.986847,9.109294
MSC6_TCCTCCCGTCACGCTG,10.830168,2.7523906
MSC6_TCCTCCCGTGAACTAA,10.994253,9.718736
MSC6_TCCTCCCGTTAAACCC,10.004133,4.8167124
MSC6_TCCTCGAAGCTACTAC,11.520013,6.234207
MSC6_TCCTCGACAGAACTAA,11.893829,8.760573
MSC6_TCCTCGACAGATCACT,10.75647,6.9199934
MSC6_TCCTCGACATCCTTGC,13.061747,9.655246
MSC6_TCCTCGAGTCATCGGC,9.967787,6.7332397
MSC6_TCCTCTTAGGATTTGA,12.40982,6.065759
MSC6_TCCTCTTCATCGGCCA,11.88498,10.571751
MSC6_TCCTGCAAGGTTAGTA,12.05587,7.6968265
MSC6_TCCTGCACAATACCCA,10.722738,8.8212185
MSC6_TCCTGCAGTCTATGAC,10.447317,4.0164924
MSC6_TCCTGCATCCGCAACG,10.739553,7.6521525
MSC6_TCCTGCATCGTTGTTT,11.547837,6.2304263
MSC6_TCCTTCTAGTTGTAAG,12.300215,5.535206
MSC6_TCCTTCTCAGTGGGTA,10.959606,6.9866614
MSC6_TCCTTCTGTCCGGACT,10.1766815,10.124587
MSC6_TCCTTCTGTGCGAACA,11.844178,11.280518
MSC6_TCCTTCTGTGCTGATT,8.91533,6.686765
MSC6_TCCTTTCAGCTCTGTA,12.30946,8.593379
MSC6_TCGAACACAACTGCTA,12.815468,10.149325
MSC6_TCGAAGTGTCGCTGCA,10.289149,8.233653
MSC6_TCGACCTCAGTTGTTG,10.349386,7.167415
MSC6_TCGACGGCACTATCGA,11.999722,9.360867
MSC6_TCGACGGCACTCCCTA,11.040647,7.687856
MSC6_TCGACGGGTCGACTTA,12.097139,10.486911
MSC6_TCGACGGGTCGTATGT,9.978413,8.8408375
MSC6_TCGATTTCATTCATCT,11.474783,7.1258893
MSC6_TCGCACTAGAATAGTC,11.752946,4.461152
MSC6_TCGCACTAGTTCACTG,12.907685,8.578506
MSC6_TCGCACTCAATCTCGA,12.802582,9.27163
MSC6_TCGCAGGCACGTAACT,11.241979,7.6089168
MSC6_TCGCAGGCAGGAGACT,10.030928,6.33961
MSC6_TCGCAGGCAGGTGTTT,13.173656,6.7332616
MSC6_TCGCTCAAGTAGCTCT,10.67315,7.0352783
MSC6_TCGCTCAAGTGGCGAT,10.853012,10.6174345
MSC6_TCGCTCAGTCTTTCAT,10.709287,11.624788
MSC6_TCGCTTGGTATGGAGC,10.913073,7.608265
MSC6_TCGCTTGGTGGACTAG,11.010784,5.090597
MSC6_TCGCTTGTCACGGGCT,11.823548,9.9873705
MSC6_TCGGATAAGGCAATGC,11.671757,8.357617
MSC6_TCGGATACAGTCAGCC,10.297892,9.068086
MSC6_TCGGATAGTGGTCTCG,8.312534,4.71864
MSC6_TCGGGACAGAACTCCT,12.091155,9.250826
MSC6_TCGGGACCAGCTGAGA,10.22426,6.2011094
MSC6_TCGGGCAAGTAGGAAG,11.1421585,7.029073
MSC6_TCGGGCAAGTCGTTAC,9.863811,7.0437455
MSC6_TCGGTCTAGCACTTTG,12.768133,8.12985
MSC6_TCGGTCTTCACATTGG,11.254053,9.2905035
MSC6_TCGGTCTTCGCAATTG,12.418163,9.541906
MSC6_TCGTAGACATCAGCTA,10.186072,11.146621
MSC6_TCGTAGAGTACCATAC,11.515154,4.452235
MSC6_TCGTAGAGTAGGTGCA,10.212108,8.931836
MSC6_TCGTCCAGTGCACAAG,10.796629,2.7862947
MSC6_TCGTGCTCACACCAGC,11.451877,9.707339
MSC6_TCGTGGGAGTCGAATA,11.414221,8.777697
MSC6_TCGTGGGCAGTTTCGA,12.391127,7.592933
MSC6_TCGTGGGCATAGGAGC,7.136396,4.422904
MSC6_TCGTGGGGTCAACCTA,12.600484,9.648405
MSC6_TCGTGGGGTTGTATGC,10.94388,4.3895283
MSC6_TCGTGGGTCGGCTGGT,10.433408,8.982057
MSC6_TCTAACTCAGAAATCA,7.237381,4.518347
MSC6_TCTAACTGTTAGAGAT,13.397402,8.959021
MSC6_TCTACATAGCGAGTCA,11.514911,8.117954
MSC6_TCTACATCACAAGTTC,11.971587,10.0225725
MSC6_TCTACATCACTACAGT,12.227142,8.256344
MSC6_TCTACCGCACGACCTG,8.023546,5.0499954
MSC6_TCTACCGGTCTAGTGT,12.326665,7.6821623
MSC6_TCTACCGGTCTTTCAT,11.066929,7.1736116
MSC6_TCTACCGTCCGATCGG,11.595349,4.9417787
MSC6_TCTACCGTCGTAGTCA,12.643039,10.560161
MSC6_TCTATACAGCCTAACT,9.396746,8.553395
MSC6_TCTATACAGCGTCAAG,9.337065,6.1503086
MSC6_TCTATACAGTAGACAT,10.557814,9.318133
MSC6_TCTATACGTTGATCGT,11.831345,13.01007
MSC6_TCTATACTCCATAGAC,9.9514885,10.439703
MSC6_TCTATACTCGCGCTGA,10.249147,4.431024
MSC6_TCTATCAGTCAGTCCG,8.940527,5.415974
MSC6_TCTATCATCGTGCTCT,10.700803,5.3658633
MSC6_TCTCACGAGAGCAAGA,9.338317,9.2711
MSC6_TCTCACGAGGTAGTCG,12.832422,7.587175
MSC6_TCTCACGAGTCCCGGT,12.34488,7.5284586
MSC6_TCTCACGGTGCACAAG,11.945679,9.51111
MSC6_TCTCAGCGTTCCTACC,11.213569,7.7814317
MSC6_TCTCAGCTCTCACCCA,8.335345,5.5964856
MSC6_TCTCAGCTCTTCGCTG,8.792816,8.421599
MSC6_TCTCCGAAGATTTGCC,11.584503,6.3613925
MSC6_TCTCCGAGTGGGATTG,10.558718,3.0009587
MSC6_TCTCTGGGTCGTGGAA,11.051832,3.689086
MSC6_TCTGCCAAGTGTTCAC,7.61374,5.4990745
MSC6_TCTGCCACACATTCTT,9.499278,8.196399
MSC6_TCTGCCATCTACTTCA,10.218285,3.3856738
MSC6_TCTGGCTCAAACCGGA,9.610366,7.4760313
MSC6_TCTGGCTGTGCGGATA,11.693884,7.9281273
MSC6_TCTGGCTTCGCAGAGA,11.638558,5.531742
MSC6_TCTTAGTAGCCTCACG,12.407026,9.288123
MSC6_TCTTAGTCAACCGTAT,9.488383,8.705624
MSC6_TCTTAGTCAACTTCTT,11.923264,8.779852
MSC6_TCTTAGTCATCCGAAT,11.708924,10.009481
MSC6_TCTTAGTGTACGAGTG,7.769206,6.2249894
MSC6_TCTTCCTCAACCACAT,9.425383,9.2032995
MSC6_TCTTCCTCAATGTGGG,10.782984,10.585221
MSC6_TCTTCCTCACGACAGA,12.257614,10.838031
MSC6_TCTTGCGGTAGAATAC,10.028855,4.180039
MSC6_TCTTGCGGTGCCGAAA,11.039923,8.254804
MSC6_TCTTGCGTCTACCTTA,9.434679,7.4135327
MSC6_TCTTTGAGTGTGTACT,11.348236,5.940719
MSC6_TGAACGTAGGATGCGT,12.966564,8.896815
MSC6_TGAACGTGTCAAGCCC,7.930895,6.0897164
MSC6_TGAACGTTCCGTGTGG,10.339417,8.928388
MSC6_TGAATCGAGCCATATC,8.672021,8.024584
MSC6_TGAATCGCACGGGCTT,11.119152,5.9813147
MSC6_TGAATCGGTCAGATTC,8.389889,6.142007
MSC6_TGAATCGTCCAATCCC,9.977296,8.416266
MSC6_TGAATGCAGCTGGCCT,10.663885,11.187428
MSC6_TGAATGCAGGAGCTGT,11.677736,6.4926047
MSC6_TGAATGCCAAGGCAAC,10.679253,5.736013
MSC6_TGAATGCGTCCACATA,11.655648,7.4109
MSC6_TGACAGTAGCACTAGG,12.538598,8.582775
MSC6_TGACAGTAGTGGAATT,12.081541,7.1327233
MSC6_TGACAGTCAGTCGCAC,10.554405,7.16267
MSC6_TGACAGTCATGACAGG,12.950903,10.016779
MSC6_TGACCCTGTCCAATCA,12.400422,8.808526
MSC6_TGACCCTTCACTTATC,10.122152,9.078374
MSC6_TGACGCGAGCTAAATG,10.894964,9.507508
MSC6_TGACGCGAGGTATAGT,11.945874,8.561191
MSC6_TGACGCGCACATTACG,10.848917,10.23066
MSC6_TGAGACTAGGTGCATG,11.596771,5.798473
MSC6_TGAGCATAGCATCAGG,8.14106,7.944435
MSC6_TGAGCATAGTGCACTT,9.958684,8.672751
MSC6_TGAGCGCAGTATGGAT,9.479305,9.299725
MSC6_TGAGCGCGTGTCCTAA,8.103118,5.2701397
MSC6_TGAGCGCGTTAAGAAC,11.361797,7.621548
MSC6_TGAGGAGAGATGTTCC,9.0800495,8.087787
MSC6_TGAGGAGAGCCAAGGT,11.903178,10.285687
MSC6_TGAGGAGCAGCAGTGA,10.863722,8.427657
MSC6_TGAGGAGGTACCTAGT,10.642579,6.643355
MSC6_TGAGGAGGTAGGCAAC,5.998923,3.3809936
MSC6_TGAGGGAGTAGAATAC,11.814855,6.689339
MSC6_TGAGGTTAGACTCCGC,11.933072,9.020592
MSC6_TGAGGTTGTGGAAATT,10.302286,9.833214
MSC6_TGAGGTTTCCCTTGTG,10.493974,2.9467227
MSC6_TGAGTCAAGAGCAACC,10.787778,10.866983
MSC6_TGAGTCATCACCTACC,12.14971,7.113276
MSC6_TGATCAGAGGCACTCC,10.70107,11.794779
MSC6_TGATCAGAGTTCTACG,11.880492,7.1909747
MSC6_TGATCAGCATCGCCTT,11.592418,6.501098
MSC6_TGATCAGGTAAGTTGA,9.002336,5.576082
MSC6_TGATCAGTCCAGCAAT,6.0692205,3.3638332
MSC6_TGATCAGTCTCATGGA,12.712196,7.7455626
MSC6_TGATCTTAGGAACGTC,11.453646,10.689583
MSC6_TGATCTTCAACTTCTT,10.127618,8.316544
MSC6_TGATGCACAATTGCCA,9.151631,5.522223
MSC6_TGATGCACACTAAACC,12.505,9.773756
MSC6_TGATGCATCGAGAAGC,7.938269,7.9316955
MSC6_TGATGCATCTGTCGTC,9.894506,7.2997346
MSC6_TGATTCTAGCACACCC,9.46052,7.9603558
MSC6_TGATTCTGTCACTTCC,11.523958,6.9814105
MSC6_TGATTCTGTGGTTTAC,12.073527,9.746855
MSC6_TGATTTCCAAGAGTGC,12.645618,9.175734
MSC6_TGATTTCTCCTGCCAT,12.9713955,12.486295
MSC6_TGATTTCTCGAATGCT,13.260998,8.36248
MSC6_TGATTTCTCGCTACAA,11.192192,8.644355
MSC6_TGCACGGGTTACGATC,9.714382,8.27719
MSC6_TGCACGGTCCGCGAGT,13.000424,7.591707
MSC6_TGCAGATAGTAGTCAA,12.177577,11.292206
MSC6_TGCAGATCACGCAGTC,12.580723,6.9144745
MSC6_TGCAGATTCAACGAGG,11.503149,6.98528
MSC6_TGCAGATTCACGGAGA,10.245701,5.852803
MSC6_TGCAGATTCTGGGTCG,10.628524,7.9928217
MSC6_TGCAGGCAGACTGTTC,12.2315,9.063312
MSC6_TGCAGGCAGGCTCCCA,9.906244,3.635419
MSC6_TGCAGGCCAAGGAGTC,11.399637,8.159415
MSC6_TGCAGGCCACCTTCGT,11.253932,8.889321
MSC6_TGCAGGCGTTACGTAC,11.744289,9.1058445
MSC6_TGCAGTACAGACAAGC,12.528516,10.870553
MSC6_TGCAGTAGTTCTCCTG,11.508676,10.532401
MSC6_TGCATCCAGATTGAGT,12.876759,10.680498
MSC6_TGCATCCAGCACGGAT,10.570576,6.950633
MSC6_TGCATCCTCATTGAGC,7.568966,4.139655
MSC6_TGCATCCTCCTAACAG,10.22675,7.423757
MSC6_TGCATCCTCGCTACAA,10.171475,3.3092556
MSC6_TGCATGAAGCCGATAG,12.998059,10.697442
MSC6_TGCATGACACGTTGGC,11.881608,10.634163
MSC6_TGCATGAGTACAAGTA,12.5705595,6.4256682
MSC6_TGCATGAGTCCGGCAT,10.8538885,4.677821
MSC6_TGCCGAGGTGATGGCA,11.928412,11.000815
MSC6_TGCCGAGGTTCTCACC,10.791243,5.800165
MSC6_TGCCGAGTCCCATAAG,10.049475,2.3664646
MSC6_TGCGACGCACTTTAGG,10.631737,5.033413
MSC6_TGCGACGGTATACCCA,8.056594,5.462809
MSC6_TGCGACGGTCGATTTG,11.55006,7.787762
MSC6_TGCGACGTCGTTATCT,11.621253,7.0595827
MSC6_TGCGATACATGGGTTT,11.029281,11.218635
MSC6_TGCGATATCCTCTAAT,10.383492,7.013748
MSC6_TGCTCCATCCAATGCA,12.225669,9.98162
MSC6_TGCTCCATCCATTGCC,10.904259,4.5585666
MSC6_TGCTCCATCTGTCCGT,10.162034,8.688899
MSC6_TGCTCGTAGACTTCGT,10.479586,5.2211723
MSC6_TGCTCGTAGTGCCTCG,11.700425,7.3032517
MSC6_TGCTCGTTCCGCAGTG,11.326697,5.239419
MSC6_TGCTGAAAGAAAGTCT,12.109458,8.820627
MSC6_TGCTGAAAGACTTCCA,9.748201,5.958868
MSC6_TGCTGAAAGGGACAGG,12.511151,8.815531
MSC6_TGCTGAAAGTGAGGTC,11.542182,9.058158
MSC6_TGCTTCGCACATACTG,10.553314,7.709848
MSC6_TGCTTCGGTGCGGCTT,10.494243,2.9352834
MSC6_TGCTTCGTCCGTGGGT,11.85624,9.692377
MSC6_TGCTTGCGTAGAATGT,12.364094,11.398277
MSC6_TGCTTGCGTCTCAGGC,12.826064,6.559492
MSC6_TGCTTGCTCTGCACCT,10.379502,10.534744
MSC6_TGGAACTAGGTCGTAG,11.311184,6.341984
MSC6_TGGAACTGTCCGGATC,11.541726,9.6597185
MSC6_TGGAACTGTGTGACCC,10.02805,10.382396
MSC6_TGGAGAGCAAATGAAC,9.030777,7.8032274
MSC6_TGGAGAGCAGGCACAA,10.666934,5.6444254
MSC6_TGGAGGAAGACATAGT,9.457673,7.217669
MSC6_TGGAGGACATCCAACA,12.618392,9.607048
MSC6_TGGAGGAGTTTGTTCT,11.09225,7.796439
MSC6_TGGATCAAGCCTAGGA,9.862282,7.686069
MSC6_TGGATCACAAACGAGC,11.590474,8.536591
MSC6_TGGATCAGTCGTATTG,10.997004,12.19911
MSC6_TGGATCATCGTGTTCC,9.45468,8.57366
MSC6_TGGATGTAGCTCCATA,12.371245,7.590596
MSC6_TGGATGTCAGCTGAGA,12.858506,11.0547285
MSC6_TGGATGTGTTGCGGAA,11.998137,7.8939505
MSC6_TGGCGTGAGCGCCATC,11.471774,6.4257784
MSC6_TGGCGTGCACGGTGAA,10.539697,9.276905
MSC6_TGGCGTGCATCCTTCG,12.489338,8.235315
MSC6_TGGGAAGCACTCTAGA,10.967461,5.276385
MSC6_TGGGAAGGTGTGTCCG,10.96481,3.2858741
MSC6_TGGGAGAAGGGCTTCC,11.569262,10.603653
MSC6_TGGGAGACAACCGATT,6.5674005,3.7220912
MSC6_TGGGAGACAACGATCT,11.243746,8.55514
MSC6_TGGGAGATCAGGAACG,11.453632,8.077774
MSC6_TGGGATTCACTTGAAC,12.5001335,9.073865
MSC6_TGGGATTCAGAAACCG,11.945657,6.7125797
MSC6_TGGGCGTTCACCCTTG,12.301545,10.323231
MSC6_TGGGCTGAGCGTTACT,11.9053545,8.642749
MSC6_TGGGCTGCACCTGTCT,9.196582,8.162222
MSC6_TGGGCTGTCGAGAGAC,13.355326,7.883662
MSC6_TGGGTTAAGCAAATCA,10.11754,6.209962
MSC6_TGGGTTAGTATCGTGT,10.414839,9.047398
MSC6_TGGGTTAGTGCGCTCA,7.668517,6.0060606
MSC6_TGGGTTAGTTAAGGAT,10.875614,2.6557338
MSC6_TGGTACAAGAAGTCCG,12.259718,5.357862
MSC6_TGGTACACAGTTGAAA,13.347542,9.026101
MSC6_TGGTACAGTCAGTCTA,12.779987,10.8973675
MSC6_TGGTAGTAGAACTTCC,10.244124,10.008492
MSC6_TGGTAGTCATTCACCC,11.701502,5.2095013
MSC6_TGGTGATAGTCAATCC,9.766514,9.446903
MSC6_TGGTGATAGTCCCGAC,10.778196,7.2131486
MSC6_TGGTGATAGTGAGTGC,11.583124,9.743142
MSC6_TGGTGATGTGTTAGCT,11.190045,5.6322765
MSC6_TGGTTAGGTCCGAAAG,12.836282,7.9704328
MSC6_TGGTTAGTCGACGTCG,10.973855,3.4115078
MSC6_TGTAACGCAAGAGAGA,9.272769,5.965507
MSC6_TGTAACGCACCAGGTC,12.467512,6.582368
MSC6_TGTAAGCAGTGGATTA,12.534556,8.795046
MSC6_TGTAAGCCAGGGTTGA,10.511089,4.154546
MSC6_TGTAAGCTCAGCTCTC,6.253512,3.9513206
MSC6_TGTACAGCAGATTTCG,9.706749,4.574465
MSC6_TGTACAGCATGTTACG,10.800467,10.422865
MSC6_TGTACAGGTATCATGC,10.580616,8.004519
MSC6_TGTACAGGTCTTGAAC,12.609636,6.828172
MSC6_TGTAGACGTTGCAAGG,10.266816,7.3410497
MSC6_TGTCAGAGTAGTTCCA,10.492596,8.087269
MSC6_TGTCCACCAATTGAGA,12.736835,8.717014
MSC6_TGTCCACCACCTAAAC,9.887173,6.490875
MSC6_TGTCCACGTGATGGCA,10.211582,6.754572
MSC6_TGTCCACGTGTACAGG,10.580393,8.772954
MSC6_TGTCCACGTTGGGACA,11.834283,7.443015
MSC6_TGTCCACTCGGTCGAC,12.171562,10.116943
MSC6_TGTCCCACATGAAAGT,6.1057453,3.453054
MSC6_TGTCCTGAGAACTTCC,10.855749,2.6044662
MSC6_TGTCCTGAGACATACA,9.798645,8.145572
MSC6_TGTCCTGAGGGTACAC,11.971531,9.650718
MSC6_TGTGAGTAGCGTCTCG,11.125201,7.213048
MSC6_TGTGAGTAGCTCCATA,10.987168,10.368639
MSC6_TGTGAGTTCCATAGGT,11.38268,5.43843
MSC6_TGTGAGTTCCTCTGCA,9.644852,5.7076125
MSC6_TGTGATGTCTCTGCTG,12.587809,6.5590453
MSC6_TGTGCGGAGCTCGACC,7.821549,5.941572
MSC6_TGTGCGGAGTTCGCAT,11.444208,8.539757
MSC6_TGTGGCGCAGTCTCTC,11.348964,7.3673854
MSC6_TGTGGCGGTCGCGTTG,12.844331,9.106784
MSC6_TGTGGCGTCATTTGGG,11.445988,6.612804
MSC6_TGTGTGAAGGGCAGAG,11.516259,6.931131
MSC6_TGTGTGAAGGTCGTCC,10.215035,6.729924
MSC6_TGTGTGACAAGACCGA,11.418725,10.292833
MSC6_TGTGTGATCAACTGAC,9.062599,6.4756804
MSC6_TGTTACTCACTCCTTG,13.509153,7.97855
MSC6_TGTTACTCATTGACAC,10.528959,8.207769
MSC6_TGTTACTGTGAGTAGC,10.516548,2.58467
MSC6_TGTTACTTCAGTGTGT,12.009015,11.297856
MSC6_TGTTACTTCCTCTCTT,10.297672,7.7802744
MSC6_TGTTACTTCTTCTAAC,10.273328,3.475773
MSC6_TGTTCATAGGACTAAT,11.296873,7.1058836
MSC6_TGTTCATCAGTATACC,11.157764,9.136059
MSC6_TGTTCATCATGGACAG,10.91941,10.184698
MSC6_TGTTCATGTACCACGC,9.095417,9.546244
MSC6_TGTTCATTCATGCATG,7.544866,5.075246
MSC6_TGTTCATTCGGACAAG,13.042988,9.51917
MSC6_TGTTCCGAGAGCCGTA,10.5156,10.67225
MSC6_TGTTCCGCACCGGAAA,11.471456,6.2759337
MSC6_TGTTCCGCACCTGCGA,10.567532,8.496989
MSC6_TGTTCTAGTGTTCAGT,10.062845,8.05551
MSC6_TGTTCTATCAAATGAG,7.6219707,5.306988
MSC6_TGTTGAGCATCCGAGC,13.227348,8.79869
MSC6_TGTTGGACAATAGGAT,10.600095,6.78266
MSC6_TGTTGGACATAGTCAC,10.638563,8.403277
MSC6_TGTTTGTCACAACCGC,12.099571,10.776121
MSC6_TGTTTGTGTTAGCTAC,12.604857,6.892621
MSC6_TGTTTGTTCGCTAATG,10.855576,8.9041815
MSC6_TTAATCCAGCCTGTCG,12.107956,10.164184
MSC6_TTAATCCGTTGTCAGT,9.8566475,5.941574
MSC6_TTACAGGTCGCCTAGG,11.476457,7.504048
MSC6_TTACCATCAAACACGG,10.317541,7.1446705
MSC6_TTACCATGTCTGTCCT,11.430135,4.734534
MSC6_TTACCATTCTATTGTC,10.736715,5.271653
MSC6_TTACCGCAGGCTCACC,10.865174,8.982057
MSC6_TTACGTTAGTAGACAT,10.265819,7.3793073
MSC6_TTACGTTTCGGAATTC,12.727306,8.30595
MSC6_TTACTGTAGTAGTGCG,12.73067,10.172375
MSC6_TTACTGTGTTCTGAGT,12.894654,9.785403
MSC6_TTACTGTGTTGAGTCT,10.539495,6.3196626
MSC6_TTACTGTTCGAATCCA,11.862401,10.042213
MSC6_TTACTGTTCTGCGGCA,9.4870825,6.9224195
MSC6_TTAGGCAAGACGAGCT,10.265248,3.4256382
MSC6_TTAGGCAGTAAGCAAT,12.658932,8.050612
MSC6_TTAGGCAGTCCCTGAG,10.440739,10.217406
MSC6_TTAGGGTAGAAATTCG,11.049486,7.432903
MSC6_TTAGGGTCACACGCCA,12.948245,6.358371
MSC6_TTAGGGTCACAGTATC,8.494366,5.6484227
MSC6_TTAGGGTTCCAGTACA,11.035738,7.100476
MSC6_TTAGGGTTCGTGCAGC,8.3765335,6.357559
MSC6_TTAGTCTGTGGTTCTA,6.5600033,3.6351151
MSC6_TTATTGCAGACCGCCT,13.074883,7.8349476
MSC6_TTATTGCAGCCGATAG,10.071665,10.499033
MSC6_TTATTGCCACAATGCT,9.7822075,5.7047353
MSC6_TTATTGCTCGACTCCT,10.718986,8.875393
MSC6_TTCAATCCAACGTAAA,9.680689,7.9695373
MSC6_TTCACCGGTTGCCATA,10.99478,8.25103
MSC6_TTCACCGTCAACCTTT,7.7241864,4.5037146
MSC6_TTCACCGTCCCGTGTT,12.333748,8.167397
MSC6_TTCACGCAGCTGTTAC,8.559222,5.009673
MSC6_TTCACGCAGGGCAAGG,12.692754,7.742987
MSC6_TTCACGCCAGCAATTC,13.495278,6.71223
MSC6_TTCACGCGTTATGGTC,12.029003,8.161035
MSC6_TTCAGGACAACTCCCT,10.352269,6.210995
MSC6_TTCAGGAGTTCTGACA,7.454696,6.105666
MSC6_TTCATGTCACGTGTGC,10.183269,2.1118555
MSC6_TTCATGTGTATGGAAT,11.060549,10.037168
MSC6_TTCATTGAGTCACAGG,10.257889,3.5600696
MSC6_TTCATTGGTCGTACTA,9.814275,10.780931
MSC6_TTCCAATTCGGTTGTA,11.836385,6.3118434
MSC6_TTCCACGGTACTTGTG,8.164196,6.723867
MSC6_TTCCGGTGTACAGAAT,10.037191,9.436736
MSC6_TTCCGGTTCTGATTCT,9.356216,8.851373
MSC6_TTCCGTGCACTGCGAC,11.722708,8.234654
MSC6_TTCCGTGCAGTAGAAT,10.56953,6.998899
MSC6_TTCCGTGGTCACATTG,9.650031,10.843145
MSC6_TTCCTAAAGATGCCGA,7.0072904,4.165454
MSC6_TTCCTAACAGTAGAGC,11.001545,9.216903
MSC6_TTCCTAATCTAGCCTC,12.076984,5.780537
MSC6_TTCCTAATCTGTCGCT,10.440587,2.3789396
MSC6_TTCCTCTAGTGGATAT,13.146227,8.428395
MSC6_TTCCTCTCATTCCTCG,7.743453,6.4530883
MSC6_TTCCTTCAGAATTTGG,10.635996,6.24587
MSC6_TTCCTTCAGGCCTAGA,9.907088,9.590003
MSC6_TTCCTTCCAGAACTAA,11.329388,9.883676
MSC6_TTCGATTAGGACAGCT,11.798163,7.86075
MSC6_TTCGATTCAATGGGTG,9.965537,6.9004383
MSC6_TTCGATTCATTGACTG,11.70301,6.2024603
MSC6_TTCGATTGTAATTAGG,13.246955,6.8755803
MSC6_TTCGATTGTAGTCCTA,6.264131,4.0331373
MSC6_TTCGATTTCAGGTGTT,11.004171,7.3753943
MSC6_TTCGATTTCCTTATAC,10.761297,6.8923306
MSC6_TTCTAACCACCAGTTA,10.236698,8.455683
MSC6_TTCTAGTAGTAAGAGG,12.020363,4.798652
MSC6_TTCTAGTCACCGGAAA,10.407517,3.6933215
MSC6_TTCTAGTGTAACAAGT,10.118334,7.2920938
MSC6_TTCTAGTGTATCGAGG,13.039316,9.977889
MSC6_TTCTAGTTCCTGGTCT,12.367142,8.861208
MSC6_TTCTCTCAGATGTTGA,10.166958,7.7516685
MSC6_TTCTCTCAGATTCGCT,12.618328,10.398368
MSC6_TTCTGTAAGTCTGCGC,10.613461,5.3452315
MSC6_TTCTTCCGTCAGGAGT,9.916726,7.7697644
MSC6_TTCTTGAAGAACTCCT,13.155994,10.962737
MSC6_TTCTTGAAGAAGCGAA,13.227494,9.827322
MSC6_TTCTTGACACATCCCT,11.1642,7.164077
MSC6_TTCTTGACATGAGGGT,10.655155,4.302728
MSC6_TTCTTGAGTTCAGGTT,11.456192,8.724851
MSC6_TTCTTGATCACTACTT,10.950382,2.8869092
MSC6_TTCTTGATCGGCATAT,12.501023,10.276141
MSC6_TTGACCCAGGCTCACC,8.072386,7.760369
MSC6_TTGATGGAGTTGCTCA,10.418152,3.892298
MSC6_TTGATGGCATAGAATG,12.615978,10.771459
MSC6_TTGATGGCATATAGCC,11.110832,4.9746385
MSC6_TTGATGGTCCAACACA,11.7910595,14.45761
MSC6_TTGATGGTCTAGGAAA,10.763667,9.33221
MSC6_TTGCATTAGCACGTCC,9.26701,6.391885
MSC6_TTGCATTAGGCTGAAC,12.137955,12.359234
MSC6_TTGCATTAGTATGCAA,13.526801,8.011043
MSC6_TTGCGTCGTTCCACGG,13.421419,8.7476845
MSC6_TTGCTGCGTGCATGTT,13.18449,7.538392
MSC6_TTGCTGCGTGCCGGTT,10.206377,9.662289
MSC6_TTGGATGTCGTAACTG,12.034751,5.384157
MSC6_TTGGATGTCTTGCGCT,13.314897,8.398651
MSC6_TTGGGATAGCCATTGT,11.054328,6.1047645
MSC6_TTGGGCGCAATACGCT,8.964323,5.2730536
MSC6_TTGGGCGGTATACAGA,11.721385,5.160988
MSC6_TTGGGCGTCCGGCAAC,12.210461,9.451277
MSC6_TTGGGTATCAAGCGTT,7.5809784,4.735308
MSC6_TTGGTTTCAAAGTATG,8.119129,5.0412483
MSC6_TTGGTTTCACTGGACC,10.841151,7.488507
MSC6_TTGGTTTTCTCAGGCG,11.825688,6.838674
MSC6_TTGTGTTAGATCACCT,10.01073,8.517565
MSC6_TTGTGTTCATAGAGGC,8.900552,6.740843
MSC6_TTGTGTTGTAGCGAGT,12.991391,7.535558
MSC6_TTGTTGTGTGCACGCT,13.290859,9.088603
MSC6_TTGTTGTTCCGTGGTG,6.1478734,3.882382
MSC6_TTGTTTGAGAGAGCAA,13.30791,8.043079
MSC6_TTGTTTGAGTTGCATC,10.641871,3.7499201
MSC6_TTGTTTGCAAGCAATA,11.15505,6.308309
MSC6_TTGTTTGTCTAGTCAG,12.121479,8.40953
MSC6_TTTACCAAGCGCCTAC,11.152905,10.120134
MSC6_TTTACCACATGAGGGT,9.65817,6.688698
MSC6_TTTACCATCATCCTAT,11.592616,9.360951
MSC6_TTTACCATCCGTGTAA,9.677101,8.874585
MSC6_TTTACGTAGTGAGTGC,12.809317,6.782777
MSC6_TTTACGTCACCTCAGG,11.94889,7.10867
MSC6_TTTACGTCACTACGGC,11.834178,8.108657
MSC6_TTTACTGTCCAAGCAT,12.958494,6.6582713
MSC6_TTTACTGTCTCGTGAA,11.296187,8.934672
MSC6_TTTAGTCAGCAGGCTA,11.778875,9.324733
MSC6_TTTAGTCGTTTGTGGT,10.726394,11.03406
MSC6_TTTAGTCTCATAGACC,11.700377,7.999923
MSC6_TTTAGTCTCCGGACGT,9.2946205,7.172578
MSC6_TTTATGCAGAACCCGA,10.2776985,5.323418
MSC6_TTTATGCAGAGAGTGA,11.685562,9.419693
MSC6_TTTCACAGTTGCGTAT,11.197506,8.417209
MSC6_TTTCACAGTTTGTTCT,11.09983,3.427307
MSC6_TTTCAGTAGAAGAACG,11.787626,10.542369
MSC6_TTTCAGTCACGCCAGT,10.574579,2.449061
MSC6_TTTCAGTGTGATCATC,10.390171,7.0220847
MSC6_TTTCATGAGCTTTGTG,9.885107,7.073714
MSC6_TTTCATGAGGCGCTCT,13.001197,8.206791
MSC6_TTTCATGCACAGAGCA,9.89935,8.252365
MSC6_TTTCATGCAGAAGTTA,13.427482,7.3973083
MSC6_TTTCCTCCACAGTCAT,10.396296,11.180057
MSC6_TTTCGATGTTAAGGAT,12.323935,5.9079504
MSC6_TTTCGATGTTGGGATG,11.296317,9.493934
MSC6_TTTGACTCAACACTAC,11.0348,9.039423
MSC6_TTTGACTGTATGAGGC,10.94541,9.90661
MSC6_TTTGACTGTCTCAGAT,9.79064,8.625049
MSC6_TTTGATCGTGGCCACT,11.222329,7.007915
MSC6_TTTGGAGCAAGTGGCA,11.955691,10.742069
MSC6_TTTGTTGCAGAGGTAC,11.630195,5.8563366
MSC6_TTTGTTGGTGTCCTAA,11.994881,8.507429
MSC6_TTTGTTGTCCCTCATG,11.299607,9.060013
MSC6-BTI_AAACCCAAGCTACTAC,12.4721775,10.289875
MSC6-BTI_AAACGAAGTAGTCTGT,9.580517,10.104121
MSC6-BTI_AAAGTGAAGAGTCGAC,10.81426,10.825321
MSC6-BTI_AAATGGAAGTGTAGTA,6.3978558,3.6533377
MSC6-BTI_AACAAAGTCTAGTTCT,10.72754,11.23815
MSC6-BTI_AACGAAATCCGCTTAC,11.855608,11.63953
MSC6-BTI_AACTTCTAGCAACCAG,10.845921,11.770775
MSC6-BTI_AAGACAATCCCTCGTA,9.817699,10.779776
MSC6-BTI_AAGACTCCAGAGGACT,8.643611,6.858986
MSC6-BTI_AAGATAGTCAAGCTGT,9.00656,9.9972725
MSC6-BTI_AATCGACCAGTTCTAG,12.192574,11.437059
MSC6-BTI_ACAGAAATCGTTACCC,11.033686,9.860071
MSC6-BTI_ACAGGGACATGTTACG,8.516109,6.062453
MSC6-BTI_ACATCCCAGATCACTC,12.674919,7.020104
MSC6-BTI_ACATCCCTCTCGGGAC,11.772051,11.407845
MSC6-BTI_ACCATTTTCCCTGTTG,11.512827,9.781597
MSC6-BTI_ACCCTTGTCGAAGCAG,12.517318,10.035748
MSC6-BTI_ACGGTTAGTTTCGGCG,11.537204,11.065235
MSC6-BTI_ACGGTTATCCAAACCA,11.455157,7.5039134
MSC6-BTI_ACGTAACCAGTCCCGA,11.145189,13.124591
MSC6-BTI_ACGTAGTGTAGCCCTG,9.817091,9.677556
MSC6-BTI_ACTGTGATCCTGTAGA,10.896325,10.379359
MSC6-BTI_AGAACCTCATTGTAGC,10.414899,8.892172
MSC6-BTI_AGAAGTACAGATAAAC,10.671207,11.564128
MSC6-BTI_AGCCAATTCAAGCCCG,10.204428,10.789251
MSC6-BTI_AGCCAGCCAGGAACCA,10.66811,6.1109543
MSC6-BTI_AGGGAGTAGGGAGAAT,11.768593,11.131302
MSC6-BTI_AGGGTCCAGGCTGTAG,12.392674,11.277675
MSC6-BTI_AGGGTCCGTAGATCCT,13.039348,10.6348505
MSC6-BTI_AGGTGTTTCCTGTTGC,11.735911,10.916098
MSC6-BTI_AGGTTGTTCATAGGCT,6.7594695,4.0605297
MSC6-BTI_AGTAACCCAAATGGTA,12.71913,9.456031
MSC6-BTI_AGTACCAAGCGTCGAA,11.827051,11.387445
MSC6-BTI_AGTACTGCAATACCCA,11.502206,13.525531
MSC6-BTI_AGTACTGTCCCGAGAC,10.885446,10.149789
MSC6-BTI_AGTCACAAGTTTGTCG,12.303496,8.960075
MSC6-BTI_AGTGACTAGTATGACA,8.217454,6.5595083
MSC6-BTI_ATATCCTAGTTACTCG,10.999784,3.9910903
MSC6-BTI_ATCACTTGTCGGAACA,9.282454,9.5280285
MSC6-BTI_ATCATTCAGCACTGGA,10.33891,10.593421
MSC6-BTI_ATCCCTGCAGAGGCAT,11.050575,10.787416
MSC6-BTI_ATCGATGAGAGCCGAT,10.132394,9.347308
MSC6-BTI_ATCGGATTCTGCACCT,11.224078,4.6902685
MSC6-BTI_ATCGGCGGTATTCCTT,12.036562,13.683945
MSC6-BTI_ATCTCTATCCTGTTGC,9.654663,9.196689
MSC6-BTI_ATCTTCATCGGTTCAA,10.669038,10.0342455
MSC6-BTI_ATGACCAGTCTTGAGT,9.713686,8.566877
MSC6-BTI_ATGGGTTTCGTGTCAA,11.201071,12.318592
MSC6-BTI_ATGTCTTAGTTGCTGT,11.403811,10.464622
MSC6-BTI_ATGTCTTGTTTACACG,12.008838,9.499523
MSC6-BTI_ATTCACTGTACTCGTA,11.747587,10.543239
MSC6-BTI_ATTCAGGTCTCTGGTC,12.295209,11.165584
MSC6-BTI_ATTCGTTAGAAGTATC,8.287214,7.0129533
MSC6-BTI_ATTCTACTCCTTGACC,9.714524,10.450071
MSC6-BTI_ATTGGGTCAATAGAGT,11.163362,10.813542
MSC6-BTI_ATTGGGTCATGACGGA,9.271937,13.649805
MSC6-BTI_ATTTCACTCATCGCTC,10.214324,10.507609
MSC6-BTI_CAACCAAGTCCACTCT,11.432382,11.974353
MSC6-BTI_CAACCAAGTTAGTTCG,10.662598,9.165063
MSC6-BTI_CAAGACTGTCATATGC,11.0907345,7.995731
MSC6-BTI_CAAGAGGCATCGATGT,8.742978,5.4705777
MSC6-BTI_CAAGCTAGTCACGTGC,11.558366,11.695052
MSC6-BTI_CACACAATCTTGGTGA,11.816104,11.079193
MSC6-BTI_CACAGGCGTAACATGA,9.751307,5.2386546
MSC6-BTI_CACATGACAGCCTACG,11.033811,11.054014
MSC6-BTI_CACTTCGAGCTAGATA,12.259163,10.854929
MSC6-BTI_CACTTCGGTCACGACC,9.22128,8.12451
MSC6-BTI_CAGCAATTCATTCGGA,10.824908,9.332878
MSC6-BTI_CAGCAGCGTAGTCTGT,9.032084,8.086264
MSC6-BTI_CAGCCAGAGTAGCTCT,10.593126,10.40369
MSC6-BTI_CATGGTACAGTGTGGA,11.722166,11.511394
MSC6-BTI_CATTCATAGTATAACG,10.927399,10.844828
MSC6-BTI_CATTCTACATCCGTGG,12.577156,13.0058365
MSC6-BTI_CATTGCCGTATATGGA,10.42775,10.425436
MSC6-BTI_CCAATTTCAGAGACTG,9.748219,3.745536
MSC6-BTI_CCCGAAGGTTGCATGT,8.467554,5.1681347
MSC6-BTI_CCCTCAAAGCACTCAT,10.796417,13.173384
MSC6-BTI_CCGTGAGTCGCTTACC,9.154806,9.241394
MSC6-BTI_CCTAACCAGGAGTCTG,8.162177,5.8381705
MSC6-BTI_CCTACGTGTTCTTGCC,10.02373,7.501307
MSC6-BTI_CCTCAACTCCAGTTCC,9.232048,7.70486
MSC6-BTI_CCTTGTGAGGTGCTTT,12.099125,10.65507
MSC6-BTI_CCTTGTGGTGCAATAA,10.837323,10.204821
MSC6-BTI_CGAAGGAGTAGCACGA,11.288995,8.575773
MSC6-BTI_CGAAGTTTCACCTGTC,10.611772,2.78771
MSC6-BTI_CGCATAATCTTAAGGC,10.913786,12.7494955
MSC6-BTI_CGCCAGACAGGCGATA,7.885994,6.285693
MSC6-BTI_CGGAACCAGACAACAT,9.9113,9.298297
MSC6-BTI_CGGCAGTCACAACGAG,9.75358,9.622583
MSC6-BTI_CGGTCAGAGGTGATAT,8.306819,6.3569875
MSC6-BTI_CGTAATGAGAAACTCA,10.70661,7.6199975
MSC6-BTI_CGTGCTTGTCTCGGGT,11.367586,10.301819
MSC6-BTI_CTAACCCAGCTACTGT,10.598369,10.471649
MSC6-BTI_CTACAGACACTGTGAT,12.341389,9.836984
MSC6-BTI_CTACCCAAGCAATAAC,6.28607,4.1616383
MSC6-BTI_CTACCTGCAATCGCGC,10.501699,10.657299
MSC6-BTI_CTAGGTACACCCTAAA,10.907491,11.518505
MSC6-BTI_CTATCTAGTGATAGTA,11.958793,10.38519
MSC6-BTI_CTCAATTAGGAACGAA,13.095287,8.368027
MSC6-BTI_CTCAATTAGTTGTCGT,11.692513,11.887625
MSC6-BTI_CTCATGCGTTATGTCG,12.383814,11.720968
MSC6-BTI_CTCCTCCGTCTACAGT,10.073856,9.22125
MSC6-BTI_CTCGAGGAGTGGGAAA,9.842795,10.210033
MSC6-BTI_CTGATCCAGTCTTCGA,12.154628,10.9003725
MSC6-BTI_CTGCCTACACCCAACG,9.820467,10.681968
MSC6-BTI_CTGCCTATCCTACCGT,12.95175,8.367834
MSC6-BTI_CTGCGAGGTGGCACTC,11.692557,11.311963
MSC6-BTI_CTGCTCAGTTTAGAGA,9.24733,9.900205
MSC6-BTI_CTGTAGACAGTCTGGC,10.197154,6.5779495
MSC6-BTI_CTTCCGAGTCTACGTA,11.472736,11.482858
MSC6-BTI_CTTCGGTGTTCCATTT,10.8447075,9.665591
MSC6-BTI_CTTCTAATCCCGAGGT,10.069315,11.285841
MSC6-BTI_CTTCTCTAGGAACGTC,11.252729,11.022193
MSC6-BTI_CTTGAGACAAGGCAAC,12.017061,11.468266
MSC6-BTI_CTTTCGGCAAGGTCTT,11.450654,8.602886
MSC6-BTI_GAACACTCACGTACAT,12.002944,10.672893
MSC6-BTI_GAAGGGTGTACGTGAG,11.576036,10.875002
MSC6-BTI_GAATCACCAGGCTACC,9.952202,9.97245
MSC6-BTI_GAATCACGTCCTATAG,12.625428,10.381784
MSC6-BTI_GAATCACTCCCTAGGG,7.179858,4.1784143
MSC6-BTI_GACACGCCATATACCG,12.672104,9.0074625
MSC6-BTI_GACCGTGGTTCCAAAC,12.733211,11.513932
MSC6-BTI_GACTATGTCTACACAG,11.086027,10.993682
MSC6-BTI_GACTGATAGGAGACCT,9.217554,10.175952
MSC6-BTI_GAGGCAACATCGTGGC,11.247673,10.122221
MSC6-BTI_GAGGCAAGTAGGCAAC,11.466092,10.638069
MSC6-BTI_GAGTTACGTTAAAGTG,11.803296,11.064138
MSC6-BTI_GAGTTTGAGGAAAGTG,9.319432,8.80084
MSC6-BTI_GATTCGACACTACCGG,7.9876666,6.149981
MSC6-BTI_GCACATAAGCGCGTTC,12.289476,10.226357
MSC6-BTI_GCAGTTATCATCGCCT,10.911661,12.315581
MSC6-BTI_GCATTAGTCCGGTAAT,11.114814,11.013478
MSC6-BTI_GCCAGTGCACTTCCTG,8.366314,6.1856694
MSC6-BTI_GCCCAGAGTATGGAGC,10.471702,9.560157
MSC6-BTI_GCCGTGATCGCTGCGA,11.705387,11.159071
MSC6-BTI_GCGATCGGTGTTGCCG,9.914473,4.9295316
MSC6-BTI_GCGTGCACAGAGGCAT,11.00205,10.095214
MSC6-BTI_GCTTTCGGTTCTGAGT,10.272293,10.684219
MSC6-BTI_GGAAGTGTCGGTCATA,9.943309,7.3866673
MSC6-BTI_GGAGAACTCCACGGGT,9.962848,10.153773
MSC6-BTI_GGAGATGCACATTCGA,6.6852818,4.3882256
MSC6-BTI_GGAGGATTCCAGTGTA,11.148099,11.953185
MSC6-BTI_GGAGGTAGTGAACTAA,11.402981,4.827516
MSC6-BTI_GGCAGTCCAGTGCGCT,10.39281,12.011832
MSC6-BTI_GGCTTTCCAGGTGACA,10.618157,9.054967
MSC6-BTI_GGGACTCCAGCGTGAA,11.70557,10.989172
MSC6-BTI_GGGAGTACACATACTG,7.355889,4.8276625
MSC6-BTI_GGGTATTCAGAATCGG,12.090705,10.981741
MSC6-BTI_GGTGATTCAGACCAAG,8.9763,6.6661
MSC6-BTI_GGTTCTCGTGGTACAG,10.822763,9.766322
MSC6-BTI_GTAATCGCAACAAGTA,10.0049715,9.972166
MSC6-BTI_GTAGAGGAGTCGGCAA,10.857352,10.635687
MSC6-BTI_GTAGGTTCACGTATAC,9.559446,9.878031
MSC6-BTI_GTATTTCCAGAGCGTA,10.570748,11.921167
MSC6-BTI_GTATTTCGTATAGCTC,11.912849,11.564706
MSC6-BTI_GTCCCATCATCTCGTC,11.9243,11.2163725
MSC6-BTI_GTGCACGAGAGTCAAT,9.680368,10.362332
MSC6-BTI_GTGCACGGTACTCGAT,10.459762,11.102496
MSC6-BTI_GTGCGTGAGCAATTAG,12.385685,10.961445
MSC6-BTI_GTGCTTCCAGAATTCC,11.162541,10.091891
MSC6-BTI_GTTACAGTCACCTCAC,12.50252,6.4392138
MSC6-BTI_GTTCTATTCGTGAGAG,9.114536,9.40266
MSC6-BTI_TAACACGGTAGGCTGA,12.338263,9.704965
MSC6-BTI_TAACACGGTGGACTGA,10.013729,8.212193
MSC6-BTI_TACAACGTCCGATAGT,12.350372,10.594452
MSC6-BTI_TACCGAAGTTGGGACA,11.7835655,6.063286
MSC6-BTI_TACGCTCCAATACGCT,7.6124926,4.384447
MSC6-BTI_TACGCTCGTCCGGCAT,12.110512,13.459929
MSC6-BTI_TACGGTAGTTAGTTCG,12.690808,9.707065
MSC6-BTI_TAGACCAGTGGACCTC,10.889311,10.152675
MSC6-BTI_TAGATCGGTGACCTGC,11.518065,12.361995
MSC6-BTI_TATCGCCTCACCCTTG,11.147936,9.999352
MSC6-BTI_TATCTGTAGTGGTCAG,9.131533,9.102566
MSC6-BTI_TATCTTGAGCTACAAA,8.383959,6.506767
MSC6-BTI_TCAAGCAGTCATGACT,9.54954,9.802
MSC6-BTI_TCACGCTCAACTCGTA,10.716656,9.937398
MSC6-BTI_TCAGCAACATGGACAG,10.920606,8.619698
MSC6-BTI_TCAGCAAGTGCAGATG,8.679976,5.6302953
MSC6-BTI_TCATATCGTCGCTCGA,10.162704,11.61966
MSC6-BTI_TCCGAAATCTCACTCG,6.9714503,4.659803
MSC6-BTI_TCCGGGAAGGCGCTTC,12.078578,9.962937
MSC6-BTI_TCCGGGAGTCTCGGGT,10.705251,9.759518
MSC6-BTI_TCCTGCAAGTGCTACT,11.570944,10.746353
MSC6-BTI_TCGACCTAGAAGCCAC,7.836621,4.3117495
MSC6-BTI_TCGACCTAGTCGAATA,9.39667,6.536636
MSC6-BTI_TCGATTTTCAGACCTA,10.905112,9.03417
MSC6-BTI_TCGCACTCACGACCTG,12.670356,11.031616
MSC6-BTI_TCGCACTGTTTCGCTC,8.959359,9.185375
MSC6-BTI_TCGCAGGCATCCGCGA,6.804081,4.2162137
MSC6-BTI_TCGTGGGGTGTCCGGT,11.368968,10.441496
MSC6-BTI_TCTACATGTCAACACT,10.339902,10.334932
MSC6-BTI_TCTTGCGCAACCGACC,10.118794,8.474271
MSC6-BTI_TCTTGCGCACTACAGT,10.879735,10.226802
MSC6-BTI_TGAATCGAGATTGACA,10.396798,10.718747
MSC6-BTI_TGAGGAGGTCCGGTGT,10.33267,9.7834425
MSC6-BTI_TGAGTCAAGACTACCT,9.618446,9.274925
MSC6-BTI_TGAGTCACATTCCTCG,11.536085,11.567564
MSC6-BTI_TGCAGTACATAGAAAC,8.753898,7.2869744
MSC6-BTI_TGCCGAGCACGAGAAC,12.808872,8.947421
MSC6-BTI_TGCGGCACACAAATAG,11.254504,11.408635
MSC6-BTI_TGCGGCAGTTTGAACC,8.586375,6.3415723
MSC6-BTI_TGCTCGTGTGACTAAA,12.692108,10.556969
MSC6-BTI_TGCTGAATCAAGCTTG,9.449622,10.15452
MSC6-BTI_TGCTGAATCCACGTAA,10.141839,2.7527783
MSC6-BTI_TGCTTCGAGCCGTTAT,10.922629,11.371296
MSC6-BTI_TGCTTCGAGTTAACGA,8.098927,4.510858
MSC6-BTI_TGCTTGCTCCTAGCCT,9.918102,10.672426
MSC6-BTI_TGGATCACAGTGCGCT,10.910191,10.548671
MSC6-BTI_TGGTACATCTCAGAAC,11.79354,9.4313755
MSC6-BTI_TGGTGATCACTGCACG,11.147778,11.725795
MSC6-BTI_TGTACAGCACGGTCTG,11.086707,10.390152
MSC6-BTI_TGTGCGGTCTAAGCCA,11.506764,12.187621
MSC6-BTI_TGTGGCGGTACTCGCG,10.062206,10.300261
MSC6-BTI_TGTTCTAGTCTCTCAC,11.050306,11.376669
MSC6-BTI_TTAATCCGTTCGGCTG,12.588223,10.346571
MSC6-BTI_TTAATCCTCTTGCGCT,13.041363,10.147145
MSC6-BTI_TTACGCCGTTGGACTT,11.851731,8.104579
MSC6-BTI_TTACTGTGTTCATCGA,11.766873,11.488554
MSC6-BTI_TTCAATCTCATTATCC,7.7079215,5.823592
MSC6-BTI_TTCCGGTCACCAAATC,11.572166,11.334072
MSC6-BTI_TTCCTAACATGATCTG,9.023263,6.7249937
MSC6-BTI_TTCTCTCAGTACTGTC,9.711181,9.397034
MSC6-BTI_TTCTTGAAGGACATCG,11.834315,11.235631
MSC6-BTI_TTGGATGCAGCTTTGA,8.288165,5.808053
MSC6-BTI_TTGGGATAGCTGAGCA,9.388903,8.027952
MSC6-BTI_TTGTGGACATGAATAG,10.644254,9.37648
MSC6-BTI_TTTACCACAGAGTTGG,8.767355,6.406842
MSC6-BTI_TTTCGATCACACACTA,8.787727,6.3431225
MSC6-BTI_TTTCGATTCGGCTGTG,13.090872,9.157808
MSC6-BTI_TTTGGAGAGACCCGCT,10.89981,7.9740195
