cell_name,sample,patient,cell_type,cell_subtype,complexity,umap1,umap2,g1s_score,g2m_score,cell_cycle_phase,mp_top_score,mp_top,mp_assignment,source,computed_total_counts,computed_detected_genes,computed_mito_percent
MSC1_AATGAAGCATGCCGCA,MSC1,1,T_cell,CD8 T cells,9585,28.1238,10.4992,-0.0886,-0.4094,Not cycling,,,,Meningioma,139702.0,9583,11.443644328642396
MSC1_ACAAGCTGTTGACGGA,MSC1,1,T_cell,CD8 T cells,7855,31.1455,10.9074,-0.1929,-0.3476,Not cycling,,,,Meningioma,83756.0,7854,18.654185968766416
MSC1_ACGTACAAGGGACACT,MSC1,1,T_cell,CD8 T cells,9597,33.1184,10.589,-0.2506,-0.4352,Not cycling,,,,Meningioma,132623.0,9594,17.643998401483906
MSC1_ACTATGGAGCCGATAG,MSC1,1,T_cell,CD8 T cells,8941,29.6311,10.8851,-0.0445,-0.4153,Not cycling,,,,Meningioma,113829.0,8938,12.461674968593242
MSC1_AGAAATGGTCTCAGGC,MSC1,1,T_cell,CD8 T cells,7854,28.0655,10.4826,0.1712,-0.2698,Not cycling,,,,Meningioma,69494.0,7854,17.95838489653783
MSC1_AGAAGCGCAGCATACT,MSC1,1,T_cell,CD8 T cells,8841,28.4891,10.601,-0.0973,-0.4059,Not cycling,,,,Meningioma,112423.0,8840,13.224162315540415
MSC1_AGCGCCAGTTATCCAG,MSC1,1,T_cell,CD8 T cells,8089,31.9376,10.8806,0.2748,-0.2265,Not cycling,,,,Meningioma,94656.0,8088,17.580502028397564
MSC1_ATCACAGGTTGCATGT,MSC1,1,T_cell,CD8 T cells,8779,28.4157,10.8568,-0.2119,-0.284,Not cycling,,,,Meningioma,102802.0,8778,16.19131923503434
MSC1_ATCACGAGTGAGGATC,MSC1,1,T_cell,CD8 T cells,8379,32.1867,11.0633,-0.2297,-0.3667,Not cycling,,,,Meningioma,102529.0,8379,19.05314593919769
MSC1_ATCCTATTCTAGTGAC,MSC1,1,T_cell,CD8 T cells,9787,28.5293,11.065,-0.2532,-0.4487,Not cycling,,,,Meningioma,134809.0,9784,14.355124657849254
MSC1_ATGGATCGTATGACAA,MSC1,1,T_cell,CD8 T cells,9253,29.9904,11.2858,-0.2336,-0.3766,Not cycling,,,,Meningioma,126738.0,9253,15.573861036153325
MSC1_ATGGGTTGTACTCCCT,MSC1,1,T_cell,CD8 T cells,9189,28.3844,10.9237,-0.3032,-0.4485,Not cycling,,,,Meningioma,115439.0,9188,17.45510615996327
MSC1_CAGATCACACTTCTCG,MSC1,1,T_cell,CD8 T cells,7206,32.1231,10.782,-0.0921,-0.3512,Not cycling,,,,Meningioma,71792.0,7206,18.564742589703588
MSC1_CATAAGCAGTCCGCGT,MSC1,1,T_cell,CD8 T cells,7795,32.9514,10.545,-0.0404,-0.3964,Not cycling,,,,Meningioma,83093.0,7794,16.453852911797625
MSC1_CATAAGCTCTCGCGTT,MSC1,1,T_cell,CD8 T cells,8314,32.2431,10.8425,0.3375,-0.2684,Not cycling,,,,Meningioma,93512.0,8313,15.326375224570109
MSC1_CATCCGTGTGTTGATC,MSC1,1,T_cell,CD8 T cells,9079,31.6652,11.3528,0.6511,-0.3081,Not cycling,,,,Meningioma,109941.0,9078,12.701358001109686
MSC1_CATTCCGGTTGACTGT,MSC1,1,T_cell,CD8 T cells,9404,29.9268,11.0776,-0.0744,-0.3776,Not cycling,,,,Meningioma,134227.0,9403,11.632532947916589
MSC1_CCATCACAGCGCCGTT,MSC1,1,T_cell,CD8 T cells,8576,33.2556,10.1317,-0.003,-0.2917,Not cycling,,,,Meningioma,91270.0,8576,7.559986852196778
MSC1_CCTCTAGAGTGTTCCA,MSC1,1,T_cell,CD8 T cells,7562,31.7121,11.2104,-0.1982,-0.4032,Not cycling,,,,Meningioma,64774.0,7562,18.11066168524408
MSC1_CGTTCTGTCGGTTCAA,MSC1,1,T_cell,CD8 T cells,8997,29.1333,11.4878,-0.4019,-0.3952,Not cycling,,,,Meningioma,109752.0,8996,18.070741307675487
MSC1_CTGGTCTCACCTCAGG,MSC1,1,T_cell,CD8 T cells,2127,-16.8814,26.9914,0.0314,-0.089,Not cycling,,,,Meningioma,6425.0,2127,6.132295719844358
MSC1_GATGCTATCAGCCCAG,MSC1,1,T_cell,CD8 T cells,9517,28.8762,11.2909,-0.1129,1.5023,G2/M,,,,Meningioma,116298.0,9516,15.143854580474299
MSC1_GATTCGACATGGGCAA,MSC1,1,T_cell,CD8 T cells,7993,32.7998,10.494,0.9975,-0.1544,G1/S,,,,Meningioma,81474.0,7992,11.69084615951101
MSC1_GATTGGTCAAGGCTTT,MSC1,1,T_cell,CD8 T cells,7687,32.9878,10.5055,-0.0731,-0.3117,Not cycling,,,,Meningioma,76132.0,7687,15.481006672621238
MSC1_GATTTCTTCCCGAGGT,MSC1,1,T_cell,CD8 T cells,8390,33.0542,10.5597,-0.3639,-0.3921,Not cycling,,,,Meningioma,78178.0,8389,12.233620711709177
MSC1_GCTCAAACATAGCTGT,MSC1,1,T_cell,CD8 T cells,7232,31.8572,11.2073,-0.1273,-0.4041,Not cycling,,,,Meningioma,59105.0,7231,16.913966669486506
MSC1_GGAGAACTCAAGTGTC,MSC1,1,T_cell,CD8 T cells,8398,31.0601,11.3249,-0.2001,-0.3879,Not cycling,,,,Meningioma,108971.0,8397,16.194216809976968
MSC1_GGCTTGGTCTCACGAA,MSC1,1,T_cell,CD8 T cells,7573,31.8045,11.1418,-0.2411,-0.3034,Not cycling,,,,Meningioma,74609.0,7573,18.58086825986141
MSC1_GTAACCACAATGAAAC,MSC1,1,T_cell,CD8 T cells,8575,30.1665,11.0784,-0.1214,-0.3359,Not cycling,,,,Meningioma,106044.0,8574,14.712760740824564
MSC1_GTCACTCAGTGGATAT,MSC1,1,T_cell,CD8 T cells,9573,28.5058,10.8647,-0.2082,-0.3819,Not cycling,,,,Meningioma,138954.0,9572,16.1542668796868
MSC1_GTCATTTCACCAACAT,MSC1,1,T_cell,CD8 T cells,8539,31.7863,11.2385,-0.2743,-0.371,Not cycling,,,,Meningioma,93343.0,8538,12.47013702152277
MSC1_TAACTTCCACCAAAGG,MSC1,1,T_cell,CD8 T cells,9325,29.7025,11.0371,-0.3363,-0.3933,Not cycling,,,,Meningioma,131876.0,9325,14.218659953289453
MSC1_TACGTCCAGCTGTTCA,MSC1,1,T_cell,CD8 T cells,7247,32.3837,10.9194,-0.126,-0.3418,Not cycling,,,,Meningioma,67326.0,7247,15.882422838130886
MSC1_TATTGGGGTTCCAAAC,MSC1,1,T_cell,CD8 T cells,8508,29.4882,11.9306,-0.3292,-0.4295,Not cycling,,,,Meningioma,90195.0,8508,15.120572093796774
MSC1_TCAAGACTCTCTTGCG,MSC1,1,T_cell,CD8 T cells,9937,29.3849,10.741,-0.2311,-0.4051,Not cycling,,,,Meningioma,170129.0,9936,15.581705646891477
MSC1_TCACGCTCATCGGAGA,MSC1,1,T_cell,CD8 T cells,8028,29.0971,10.8526,-0.2301,-0.3672,Not cycling,,,,Meningioma,98428.0,8028,14.510098752387533
MSC1_TCATATCTCCTACCAC,MSC1,1,T_cell,CD8 T cells,9230,32.1967,11.1662,-0.1116,-0.4141,Not cycling,,,,Meningioma,110102.0,9229,13.644620442862074
MSC1_TCCCACAAGAGCAAGA,MSC1,1,T_cell,CD8 T cells,8192,30.3905,10.8922,0.3075,1.1596,G2/M,,,,Meningioma,89938.0,8192,16.302341613111256
MSC1_TCGGTCTGTTTGGAGG,MSC1,1,T_cell,CD8 T cells,8375,32.5634,10.8481,-0.2066,-0.3396,Not cycling,,,,Meningioma,93887.0,8375,17.390054001086412
MSC1_TGAATCGAGCGAATGC,MSC1,1,T_cell,CD8 T cells,8988,31.1598,11.2419,-0.1896,0.689,G2/M,,,,Meningioma,106147.0,8988,14.625943267355648
MSC1_TGACGCGAGTCGAGGT,MSC1,1,T_cell,CD8 T cells,9233,30.1603,11.2156,-0.328,-0.4144,Not cycling,,,,Meningioma,120567.0,9230,16.075708941916112
MSC1_TGCAGTATCCAGCACG,MSC1,1,T_cell,CD8 T cells,9298,28.119,10.4697,-0.287,-0.4229,Not cycling,,,,Meningioma,131574.0,9296,14.587988508367914
MSC1_TGTTCTACAACAGATA,MSC1,1,T_cell,CD8 T cells,8109,32.9825,10.5054,-0.2281,-0.3423,Not cycling,,,,Meningioma,89588.0,8108,18.61521632361477
MSC1_TTACAGGCACACCTGG,MSC1,1,T_cell,CD8 T cells,9818,29.2919,11.3965,-0.339,-0.4508,Not cycling,,,,Meningioma,143850.0,9817,17.717066388599235
MSC1_TTCGGTCAGGTGGCTA,MSC1,1,T_cell,CD8 T cells,7477,29.3206,11.8109,-0.1461,-0.3324,Not cycling,,,,Meningioma,65314.0,7477,17.64246562758367
MSC1_TTTCGATAGTCTCCTC,MSC1,1,T_cell,CD8 T cells,8493,32.5856,10.8869,0.1546,-0.2435,Not cycling,,,,Meningioma,91118.0,8493,17.354419543888145
MSC2_AAGCGAGAGCCTGACC,MSC2,2,T_cell,CD8 T cells,1333,-15.641,25.4677,0.1744,-0.0624,Not cycling,,,,Meningioma,3873.0,1333,12.367673638006712
MSC2_AGAGCAGCACAATTCG,MSC2,2,T_cell,CD8 T cells,5163,-15.2175,24.3556,1.4084,2.4293,G2/M,,,,Meningioma,31132.0,5163,7.4457150199152
MSC2_AGTCACACACAGTACT,MSC2,2,T_cell,CD8 T cells,1522,-16.0892,25.8952,-0.0549,-0.007,Not cycling,,,,Meningioma,4101.0,1522,10.558400390148744
MSC2_AGTTAGCTCAACCGAT,MSC2,2,T_cell,CD8 T cells,1289,-15.8852,25.8172,-0.063,-0.0741,Not cycling,,,,Meningioma,3008.0,1289,10.837765957446809
MSC2_ATTCAGGCAAATAAGC,MSC2,2,T_cell,CD8 T cells,1234,-16.1653,25.8726,0.1247,-0.0664,Not cycling,,,,Meningioma,2340.0,1234,6.666666666666667
MSC2_CCCAACTCAATGACCT,MSC2,2,T_cell,CD8 T cells,1646,-16.2118,26.0374,0.0184,0.1189,Not cycling,,,,Meningioma,3592.0,1646,8.658129175946549
MSC2_CCGATCTGTGGGATTG,MSC2,2,T_cell,CD8 T cells,1422,-15.9002,25.7469,-0.0989,-0.0568,Not cycling,,,,Meningioma,3801.0,1422,9.760589318600369
MSC2_CCGGACATCGCAGTGC,MSC2,2,T_cell,CD8 T cells,1408,-15.9753,25.9885,-0.1253,-0.0705,Not cycling,,,,Meningioma,3749.0,1408,9.52253934382502
MSC2_CCGTTCAGTCACTTAG,MSC2,2,T_cell,CD8 T cells,1638,-15.9237,25.7271,-0.1313,-0.0214,Not cycling,,,,Meningioma,4573.0,1638,12.814345068882572
MSC2_CCTCCTCAGAGAATCT,MSC2,2,T_cell,CD8 T cells,1595,-15.8813,25.7198,-0.0563,-0.0546,Not cycling,,,,Meningioma,4172.0,1595,8.029721955896452
MSC2_CGCCATTAGGGTGAGG,MSC2,2,T_cell,CD8 T cells,1499,-15.7788,25.6122,-0.0279,-0.0552,Not cycling,,,,Meningioma,4229.0,1499,4.8947741782927405
MSC2_CTAACCCTCATTTACC,MSC2,2,T_cell,CD8 T cells,1689,-16.3245,26.2747,0.0156,0.0073,Not cycling,,,,Meningioma,4553.0,1689,11.772457720184494
MSC2_CTACCCAGTTTGAACC,MSC2,2,T_cell,CD8 T cells,1760,-15.8605,25.7036,0.1304,-0.0651,Not cycling,,,,Meningioma,4433.0,1760,6.564403338596887
MSC2_CTATAGGCACTACCGG,MSC2,2,T_cell,CD8 T cells,979,,,,,,,,,Meningioma,2212.0,979,10.669077757685352
MSC2_CTATCCGGTCACTTAG,MSC2,2,T_cell,CD8 T cells,1653,-15.8371,25.6961,0.0019,-0.0047,Not cycling,,,,Meningioma,4687.0,1653,6.656710049071901
MSC2_CTTCTCTAGCTCACTA,MSC2,2,T_cell,CD8 T cells,1594,-15.8688,25.7373,0.061,-0.0537,Not cycling,,,,Meningioma,4134.0,1594,13.110788582486697
MSC2_GACTGATCAAGATGTA,MSC2,2,T_cell,CD8 T cells,1234,-15.9824,25.7853,-0.0546,-0.0588,Not cycling,,,,Meningioma,2930.0,1234,19.62457337883959
MSC2_GCCGTGACAGCGAGTA,MSC2,2,T_cell,CD8 T cells,1322,-15.8116,25.6976,-0.1264,-0.0597,Not cycling,,,,Meningioma,3898.0,1322,17.98358132375577
MSC2_GGACGTCGTGCTATTG,MSC2,2,T_cell,CD8 T cells,1410,-15.723,25.5511,-0.0312,-0.0544,Not cycling,,,,Meningioma,3502.0,1410,6.5962307252998285
MSC2_GGGATCCCATCCGGCA,MSC2,2,T_cell,CD8 T cells,1738,-16.0866,25.9786,0.0149,-0.0638,Not cycling,,,,Meningioma,4585.0,1738,8.8113413304253
MSC2_GGGTTTACAAGTTCCA,MSC2,2,T_cell,CD8 T cells,1362,-15.9391,25.7496,-0.098,-0.0498,Not cycling,,,,Meningioma,3261.0,1362,9.076970254523152
MSC2_GTGACGCTCACTTATC,MSC2,2,T_cell,CD8 T cells,1594,-15.8284,25.8686,0.0677,-0.0655,Not cycling,,,,Meningioma,4600.0,1594,8.108695652173912
MSC2_GTGATGTAGATCCCAT,MSC2,2,T_cell,CD8 T cells,1914,-15.9123,25.7588,0.7397,-0.0679,G1/S,,,,Meningioma,6155.0,1914,8.074735987002438
MSC2_TAACTTCCAGCGTGCT,MSC2,2,T_cell,CD8 T cells,1917,-15.9671,25.7982,-0.1194,0.0022,Not cycling,,,,Meningioma,5954.0,1917,9.002351360429962
MSC2_TAATTCCCAGACCTAT,MSC2,2,T_cell,CD8 T cells,1500,-16.2466,26.0674,-0.1189,-0.0692,Not cycling,,,,Meningioma,3247.0,1500,9.116107175854635
MSC2_TAGATCGTCTATACTC,MSC2,2,T_cell,CD8 T cells,4287,9.319,32.6996,2.0541,1.7719,Intermediate,,,,Meningioma,23388.0,4287,13.669403112707371
MSC2_TATTCCAGTGGTAATA,MSC2,2,T_cell,CD8 T cells,1326,-15.7898,25.5683,-0.0446,0.0083,Not cycling,,,,Meningioma,3457.0,1326,12.872432745154759
MSC2_TCAGTCCTCACTGGGC,MSC2,2,T_cell,CD8 T cells,1736,-16.1031,25.9521,0.0074,-0.0614,Not cycling,,,,Meningioma,4092.0,1736,4.032258064516129
MSC2_TCTACATCAATGGCAG,MSC2,2,T_cell,CD8 T cells,1717,-15.9294,25.7896,0.0665,-0.0615,Not cycling,,,,Meningioma,5232.0,1717,7.68348623853211
MSC2_TCTCCGAGTGCGGCTT,MSC2,2,T_cell,CD8 T cells,1548,-16.1776,25.8786,0.0575,-0.0781,Not cycling,,,,Meningioma,4207.0,1548,6.085096268124555
MSC2_TGATTCTTCATTCATC,MSC2,2,T_cell,CD8 T cells,1822,-16.1319,25.8769,0.4194,0.0007,Not cycling,,,,Meningioma,4029.0,1822,4.393149664929263
MSC2_TGCATCCAGACATACA,MSC2,2,T_cell,CD8 T cells,1114,-15.8335,25.6686,-0.0499,-0.0722,Not cycling,,,,Meningioma,2388.0,1114,12.89782244556114
MSC2_TTCCTTCCATAGAATG,MSC2,2,T_cell,CD8 T cells,1413,-15.6379,25.5214,0.0202,-0.0566,Not cycling,,,,Meningioma,3922.0,1413,17.465578786333502
MSC2_TTTGGTTGTTTGTTCT,MSC2,2,T_cell,CD8 T cells,1155,-15.6958,25.8008,-0.1076,0.0013,Not cycling,,,,Meningioma,2444.0,1154,11.988543371522095
MSC3_ACTATGGTCGAGATGG,MSC3,3,T_cell,CD8 T cells,1382,-15.9253,25.5695,-0.1176,-0.0548,Not cycling,,,,Meningioma,4157.0,1382,12.581188356988212
MSC3_AGAGAGCCAGCCGTTG,MSC3,3,T_cell,CD8 T cells,2986,9.6036,32.8072,1.7507,1.425,Intermediate,,,,Meningioma,8117.0,2986,1.774054453615868
MSC3_ATCGGCGTCTTGAACG,MSC3,3,T_cell,CD8 T cells,1570,-15.7252,25.3511,0.0096,-0.0702,Not cycling,,,,Meningioma,5172.0,1570,8.565351894818253
MSC3_CATTGTTAGAGAATCT,MSC3,3,T_cell,CD8 T cells,1064,-15.6378,25.4659,0.0664,0.0146,Not cycling,,,,Meningioma,2625.0,1064,11.466666666666667
MSC3_GGGATCCTCGGTAACT,MSC3,3,T_cell,CD8 T cells,1000,-15.8151,25.5942,-0.132,-0.0167,Not cycling,,,,Meningioma,1571.0,1000,1.464035646085296
MSC3_GTTCGCTCACAACGTT,MSC3,3,T_cell,CD8 T cells,559,,,,,,,,,Meningioma,890.0,559,13.48314606741573
MSC3_TCTTCCTGTCATAACC,MSC3,3,T_cell,CD8 T cells,1630,-15.8553,25.6982,0.3526,-0.0369,Not cycling,,,,Meningioma,3323.0,1630,18.447186277460126
MSC3_TGAGGAGGTTCGTTCC,MSC3,3,T_cell,CD8 T cells,2119,-16.1103,25.849,0.0583,-0.0923,Not cycling,,,,Meningioma,7348.0,2118,9.335873707131192
MSC4_AAAGAACAGGCACTAG,MSC4,4,T_cell,CD8 T cells,927,,,,,,,,,Meningioma,2488.0,927,13.263665594855306
MSC4_AAATGGAAGACTGTTC,MSC4,4,T_cell,CD8 T cells,935,,,,,,,,,Meningioma,2080.0,935,10.336538461538462
MSC4_AACACACGTTGCAAGG,MSC4,4,T_cell,CD8 T cells,1096,-15.7929,25.4751,-0.1172,-0.0597,Not cycling,,,,Meningioma,2555.0,1096,10.097847358121331
MSC4_AACAGGGGTCGTTGCG,MSC4,4,T_cell,CD8 T cells,973,,,,,,,,,Meningioma,1925.0,973,13.506493506493506
MSC4_AACCATGAGGTTGAGC,MSC4,4,T_cell,CD8 T cells,794,,,,,,,,,Meningioma,1917.0,794,9.389671361502348
MSC4_AACCCAAGTACATACC,MSC4,4,T_cell,CD8 T cells,834,,,,,,,,,Meningioma,1782.0,834,12.065095398428731
MSC4_AACGAAATCATAAGGA,MSC4,4,T_cell,CD8 T cells,818,,,,,,,,,Meningioma,2093.0,818,16.387959866220736
MSC4_AAGACTCGTTAGGCTT,MSC4,4,T_cell,CD8 T cells,930,,,,,,,,,Meningioma,1943.0,930,9.521358723623264
MSC4_AAGGTAATCACTGCTC,MSC4,4,T_cell,CD8 T cells,1114,-15.4526,25.1787,-0.1518,0.0164,Not cycling,,,,Meningioma,2669.0,1114,15.51142750093668
MSC4_AATCGTGGTTCGTAAC,MSC4,4,T_cell,CD8 T cells,832,,,,,,,,,Meningioma,1988.0,832,16.096579476861166
MSC4_AATGACCCAGGTTACT,MSC4,4,T_cell,CD8 T cells,795,,,,,,,,,Meningioma,1947.0,795,19.41448382126348
MSC4_AATGGAACAACCGTGC,MSC4,4,T_cell,CD8 T cells,1242,-15.5345,25.3006,-0.0565,0.0555,Not cycling,,,,Meningioma,3030.0,1242,8.514851485148515
MSC4_ACAGCCGAGTATAGGT,MSC4,4,T_cell,CD8 T cells,899,,,,,,,,,Meningioma,2039.0,899,9.12211868563021
MSC4_ACATGCAAGGACACTG,MSC4,4,T_cell,CD8 T cells,958,,,,,,,,,Meningioma,1805.0,958,6.814404432132964
MSC4_ACCGTTCGTTAAAGTG,MSC4,4,T_cell,CD8 T cells,1039,-15.8589,25.6458,0.1342,0.0087,Not cycling,,,,Meningioma,2199.0,1039,13.142337426102774
MSC4_ACGATCACACCTGCGA,MSC4,4,T_cell,CD8 T cells,964,,,,,,,,,Meningioma,1841.0,964,10.700706137968496
MSC4_ACGATGTGTAGTAAGT,MSC4,4,T_cell,CD8 T cells,810,,,,,,,,,Meningioma,1982.0,810,16.851664984863774
MSC4_ACGTCCTGTGGCTTAT,MSC4,4,T_cell,CD8 T cells,799,,,,,,,,,Meningioma,1505.0,799,8.172757475083056
MSC4_ACTACGACATTCTCTA,MSC4,4,T_cell,CD8 T cells,877,,,,,,,,,Meningioma,1518.0,877,11.396574440052701
MSC4_ACTATTCTCGCCATAA,MSC4,4,T_cell,CD8 T cells,1120,-16.0765,25.7324,-0.0866,-0.0994,Not cycling,,,,Meningioma,2342.0,1120,9.222886421861658
MSC4_ACTTCCGAGAGTTCGG,MSC4,4,T_cell,CD8 T cells,708,,,,,,,,,Meningioma,1411.0,708,12.331679659815734
MSC4_ACTTTCAGTCACTCAA,MSC4,4,T_cell,CD8 T cells,1160,-15.8558,25.5338,-0.0574,-0.0781,Not cycling,,,,Meningioma,2895.0,1160,15.716753022452504
MSC4_ACTTTCAGTGCTCCGA,MSC4,4,T_cell,CD8 T cells,1182,-16.3328,25.962,-0.0016,-0.0711,Not cycling,,,,Meningioma,3008.0,1182,18.75
MSC4_AGAAGTAAGACGCAGT,MSC4,4,T_cell,CD8 T cells,810,,,,,,,,,Meningioma,1988.0,810,16.29778672032193
MSC4_AGACCATTCTGGCTGG,MSC4,4,T_cell,CD8 T cells,3195,17.8751,-1.5174,-0.1193,-0.2666,Not cycling,,,,Meningioma,10512.0,3195,19.625190258751903
MSC4_AGATAGAAGGGCTTCC,MSC4,4,T_cell,CD8 T cells,851,,,,,,,,,Meningioma,1652.0,851,10.835351089588377
MSC4_AGATAGACACTCATAG,MSC4,4,T_cell,CD8 T cells,983,,,,,,,,,Meningioma,2218.0,983,14.021641118124437
MSC4_AGCCACGCACACACGC,MSC4,4,T_cell,CD8 T cells,998,,,,,,,,,Meningioma,1935.0,998,9.509043927648579
MSC4_AGGTAGGGTATGGAAT,MSC4,4,T_cell,CD8 T cells,713,,,,,,,,,Meningioma,1677.0,713,7.6326774001192605
MSC4_AGGTGTTCAAGCCCAC,MSC4,4,T_cell,CD8 T cells,935,,,,,,,,,Meningioma,2126.0,935,13.358419567262464
MSC4_AGGTTACGTCCAGGTC,MSC4,4,T_cell,CD8 T cells,1022,-15.7439,25.3522,0.0771,-0.0543,Not cycling,,,,Meningioma,2910.0,1022,14.054982817869416
MSC4_AGTCACAGTGCAGATG,MSC4,4,T_cell,CD8 T cells,915,,,,,,,,,Meningioma,1979.0,915,6.720565942395149
MSC4_AGTGACTGTCAGTCTA,MSC4,4,T_cell,CD8 T cells,1073,-15.5032,25.2568,-0.1243,0.0382,Not cycling,,,,Meningioma,2619.0,1073,14.051164566628485
MSC4_AGTTCGACAACAGCTT,MSC4,4,T_cell,CD8 T cells,885,,,,,,,,,Meningioma,1745.0,885,11.862464183381089
MSC4_ATAGGCTGTGCGCTCA,MSC4,4,T_cell,CD8 T cells,1084,-16.3118,25.9839,-0.1189,-0.0051,Not cycling,,,,Meningioma,2230.0,1084,9.372197309417041
MSC4_ATCACGAAGTCGCCCA,MSC4,4,T_cell,CD8 T cells,1033,-15.5112,25.2859,-0.118,-0.0644,Not cycling,,,,Meningioma,2406.0,1033,10.889443059019118
MSC4_ATCCTATAGGGCCAAT,MSC4,4,T_cell,CD8 T cells,891,,,,,,,,,Meningioma,1717.0,891,10.075713453698311
MSC4_ATCGATGAGATAGTGT,MSC4,4,T_cell,CD8 T cells,883,,,,,,,,,Meningioma,1975.0,883,14.987341772151899
MSC4_ATCGGCGAGGCCGCTT,MSC4,4,T_cell,CD8 T cells,857,,,,,,,,,Meningioma,1770.0,857,11.186440677966102
MSC4_ATCTTCAAGCACTCTA,MSC4,4,T_cell,CD8 T cells,763,,,,,,,,,Meningioma,1522.0,763,18.791064388961892
MSC4_ATTACCTTCGCCAATA,MSC4,4,T_cell,CD8 T cells,881,,,,,,,,,Meningioma,1744.0,881,8.830275229357799
MSC4_ATTACTCTCACCTTGC,MSC4,4,T_cell,CD8 T cells,909,,,,,,,,,Meningioma,1957.0,909,15.227388860500767
MSC4_ATTCTACAGTTCCGTA,MSC4,4,T_cell,CD8 T cells,1168,-15.613,25.4301,-0.0569,-0.05,Not cycling,,,,Meningioma,2492.0,1168,11.31621187800963
MSC4_CAAAGAAGTCCAAATC,MSC4,4,T_cell,CD8 T cells,1165,-15.5339,25.2829,-0.1076,-0.0674,Not cycling,,,,Meningioma,2747.0,1165,12.413542045868219
MSC4_CAAGCTAGTCTCAGAT,MSC4,4,T_cell,CD8 T cells,643,,,,,,,,,Meningioma,1441.0,643,11.519777931991673
MSC4_CACCGTTCACTCACTC,MSC4,4,T_cell,CD8 T cells,981,,,,,,,,,Meningioma,1998.0,981,6.056056056056056
MSC4_CACGTTCAGTTGGACG,MSC4,4,T_cell,CD8 T cells,998,,,,,,,,,Meningioma,2182.0,998,12.007332722273144
MSC4_CACTGGGCAACAGCCC,MSC4,4,T_cell,CD8 T cells,974,,,,,,,,,Meningioma,2246.0,974,10.596616206589493
MSC4_CACTGTCCATAGGTTC,MSC4,4,T_cell,CD8 T cells,1349,-16.4935,26.2031,-0.061,-0.0128,Not cycling,,,,Meningioma,2688.0,1349,8.630952380952381
MSC4_CAGATACAGGGTATAT,MSC4,4,T_cell,CD8 T cells,1110,-15.6266,25.4326,-0.1318,-0.0745,Not cycling,,,,Meningioma,2545.0,1110,9.194499017681729
MSC4_CAGATACCACTGTCCT,MSC4,4,T_cell,CD8 T cells,1055,-15.7709,25.5185,-0.0752,-0.0817,Not cycling,,,,Meningioma,2579.0,1055,16.013958898797984
MSC4_CAGCAATAGCGTATAA,MSC4,4,T_cell,CD8 T cells,975,,,,,,,,,Meningioma,2057.0,975,7.146329606222654
MSC4_CATCAAGCACGTAACT,MSC4,4,T_cell,CD8 T cells,871,,,,,,,,,Meningioma,1658.0,871,11.218335343787697
MSC4_CATCCACGTGCCTACG,MSC4,4,T_cell,CD8 T cells,996,,,,,,,,,Meningioma,1911.0,996,7.012035583464155
MSC4_CATCGTCAGCAAGTCG,MSC4,4,T_cell,CD8 T cells,858,,,,,,,,,Meningioma,1934.0,858,10.186142709410548
MSC4_CATGCAAAGATTGGGC,MSC4,4,T_cell,CD8 T cells,866,,,,,,,,,Meningioma,1786.0,866,15.509518477043674
MSC4_CATGCTCTCTTCCCGA,MSC4,4,T_cell,CD8 T cells,1022,-16.1511,25.7707,-0.0639,-0.0665,Not cycling,,,,Meningioma,2201.0,1022,17.49204906860518
MSC4_CATTCTAGTTCCCAAA,MSC4,4,T_cell,CD8 T cells,858,,,,,,,,,Meningioma,1836.0,858,15.468409586056644
MSC4_CATTGCCTCCCTCTCC,MSC4,4,T_cell,CD8 T cells,1101,-16.812,26.6126,-0.1353,-0.0817,Not cycling,,,,Meningioma,2409.0,1101,12.909921129099212
MSC4_CCACAAACATGGAAGC,MSC4,4,T_cell,CD8 T cells,1122,-15.697,25.4652,-0.068,-0.0053,Not cycling,,,,Meningioma,2691.0,1122,11.148272017837236
MSC4_CCACTTGCAATTGCTG,MSC4,4,T_cell,CD8 T cells,963,,,,,,,,,Meningioma,2209.0,963,11.407876867360796
MSC4_CCCTAACCACCGAATT,MSC4,4,T_cell,CD8 T cells,1013,-16.3137,25.9608,0.0605,-0.0684,Not cycling,,,,Meningioma,2083.0,1013,7.729236677868459
MSC4_CCCTCTCGTTCCGCTT,MSC4,4,T_cell,CD8 T cells,3204,15.2805,-5.3475,-0.1363,-0.2068,Not cycling,,,,Meningioma,10137.0,3204,6.48120745782776
MSC4_CCGGTAGAGGGATCGT,MSC4,4,T_cell,CD8 T cells,733,,,,,,,,,Meningioma,1472.0,733,11.548913043478262
MSC4_CCTAAGAGTCGCCTAG,MSC4,4,T_cell,CD8 T cells,1226,-15.5199,25.3356,-0.0468,-0.0119,Not cycling,,,,Meningioma,3058.0,1226,10.595160235448006
MSC4_CCTAAGAGTTTCACAG,MSC4,4,T_cell,CD8 T cells,935,,,,,,,,,Meningioma,1911.0,935,11.564625850340136
MSC4_CCTAAGATCATGCCAA,MSC4,4,T_cell,CD8 T cells,1043,-16.1575,25.8187,-0.1292,-0.0685,Not cycling,,,,Meningioma,2169.0,1043,16.044260027662517
MSC4_CGATGGCTCCCATACC,MSC4,4,T_cell,CD8 T cells,854,,,,,,,,,Meningioma,1910.0,854,13.298429319371728
MSC4_CGCATAAAGTTCATCG,MSC4,4,T_cell,CD8 T cells,889,,,,,,,,,Meningioma,2161.0,889,8.838500694123091
MSC4_CGCATAATCGACGTCG,MSC4,4,T_cell,CD8 T cells,2798,9.4309,32.8271,1.2141,0.4797,G1/S,,,,Meningioma,10436.0,2798,12.226906860866233
MSC4_CGGAATTGTAGACACG,MSC4,4,T_cell,CD8 T cells,916,,,,,,,,,Meningioma,1946.0,916,13.771839671120247
MSC4_CTAACTTCACCTCAGG,MSC4,4,T_cell,CD8 T cells,1071,-15.5705,25.3394,-0.0345,-0.0571,Not cycling,,,,Meningioma,2280.0,1071,11.228070175438596
MSC4_CTATCCGTCGAGTCCG,MSC4,4,T_cell,CD8 T cells,1085,-15.4472,25.148,-0.0603,-0.0733,Not cycling,,,,Meningioma,2379.0,1085,13.366960907944515
MSC4_CTATCTAAGGTTCCGC,MSC4,4,T_cell,CD8 T cells,834,,,,,,,,,Meningioma,1729.0,834,14.632735685367264
MSC4_CTCAGAACATCACCAA,MSC4,4,T_cell,CD8 T cells,882,,,,,,,,,Meningioma,1886.0,882,8.430540827147402
MSC4_CTCATGCCAGTCTACA,MSC4,4,T_cell,CD8 T cells,1058,-15.6685,25.4484,0.0182,-0.0012,Not cycling,,,,Meningioma,2431.0,1058,12.916495269436446
MSC4_CTCCTTTAGCGCCTTG,MSC4,4,T_cell,CD8 T cells,861,,,,,,,,,Meningioma,2022.0,861,14.391691394658753
MSC4_CTGCCTATCAGTCCGG,MSC4,4,T_cell,CD8 T cells,861,,,,,,,,,Meningioma,1889.0,861,12.652196929592376
MSC4_CTGTAGAAGCAGGTCA,MSC4,4,T_cell,CD8 T cells,720,,,,,,,,,Meningioma,1418.0,720,14.809590973201692
MSC4_CTGTGGGAGTATAACG,MSC4,4,T_cell,CD8 T cells,2869,19.27,-2.5866,-0.2995,-0.215,Not cycling,,,,Meningioma,11171.0,2869,18.028824635216186
MSC4_CTTCTAAAGTTCCAGT,MSC4,4,T_cell,CD8 T cells,530,,,,,,,,,Meningioma,1023.0,530,10.263929618768328
MSC4_CTTCTAAGTGTACATC,MSC4,4,T_cell,CD8 T cells,853,,,,,,,,,Meningioma,1871.0,853,12.399786210582576
MSC4_GAAGCGATCGTGGCGT,MSC4,4,T_cell,CD8 T cells,893,,,,,,,,,Meningioma,1975.0,893,11.49367088607595
MSC4_GACACGCCAGTCGCTG,MSC4,4,T_cell,CD8 T cells,1160,-15.4352,25.2205,-0.0414,0.0647,Not cycling,,,,Meningioma,3079.0,1160,11.7895420591101
MSC4_GACCCAGTCTGCATGA,MSC4,4,T_cell,CD8 T cells,911,,,,,,,,,Meningioma,1907.0,911,9.753539590980598
MSC4_GACCTTCGTATCATGC,MSC4,4,T_cell,CD8 T cells,904,,,,,,,,,Meningioma,1905.0,904,14.488188976377952
MSC4_GACGCTGAGGGCAATC,MSC4,4,T_cell,CD8 T cells,837,,,,,,,,,Meningioma,2321.0,837,13.399396811719086
MSC4_GAGGCAAGTACTGAGG,MSC4,4,T_cell,CD8 T cells,1052,-15.7062,25.4046,-0.1127,-0.0641,Not cycling,,,,Meningioma,2939.0,1052,14.120449132357946
MSC4_GAGGGATTCTCCCATG,MSC4,4,T_cell,CD8 T cells,1098,-15.5367,25.3404,-0.0097,-0.0833,Not cycling,,,,Meningioma,2605.0,1098,12.284069097888676
MSC4_GAGTCTATCAGAACCT,MSC4,4,T_cell,CD8 T cells,920,,,,,,,,,Meningioma,1948.0,920,11.498973305954825
MSC4_GAGTGTTTCTTACGGA,MSC4,4,T_cell,CD8 T cells,664,,,,,,,,,Meningioma,1322.0,664,9.833585476550681
MSC4_GAGTTACCAATCTCGA,MSC4,4,T_cell,CD8 T cells,549,,,,,,,,,Meningioma,976.0,549,6.557377049180328
MSC4_GAGTTACCAGCTTTCC,MSC4,4,T_cell,CD8 T cells,1074,-15.593,25.3472,-0.1063,0.0586,Not cycling,,,,Meningioma,2632.0,1074,16.299392097264437
MSC4_GATAGAAAGTTCATGC,MSC4,4,T_cell,CD8 T cells,1045,-15.5546,25.2524,-0.0405,-0.0624,Not cycling,,,,Meningioma,2403.0,1045,9.28006658343737
MSC4_GATGACTAGTTCTCTT,MSC4,4,T_cell,CD8 T cells,927,,,,,,,,,Meningioma,2178.0,927,12.580348943985308
MSC4_GATGATCCATTGACCA,MSC4,4,T_cell,CD8 T cells,949,,,,,,,,,Meningioma,1952.0,949,9.836065573770492
MSC4_GATTCTTCAACCCTAA,MSC4,4,T_cell,CD8 T cells,806,,,,,,,,,Meningioma,1550.0,806,12.774193548387096
MSC4_GATTCTTTCGTGGGTC,MSC4,4,T_cell,CD8 T cells,875,,,,,,,,,Meningioma,1635.0,875,11.743119266055047
MSC4_GCAACATGTAGAGATT,MSC4,4,T_cell,CD8 T cells,863,,,,,,,,,Meningioma,1713.0,863,12.492702860478692
MSC4_GCCCGAATCGCCTTGT,MSC4,4,T_cell,CD8 T cells,1119,-15.4671,25.1477,0.0036,-0.0665,Not cycling,,,,Meningioma,2596.0,1119,9.437596302003081
MSC4_GCCGTGAGTGCAATGG,MSC4,4,T_cell,CD8 T cells,758,,,,,,,,,Meningioma,1640.0,758,15.426829268292684
MSC4_GCCTGTTGTCTCGCGA,MSC4,4,T_cell,CD8 T cells,1718,3.2399,1.4938,-0.0661,-0.125,Not cycling,,,,Meningioma,4912.0,1718,19.747557003257327
MSC4_GCGTGCAGTTCCCAAA,MSC4,4,T_cell,CD8 T cells,642,,,,,,,,,Meningioma,1179.0,642,13.316369804919423
MSC4_GCTACAAGTGGTCTCG,MSC4,4,T_cell,CD8 T cells,1044,-16.2181,25.8429,-0.0563,-0.0593,Not cycling,,,,Meningioma,2134.0,1044,11.059044048734771
MSC4_GCTACAATCCGAGATT,MSC4,4,T_cell,CD8 T cells,915,,,,,,,,,Meningioma,2228.0,915,10.99640933572711
MSC4_GCTACCTGTGCGACAA,MSC4,4,T_cell,CD8 T cells,1236,-15.6671,25.4433,-0.0399,0.0008,Not cycling,,,,Meningioma,3053.0,1236,8.155912217490993
MSC4_GCTGCAGCACGACGTC,MSC4,4,T_cell,CD8 T cells,934,,,,,,,,,Meningioma,1947.0,934,6.266050333846944
MSC4_GCTTCACCAGCAGAAC,MSC4,4,T_cell,CD8 T cells,766,,,,,,,,,Meningioma,1769.0,766,15.262860373092142
MSC4_GCTTCACGTCTATGAC,MSC4,4,T_cell,CD8 T cells,864,,,,,,,,,Meningioma,1703.0,864,10.334703464474456
MSC4_GGAACCCCAGTACTAC,MSC4,4,T_cell,CD8 T cells,4405,18.1295,-3.8567,1.0953,0.1086,G1/S,,,,Meningioma,19488.0,4405,17.59031198686371
MSC4_GGAGAACGTGTATTCG,MSC4,4,T_cell,CD8 T cells,888,,,,,,,,,Meningioma,1958.0,888,12.768130745658835
MSC4_GGCTTGGGTACTGCCG,MSC4,4,T_cell,CD8 T cells,984,,,,,,,,,Meningioma,2037.0,984,10.309278350515465
MSC4_GGCTTTCAGATAGCAT,MSC4,4,T_cell,CD8 T cells,929,,,,,,,,,Meningioma,1941.0,929,5.358062854198867
MSC4_GGGTCACCACGTACAT,MSC4,4,T_cell,CD8 T cells,1138,-15.8234,25.471,-0.0606,-0.0693,Not cycling,,,,Meningioma,2851.0,1138,13.644335320940021
MSC4_GGTCACGTCTGGACTA,MSC4,4,T_cell,CD8 T cells,922,,,,,,,,,Meningioma,1737.0,922,6.44789867587795
MSC4_GGTGGCTGTGGATGAC,MSC4,4,T_cell,CD8 T cells,899,,,,,,,,,Meningioma,1976.0,899,15.435222672064777
MSC4_GGTTGTAGTCGAGCTC,MSC4,4,T_cell,CD8 T cells,888,,,,,,,,,Meningioma,2029.0,888,11.92705766387383
MSC4_GTAATCGGTCCAATCA,MSC4,4,T_cell,CD8 T cells,629,,,,,,,,,Meningioma,1155.0,629,12.64069264069264
MSC4_GTAGCTAAGTATGAAC,MSC4,4,T_cell,CD8 T cells,2349,9.7443,32.8631,1.3389,1.1313,Intermediate,,,,Meningioma,6846.0,2349,11.758691206543967
MSC4_GTCACGGCAACCAATC,MSC4,4,T_cell,CD8 T cells,844,,,,,,,,,Meningioma,1838.0,844,8.324265505984766
MSC4_GTCACGGCAACGCATT,MSC4,4,T_cell,CD8 T cells,888,,,,,,,,,Meningioma,2297.0,888,14.497170222028734
MSC4_GTCGTTCCACTGTGAT,MSC4,4,T_cell,CD8 T cells,634,,,,,,,,,Meningioma,1124.0,634,11.298932384341636
MSC4_GTCTACCCAGCCTATA,MSC4,4,T_cell,CD8 T cells,767,,,,,,,,,Meningioma,1382.0,767,10.20260492040521
MSC4_GTGCAGCCACCACATA,MSC4,4,T_cell,CD8 T cells,1035,-15.566,25.2407,0.0127,-0.0627,Not cycling,,,,Meningioma,2849.0,1035,15.408915408915409
MSC4_GTGTGATAGAGATTCA,MSC4,4,T_cell,CD8 T cells,1063,-15.4738,25.1332,-0.1072,-0.0041,Not cycling,,,,Meningioma,2413.0,1063,7.874015748031496
MSC4_GTGTGGCTCCGTAATG,MSC4,4,T_cell,CD8 T cells,985,,,,,,,,,Meningioma,2146.0,985,14.07269338303821
MSC4_GTGTTCCTCGCGCTGA,MSC4,4,T_cell,CD8 T cells,895,,,,,,,,,Meningioma,1689.0,895,5.86145648312611
MSC4_GTTAGTGTCCACGAAT,MSC4,4,T_cell,CD8 T cells,736,,,,,,,,,Meningioma,1606.0,736,15.006226650062267
MSC4_GTTTACTGTACCTAAC,MSC4,4,T_cell,CD8 T cells,947,,,,,,,,,Meningioma,2119.0,947,11.656441717791411
MSC4_TAACACGTCACCGACG,MSC4,4,T_cell,CD8 T cells,950,,,,,,,,,Meningioma,2209.0,950,11.860570393843368
MSC4_TAAGCGTAGGAATCGC,MSC4,4,T_cell,CD8 T cells,846,,,,,,,,,Meningioma,1709.0,846,10.122878876535985
MSC4_TAATCTCCAGTAGTTC,MSC4,4,T_cell,CD8 T cells,561,,,,,,,,,Meningioma,1102.0,561,12.341197822141561
MSC4_TACATTCGTTCGGGTC,MSC4,4,T_cell,CD8 T cells,742,,,,,,,,,Meningioma,1799.0,742,15.341856586992774
MSC4_TACCTCGCATACTTTC,MSC4,4,T_cell,CD8 T cells,919,,,,,,,,,Meningioma,1587.0,919,11.1531190926276
MSC4_TACCTGCTCTTCTGGC,MSC4,4,T_cell,CD8 T cells,823,,,,,,,,,Meningioma,1666.0,823,9.903961584633853
MSC4_TAGACCAAGAAAGTCT,MSC4,4,T_cell,CD8 T cells,812,,,,,,,,,Meningioma,1950.0,812,16.358974358974358
MSC4_TAGACTGCATCAGTGT,MSC4,4,T_cell,CD8 T cells,842,,,,,,,,,Meningioma,1660.0,842,8.493975903614459
MSC4_TAGGAGGGTACGAAAT,MSC4,4,T_cell,CD8 T cells,1122,-15.427,25.1711,0.0966,-0.0405,Not cycling,,,,Meningioma,2502.0,1122,10.071942446043165
MSC4_TATCGCCGTACCTAGT,MSC4,4,T_cell,CD8 T cells,653,,,,,,,,,Meningioma,1414.0,653,9.052333804809052
MSC4_TATCTTGTCTGCCTCA,MSC4,4,T_cell,CD8 T cells,1054,-15.6594,25.4509,-0.1116,-0.005,Not cycling,,,,Meningioma,2097.0,1054,6.008583690987124
MSC4_TATGTTCGTTTCGATG,MSC4,4,T_cell,CD8 T cells,2746,20.6447,-1.0853,-0.0291,-0.252,Not cycling,,,,Meningioma,8850.0,2746,15.830508474576272
MSC4_TATTCCACAGATACCT,MSC4,4,T_cell,CD8 T cells,688,,,,,,,,,Meningioma,1226.0,688,5.464926590538336
MSC4_TCAATCTGTAGTATAG,MSC4,4,T_cell,CD8 T cells,804,,,,,,,,,Meningioma,1745.0,804,10.601719197707736
MSC4_TCACTATCAAGCTACT,MSC4,4,T_cell,CD8 T cells,874,,,,,,,,,Meningioma,1692.0,874,11.288416075650119
MSC4_TCACTCGCAATTTCGG,MSC4,4,T_cell,CD8 T cells,726,,,,,,,,,Meningioma,1557.0,726,12.716763005780347
MSC4_TCAGCAATCTACTGAG,MSC4,4,T_cell,CD8 T cells,1032,-15.4174,25.154,-0.0512,-0.0709,Not cycling,,,,Meningioma,2274.0,1032,7.915567282321899
MSC4_TCAGCCTCAACCACGC,MSC4,4,T_cell,CD8 T cells,1271,-15.471,25.2086,0.0043,-0.0154,Not cycling,,,,Meningioma,3512.0,1271,17.198177676537586
MSC4_TCAGGTACATACAGAA,MSC4,4,T_cell,CD8 T cells,1141,-15.9002,25.5395,-0.1292,-0.072,Not cycling,,,,Meningioma,2583.0,1140,10.956252419667054
MSC4_TCAGTGATCCGTGGCA,MSC4,4,T_cell,CD8 T cells,927,,,,,,,,,Meningioma,2062.0,927,18.622696411251212
MSC4_TCATTGTTCATACGGT,MSC4,4,T_cell,CD8 T cells,615,,,,,,,,,Meningioma,1197.0,615,19.131161236424393
MSC4_TCATTTGCAAATGGCG,MSC4,4,T_cell,CD8 T cells,872,,,,,,,,,Meningioma,1543.0,872,5.443940375891121
MSC4_TCCCACACAACTGTGT,MSC4,4,T_cell,CD8 T cells,1105,-15.7597,25.387,0.0649,-0.0107,Not cycling,,,,Meningioma,2462.0,1105,10.885458976441917
MSC4_TCCGGGATCACAGTGT,MSC4,4,T_cell,CD8 T cells,762,,,,,,,,,Meningioma,1721.0,762,14.00348634514817
MSC4_TCCTAATTCGCTTGAA,MSC4,4,T_cell,CD8 T cells,829,,,,,,,,,Meningioma,1702.0,829,9.929494712103407
MSC4_TCGCTCAGTTCCAAAC,MSC4,4,T_cell,CD8 T cells,1047,-16.2116,25.8881,-0.1134,-0.0659,Not cycling,,,,Meningioma,2153.0,1047,7.617278216442173
MSC4_TCTACCGAGGGTTAAT,MSC4,4,T_cell,CD8 T cells,793,,,,,,,,,Meningioma,1825.0,793,10.027397260273972
MSC4_TCTATCATCAGGAAGC,MSC4,4,T_cell,CD8 T cells,859,,,,,,,,,Meningioma,1814.0,859,9.426681367144432
MSC4_TCTCACGAGTTAACAG,MSC4,4,T_cell,CD8 T cells,1124,-15.6074,25.3512,-0.0563,-0.0603,Not cycling,,,,Meningioma,2528.0,1124,7.9905063291139244
MSC4_TCTCCGATCTACAGGT,MSC4,4,T_cell,CD8 T cells,947,,,,,,,,,Meningioma,1940.0,947,15.360824742268042
MSC4_TCTTCCTCACAGTACT,MSC4,4,T_cell,CD8 T cells,756,,,,,,,,,Meningioma,1493.0,756,13.998660415271265
MSC4_TGAATGCCAACGGCCT,MSC4,4,T_cell,CD8 T cells,845,,,,,,,,,Meningioma,2111.0,845,18.285172903837044
MSC4_TGACAGTTCCGATGTA,MSC4,4,T_cell,CD8 T cells,941,,,,,,,,,Meningioma,2007.0,941,8.52017937219731
MSC4_TGACTCCCAACCTATG,MSC4,4,T_cell,CD8 T cells,1422,-15.9593,25.8425,-0.0274,-0.0848,Not cycling,,,,Meningioma,4005.0,1422,13.982521847690387
MSC4_TGACTCCCAGGCACTC,MSC4,4,T_cell,CD8 T cells,987,,,,,,,,,Meningioma,2172.0,987,8.885819521178638
MSC4_TGAGGGACACCTATCC,MSC4,4,T_cell,CD8 T cells,782,,,,,,,,,Meningioma,1727.0,782,13.144180660104228
MSC4_TGATCTTTCTGAACGT,MSC4,4,T_cell,CD8 T cells,616,,,,,,,,,Meningioma,939.0,616,4.579339723109691
MSC4_TGCACGGTCCTGTACC,MSC4,4,T_cell,CD8 T cells,1958,-15.537,25.3123,-0.0818,-0.1422,Not cycling,,,,Meningioma,5574.0,1958,5.7588805166846075
MSC4_TGCCGAGAGCTCGACC,MSC4,4,T_cell,CD8 T cells,726,,,,,,,,,Meningioma,1449.0,726,12.560386473429952
MSC4_TGCGACGGTTACGCCG,MSC4,4,T_cell,CD8 T cells,938,,,,,,,,,Meningioma,2049.0,938,8.882381649585163
MSC4_TGCGGGTCACGTCGTG,MSC4,4,T_cell,CD8 T cells,1008,-15.6702,25.006,-0.0466,-0.0542,Not cycling,,,,Meningioma,2436.0,1008,9.318555008210181
MSC4_TGCTGAACATACTGAC,MSC4,4,T_cell,CD8 T cells,1147,-16.1421,25.753,-0.1193,-0.0014,Not cycling,,,,Meningioma,2571.0,1147,14.780241151302995
MSC4_TGGGCTGGTACACGCC,MSC4,4,T_cell,CD8 T cells,783,,,,,,,,,Meningioma,1800.0,783,11.555555555555555
MSC4_TGTTCATAGCACTAGG,MSC4,4,T_cell,CD8 T cells,678,,,,,,,,,Meningioma,1525.0,678,13.311475409836065
MSC4_TGTTCTACATGACTCA,MSC4,4,T_cell,CD8 T cells,861,,,,,,,,,Meningioma,1798.0,861,8.008898776418242
MSC4_TGTTTGTCACTCGATA,MSC4,4,T_cell,CD8 T cells,637,,,,,,,,,Meningioma,1507.0,637,9.15726609157266
MSC4_TGTTTGTTCATCGTAG,MSC4,4,T_cell,CD8 T cells,856,,,,,,,,,Meningioma,1720.0,856,16.22093023255814
MSC4_TTACAGGGTACTGCCG,MSC4,4,T_cell,CD8 T cells,914,,,,,,,,,Meningioma,1839.0,914,10.277324632952691
MSC4_TTACCATGTGATACTC,MSC4,4,T_cell,CD8 T cells,765,,,,,,,,,Meningioma,1537.0,765,14.443721535458685
MSC4_TTCAGGATCTGGGCAC,MSC4,4,T_cell,CD8 T cells,883,,,,,,,,,Meningioma,2038.0,883,12.070657507360156
MSC4_TTCCTTCTCCAGTGCG,MSC4,4,T_cell,CD8 T cells,986,,,,,,,,,Meningioma,2137.0,986,15.629386991109032
MSC4_TTCTAACGTGGATCGA,MSC4,4,T_cell,CD8 T cells,917,,,,,,,,,Meningioma,1866.0,917,14.844587352625938
MSC4_TTCTTCCAGAGCCCAA,MSC4,4,T_cell,CD8 T cells,836,,,,,,,,,Meningioma,1900.0,836,15.789473684210526
MSC4_TTGGGTAGTATCGCAT,MSC4,4,T_cell,CD8 T cells,1029,-16.0322,25.6113,-0.0792,-0.0885,Not cycling,,,,Meningioma,2283.0,1029,12.70258431887867
MSC4_TTGTGGAGTTGGCTAT,MSC4,4,T_cell,CD8 T cells,706,,,,,,,,,Meningioma,1604.0,706,7.418952618453865
MSC4_TTTACGTCACCTGCGA,MSC4,4,T_cell,CD8 T cells,693,,,,,,,,,Meningioma,1416.0,693,10.522598870056497
MSC4_TTTCGATTCTCTCCGA,MSC4,4,T_cell,CD8 T cells,889,,,,,,,,,Meningioma,1782.0,889,7.014590347923681
MSC4_TTTGACTAGCTCTGTA,MSC4,4,T_cell,CD8 T cells,743,,,,,,,,,Meningioma,1455.0,743,9.759450171821307
MSC4_TTTGGTTCACTGTTCC,MSC4,4,T_cell,CD8 T cells,685,,,,,,,,,Meningioma,1279.0,685,13.05707584050039
MSC4-Dura_AAAGAACCACCGTGGT,MSC4-Dura,4,T_cell,CD8 T cells,1663,-18.4572,29.0334,-0.0604,0.0061,Not cycling,0.2946,CD4 - Cytotoxic,,Dura,4698.0,1663,2.4691358024691357
MSC4-Dura_AAAGTGAAGTCCCAAT,MSC4-Dura,4,T_cell,CD8 T cells,1384,-17.5347,28.6732,-0.0485,-0.0509,Not cycling,0.4741,CD4 - Cytotoxic,,Dura,3516.0,1383,10.011376564277588
MSC4-Dura_AAAGTGAGTATCGTAC,MSC4-Dura,4,T_cell,CD8 T cells,1526,-18.8195,28.9353,-0.0429,0.0115,Not cycling,0.693,CD4 - Cytotoxic,,Dura,3745.0,1526,4.432576769025367
MSC4-Dura_AACAAAGTCGGCTGTG,MSC4-Dura,4,T_cell,CD8 T cells,1583,-17.2861,28.9102,0.0247,-0.063,Not cycling,0.6552,CD4 - Stress/HSP,,Dura,4433.0,1583,4.443943153620573
MSC4-Dura_AACACACTCAAGCCGC,MSC4-Dura,4,T_cell,CD8 T cells,2198,-18.7211,29.1694,-0.0094,-0.0805,Not cycling,0.3093,CD4 - Cytotoxic,,Dura,5589.0,2198,5.188763642869923
MSC4-Dura_AACCTTTAGTCAGCCC,MSC4-Dura,4,T_cell,CD8 T cells,1650,-16.914,28.615,-0.0621,-0.0648,Not cycling,1.9114,CD8 - Heat shock,CD8 - Heat shock,Dura,5231.0,1650,5.715924297457465
MSC4-Dura_AACGGGAAGAGCTGCA,MSC4-Dura,4,T_cell,CD8 T cells,645,,,,,,,,,Dura,947.0,645,14.46673706441394
MSC4-Dura_AAGAACATCAAGCGTT,MSC4-Dura,4,T_cell,CD8 T cells,671,,,,,,,,,Dura,1339.0,671,12.770724421209858
MSC4-Dura_AAGCGTTTCAAGCCCG,MSC4-Dura,4,T_cell,CD8 T cells,1848,-18.6859,28.8049,-0.072,-0.0016,Not cycling,0.7467,CD4 - Cytotoxic,,Dura,4616.0,1848,4.787694974003466
MSC4-Dura_AAGTCGTCACCGGCTA,MSC4-Dura,4,T_cell,CD8 T cells,1908,-18.0271,28.349,0.0651,-0.0581,Not cycling,0.7884,CD8 - Cytotoxic,,Dura,5687.0,1908,5.749956040091437
MSC4-Dura_AAGTGAACATCCGAAT,MSC4-Dura,4,T_cell,CD8 T cells,1713,-18.66,28.9714,-0.051,-0.0584,Not cycling,0.7368,CD8 - Cytotoxic,,Dura,3647.0,1713,6.306553331505347
MSC4-Dura_AAGTGAAGTCCTCCAT,MSC4-Dura,4,T_cell,CD8 T cells,1569,-18.7099,28.9227,-0.0598,-0.0609,Not cycling,0.7711,CD8 - Cytotoxic,,Dura,4157.0,1569,8.828482078421938
MSC4-Dura_AAGTTCGTCTACTATC,MSC4-Dura,4,T_cell,CD8 T cells,2224,-17.0822,28.6749,0.1283,0.1722,Not cycling,1.4976,CD8 - Naive3,CD8 - Naive3,Dura,7452.0,2224,7.957595276435856
MSC4-Dura_AATCGACAGAGATCGC,MSC4-Dura,4,T_cell,CD8 T cells,1605,-17.5294,29.0345,-0.035,0.0137,Not cycling,0.3807,CD8 - Cytotoxic,,Dura,5369.0,1605,10.448873160737568
MSC4-Dura_AATCGACGTAGCTAAA,MSC4-Dura,4,T_cell,CD8 T cells,1403,-17.958,28.9539,-0.115,0.0108,Not cycling,0.1657,CD4 - Treg,,Dura,3803.0,1403,7.310018406521167
MSC4-Dura_AATGGAATCTGTGTGA,MSC4-Dura,4,T_cell,CD8 T cells,1627,-18.6398,28.7298,0.0082,-0.0642,Not cycling,0.7266,CD4 - Cytotoxic,,Dura,4034.0,1627,6.370847793753098
MSC4-Dura_AATTTCCAGGTCTGGA,MSC4-Dura,4,T_cell,CD8 T cells,1316,-18.6883,29.1671,-0.0403,-0.0469,Not cycling,0.4619,CD8 - Memory/Naive1,,Dura,3349.0,1316,5.28515974917886
MSC4-Dura_AATTTCCGTCAGCTTA,MSC4-Dura,4,T_cell,CD8 T cells,1900,-17.7946,28.4762,0.0069,0.0032,Not cycling,0.4978,CD4 - Naive1,,Dura,4705.0,1900,8.22529224229543
MSC4-Dura_ACAACCAGTATTGACC,MSC4-Dura,4,T_cell,CD8 T cells,1902,-18.4373,29.1957,0.0446,-0.0785,Not cycling,0.624,CD8 - Cytotoxic,,Dura,4488.0,1902,6.706773618538325
MSC4-Dura_ACAAGCTCAGCTGTCG,MSC4-Dura,4,T_cell,CD8 T cells,1715,-16.8493,28.4687,0.0226,0.0047,Not cycling,1.4924,CD8 - Naive3,CD8 - Naive3,Dura,6659.0,1715,7.208289532962907
MSC4-Dura_ACAGGGATCTGCACCT,MSC4-Dura,4,T_cell,CD8 T cells,1155,-17.0628,28.7038,-0.0489,-0.0708,Not cycling,1.0779,CD4 - Stress/HSP,CD4 - Stress/HSP,Dura,3251.0,1155,11.627191633343587
MSC4-Dura_ACCACAACAGTGAGCA,MSC4-Dura,4,T_cell,CD8 T cells,1684,-17.8721,29.0463,0.0193,0.1378,Not cycling,0.4548,CD4 - Naive1,,Dura,4967.0,1684,7.731024763438695
MSC4-Dura_ACCCTTGAGGTACCTT,MSC4-Dura,4,T_cell,CD8 T cells,2078,-18.6081,29.1337,0.0579,-0.0001,Not cycling,0.5391,CD8 - Cytotoxic,,Dura,5635.0,2078,4.596273291925466
MSC4-Dura_ACCGTTCGTGTAACGG,MSC4-Dura,4,T_cell,CD8 T cells,1455,-18.3377,28.5799,-0.1085,-0.0587,Not cycling,1.1827,CD4 - Cytotoxic,CD4 - Cytotoxic,Dura,3930.0,1455,5.521628498727735
MSC4-Dura_ACGATCACACTACGGC,MSC4-Dura,4,T_cell,CD8 T cells,2331,-17.7396,28.7449,-0.0945,-0.0232,Not cycling,1.8104,CD8 - Glycolysis/MYC,,Dura,8479.0,2331,9.70633329402052
MSC4-Dura_ACGGGTCAGGATTCCT,MSC4-Dura,4,T_cell,CD8 T cells,1081,-16.8581,28.6516,-0.1048,-0.0504,Not cycling,2.2743,CD8 - Heat shock,CD8 - Heat shock,Dura,3748.0,1081,3.895410885805763
MSC4-Dura_ACGGGTCGTTTCTTAC,MSC4-Dura,4,T_cell,CD8 T cells,1491,-17.1331,28.8544,-0.0945,0.0733,Not cycling,0.8912,CD4 - Treg,,Dura,4567.0,1491,8.670899934311365
MSC4-Dura_ACGGTTAAGGTAAAGG,MSC4-Dura,4,T_cell,CD8 T cells,1553,-18.4218,29.2028,0.0746,-0.0136,Not cycling,1.0411,CD8 - Cytotoxic,CD8 - Cytotoxic,Dura,3867.0,1553,4.939229376777864
MSC4-Dura_ACTATTCCACTAACGT,MSC4-Dura,4,T_cell,CD8 T cells,1957,-17.6012,29.0426,0.0096,-0.0667,Not cycling,0.2984,CD8 - Interferon,,Dura,5889.0,1956,5.586687043640686
MSC4-Dura_ACTCCCAAGCACTAAA,MSC4-Dura,4,T_cell,CD8 T cells,1645,-17.8545,28.9957,0.0132,-0.0597,Not cycling,0.5963,CD8 - Memory/Naive1,,Dura,4907.0,1645,6.500917057265132
MSC4-Dura_ACTCCCAAGGCTCCCA,MSC4-Dura,4,T_cell,CD8 T cells,1936,-17.1029,28.5851,-0.0004,0.0015,Not cycling,2.7796,CD4 - Stress/HSP,CD4 - Stress/HSP,Dura,7128.0,1936,5.906285072951739
MSC4-Dura_ACTCCCAGTTAGGCCC,MSC4-Dura,4,T_cell,CD8 T cells,2227,-17.1988,28.2266,0.133,0.2279,Not cycling,1.4894,CD4 - Cytotoxic,CD4 - Cytotoxic,Dura,6810.0,2227,3.7298091042584436
MSC4-Dura_ACTGATGAGCATCAGG,MSC4-Dura,4,T_cell,CD8 T cells,1573,-17.6009,28.6708,0.0738,-0.0603,Not cycling,0.731,CD4 - Cytotoxic,,Dura,4075.0,1573,3.852760736196319
MSC4-Dura_ACTTATCGTGCTAGCC,MSC4-Dura,4,T_cell,CD8 T cells,1380,-17.3049,28.6105,-0.0378,-0.0508,Not cycling,0.7998,CD8 - Heat shock,,Dura,3528.0,1380,6.49092970521542
MSC4-Dura_ACTTCGCCACTTACAG,MSC4-Dura,4,T_cell,CD8 T cells,3631,17.6476,1.2688,-0.1151,-0.2737,Not cycling,0.4022,CD8 - Heat shock,,Dura,13815.0,3630,7.5063336952587765
MSC4-Dura_ACTTTCACACTGTTCC,MSC4-Dura,4,T_cell,CD8 T cells,2059,-18.8216,29.1293,-0.0775,-0.0693,Not cycling,0.4807,CD8 - Cytotoxic,,Dura,5187.0,2059,6.207827260458839
MSC4-Dura_AGAACAAAGCCACAAG,MSC4-Dura,4,T_cell,CD8 T cells,1731,-17.691,28.8226,-0.0421,-0.0467,Not cycling,0.5818,CD8 - Cytotoxic,,Dura,5047.0,1731,8.301961561323559
MSC4-Dura_AGACCCGGTCGCGGTT,MSC4-Dura,4,T_cell,CD8 T cells,1656,-16.9853,28.4862,-0.0941,0.0672,Not cycling,0.3598,CD8 - Glycolysis/MYC,,Dura,5584.0,1656,10.762893982808023
MSC4-Dura_AGACTCATCATGGTAC,MSC4-Dura,4,T_cell,CD8 T cells,1431,-17.4292,28.8218,0.0075,0.0654,Not cycling,0.8893,CD8 - Memory/Naive1,,Dura,4163.0,1431,2.810473216430459
MSC4-Dura_AGCGATTAGACCATGG,MSC4-Dura,4,T_cell,CD8 T cells,1769,-17.4456,28.7306,0.0279,0.014,Not cycling,0.2723,CD4 - Treg,,Dura,5662.0,1769,10.64994701518898
MSC4-Dura_AGGATAAAGCTGAGCA,MSC4-Dura,4,T_cell,CD8 T cells,1523,-17.4614,28.8808,-0.0416,0.0104,Not cycling,0.2683,CD8 - Cell Cycle,,Dura,5028.0,1523,5.310262529832936
MSC4-Dura_AGGGCTCAGCGTCAGA,MSC4-Dura,4,T_cell,CD8 T cells,1965,-17.2384,28.3432,0.1318,0.0539,Not cycling,1.3905,CD8 - Naive3,CD8 - Naive3,Dura,6055.0,1965,10.173410404624278
MSC4-Dura_AGGGTCCGTTGACTGT,MSC4-Dura,4,T_cell,CD8 T cells,1738,-17.5625,28.9411,0.005,0.071,Not cycling,0.9811,CD8 - Naive3,,Dura,5266.0,1737,6.988226357766806
MSC4-Dura_AGGTTACAGCGTGCTC,MSC4-Dura,4,T_cell,CD8 T cells,2320,-18.7616,28.899,0.1773,0.0459,Not cycling,0.8297,CD8 - Cytotoxic,,Dura,5816.0,2320,5.364511691884457
MSC4-Dura_AGGTTACCATCCGGTG,MSC4-Dura,4,T_cell,CD8 T cells,1640,-17.4023,28.8663,0.1386,0.0124,Not cycling,0.9051,CD4 - Cytotoxic,,Dura,5057.0,1640,8.423966778722562
MSC4-Dura_AGTAACCTCCGCTTAC,MSC4-Dura,4,T_cell,CD8 T cells,2271,-18.3722,29.095,-0.0024,-0.0096,Not cycling,0.269,CD8 - Cytotoxic,,Dura,5727.0,2271,4.29544264012572
MSC4-Dura_AGTAGTCGTTGATCGT,MSC4-Dura,4,T_cell,CD8 T cells,1672,-17.1712,28.6671,-0.0381,-0.0563,Not cycling,0.323,CD8 - Memory/Naive1,,Dura,4773.0,1672,6.243452755080662
MSC4-Dura_AGTCAACCACGCTATA,MSC4-Dura,4,T_cell,CD8 T cells,1476,-17.3259,28.8113,0.2097,0.0102,Not cycling,0.7543,CD4 - Stress/HSP,,Dura,4529.0,1475,4.879664385073967
MSC4-Dura_AGTCACAAGCAACTTC,MSC4-Dura,4,T_cell,CD8 T cells,2129,-17.5739,28.8791,-0.0493,0.063,Not cycling,0.8311,CD8 - Naive3,,Dura,5945.0,2129,5.6854499579478555
MSC4-Dura_AGTCTCCAGCTGACCC,MSC4-Dura,4,T_cell,CD8 T cells,2122,-18.6848,28.9498,-0.0828,0.0521,Not cycling,1.0557,CD8 - Cytotoxic,CD8 - Cytotoxic,Dura,5653.0,2122,8.031133911197594
MSC4-Dura_ATACCTTCAGTCGCTG,MSC4-Dura,4,T_cell,CD8 T cells,2055,-18.1367,28.9203,0.1176,-0.0066,Not cycling,0.4503,CD4 - Glycolysis/MYC,,Dura,6436.0,2055,5.62461155997514
MSC4-Dura_ATCATTCAGCTATCTG,MSC4-Dura,4,T_cell,CD8 T cells,2105,-17.4357,28.5928,0.0054,0.0689,Not cycling,0.4306,CD4 - Naive1,,Dura,6788.0,2105,3.903948143783147
MSC4-Dura_ATCATTCAGGAGTATT,MSC4-Dura,4,T_cell,CD8 T cells,1792,-18.0687,28.5001,-0.0591,-0.0609,Not cycling,1.0604,CD8 - Cytotoxic,CD8 - Cytotoxic,Dura,5545.0,1792,6.149684400360686
MSC4-Dura_ATCATTCCATGAAGGC,MSC4-Dura,4,T_cell,CD8 T cells,1558,-18.4859,28.8749,-0.0504,0.0072,Not cycling,0.6411,CD8 - Cytotoxic,,Dura,4276.0,1558,6.922357343311506
MSC4-Dura_ATCGATGTCTCTGCTG,MSC4-Dura,4,T_cell,CD8 T cells,1754,-18.529,28.7196,-0.006,-0.0031,Not cycling,1.0958,CD4 - Cytotoxic,CD4 - Cytotoxic,Dura,4376.0,1754,6.421389396709324
MSC4-Dura_ATCGTCCGTTCGGCCA,MSC4-Dura,4,T_cell,CD8 T cells,2606,-16.3873,28.4954,0.1901,0.0119,Not cycling,0.8248,CD8 - Memory/Naive1,,Dura,9031.0,2606,3.5765695936219686
MSC4-Dura_ATCTCTAGTCACCTTC,MSC4-Dura,4,T_cell,CD8 T cells,2116,-18.5757,29.1032,-0.0263,-0.0774,Not cycling,0.1936,CD8 - Naive3,,Dura,4941.0,2116,3.6227484314916008
MSC4-Dura_ATGAAAGAGACGCATG,MSC4-Dura,4,T_cell,CD8 T cells,1609,-18.691,29.0891,-0.1116,0.0607,Not cycling,0.1872,CD8 - Cytotoxic,,Dura,3778.0,1609,6.908417151932239
MSC4-Dura_ATGACCAAGCTACAAA,MSC4-Dura,4,T_cell,CD8 T cells,1328,-17.0588,28.5195,0.0162,0.0013,Not cycling,0.9675,CD8 - Chromatin,,Dura,3047.0,1328,9.222185756481785
MSC4-Dura_ATGAGGGCATCCGCGA,MSC4-Dura,4,T_cell,CD8 T cells,2011,-18.7464,28.9183,0.0028,-0.058,Not cycling,0.4849,CD8 - Cytotoxic,,Dura,5245.0,2011,5.605338417540515
MSC4-Dura_ATGAGTCGTTCACCGG,MSC4-Dura,4,T_cell,CD8 T cells,1464,-17.6357,28.6961,-0.0467,0.1305,Not cycling,1.1043,CD8 - Cytotoxic,CD8 - Cytotoxic,Dura,4413.0,1464,7.8857919782460915
MSC4-Dura_ATGTCCCGTTATTCCT,MSC4-Dura,4,T_cell,CD8 T cells,1729,-17.2215,28.8977,0.1342,0.0024,Not cycling,0.342,CD4 - Treg,,Dura,4952.0,1729,8.077544426494345
MSC4-Dura_ATTACTCGTACATTGC,MSC4-Dura,4,T_cell,CD8 T cells,1159,-17.4371,28.8915,0.0293,-0.0648,Not cycling,0.6573,CD8 - Chromatin,,Dura,2852.0,1159,7.152875175315568
MSC4-Dura_ATTCCCGAGCCGATTT,MSC4-Dura,4,T_cell,CD8 T cells,2389,-18.3143,29.0544,-0.0149,-0.0203,Not cycling,0.8826,CD4 - Stress/HSP,,Dura,7499.0,2388,5.854113881850913
MSC4-Dura_ATTCGTTTCCTGTAGA,MSC4-Dura,4,T_cell,CD8 T cells,1702,-18.6772,29.0588,-0.123,0.0716,Not cycling,0.7261,CD4 - Cytotoxic,,Dura,4716.0,1702,8.418150975402884
MSC4-Dura_ATTCTTGAGCCTCCAG,MSC4-Dura,4,T_cell,CD8 T cells,1412,-17.398,28.7882,-0.0387,-0.047,Not cycling,0.5036,CD8 - Memory/Naive1,,Dura,3749.0,1412,3.7610029341157643
MSC4-Dura_ATTCTTGCATTGCTTT,MSC4-Dura,4,T_cell,CD8 T cells,1912,-18.6926,29.0435,0.1792,-0.0627,Not cycling,1.1236,CD8 - Chromatin,CD8 - Chromatin,Dura,4665.0,1912,6.152197213290461
MSC4-Dura_CAACAACAGTTGTCAC,MSC4-Dura,4,T_cell,CD8 T cells,1697,-17.3555,28.8542,0.2597,0.0675,Not cycling,0.4804,CD8 - Dysfunction,,Dura,4567.0,1697,3.065469673746442
MSC4-Dura_CAAGACTTCGCCTCTA,MSC4-Dura,4,T_cell,CD8 T cells,1853,-17.4634,28.8777,0.0827,0.0721,Not cycling,0.5656,CD4 - Dysfunction,,Dura,5895.0,1853,4.970313825275658
MSC4-Dura_CAATACGGTAACTGCT,MSC4-Dura,4,T_cell,CD8 T cells,2024,-18.165,29.1065,0.127,-0.0601,Not cycling,0.627,CD8 - Cytotoxic,,Dura,6610.0,2024,5.18910741301059
MSC4-Dura_CACAGGCTCTCAGTCC,MSC4-Dura,4,T_cell,CD8 T cells,2397,-16.5331,28.384,0.0716,0.0065,Not cycling,0.3922,CD8 - Naive2,,Dura,9094.0,2397,2.9030129755883
MSC4-Dura_CACATGAGTCGATTAC,MSC4-Dura,4,T_cell,CD8 T cells,1410,-17.411,28.7372,0.0154,-0.058,Not cycling,0.9103,CD4 - Cytotoxic,,Dura,3998.0,1410,5.027513756878439
MSC4-Dura_CACCAAAAGATGACAT,MSC4-Dura,4,T_cell,CD8 T cells,1879,-17.4281,28.8416,-0.0435,0.0728,Not cycling,0.4645,CD4 - Cytotoxic,,Dura,6304.0,1878,3.4263959390862944
MSC4-Dura_CACCAAATCACGATCA,MSC4-Dura,4,T_cell,CD8 T cells,2128,-18.5914,28.7281,0.2241,0.1137,Not cycling,0.6785,CD8 - Cytotoxic,,Dura,5566.0,2128,4.814947897951851
MSC4-Dura_CACGAATGTTAAACCC,MSC4-Dura,4,T_cell,CD8 T cells,2209,-18.5354,29.0031,-0.0007,0.004,Not cycling,0.9957,CD4 - Stress/HSP,,Dura,6025.0,2209,4.962655601659751
MSC4-Dura_CACGAATGTTATGACC,MSC4-Dura,4,T_cell,CD8 T cells,610,,,,,,,,,Dura,897.0,610,10.925306577480491
MSC4-Dura_CACTGAATCCATGATG,MSC4-Dura,4,T_cell,CD8 T cells,1715,-17.4675,28.4461,0.0877,0.0113,Not cycling,1.0815,CD4 - Cytotoxic,CD4 - Cytotoxic,Dura,4799.0,1715,4.730152115023963
MSC4-Dura_CACTTCGAGGGTTTCT,MSC4-Dura,4,T_cell,CD8 T cells,2032,-18.8899,28.8811,-0.0001,0.0572,Not cycling,0.5633,CD8 - Cytotoxic,,Dura,5271.0,2032,7.209258205274142
MSC4-Dura_CAGAGCCGTCTAGGCC,MSC4-Dura,4,T_cell,CD8 T cells,1643,-17.3795,28.8677,0.034,-0.0464,Not cycling,0.5143,CD8 - Naive3,,Dura,4955.0,1643,8.73864783047427
MSC4-Dura_CAGCCAGTCGTTCTCG,MSC4-Dura,4,T_cell,CD8 T cells,1574,-18.6714,28.9322,0.0718,-0.0571,Not cycling,0.9884,CD4 - Interferon,,Dura,4028.0,1574,5.436941410129096
MSC4-Dura_CAGCGTGAGAGGGTCT,MSC4-Dura,4,T_cell,CD8 T cells,1494,-18.5644,28.7586,0.0569,-0.0049,Not cycling,0.6932,CD8 - Cytotoxic,,Dura,3294.0,1494,9.44140862173649
MSC4-Dura_CAGTTAGAGGTGAGCT,MSC4-Dura,4,T_cell,CD8 T cells,1730,-18.3363,29.0837,-0.0029,-0.0182,Not cycling,0.0947,CD8 - Cytotoxic,,Dura,4435.0,1730,10.800450958286358
MSC4-Dura_CAGTTCCTCGTCACCT,MSC4-Dura,4,T_cell,CD8 T cells,1729,-17.3009,28.5118,-0.0456,0.067,Not cycling,1.3595,CD8 - Memory/Naive1,CD8 - Memory/Naive1,Dura,4566.0,1729,2.8252299605781865
MSC4-Dura_CATACCCAGTCTTCGA,MSC4-Dura,4,T_cell,CD8 T cells,1946,-18.8441,29.027,0.1789,-0.013,Not cycling,0.2096,CD8 - Unassigned2,,Dura,4458.0,1946,6.325706594885599
MSC4-Dura_CATAGACTCCGGACTG,MSC4-Dura,4,T_cell,CD8 T cells,1643,-17.0447,28.8113,0.1944,0.0072,Not cycling,0.6205,CD8 - Memory/Naive1,,Dura,4882.0,1643,4.813600983203605
MSC4-Dura_CATCAAGGTTGCTTGA,MSC4-Dura,4,T_cell,CD8 T cells,1258,-17.1332,28.6258,-0.0482,0.0735,Not cycling,1.0404,CD8 - Memory/Naive1,CD8 - Memory/Naive1,Dura,3639.0,1258,3.9296510030228085
MSC4-Dura_CATCGGGCACCATAAC,MSC4-Dura,4,T_cell,CD8 T cells,1183,-16.9335,28.6257,0.0215,-0.0482,Not cycling,2.1279,CD8 - Heat shock,CD8 - Heat shock,Dura,3808.0,1183,7.510504201680672
MSC4-Dura_CATCGTCCAATAGTCC,MSC4-Dura,4,T_cell,CD8 T cells,1643,-17.4277,28.7981,-0.0433,0.0641,Not cycling,0.7694,CD8 - Memory/Naive1,,Dura,5114.0,1643,4.96675791943684
MSC4-Dura_CATCGTCCATCCGGTG,MSC4-Dura,4,T_cell,CD8 T cells,1740,-17.6266,28.8513,0.0236,0.0708,Not cycling,0.7163,CD8 - Chromatin,,Dura,4771.0,1740,8.635506183190106
MSC4-Dura_CATTCTAGTAGTCCTA,MSC4-Dura,4,T_cell,CD8 T cells,1753,-18.4124,29.269,0.0666,-0.0684,Not cycling,0.1487,CD4 - Glycolysis/MYC,,Dura,4820.0,1753,8.506224066390041
MSC4-Dura_CATTGTTTCTTGGAAC,MSC4-Dura,4,T_cell,CD8 T cells,2036,-17.4214,28.6759,0.0217,0.0107,Not cycling,0.573,CD4 - Cytotoxic,,Dura,6456.0,2036,5.23543990086741
MSC4-Dura_CATTTCACAACTTGCA,MSC4-Dura,4,T_cell,CD8 T cells,1372,-18.5492,28.8187,0.0477,-0.0697,Not cycling,1.8727,CD8 - Chromatin,CD8 - Chromatin,Dura,2987.0,1372,12.989621694007365
MSC4-Dura_CCAATGAGTAGGATAT,MSC4-Dura,4,T_cell,CD8 T cells,1911,-17.8711,28.8205,0.0074,-0.0536,Not cycling,0.3756,CD8 - Naive3,,Dura,6007.0,1911,5.1439986682204095
MSC4-Dura_CCACCATAGGGCAATC,MSC4-Dura,4,T_cell,CD8 T cells,1924,-18.6571,28.8706,-0.0082,-0.0666,Not cycling,0.9944,CD8 - Cytotoxic,,Dura,4969.0,1924,6.077681626081707
MSC4-Dura_CCATAAGGTACAGAAT,MSC4-Dura,4,T_cell,CD8 T cells,1872,-17.3626,28.9282,0.0163,0.0073,Not cycling,0.3978,CD4 - Treg,,Dura,5833.0,1872,5.2117263843648205
MSC4-Dura_CCCGGAACAGGGTCTC,MSC4-Dura,4,T_cell,CD8 T cells,2336,-16.9029,28.239,0.0706,-0.0642,Not cycling,1.4093,CD4 - Interferon,,Dura,7394.0,2336,5.315120367865837
MSC4-Dura_CCGGACACAGCGGTTC,MSC4-Dura,4,T_cell,CD8 T cells,1797,-17.6267,28.9588,0.075,-0.0557,Not cycling,0.4543,CD8 - Cytotoxic,,Dura,5819.0,1797,6.427221172022684
MSC4-Dura_CCGTTCACAGAACGCA,MSC4-Dura,4,T_cell,CD8 T cells,1376,-17.5668,28.5459,0.0653,-0.0642,Not cycling,1.3371,CD8 - Cytotoxic,CD8 - Cytotoxic,Dura,3055.0,1376,11.88216039279869
MSC4-Dura_CCTAAGAAGGTGCATG,MSC4-Dura,4,T_cell,CD8 T cells,1801,-18.7553,28.998,0.1128,-0.004,Not cycling,0.5976,CD8 - Glycolysis/MYC,,Dura,4670.0,1801,16.295503211991434
MSC4-Dura_CCTCATGTCGAAGAAT,MSC4-Dura,4,T_cell,CD8 T cells,1670,-17.4569,28.9339,0.0252,-0.0553,Not cycling,0.0946,CD8 - Cytotoxic,,Dura,5201.0,1670,4.422226494904826
MSC4-Dura_CCTTTGGGTAGTGCGA,MSC4-Dura,4,T_cell,CD8 T cells,1580,-17.5398,28.6908,0.0833,0.0659,Not cycling,0.64,CD4 - Glycolysis/MYC,,Dura,4525.0,1580,8.41988950276243
MSC4-Dura_CGAGAAGCAGCGTATT,MSC4-Dura,4,T_cell,CD8 T cells,1852,-17.9953,28.8929,0.1133,0.0518,Not cycling,0.4037,CD4 - Cytotoxic,,Dura,5062.0,1852,6.045041485578823
MSC4-Dura_CGAGGAAAGCACTCAT,MSC4-Dura,4,T_cell,CD8 T cells,1378,-17.2034,28.8345,0.0212,-0.0473,Not cycling,0.4834,CD4 - Dysfunction,,Dura,4239.0,1378,6.109931587638594
MSC4-Dura_CGAGTGCAGATAGCAT,MSC4-Dura,4,T_cell,CD8 T cells,1866,-18.1776,29.1137,0.0442,-0.0117,Not cycling,0.5291,CD8 - Cytotoxic,,Dura,4838.0,1866,6.758991318726746
MSC4-Dura_CGAGTTAGTCATCAGT,MSC4-Dura,4,T_cell,CD8 T cells,1524,-17.1599,28.9337,0.0234,-0.0585,Not cycling,0.4609,CD8 - Glycolysis/MYC,,Dura,4520.0,1524,5.486725663716814
MSC4-Dura_CGCCATTGTGGCCACT,MSC4-Dura,4,T_cell,CD8 T cells,1769,-17.5882,28.8147,0.0724,0.0656,Not cycling,0.6395,CD8 - Heat shock,,Dura,4910.0,1768,4.358452138492872
MSC4-Dura_CGCGTGAGTTGGACCC,MSC4-Dura,4,T_cell,CD8 T cells,766,,,,,,,,,Dura,2428.0,766,2.1416803953871497
MSC4-Dura_CGGGACTGTCATATGC,MSC4-Dura,4,T_cell,CD8 T cells,1510,-18.4503,28.8159,0.0116,-0.0557,Not cycling,1.6836,CD8 - Cytotoxic,CD8 - Cytotoxic,Dura,3555.0,1510,2.7566807313642756
MSC4-Dura_CGGGTGTGTTGGACCC,MSC4-Dura,4,T_cell,CD8 T cells,1450,-18.5862,28.6095,-0.0497,-0.059,Not cycling,0.6353,CD8 - Cytotoxic,,Dura,3149.0,1450,4.38234360114322
MSC4-Dura_CGGTCAGTCCAAATGC,MSC4-Dura,4,T_cell,CD8 T cells,1960,-17.443,28.3239,-0.0334,-0.0519,Not cycling,0.8224,CD8 - Unassigned2,,Dura,6528.0,1959,4.381127450980392
MSC4-Dura_CGTAGTAGTTCGATTG,MSC4-Dura,4,T_cell,CD8 T cells,1839,-17.7909,28.5259,0.0204,0.1366,Not cycling,0.3919,CD8 - Unassigned2,,Dura,6139.0,1839,7.167291089754031
MSC4-Dura_CGTAGTATCAATCTCT,MSC4-Dura,4,T_cell,CD8 T cells,1409,-18.4582,29.0297,0.1343,-0.0025,Not cycling,0.7837,CD8 - Cytotoxic,,Dura,3391.0,1409,7.667354762606901
MSC4-Dura_CGTGCTTAGACGTCGA,MSC4-Dura,4,T_cell,CD8 T cells,2186,-16.5338,28.3085,0.0606,0.0025,Not cycling,1.3194,CD8 - Naive2,CD8 - Naive2,Dura,7417.0,2186,4.5166509370365375
MSC4-Dura_CGTGTCTAGCCGATAG,MSC4-Dura,4,T_cell,CD8 T cells,1021,-17.145,28.6716,-0.024,-0.0428,Not cycling,1.0392,CD4 - Stress/HSP,CD4 - Stress/HSP,Dura,3262.0,1021,4.567749846719804
MSC4-Dura_CGTTGGGAGCATATGA,MSC4-Dura,4,T_cell,CD8 T cells,1904,-16.6172,28.348,-0.046,-0.0571,Not cycling,0.6048,CD8 - Naive2,,Dura,7019.0,1904,7.764638837441231
MSC4-Dura_CGTTGGGGTATGGGAC,MSC4-Dura,4,T_cell,CD8 T cells,1184,-17.0778,28.886,-0.0365,-0.0479,Not cycling,1.1695,CD8 - Memory/Naive1,CD8 - Memory/Naive1,Dura,3125.0,1184,7.648
MSC4-Dura_CTACAGACAGGCGAAT,MSC4-Dura,4,T_cell,CD8 T cells,1781,-17.4411,28.8867,0.008,0.0503,Not cycling,0.9343,CD4 - Cytotoxic,,Dura,5310.0,1781,7.382297551789077
MSC4-Dura_CTACAGATCCACAGCG,MSC4-Dura,4,T_cell,CD8 T cells,1496,-17.2824,28.7958,-0.0302,0.1272,Not cycling,0.9714,CD4 - Cytotoxic,,Dura,3995.0,1496,2.853566958698373
MSC4-Dura_CTACCTGAGGGCGAGA,MSC4-Dura,4,T_cell,CD8 T cells,1711,-17.4933,28.8675,-0.034,0.0749,Not cycling,1.2806,CD4 - Cytotoxic,CD4 - Cytotoxic,Dura,6001.0,1711,7.032161306448925
MSC4-Dura_CTCAATTTCCACTAGA,MSC4-Dura,4,T_cell,CD8 T cells,1367,-18.5774,29.0321,0.0128,0.0672,Not cycling,0.6806,CD4 - Interferon,,Dura,3261.0,1367,5.029132168046612
MSC4-Dura_CTCAATTTCTTTCTAG,MSC4-Dura,4,T_cell,CD8 T cells,1700,-17.438,28.9704,0.0223,0.0107,Not cycling,0.3125,CD4 - Dysfunction,,Dura,4875.0,1700,4.205128205128205
MSC4-Dura_CTCATGCCACTGGCCA,MSC4-Dura,4,T_cell,CD8 T cells,1134,-16.932,28.7564,0.0288,0.0079,Not cycling,3.5318,CD8 - Heat shock,CD8 - Heat shock,Dura,3753.0,1134,5.595523581135092
MSC4-Dura_CTCATGCGTACCGTGC,MSC4-Dura,4,T_cell,CD8 T cells,1602,-18.4116,29.1603,-0.0504,0.0067,Not cycling,0.631,CD8 - Cytotoxic,,Dura,4339.0,1602,6.522240147499424
MSC4-Dura_CTCCCTCAGAGAGCGG,MSC4-Dura,4,T_cell,CD8 T cells,1657,-18.7072,28.8805,-0.0618,-0.0536,Not cycling,0.7905,CD8 - Unassigned2,,Dura,4346.0,1657,6.005522319374137
MSC4-Dura_CTCGAGGAGTGCGACA,MSC4-Dura,4,T_cell,CD8 T cells,1743,-17.9233,29.193,0.0173,0.0054,Not cycling,0.6382,CD4 - Cytotoxic,,Dura,5223.0,1743,7.064905226881103
MSC4-Dura_CTCGAGGCAGGATGAC,MSC4-Dura,4,T_cell,CD8 T cells,1596,-17.3661,28.918,-0.0455,-0.0524,Not cycling,1.1458,CD8 - Memory/Naive1,CD8 - Memory/Naive1,Dura,5104.0,1596,3.7029780564263324
MSC4-Dura_CTCTGGTGTTCCTAAG,MSC4-Dura,4,T_cell,CD8 T cells,1440,-16.7569,28.4192,-0.0374,0.0093,Not cycling,0.3244,CD8 - Unassigned2,,Dura,4489.0,1440,9.445310759634662
MSC4-Dura_CTGAGCGCACGATAGG,MSC4-Dura,4,T_cell,CD8 T cells,785,,,,,,,,,Dura,1811.0,785,11.264494754279404
MSC4-Dura_CTGAGCGTCAACGCTA,MSC4-Dura,4,T_cell,CD8 T cells,1510,-17.9785,28.978,-0.0565,0.0648,Not cycling,0.7547,CD4 - Stress/HSP,,Dura,4678.0,1510,8.058999572466867
MSC4-Dura_CTGCAGGGTCATCGCG,MSC4-Dura,4,T_cell,CD8 T cells,2424,-18.2938,28.7148,0.0939,-0.0848,Not cycling,0.5616,CD8 - Cytotoxic,,Dura,7780.0,2424,4.280205655526992
MSC4-Dura_CTGTACCTCGGTTAGT,MSC4-Dura,4,T_cell,CD8 T cells,1589,-17.3939,28.576,0.0222,0.0058,Not cycling,0.5752,CD8 - Memory/Naive1,,Dura,5114.0,1589,4.477903793508017
MSC4-Dura_CTGTATTTCGTTTACT,MSC4-Dura,4,T_cell,CD8 T cells,1721,-18.638,29.0829,-0.0463,-0.0053,Not cycling,0.9071,CD8 - Cytotoxic,,Dura,4557.0,1721,7.2635505815229315
MSC4-Dura_CTTAGGACATTCACAG,MSC4-Dura,4,T_cell,CD8 T cells,1717,-18.4844,28.7411,-0.0039,-0.0001,Not cycling,1.2021,CD8 - Chromatin,CD8 - Chromatin,Dura,3805.0,1717,4.940867279894875
MSC4-Dura_CTTAGGATCTTGCGCT,MSC4-Dura,4,T_cell,CD8 T cells,1740,-18.7497,29.1287,0.0617,-0.0642,Not cycling,0.8662,CD8 - Cytotoxic,,Dura,3768.0,1740,11.544585987261147
MSC4-Dura_GAAACCTAGACGACGT,MSC4-Dura,4,T_cell,CD8 T cells,1659,-17.3767,28.8124,0.0826,0.0698,Not cycling,0.3138,CD8 - Cytotoxic,,Dura,4675.0,1659,8.064171122994653
MSC4-Dura_GAAGTAACACAAGTGG,MSC4-Dura,4,T_cell,CD8 T cells,1699,-18.6656,28.9118,-0.0554,0.1941,Not cycling,1.036,CD8 - Cytotoxic,CD8 - Cytotoxic,Dura,4421.0,1699,4.976249717258539
MSC4-Dura_GACCAATAGATTGACA,MSC4-Dura,4,T_cell,CD8 T cells,1892,-16.3291,28.4683,0.0135,0.0089,Not cycling,1.7727,CD8 - Naive3,CD8 - Naive3,Dura,6428.0,1892,3.1113876789047916
MSC4-Dura_GACCAATCAGAATTCC,MSC4-Dura,4,T_cell,CD8 T cells,2110,-17.3522,28.7561,0.1319,0.1201,Not cycling,0.5622,CD4 - Unassigned,,Dura,6296.0,2109,5.940279542566709
MSC4-Dura_GACCAATCAGCTGAGA,MSC4-Dura,4,T_cell,CD8 T cells,2170,-16.4954,28.2946,0.0147,-0.0513,Not cycling,0.9963,CD4 - Interferon,,Dura,7559.0,2170,3.8232570445826166
MSC4-Dura_GACCCAGTCGTACCTC,MSC4-Dura,4,T_cell,CD8 T cells,1928,-17.5215,28.947,0.144,0.0085,Not cycling,0.9545,CD4 - Cytotoxic,,Dura,5788.0,1928,5.0621976503109885
MSC4-Dura_GACGTTATCAGTGGGA,MSC4-Dura,4,T_cell,CD8 T cells,1622,-18.4977,28.6434,0.1222,-0.0594,Not cycling,1.035,CD8 - Cytotoxic,CD8 - Cytotoxic,Dura,3425.0,1622,6.627737226277373
MSC4-Dura_GAGACTTGTTAAGGAT,MSC4-Dura,4,T_cell,CD8 T cells,1314,-16.973,28.7278,0.0162,0.0105,Not cycling,2.8147,CD8 - Heat shock,CD8 - Heat shock,Dura,5411.0,1314,3.030863056736278
MSC4-Dura_GAGCCTGGTGTATCCA,MSC4-Dura,4,T_cell,CD8 T cells,1256,-17.1283,28.4889,-0.0427,-0.0688,Not cycling,1.1405,CD8 - Heat shock,CD8 - Heat shock,Dura,3341.0,1256,9.937144567494762
MSC4-Dura_GAGCCTGGTGTTCAGT,MSC4-Dura,4,T_cell,CD8 T cells,1822,-18.6783,28.9189,-0.0726,-0.0035,Not cycling,0.4094,CD8 - Cytotoxic,,Dura,4273.0,1822,7.652703018956237
MSC4-Dura_GAGCTGCCAATCAAGA,MSC4-Dura,4,T_cell,CD8 T cells,1505,-17.0399,28.6767,0.0026,0.0006,Not cycling,2.8668,CD8 - Heat shock,CD8 - Heat shock,Dura,4667.0,1505,2.7212341975573175
MSC4-Dura_GAGGGTACATACTGTG,MSC4-Dura,4,T_cell,CD8 T cells,1876,-16.8028,27.9986,0.0774,0.075,Not cycling,0.5029,CD8 - Naive3,,Dura,6254.0,1876,7.09945634793732
MSC4-Dura_GAGTCATAGGTGCATG,MSC4-Dura,4,T_cell,CD8 T cells,1826,-17.6305,28.8726,0.0688,0.0072,Not cycling,0.9825,CD8 - Memory/Naive1,,Dura,5323.0,1826,4.583881269960549
MSC4-Dura_GAGTTGTAGAAATGGG,MSC4-Dura,4,T_cell,CD8 T cells,2135,-18.1295,28.9003,-0.1295,-0.0145,Not cycling,0.777,CD8 - Glycolysis/MYC,,Dura,7456.0,2135,6.04881974248927
MSC4-Dura_GAGTTGTTCTAGCCTC,MSC4-Dura,4,T_cell,CD8 T cells,1737,-17.4601,29.0166,0.0148,0.0071,Not cycling,0.3777,CD8 - Dysfunction,,Dura,5215.0,1737,3.0105465004793865
MSC4-Dura_GATAGCTCACAGCCTG,MSC4-Dura,4,T_cell,CD8 T cells,1850,-18.3471,28.9456,0.0737,-0.001,Not cycling,0.5598,CD8 - Chromatin,,Dura,5329.0,1850,5.423156314505536
MSC4-Dura_GATGAGGGTGAATAAC,MSC4-Dura,4,T_cell,CD8 T cells,1559,-17.7149,28.7936,0.074,-0.0527,Not cycling,0.3243,CD8 - Glycolysis/MYC,,Dura,5008.0,1559,5.131789137380192
MSC4-Dura_GCACATAAGGGTTAGC,MSC4-Dura,4,T_cell,CD8 T cells,1657,-17.803,28.2352,-0.1081,0.012,Not cycling,0.2626,CD8 - Cytotoxic,,Dura,4796.0,1657,5.921601334445371
MSC4-Dura_GCACGTGTCCCTGTTG,MSC4-Dura,4,T_cell,CD8 T cells,575,,,,,,,,,Dura,1274.0,575,0.47095761381475665
MSC4-Dura_GCAGCCATCTCCAAGA,MSC4-Dura,4,T_cell,CD8 T cells,2603,-18.1871,29.0316,-0.0079,0.0622,Not cycling,1.4677,CD4 - Glycolysis/MYC,,Dura,7641.0,2603,3.8869257950530036
MSC4-Dura_GCCAGGTAGCACTAGG,MSC4-Dura,4,T_cell,CD8 T cells,1752,-16.8724,28.4141,0.0049,-0.0496,Not cycling,0.7002,CD8 - Naive3,,Dura,6375.0,1752,7.8431372549019605
MSC4-Dura_GCCGTGACATGCAGCC,MSC4-Dura,4,T_cell,CD8 T cells,2074,-16.4338,28.3478,0.2018,0.0135,Not cycling,0.3298,CD8 - Memory/Naive1,,Dura,7737.0,2074,7.638619620007755
MSC4-Dura_GCTACCTGTTCGGTTA,MSC4-Dura,4,T_cell,CD8 T cells,1626,-18.2781,29.1868,0.0068,0.0563,Not cycling,0.5,CD8 - Cytotoxic,,Dura,4449.0,1626,4.69768487300517
MSC4-Dura_GCTGAATAGCTACTGT,MSC4-Dura,4,T_cell,CD8 T cells,2289,-18.0044,28.7475,-0.0626,-0.0118,Not cycling,1.2668,CD8 - Heat shock,CD8 - Heat shock,Dura,6659.0,2289,4.745457275867247
MSC4-Dura_GCTGCAGTCCGTGTAA,MSC4-Dura,4,T_cell,CD8 T cells,1531,-17.1155,28.4357,-0.105,0.0586,Not cycling,0.8752,CD4 - Treg,,Dura,4409.0,1531,4.377409843501928
MSC4-Dura_GGAATGGGTACGTTCA,MSC4-Dura,4,T_cell,CD8 T cells,1407,-18.1539,29.0481,0.0143,-0.0531,Not cycling,1.0888,CD8 - Cytotoxic,CD8 - Cytotoxic,Dura,3744.0,1406,9.268162393162394
MSC4-Dura_GGACGTCCAAGTCCAT,MSC4-Dura,4,T_cell,CD8 T cells,1334,-17.2213,28.5109,0.0873,-0.0478,Not cycling,1.1176,CD8 - Heat shock,CD8 - Heat shock,Dura,3539.0,1334,13.647923142130546
MSC4-Dura_GGATGTTTCTTCCACG,MSC4-Dura,4,T_cell,CD8 T cells,1765,-18.6849,28.8314,-0.1146,-0.0555,Not cycling,0.5966,CD4 - Cytotoxic,,Dura,4233.0,1765,5.268131348925112
MSC4-Dura_GGGAGATCAAGGCGTA,MSC4-Dura,4,T_cell,CD8 T cells,1471,-17.5661,28.8969,-0.0894,0.0184,Not cycling,1.6085,CD4 - Cytotoxic,CD4 - Cytotoxic,Dura,3667.0,1471,10.444505044995909
MSC4-Dura_GGGAGATTCGAGAACG,MSC4-Dura,4,T_cell,CD8 T cells,1900,-18.7477,28.9503,0.004,0.1925,Not cycling,0.8388,CD8 - Unassigned2,,Dura,4705.0,1900,4.548352816153029
MSC4-Dura_GGGCGTTTCCCTCGAT,MSC4-Dura,4,T_cell,CD8 T cells,1796,-17.3507,28.4392,0.0849,0.0114,Not cycling,0.8374,CD4 - Cytotoxic,,Dura,4399.0,1796,5.955899067969993
MSC4-Dura_GGGCGTTTCGCCCAGA,MSC4-Dura,4,T_cell,CD8 T cells,1481,-17.1776,28.8657,-0.1118,-0.0487,Not cycling,1.1946,CD4 - Stress/HSP,CD4 - Stress/HSP,Dura,4159.0,1481,7.405626352488579
MSC4-Dura_GGGTATTCAATCGTCA,MSC4-Dura,4,T_cell,CD8 T cells,1661,-18.5017,29.0542,-0.0002,0.0622,Not cycling,0.7931,CD8 - Chromatin,,Dura,4036.0,1661,6.392467789890981
MSC4-Dura_GGGTATTGTTCAGTAC,MSC4-Dura,4,T_cell,CD8 T cells,2450,-18.778,28.825,0.0276,0.1036,Not cycling,0.8231,CD8 - Cytotoxic,,Dura,6175.0,2450,6.234817813765182
MSC4-Dura_GGGTCACCAGTTGCGC,MSC4-Dura,4,T_cell,CD8 T cells,1480,-18.392,29.0129,0.0159,0.0672,Not cycling,0.195,CD8 - Cytotoxic,,Dura,4096.0,1480,6.54296875
MSC4-Dura_GGTCTGGTCAGAATAG,MSC4-Dura,4,T_cell,CD8 T cells,1409,-16.7823,28.1881,-0.042,0.0712,Not cycling,0.3394,CD4 - Interferon,,Dura,4209.0,1409,6.676170111665479
MSC4-Dura_GGTGGCTGTACGCGTC,MSC4-Dura,4,T_cell,CD8 T cells,1317,-17.0738,28.7497,-0.0529,0.0641,Not cycling,2.7381,CD8 - Heat shock,CD8 - Heat shock,Dura,3912.0,1317,6.543967280163599
MSC4-Dura_GGTGTTAGTATCACCA,MSC4-Dura,4,T_cell,CD8 T cells,1474,-18.2877,29.1127,-0.062,0.0626,Not cycling,0.5247,CD8 - Glycolysis/MYC,,Dura,3802.0,1474,9.626512361914783
MSC4-Dura_GTAACCAGTGTTTACG,MSC4-Dura,4,T_cell,CD8 T cells,1998,-18.6178,28.795,0.1883,-0.0741,Not cycling,0.9574,CD8 - Cytotoxic,,Dura,5263.0,1998,5.18715561466844
MSC4-Dura_GTAAGTCTCTCCGCAT,MSC4-Dura,4,T_cell,CD8 T cells,1804,-17.3496,28.4446,-0.0292,-0.0469,Not cycling,0.3216,CD8 - Unassigned2,,Dura,5459.0,1804,9.617145997435427
MSC4-Dura_GTACAGTAGAAACTCA,MSC4-Dura,4,T_cell,CD8 T cells,1815,-18.7128,29.106,0.0583,0.0527,Not cycling,0.5744,CD8 - Cytotoxic,,Dura,4297.0,1815,6.143821270653945
MSC4-Dura_GTACAGTAGGCACCAA,MSC4-Dura,4,T_cell,CD8 T cells,1715,-18.4285,28.7169,-0.1096,0.0023,Not cycling,0.0918,CD4 - Naive1,,Dura,5068.0,1715,9.056827150749802
MSC4-Dura_GTAGCTAGTGAGCCAA,MSC4-Dura,4,T_cell,CD8 T cells,2280,-18.9071,28.5975,-0.0689,-0.0129,Not cycling,0.846,CD8 - Unassigned2,,Dura,6219.0,2280,5.660073966875704
MSC4-Dura_GTAGTACCAACGCCCA,MSC4-Dura,4,T_cell,CD8 T cells,964,,,,,,,,,Dura,1637.0,964,4.215027489309713
MSC4-Dura_GTCACTCGTATTGAGA,MSC4-Dura,4,T_cell,CD8 T cells,1478,-17.2917,28.9385,0.0239,0.01,Not cycling,0.9791,CD4 - Treg,,Dura,4514.0,1478,6.778910057598583
MSC4-Dura_GTCATGAAGGCTTTCA,MSC4-Dura,4,T_cell,CD8 T cells,1665,-16.7646,28.7512,0.1324,-0.0607,Not cycling,1.126,CD8 - Memory/Naive1,CD8 - Memory/Naive1,Dura,4647.0,1665,3.2278889606197545
MSC4-Dura_GTCATTTCATGTTACG,MSC4-Dura,4,T_cell,CD8 T cells,1611,-17.2717,28.8253,0.0808,-0.057,Not cycling,1.1218,CD8 - Memory/Naive1,CD8 - Memory/Naive1,Dura,5621.0,1611,10.816580679594379
MSC4-Dura_GTCCCATCACGACAGA,MSC4-Dura,4,T_cell,CD8 T cells,1492,-16.9703,28.9078,0.0241,0.0019,Not cycling,0.8782,CD8 - Chromatin,,Dura,3304.0,1492,4.691283292978208
MSC4-Dura_GTCGCGAAGGGACCAT,MSC4-Dura,4,T_cell,CD8 T cells,1835,-18.5192,28.657,0.0007,-0.074,Not cycling,0.7963,CD8 - Cytotoxic,,Dura,4920.0,1835,7.7439024390243905
MSC4-Dura_GTCGCGATCGTCTAAG,MSC4-Dura,4,T_cell,CD8 T cells,1353,-17.2088,28.1368,-0.0273,-0.0404,Not cycling,0.9451,CD4 - Cytotoxic,,Dura,4270.0,1353,5.245901639344262
MSC4-Dura_GTCTGTCAGTTGGCTT,MSC4-Dura,4,T_cell,CD8 T cells,1698,-18.7011,29.0273,0.0039,0.008,Not cycling,0.3228,CD4 - Cytotoxic,,Dura,4024.0,1698,7.753479125248509
MSC4-Dura_GTCTTTATCGTTTACT,MSC4-Dura,4,T_cell,CD8 T cells,1267,-17.2426,28.6824,0.0259,0.0682,Not cycling,1.8835,CD8 - Memory/Naive1,CD8 - Memory/Naive1,Dura,2953.0,1267,4.673213681002371
MSC4-Dura_GTGCTGGGTGCTGTCG,MSC4-Dura,4,T_cell,CD8 T cells,2103,-17.8452,28.1542,0.0133,0.0669,Not cycling,0.6738,CD8 - Cytotoxic,,Dura,5912.0,2103,7.662381596752368
MSC4-Dura_GTGCTTCGTCACTACA,MSC4-Dura,4,T_cell,CD8 T cells,1228,-17.1568,28.7711,0.0161,-0.0471,Not cycling,1.7474,CD4 - Stress/HSP,CD4 - Stress/HSP,Dura,3614.0,1228,4.814609850581074
MSC4-Dura_GTGGAAGGTATAATGG,MSC4-Dura,4,T_cell,CD8 T cells,1655,-18.6718,28.8686,0.1326,-0.0611,Not cycling,0.7562,CD8 - Cytotoxic,,Dura,4169.0,1655,6.404413528424082
MSC4-Dura_GTGTCCTAGTCTAACC,MSC4-Dura,4,T_cell,CD8 T cells,1687,-18.336,29.0493,-0.0449,-0.058,Not cycling,0.7284,CD8 - Cytotoxic,,Dura,4401.0,1687,6.81663258350375
MSC4-Dura_GTGTTAGCACAATTCG,MSC4-Dura,4,T_cell,CD8 T cells,2812,-18.0456,28.8305,-0.021,-0.0204,Not cycling,0.6513,CD8 - Glycolysis/MYC,,Dura,11244.0,2811,8.271077908217716
MSC4-Dura_GTTACGAGTAAGATCA,MSC4-Dura,4,T_cell,CD8 T cells,2119,-17.3972,28.6988,0.0022,-0.0555,Not cycling,0.486,CD4 - Stress/HSP,,Dura,5927.0,2119,3.1044373207356166
MSC4-Dura_GTTAGTGGTATCGTGT,MSC4-Dura,4,T_cell,CD8 T cells,1640,-18.5711,29.039,-0.0041,-0.007,Not cycling,0.8333,CD8 - Cytotoxic,,Dura,4547.0,1640,10.094567846932042
MSC4-Dura_GTTGCGGGTAGCGTAG,MSC4-Dura,4,T_cell,CD8 T cells,1639,-18.4243,28.883,-0.0414,0.0128,Not cycling,0.9461,CD8 - Cytotoxic,,Dura,4408.0,1639,5.875680580762251
MSC4-Dura_GTTGCGGTCTGTGTGA,MSC4-Dura,4,T_cell,CD8 T cells,1919,-18.6672,28.8396,0.0042,-0.067,Not cycling,0.9681,CD4 - Unassigned,,Dura,4729.0,1919,7.549164728272362
MSC4-Dura_GTTGTAGGTAATCAAG,MSC4-Dura,4,T_cell,CD8 T cells,837,,,,,,,,,Dura,2089.0,837,9.717568214456678
MSC4-Dura_GTTGTGAGTCTTCGAA,MSC4-Dura,4,T_cell,CD8 T cells,1338,-17.3806,28.7671,-0.0315,0.0671,Not cycling,0.6716,CD4 - Cytotoxic,,Dura,3197.0,1338,3.816077572724429
MSC4-Dura_TAACACGGTCCAACGC,MSC4-Dura,4,T_cell,CD8 T cells,2028,-17.6233,29.0418,-0.0522,0.0637,Not cycling,0.907,CD8 - Heat shock,,Dura,7145.0,2028,5.388383484954514
MSC4-Dura_TAAGTCGTCAGCGGAA,MSC4-Dura,4,T_cell,CD8 T cells,1758,-18.3137,29.0417,0.1281,-0.0061,Not cycling,0.7848,CD8 - Heat shock,,Dura,3847.0,1758,4.263062126332207
MSC4-Dura_TACGCTCGTTATGGTC,MSC4-Dura,4,T_cell,CD8 T cells,1932,-18.7095,29.0006,0.1711,-0.0738,Not cycling,0.5505,CD8 - Cytotoxic,,Dura,5008.0,1932,7.827476038338658
MSC4-Dura_TACTTCAAGCAGCGAT,MSC4-Dura,4,T_cell,CD8 T cells,1520,-18.6593,28.9754,-0.0401,-0.0556,Not cycling,1.5239,CD8 - Cytotoxic,CD8 - Cytotoxic,Dura,3355.0,1520,6.289120715350224
MSC4-Dura_TACTTCAGTTATAGCC,MSC4-Dura,4,T_cell,CD8 T cells,1340,-17.2226,28.7407,0.0273,0.0124,Not cycling,0.5442,CD4 - Stress/HSP,,Dura,3418.0,1340,6.729081334113516
MSC4-Dura_TAGGAGGGTGCTGATT,MSC4-Dura,4,T_cell,CD8 T cells,1236,-18.6105,28.8703,-0.0531,-0.0572,Not cycling,0.3792,CD4 - Interferon,,Dura,2239.0,1236,10.5850826261724
MSC4-Dura_TAGGGTTAGTTAACGA,MSC4-Dura,4,T_cell,CD8 T cells,1851,-18.4706,28.682,0.0505,-0.0057,Not cycling,1.3857,CD8 - Cytotoxic,CD8 - Cytotoxic,Dura,4678.0,1851,5.386917486105173
MSC4-Dura_TAGGGTTCAAGCTGCC,MSC4-Dura,4,T_cell,CD8 T cells,1953,-18.6923,28.985,0.0539,-0.061,Not cycling,0.8231,CD4 - Cytotoxic,,Dura,5234.0,1953,4.069545280855942
MSC4-Dura_TAGTGCACACTGCGAC,MSC4-Dura,4,T_cell,CD8 T cells,1703,-17.2118,28.8104,0.0174,0.0037,Not cycling,1.1392,CD8 - Memory/Naive1,CD8 - Memory/Naive1,Dura,5626.0,1703,3.252755065766086
MSC4-Dura_TATATCCGTGCCGGTT,MSC4-Dura,4,T_cell,CD8 T cells,1154,-17.1639,28.0966,-0.0508,-0.0044,Not cycling,0.9801,CD8 - Memory/Naive1,,Dura,2607.0,1154,5.792098197161488
MSC4-Dura_TATCTGTTCGCAATTG,MSC4-Dura,4,T_cell,CD8 T cells,1816,-17.7718,28.9313,0.022,0.1345,Not cycling,0.3737,CD8 - Dysfunction,,Dura,6546.0,1816,4.552398411243508
MSC4-Dura_TCAATTCGTCGATGCC,MSC4-Dura,4,T_cell,CD8 T cells,1420,-17.4069,28.8658,-0.0463,-0.0593,Not cycling,0.6096,CD8 - Memory/Naive1,,Dura,4254.0,1420,5.38316878232252
MSC4-Dura_TCACGCTCACCTGCGA,MSC4-Dura,4,T_cell,CD8 T cells,1988,-18.3574,28.8498,0.0336,-0.0165,Not cycling,1.2941,CD8 - Cytotoxic,CD8 - Cytotoxic,Dura,4919.0,1988,6.200447245375076
MSC4-Dura_TCACTATGTAAGCTCT,MSC4-Dura,4,T_cell,CD8 T cells,1846,-17.3868,28.7696,-0.0107,-0.071,Not cycling,1.3541,CD8 - Chromatin,CD8 - Chromatin,Dura,4615.0,1846,5.178764897074756
MSC4-Dura_TCACTCGCAGTTGTCA,MSC4-Dura,4,T_cell,CD8 T cells,2185,-18.5489,28.7898,0.1627,-0.0679,Not cycling,1.2452,CD4 - Cytotoxic,CD4 - Cytotoxic,Dura,5323.0,2185,4.696599661844824
MSC4-Dura_TCAGTCCAGCGTATGG,MSC4-Dura,4,T_cell,CD8 T cells,1552,-18.4211,29.0555,0.0169,0.0075,Not cycling,0.3555,CD8 - Cytotoxic,,Dura,4224.0,1552,6.794507575757576
MSC4-Dura_TCATGTTCAAATGGTA,MSC4-Dura,4,T_cell,CD8 T cells,1541,-17.1724,28.7856,-0.0369,-0.0484,Not cycling,1.6882,CD8 - Memory/Naive1,CD8 - Memory/Naive1,Dura,4880.0,1541,8.688524590163935
MSC4-Dura_TCCACCACACCTGATA,MSC4-Dura,4,T_cell,CD8 T cells,1780,-17.5102,28.932,-0.0479,0.0644,Not cycling,0.5944,CD8 - Chromatin,,Dura,4623.0,1780,5.883625351503353
MSC4-Dura_TCCACGTTCACGACTA,MSC4-Dura,4,T_cell,CD8 T cells,2008,-18.5506,28.9863,0.0441,-0.0053,Not cycling,0.6114,CD8 - Cytotoxic,,Dura,5795.0,2008,7.713546160483175
MSC4-Dura_TCCAGAAGTCACTGAT,MSC4-Dura,4,T_cell,CD8 T cells,1717,-18.7528,28.9602,0.1183,0.0092,Not cycling,0.1795,CD8 - Cytotoxic,,Dura,4086.0,1717,4.845814977973569
MSC4-Dura_TCGCTCACAGTCAACT,MSC4-Dura,4,T_cell,CD8 T cells,1876,-17.5031,28.6879,-0.0552,0.0615,Not cycling,0.7949,CD8 - Chromatin,,Dura,5077.0,1876,6.558991530431357
MSC4-Dura_TCGGGACGTAGCCCTG,MSC4-Dura,4,T_cell,CD8 T cells,1697,-18.267,29.1069,0.0234,0.0075,Not cycling,0.3216,CD4 - Glycolysis/MYC,,Dura,4776.0,1697,8.144891122278057
MSC4-Dura_TCGGGTGCATATGCGT,MSC4-Dura,4,T_cell,CD8 T cells,2179,-18.4003,28.8653,0.0602,-0.0001,Not cycling,0.4361,CD8 - Unassigned2,,Dura,6442.0,2179,5.821173548587395
MSC4-Dura_TCTACATTCCGTCACT,MSC4-Dura,4,T_cell,CD8 T cells,1922,-18.7028,29.101,-0.0022,0.0579,Not cycling,0.5729,CD8 - Chromatin,,Dura,4703.0,1922,6.485222198596641
MSC4-Dura_TCTACCGCATGCTGCG,MSC4-Dura,4,T_cell,CD8 T cells,1679,-18.725,28.9913,0.011,-0.0029,Not cycling,0.2416,CD8 - Chromatin,,Dura,4099.0,1679,7.514027811661381
MSC4-Dura_TCTATCAAGCGGTATG,MSC4-Dura,4,T_cell,CD8 T cells,1385,-18.2829,28.5238,0.0616,-0.0025,Not cycling,0.8053,CD4 - Naive1,,Dura,3906.0,1385,5.709165386584742
MSC4-Dura_TCTTGCGGTGTGAATA,MSC4-Dura,4,T_cell,CD8 T cells,1652,-18.4874,28.6392,0.0734,-0.0677,Not cycling,1.2651,CD8 - Cytotoxic,CD8 - Cytotoxic,Dura,4051.0,1652,6.368797827696865
MSC4-Dura_TCTTGCGTCAAGGACG,MSC4-Dura,4,T_cell,CD8 T cells,1398,-17.3386,28.6828,0.0278,0.0141,Not cycling,0.1988,CD8 - Dysfunction,,Dura,4339.0,1398,3.7566259506798803
MSC4-Dura_TGAACGTGTCACCTTC,MSC4-Dura,4,T_cell,CD8 T cells,2204,-17.5697,28.9183,0.0702,0.0699,Not cycling,0.4982,CD8 - Memory/Naive1,,Dura,6918.0,2204,4.466608846487424
MSC4-Dura_TGAATGCGTCGTAATC,MSC4-Dura,4,T_cell,CD8 T cells,1755,-17.4167,28.3945,0.0187,-0.0461,Not cycling,0.4378,CD4 - Cytotoxic,,Dura,5070.0,1755,4.7534516765285995
MSC4-Dura_TGACTCCCAAATGATG,MSC4-Dura,4,T_cell,CD8 T cells,2584,-18.3207,28.7732,-0.0808,-0.0114,Not cycling,0.4356,CD8 - Cytotoxic,,Dura,8552.0,2584,3.8704396632366698
MSC4-Dura_TGAGTCAGTAGGCAGT,MSC4-Dura,4,T_cell,CD8 T cells,1457,-18.1557,28.3991,0.0065,-0.0601,Not cycling,1.0065,CD4 - Cytotoxic,CD4 - Cytotoxic,Dura,4075.0,1457,6.625766871165644
MSC4-Dura_TGATCAGCAGTCAACT,MSC4-Dura,4,T_cell,CD8 T cells,1541,-17.2729,28.8291,-0.0383,-0.052,Not cycling,0.6999,CD8 - Memory/Naive1,,Dura,4197.0,1541,4.955920895878008
MSC4-Dura_TGATTTCTCTAGTTCT,MSC4-Dura,4,T_cell,CD8 T cells,1792,-18.1941,29.149,-0.1195,-0.0634,Not cycling,0.3341,CD8 - Cytotoxic,,Dura,5125.0,1792,8.273170731707317
MSC4-Dura_TGCAGTATCCAAGCTA,MSC4-Dura,4,T_cell,CD8 T cells,1817,-16.9515,28.4939,0.0155,-0.0563,Not cycling,0.4809,CD8 - Naive3,,Dura,6570.0,1817,9.786910197869101
MSC4-Dura_TGCGACGCAATACCCA,MSC4-Dura,4,T_cell,CD8 T cells,1458,-18.1687,29.0458,0.0793,-0.0611,Not cycling,0.3402,CD8 - Cytotoxic,,Dura,4032.0,1458,8.159722222222221
MSC4-Dura_TGCTTCGGTGATCGTT,MSC4-Dura,4,T_cell,CD8 T cells,1444,-18.7018,28.7448,-0.0099,-0.0077,Not cycling,1.2431,CD8 - Cytotoxic,CD8 - Cytotoxic,Dura,3404.0,1444,5.699177438307873
MSC4-Dura_TGGAGGAAGTCGTTAC,MSC4-Dura,4,T_cell,CD8 T cells,1628,-18.6978,28.8058,-0.0003,-0.0056,Not cycling,1.0117,CD8 - Cytotoxic,CD8 - Cytotoxic,Dura,3793.0,1628,4.6928552596889
MSC4-Dura_TGGGAGACAGTGTACT,MSC4-Dura,4,T_cell,CD8 T cells,1747,-17.4282,28.8027,0.0129,0.0692,Not cycling,0.277,CD8 - Heat shock,,Dura,6164.0,1747,7.5600259571706685
MSC4-Dura_TGGGCGTGTATCGAAA,MSC4-Dura,4,T_cell,CD8 T cells,1588,-17.4348,28.586,0.082,0.1908,Not cycling,0.3705,CD4 - Naive2,,Dura,4810.0,1588,3.866943866943867
MSC4-Dura_TGGGCGTGTTGCAAGG,MSC4-Dura,4,T_cell,CD8 T cells,1398,-18.5653,29.0737,-0.0742,0.0048,Not cycling,0.4848,CD8 - Cytotoxic,,Dura,3110.0,1398,5.627009646302251
MSC4-Dura_TGGTGATTCCCACAGG,MSC4-Dura,4,T_cell,CD8 T cells,2138,-18.2462,28.6926,0.0514,-0.0746,Not cycling,0.832,CD8 - Cytotoxic,,Dura,6734.0,2138,4.900504900504901
MSC4-Dura_TGGTTAGAGTCAGCGA,MSC4-Dura,4,T_cell,CD8 T cells,1456,-17.4491,28.9816,-0.0947,-0.0525,Not cycling,0.3789,CD8 - Memory/Naive1,,Dura,5053.0,1456,12.448050662972491
MSC4-Dura_TTAGTCTCACCCTAAA,MSC4-Dura,4,T_cell,CD8 T cells,1104,-17.02,28.654,-0.0289,-0.0457,Not cycling,1.8836,CD8 - Memory/Naive1,CD8 - Memory/Naive1,Dura,3340.0,1104,6.6467065868263475
MSC4-Dura_TTCAATCGTGTTGATC,MSC4-Dura,4,T_cell,CD8 T cells,1712,-18.0115,28.9188,0.0771,-0.0471,Not cycling,1.0238,CD8 - Cytotoxic,CD8 - Cytotoxic,Dura,5269.0,1712,6.319984816853293
MSC4-Dura_TTCACGCCAAGACCTT,MSC4-Dura,4,T_cell,CD8 T cells,1924,-17.4304,28.85,0.0613,0.0633,Not cycling,0.9506,CD4 - Stress/HSP,,Dura,6536.0,1924,6.272949816401469
MSC4-Dura_TTCCTAAAGGAACTAT,MSC4-Dura,4,T_cell,CD8 T cells,1268,-17.2063,28.7588,-0.0879,-0.0482,Not cycling,0.3274,CD4 - Cytotoxic,,Dura,4044.0,1268,7.393669634025717
MSC4-Dura_TTCCTAACATTACGGT,MSC4-Dura,4,T_cell,CD8 T cells,1630,-17.5522,29.005,0.0781,0.0062,Not cycling,0.7157,CD8 - Chromatin,,Dura,4362.0,1630,6.900504355800091
MSC4-Dura_TTCCTCTGTGCTCTTC,MSC4-Dura,4,T_cell,CD8 T cells,2398,-18.6637,29.0168,0.1805,-0.0143,Not cycling,0.6725,CD8 - Cytotoxic,,Dura,6794.0,2398,4.871945834559906
MSC4-Dura_TTCCTTCGTGAATGAT,MSC4-Dura,4,T_cell,CD8 T cells,1473,-17.9989,29.1131,0.1305,0.0675,Not cycling,0.7245,CD8 - Memory/Naive1,,Dura,4009.0,1473,6.0613619356448
MSC4-Dura_TTCGGTCAGGGTGAGG,MSC4-Dura,4,T_cell,CD8 T cells,1722,-17.4827,28.935,0.0229,0.0758,Not cycling,0.3567,CD8 - Glycolysis/MYC,,Dura,4885.0,1722,4.339815762538382
MSC4-Dura_TTCTGTACAGGCGAAT,MSC4-Dura,4,T_cell,CD8 T cells,1664,-17.9639,29.0809,-0.0494,-0.055,Not cycling,0.6409,CD4 - Cytotoxic,,Dura,4562.0,1664,6.466462078035949
MSC4-Dura_TTGAACGCATCGGAAG,MSC4-Dura,4,T_cell,CD8 T cells,1411,-17.8743,28.6812,0.0805,-0.006,Not cycling,0.6886,CD4 - Cytotoxic,,Dura,3950.0,1411,8.075949367088608
MSC4-Dura_TTGAACGGTCAACCAT,MSC4-Dura,4,T_cell,CD8 T cells,2702,-18.2539,28.6365,-0.0234,-0.0116,Not cycling,0.7329,CD8 - Unassigned2,,Dura,8908.0,2701,4.512797485406376
MSC4-Dura_TTGAACGGTCGTGGAA,MSC4-Dura,4,T_cell,CD8 T cells,1337,-17.5192,28.8604,0.0285,0.0184,Not cycling,0.9731,CD8 - Memory/Naive1,,Dura,3814.0,1337,4.011536444677504
MSC4-Dura_TTGAACGTCTCGTTTA,MSC4-Dura,4,T_cell,CD8 T cells,1455,-16.6268,28.6112,-0.0869,-0.0174,Not cycling,1.0782,CD8 - Memory/Naive1,CD8 - Memory/Naive1,Dura,5271.0,1455,2.7129576930373744
MSC4-Dura_TTGCATTTCCGGACTG,MSC4-Dura,4,T_cell,CD8 T cells,845,,,,,,,,,Dura,2207.0,845,5.346624376982329
MSC4-Dura_TTGCGTCGTACCTAGT,MSC4-Dura,4,T_cell,CD8 T cells,1398,-17.2959,28.6795,-0.0439,-0.0442,Not cycling,0.395,CD8 - Memory/Naive1,,Dura,4510.0,1398,6.496674057649668
MSC4-Dura_TTGGGCGTCGCAATGT,MSC4-Dura,4,T_cell,CD8 T cells,938,,,,,,,,,Dura,2470.0,938,12.186234817813766
MSC4-Dura_TTGGGTAGTCGTCGGT,MSC4-Dura,4,T_cell,CD8 T cells,1712,-18.695,29.0207,-0.0115,-0.0616,Not cycling,0.948,CD8 - Chromatin,,Dura,3896.0,1712,5.95482546201232
MSC4-Dura_TTGTTCAAGGTGCAGT,MSC4-Dura,4,T_cell,CD8 T cells,1612,-18.0986,29.1377,0.0835,0.0074,Not cycling,0.6811,CD8 - Cytotoxic,,Dura,5286.0,1612,6.753688989784336
MSC4-Dura_TTTACGTTCGCTATTT,MSC4-Dura,4,T_cell,CD8 T cells,1463,-17.4218,28.9003,0.0361,0.1312,Not cycling,0.5944,CD8 - Heat shock,,Dura,3901.0,1463,3.8964368110740835
MSC4-Dura_TTTACTGAGCACGATG,MSC4-Dura,4,T_cell,CD8 T cells,1331,-17.1426,28.6713,-0.0912,0.0088,Not cycling,0.8186,CD8 - Interferon,,Dura,3869.0,1331,8.581028689583873
MSC4-Dura_TTTAGTCGTACCCAGC,MSC4-Dura,4,T_cell,CD8 T cells,1795,-18.7453,28.9532,-0.0555,0.0126,Not cycling,0.7477,CD8 - Cytotoxic,,Dura,3998.0,1795,3.8769384692346174
MSC4-Dura_TTTCACAGTGGTCTTA,MSC4-Dura,4,T_cell,CD8 T cells,2058,-17.5765,28.5445,-0.0021,-0.0727,Not cycling,1.1414,CD8 - Unassigned2,,Dura,6315.0,2058,3.9746634996041172
MSC4-Dura_TTTGACTGTACCCGCA,MSC4-Dura,4,T_cell,CD8 T cells,1737,-17.2033,28.6659,-0.0303,-0.049,Not cycling,0.4584,CD8 - Cytotoxic,,Dura,5743.0,1737,3.900400487550061
MSC4-Dura_TTTGTTGAGGTCACTT,MSC4-Dura,4,T_cell,CD8 T cells,1778,-18.6656,29.0319,0.0536,0.0023,Not cycling,0.8222,CD8 - Heat shock,,Dura,4096.0,1778,6.93359375
MSC4-Dura_TTTGTTGCAAAGGCTG,MSC4-Dura,4,T_cell,CD8 T cells,1869,-17.4221,28.851,-0.0391,0.0039,Not cycling,0.2857,CD8 - Interferon,,Dura,5799.0,1869,8.8118641145025
MSC5_AACCAACTCTACTATC,MSC5,5,T_cell,CD8 T cells,1074,-15.7091,25.5274,0.0135,-0.0658,Not cycling,,,,Meningioma,2188.0,1074,10.511882998171846
MSC5_AACCTGATCGTCAACA,MSC5,5,T_cell,CD8 T cells,734,,,,,,,,,Meningioma,1502.0,734,15.44607190412783
MSC5_AACCTTTAGAATAGTC,MSC5,5,T_cell,CD8 T cells,702,,,,,,,,,Meningioma,1503.0,702,13.040585495675316
MSC5_AAGAACAGTGTTGCCG,MSC5,5,T_cell,CD8 T cells,1274,-16.4494,26.2013,-0.0677,0.041,Not cycling,,,,Meningioma,2912.0,1274,12.946428571428571
MSC5_ACACTGACAATGTGGG,MSC5,5,T_cell,CD8 T cells,501,,,,,,,,,Meningioma,842.0,501,7.838479809976247
MSC5_ACCGTTCAGCGGCTCT,MSC5,5,T_cell,CD8 T cells,973,,,,,,,,,Meningioma,2070.0,973,11.207729468599034
MSC5_ACGGTTAGTACTGACT,MSC5,5,T_cell,CD8 T cells,1756,-16.1024,25.8634,-0.0043,0.1114,Not cycling,,,,Meningioma,4872.0,1756,8.210180623973727
MSC5_ACTTTGTAGTAGTCAA,MSC5,5,T_cell,CD8 T cells,886,,,,,,,,,Meningioma,2118.0,886,13.36166194523135
MSC5_AGAACAACAATTGCTG,MSC5,5,T_cell,CD8 T cells,979,,,,,,,,,Meningioma,2102.0,979,13.320647002854423
MSC5_AGACCCGAGGATACGC,MSC5,5,T_cell,CD8 T cells,1035,-15.6783,25.5693,-0.0482,-0.0651,Not cycling,,,,Meningioma,2378.0,1035,14.55004205214466
MSC5_AGATAGATCCACTTTA,MSC5,5,T_cell,CD8 T cells,1133,-16.0709,25.8082,-0.0626,-0.06,Not cycling,,,,Meningioma,2566.0,1133,13.834762275915823
MSC5_AGCGCTGAGAAGGGAT,MSC5,5,T_cell,CD8 T cells,3377,5.3295,-24.1167,-0.2675,-0.3224,Not cycling,,,,Meningioma,10488.0,3377,13.739511823035851
MSC5_AGCTCAAAGCGGGTAT,MSC5,5,T_cell,CD8 T cells,940,,,,,,,,,Meningioma,2143.0,940,12.645823611759216
MSC5_AGGATCTCATGTGCCG,MSC5,5,T_cell,CD8 T cells,1122,-16.2169,25.9973,-0.0506,-0.0579,Not cycling,,,,Meningioma,2244.0,1121,7.0855614973262036
MSC5_AGGCTGCGTAGCACAG,MSC5,5,T_cell,CD8 T cells,1051,-15.7193,25.5659,-0.0595,-0.0603,Not cycling,,,,Meningioma,2581.0,1051,13.638124757845796
MSC5_AGTACTGCAATACCCA,MSC5,5,T_cell,CD8 T cells,744,,,,,,,,,Meningioma,1181.0,744,6.435224386113463
MSC5_ATATCCTGTGGTCTTA,MSC5,5,T_cell,CD8 T cells,892,,,,,,,,,Meningioma,1933.0,892,10.760475944128299
MSC5_ATCACAGGTGTCGCTG,MSC5,5,T_cell,CD8 T cells,902,,,,,,,,,Meningioma,2036.0,902,8.693516699410608
MSC5_ATCACGAGTGCATACT,MSC5,5,T_cell,CD8 T cells,823,,,,,,,,,Meningioma,2072.0,823,15.492277992277993
MSC5_ATCACGATCGTCAACA,MSC5,5,T_cell,CD8 T cells,784,,,,,,,,,Meningioma,1516.0,784,10.817941952506596
MSC5_ATCCACCTCCAATGCA,MSC5,5,T_cell,CD8 T cells,509,,,,,,,,,Meningioma,980.0,509,5.714285714285714
MSC5_ATCGGATAGTCATCCA,MSC5,5,T_cell,CD8 T cells,744,,,,,,,,,Meningioma,1546.0,744,15.459249676584735
MSC5_ATCGGCGGTATTCCTT,MSC5,5,T_cell,CD8 T cells,630,,,,,,,,,Meningioma,925.0,630,6.594594594594595
MSC5_ATGTCTTAGTCACTCA,MSC5,5,T_cell,CD8 T cells,1051,-15.6196,25.6497,-0.0946,-0.0572,Not cycling,,,,Meningioma,2083.0,1051,7.921267402784445
MSC5_ATTCACTCAACACTAC,MSC5,5,T_cell,CD8 T cells,824,,,,,,,,,Meningioma,1732.0,824,10.450346420323326
MSC5_ATTCAGGCAAGGTTGG,MSC5,5,T_cell,CD8 T cells,824,,,,,,,,,Meningioma,1772.0,824,9.875846501128668
MSC5_CAACAACGTTGTATGC,MSC5,5,T_cell,CD8 T cells,1552,9.3686,32.782,1.0986,0.1575,G1/S,,,,Meningioma,4053.0,1552,15.272637552430298
MSC5_CAACGATAGTACCGGA,MSC5,5,T_cell,CD8 T cells,1028,-15.6388,25.5551,-0.0375,-0.0678,Not cycling,,,,Meningioma,2248.0,1028,7.6512455516014235
MSC5_CACACAACAAGCGATG,MSC5,5,T_cell,CD8 T cells,1245,-15.9345,25.7323,-0.0374,-0.0599,Not cycling,,,,Meningioma,2729.0,1245,8.537925980212533
MSC5_CACTGAACATCCTATT,MSC5,5,T_cell,CD8 T cells,522,,,,,,,,,Meningioma,886.0,522,8.352144469525959
MSC5_CAGAGCCTCATGAGAA,MSC5,5,T_cell,CD8 T cells,631,,,,,,,,,Meningioma,1219.0,631,10.746513535684988
MSC5_CCTAAGACATCCGCGA,MSC5,5,T_cell,CD8 T cells,733,,,,,,,,,Meningioma,1641.0,733,15.600243753808654
MSC5_CCTCAGTAGACTAAGT,MSC5,5,T_cell,CD8 T cells,925,,,,,,,,,Meningioma,1908.0,925,10.220125786163521
MSC5_CTCATGCAGCTACAAA,MSC5,5,T_cell,CD8 T cells,1777,-16.4283,26.3159,1.059,0.2658,G1/S,,,,Meningioma,3780.0,1777,9.55026455026455
MSC5_CTCCCAATCCTAGCCT,MSC5,5,T_cell,CD8 T cells,974,,,,,,,,,Meningioma,2084.0,974,19.625719769673704
MSC5_GAAGTAATCAGCTGAT,MSC5,5,T_cell,CD8 T cells,787,,,,,,,,,Meningioma,1498.0,787,12.81708945260347
MSC5_GACCAATTCTTGAGCA,MSC5,5,T_cell,CD8 T cells,839,,,,,,,,,Meningioma,1997.0,839,11.4171256885328
MSC5_GAGAAATGTTGCTGAT,MSC5,5,T_cell,CD8 T cells,1129,-15.8226,25.61,-0.0994,0.0003,Not cycling,,,,Meningioma,2919.0,1129,12.812607057211373
MSC5_GAGCCTGCATAGCACT,MSC5,5,T_cell,CD8 T cells,986,,,,,,,,,Meningioma,2511.0,986,15.292712066905615
MSC5_GAGCTGCCAACAGATA,MSC5,5,T_cell,CD8 T cells,978,,,,,,,,,Meningioma,2273.0,977,6.995160580730312
MSC5_GATGCTATCTGTACAG,MSC5,5,T_cell,CD8 T cells,937,,,,,,,,,Meningioma,1925.0,937,13.2987012987013
MSC5_GCACTAATCCTGGTCT,MSC5,5,T_cell,CD8 T cells,907,,,,,,,,,Meningioma,1901.0,907,11.046817464492372
MSC5_GCATCGGAGATGGGCT,MSC5,5,T_cell,CD8 T cells,809,,,,,,,,,Meningioma,1835.0,809,17.6566757493188
MSC5_GCTTTCGCACTGAATC,MSC5,5,T_cell,CD8 T cells,3386,-1.1172,-29.0257,-0.2481,-0.3195,Not cycling,,,,Meningioma,11648.0,3386,9.538118131868131
MSC5_GGCAGTCTCGAGGCAA,MSC5,5,T_cell,CD8 T cells,634,,,,,,,,,Meningioma,1487.0,634,17.14862138533961
MSC5_GGGACTCCAGCGTGAA,MSC5,5,T_cell,CD8 T cells,560,,,,,,,,,Meningioma,1060.0,560,12.264150943396226
MSC5_GGTGTCGGTCGAACGA,MSC5,5,T_cell,CD8 T cells,790,,,,,,,,,Meningioma,1597.0,790,13.08703819661866
MSC5_GGTTGTAGTGAAAGTT,MSC5,5,T_cell,CD8 T cells,890,,,,,,,,,Meningioma,2096.0,890,11.879770992366412
MSC5_GTACAACGTCTACATG,MSC5,5,T_cell,CD8 T cells,904,,,,,,,,,Meningioma,2078.0,904,12.223291626564004
MSC5_GTCCACTAGACGACTG,MSC5,5,T_cell,CD8 T cells,760,,,,,,,,,Meningioma,1702.0,760,6.991774383078731
MSC5_GTCCCATCACAGACGA,MSC5,5,T_cell,CD8 T cells,751,,,,,,,,,Meningioma,1566.0,751,18.51851851851852
MSC5_GTTGAACCATTAGGCT,MSC5,5,T_cell,CD8 T cells,847,,,,,,,,,Meningioma,1785.0,847,10.196078431372548
MSC5_GTTGCGGCATACTGAC,MSC5,5,T_cell,CD8 T cells,875,,,,,,,,,Meningioma,1826.0,875,15.498357064622125
MSC5_TAATTCCGTGGCTACC,MSC5,5,T_cell,CD8 T cells,1074,-15.7243,25.5924,-0.0514,-0.0676,Not cycling,,,,Meningioma,2418.0,1074,13.192721257237386
MSC5_TACCGGGTCCAAGCAT,MSC5,5,T_cell,CD8 T cells,830,,,,,,,,,Meningioma,1802.0,830,15.871254162042176
MSC5_TAGGGTTAGGAGCTGT,MSC5,5,T_cell,CD8 T cells,782,,,,,,,,,Meningioma,1562.0,782,10.819462227912933
MSC5_TATCCTAAGGGCTTCC,MSC5,5,T_cell,CD8 T cells,727,,,,,,,,,Meningioma,1688.0,727,10.189573459715639
MSC5_TCAAGTGAGTCATGAA,MSC5,5,T_cell,CD8 T cells,2694,-16.4332,26.2392,0.3953,1.6127,G2/M,,,,Meningioma,7672.0,2694,11.001042752867571
MSC5_TCACGCTCAACCCTCT,MSC5,5,T_cell,CD8 T cells,864,,,,,,,,,Meningioma,1802.0,864,12.874583795782463
MSC5_TCACGCTCAGAGCCCT,MSC5,5,T_cell,CD8 T cells,911,,,,,,,,,Meningioma,1807.0,911,12.119535141117876
MSC5_TCACTATGTCACAATC,MSC5,5,T_cell,CD8 T cells,1069,-15.7786,25.7678,-0.0467,-0.0573,Not cycling,,,,Meningioma,2193.0,1069,9.575923392612859
MSC5_TCAGCCTAGCATGATA,MSC5,5,T_cell,CD8 T cells,770,,,,,,,,,Meningioma,1437.0,770,9.672929714683368
MSC5_TCATGGATCTATGCCC,MSC5,5,T_cell,CD8 T cells,758,,,,,,,,,Meningioma,1555.0,758,16.463022508038584
MSC5_TCCATGCTCGCCTTTG,MSC5,5,T_cell,CD8 T cells,5260,-2.2307,-30.3128,-0.4043,-0.4039,Not cycling,,,,Meningioma,26157.0,5260,11.052490729059143
MSC5_TCCGAAATCCTAGCTC,MSC5,5,T_cell,CD8 T cells,994,,,,,,,,,Meningioma,2117.0,994,12.895606991025035
MSC5_TCCGATCTCACTCTTA,MSC5,5,T_cell,CD8 T cells,820,,,,,,,,,Meningioma,2015.0,820,19.156327543424318
MSC5_TCCGGGATCTTAGGAC,MSC5,5,T_cell,CD8 T cells,771,,,,,,,,,Meningioma,1683.0,771,19.073083778966133
MSC5_TCCTCGACACTTTAGG,MSC5,5,T_cell,CD8 T cells,1143,-15.7317,25.5837,-0.0963,-0.0495,Not cycling,,,,Meningioma,2669.0,1143,11.952041963282127
MSC5_TCGAAGTTCACAACCA,MSC5,5,T_cell,CD8 T cells,1161,-15.997,25.8349,-0.0442,-0.0514,Not cycling,,,,Meningioma,2936.0,1161,14.168937329700272
MSC5_TCGATTTCATTGAAAG,MSC5,5,T_cell,CD8 T cells,809,,,,,,,,,Meningioma,1624.0,809,14.100985221674877
MSC5_TCGCTTGTCGGCTTGG,MSC5,5,T_cell,CD8 T cells,780,,,,,,,,,Meningioma,1704.0,780,12.910798122065728
MSC5_TCGGGACGTGAAGCTG,MSC5,5,T_cell,CD8 T cells,535,,,,,,,,,Meningioma,1112.0,535,1.8884892086330936
MSC5_TGAGGTTAGGGCAATC,MSC5,5,T_cell,CD8 T cells,871,,,,,,,,,Meningioma,2002.0,871,14.185814185814186
MSC5_TGCATCCCACTGCACG,MSC5,5,T_cell,CD8 T cells,542,,,,,,,,,Meningioma,880.0,542,9.545454545454545
MSC5_TGTACAGAGACTTAAG,MSC5,5,T_cell,CD8 T cells,1199,-16.1449,25.9117,-0.1274,-0.0014,Not cycling,,,,Meningioma,2983.0,1199,13.610459269192088
MSC5_TGTTCATGTGCAGTGA,MSC5,5,T_cell,CD8 T cells,1964,-15.7771,25.5858,-0.0939,-0.0236,Not cycling,,,,Meningioma,4912.0,1964,15.289087947882736
MSC5_TTAATCCCACCAGCCA,MSC5,5,T_cell,CD8 T cells,1178,-16.2965,26.0874,-0.0503,-0.0618,Not cycling,,,,Meningioma,2792.0,1178,16.29656160458453
MSC5_TTACCGCAGTATGAGT,MSC5,5,T_cell,CD8 T cells,803,,,,,,,,,Meningioma,1753.0,803,13.861950941243583
MSC5_TTCCAATGTATTCCTT,MSC5,5,T_cell,CD8 T cells,931,,,,,,,,,Meningioma,2195.0,931,18.314350797266513
MSC5_TTCCACGGTCGTGATT,MSC5,5,T_cell,CD8 T cells,679,,,,,,,,,Meningioma,1274.0,679,12.794348508634222
MSC5_TTGAACGTCGTCAAAC,MSC5,5,T_cell,CD8 T cells,678,,,,,,,,,Meningioma,1343.0,678,8.860759493670885
MSC5_TTGGGATAGTTCCGGC,MSC5,5,T_cell,CD8 T cells,789,,,,,,,,,Meningioma,1691.0,789,11.709047900650503
MSC5_TTTACCAAGATAGGGA,MSC5,5,T_cell,CD8 T cells,822,,,,,,,,,Meningioma,1687.0,822,13.930053349140486
MSC5-BTI_AACCTTTCATAATGAG,MSC5-BTI,5,T_cell,CD8 T cells,899,,,,,,,,,Meningioma brain-tumor interface,2124.0,899,15.583804143126176
MSC5-BTI_AAGCATCCAATAAGGT,MSC5-BTI,5,T_cell,CD8 T cells,1224,-15.7455,25.6616,-0.0455,-0.0666,Not cycling,,,,Meningioma brain-tumor interface,3216.0,1224,14.552238805970148
MSC5-BTI_AAGCATCCAGCTACCG,MSC5-BTI,5,T_cell,CD8 T cells,1325,-15.9495,25.7215,-0.1205,0.0534,Not cycling,,,,Meningioma brain-tumor interface,3315.0,1325,10.105580693815988
MSC5-BTI_AAGCCATAGCAAGTGC,MSC5-BTI,5,T_cell,CD8 T cells,913,,,,,,,,,Meningioma brain-tumor interface,2080.0,913,10.288461538461538
MSC5-BTI_ACACTGACAATGTGGG,MSC5-BTI,5,T_cell,CD8 T cells,502,,,,,,,,,Meningioma brain-tumor interface,862.0,502,8.004640371229698
MSC5-BTI_ACGGAAGTCTAGTGTG,MSC5-BTI,5,T_cell,CD8 T cells,1070,-15.4976,25.1006,-0.1099,-0.063,Not cycling,,,,Meningioma brain-tumor interface,2662.0,1070,14.087152516904583
MSC5-BTI_ACGTAACTCACCTGTC,MSC5-BTI,5,T_cell,CD8 T cells,1211,-16.1274,25.9001,-0.1028,0.0062,Not cycling,,,,Meningioma brain-tumor interface,2617.0,1211,8.482995796713794
MSC5-BTI_ACTTCGCAGAGATTCA,MSC5-BTI,5,T_cell,CD8 T cells,1041,-15.4211,25.748,-0.0418,0.1277,Not cycling,,,,Meningioma brain-tumor interface,2266.0,1041,7.105030891438658
MSC5-BTI_AGGCATTAGACGTCGA,MSC5-BTI,5,T_cell,CD8 T cells,1015,-15.688,25.5635,0.0253,-0.0593,Not cycling,,,,Meningioma brain-tumor interface,2203.0,1015,10.394916023604177
MSC5-BTI_AGGTAGGTCAGCTGAT,MSC5-BTI,5,T_cell,CD8 T cells,1093,-15.7385,25.6333,-0.0908,-0.0566,Not cycling,,,,Meningioma brain-tumor interface,2295.0,1093,8.453159041394336
MSC5-BTI_AGTACTGCAATACCCA,MSC5-BTI,5,T_cell,CD8 T cells,801,,,,,,,,,Meningioma brain-tumor interface,1324.0,801,7.552870090634441
MSC5-BTI_AGTCACAAGGGAGTTC,MSC5-BTI,5,T_cell,CD8 T cells,550,,,,,,,,,Meningioma brain-tumor interface,952.0,550,12.5
MSC5-BTI_ATCCACCTCCAATGCA,MSC5-BTI,5,T_cell,CD8 T cells,546,,,,,,,,,Meningioma brain-tumor interface,1007.0,546,4.865938430983118
MSC5-BTI_ATCCATTTCTGGCTGG,MSC5-BTI,5,T_cell,CD8 T cells,1126,-16.1731,25.9265,-0.0572,-0.06,Not cycling,,,,Meningioma brain-tumor interface,2341.0,1126,6.492951730029902
MSC5-BTI_ATCGGCGGTATTCCTT,MSC5-BTI,5,T_cell,CD8 T cells,645,,,,,,,,,Meningioma brain-tumor interface,977.0,645,7.36949846468782
MSC5-BTI_ATCTTCAAGCCAAGCA,MSC5-BTI,5,T_cell,CD8 T cells,518,,,,,,,,,Meningioma brain-tumor interface,815.0,518,4.539877300613497
MSC5-BTI_ATGAGTCAGCACCTGC,MSC5-BTI,5,T_cell,CD8 T cells,896,,,,,,,,,Meningioma brain-tumor interface,2367.0,896,10.942120828052387
MSC5-BTI_ATGGAGGCAGTCTACA,MSC5-BTI,5,T_cell,CD8 T cells,2801,-4.7471,1.9993,0.008,-0.1688,Not cycling,,,,Meningioma brain-tumor interface,6969.0,2801,6.758501937150236
MSC5-BTI_ATTACTCAGGCAGTCA,MSC5-BTI,5,T_cell,CD8 T cells,1349,-15.9554,25.7174,0.0014,-0.0776,Not cycling,,,,Meningioma brain-tumor interface,3011.0,1349,9.53171703752906
MSC5-BTI_ATTCGTTGTGCTCTTC,MSC5-BTI,5,T_cell,CD8 T cells,898,,,,,,,,,Meningioma brain-tumor interface,2179.0,898,16.108306562643413
MSC5-BTI_CAAAGAACAACCACAT,MSC5-BTI,5,T_cell,CD8 T cells,570,,,,,,,,,Meningioma brain-tumor interface,1105.0,570,7.963800904977376
MSC5-BTI_CAACAACAGTTGAATG,MSC5-BTI,5,T_cell,CD8 T cells,1073,-16.6182,26.4162,-0.0609,-0.0546,Not cycling,,,,Meningioma brain-tumor interface,2250.0,1073,10.755555555555556
MSC5-BTI_CACTGAACATCCTATT,MSC5-BTI,5,T_cell,CD8 T cells,564,,,,,,,,,Meningioma brain-tumor interface,935.0,564,7.379679144385027
MSC5-BTI_CCACCATGTACAAGTA,MSC5-BTI,5,T_cell,CD8 T cells,1093,-15.7397,25.6557,-0.0364,-0.0559,Not cycling,,,,Meningioma brain-tumor interface,2620.0,1093,14.580152671755725
MSC5-BTI_CCTATCGGTCGTTCAA,MSC5-BTI,5,T_cell,CD8 T cells,1177,-16.1357,25.8822,0.0126,-0.0733,Not cycling,,,,Meningioma brain-tumor interface,2616.0,1177,9.288990825688073
MSC5-BTI_CCTGTTGCACTGGATT,MSC5-BTI,5,T_cell,CD8 T cells,1050,-15.5091,25.6049,-0.042,0.0088,Not cycling,,,,Meningioma brain-tumor interface,2272.0,1050,10.431338028169014
MSC5-BTI_CCTTCAGTCGCAGAGA,MSC5-BTI,5,T_cell,CD8 T cells,1017,-16.1138,25.871,-0.1088,-0.0555,Not cycling,,,,Meningioma brain-tumor interface,2331.0,1017,15.358215358215359
MSC5-BTI_CGCCATTTCTACCCAC,MSC5-BTI,5,T_cell,CD8 T cells,1178,-16.2793,26.1488,-0.1041,0.0003,Not cycling,,,,Meningioma brain-tumor interface,2367.0,1178,8.534009294465568
MSC5-BTI_CGTAAGTAGTGCTAGG,MSC5-BTI,5,T_cell,CD8 T cells,887,,,,,,,,,Meningioma brain-tumor interface,2132.0,887,14.165103189493433
MSC5-BTI_CGTGCTTGTTCGTAAC,MSC5-BTI,5,T_cell,CD8 T cells,3566,2.0394,-6.7621,-0.2152,-0.2175,Not cycling,,,,Meningioma brain-tumor interface,12495.0,3566,13.365346138455383
MSC5-BTI_CTCCCAACACTTGTCC,MSC5-BTI,5,T_cell,CD8 T cells,730,,,,,,,,,Meningioma brain-tumor interface,1274.0,730,0.9419152276295133
MSC5-BTI_GACATCATCCCTCATG,MSC5-BTI,5,T_cell,CD8 T cells,909,,,,,,,,,Meningioma brain-tumor interface,2197.0,909,14.883932635411925
MSC5-BTI_GACCCTTTCCACAGCG,MSC5-BTI,5,T_cell,CD8 T cells,1059,-15.672,25.603,-0.0342,-0.0446,Not cycling,,,,Meningioma brain-tumor interface,2250.0,1059,14.71111111111111
MSC5-BTI_GACTGATTCAAAGACA,MSC5-BTI,5,T_cell,CD8 T cells,1703,-16.174,25.8996,-0.1314,-0.0055,Not cycling,,,,Meningioma brain-tumor interface,4742.0,1703,8.878110501897932
MSC5-BTI_GAGTGAGGTCGTCATA,MSC5-BTI,5,T_cell,CD8 T cells,1018,-15.4451,25.6281,-0.0925,-0.0508,Not cycling,,,,Meningioma brain-tumor interface,2489.0,1018,9.76295701084773
MSC5-BTI_GCACTAATCAGCTGTA,MSC5-BTI,5,T_cell,CD8 T cells,916,,,,,,,,,Meningioma brain-tumor interface,2293.0,916,10.815525512429133
MSC5-BTI_GCCAGGTTCTCGACCT,MSC5-BTI,5,T_cell,CD8 T cells,880,,,,,,,,,Meningioma brain-tumor interface,1828.0,880,13.676148796498905
MSC5-BTI_GCCCGAAAGCGTGCCT,MSC5-BTI,5,T_cell,CD8 T cells,577,,,,,,,,,Meningioma brain-tumor interface,1074.0,577,12.383612662942271
MSC5-BTI_GCGTGCAGTTCAGGTT,MSC5-BTI,5,T_cell,CD8 T cells,887,,,,,,,,,Meningioma brain-tumor interface,1753.0,887,6.845407872219053
MSC5-BTI_GGGACTCCAGCGTGAA,MSC5-BTI,5,T_cell,CD8 T cells,752,,,,,,,,,Meningioma brain-tumor interface,1481.0,752,10.600945307224848
MSC5-BTI_GGGTTTATCTAAGAAG,MSC5-BTI,5,T_cell,CD8 T cells,1788,-15.8777,25.7073,-0.1188,-0.0134,Not cycling,,,,Meningioma brain-tumor interface,4353.0,1788,9.097174362508614
MSC5-BTI_GTAGATCGTCTGTTAG,MSC5-BTI,5,T_cell,CD8 T cells,1508,-16.1415,25.8829,-0.0589,-0.0702,Not cycling,,,,Meningioma brain-tumor interface,3581.0,1508,10.807037140463558
MSC5-BTI_GTCATGAAGGACGCAT,MSC5-BTI,5,T_cell,CD8 T cells,1509,-16.1943,25.9626,-0.0454,-0.0574,Not cycling,,,,Meningioma brain-tumor interface,4009.0,1509,11.100024943876278
MSC5-BTI_GTCGCGAAGGAACGCT,MSC5-BTI,5,T_cell,CD8 T cells,548,,,,,,,,,Meningioma brain-tumor interface,1036.0,548,15.057915057915057
MSC5-BTI_GTGTGATGTACTTGTG,MSC5-BTI,5,T_cell,CD8 T cells,990,,,,,,,,,Meningioma brain-tumor interface,2148.0,990,16.852886405959033
MSC5-BTI_GTTGAACGTACCACGC,MSC5-BTI,5,T_cell,CD8 T cells,1486,-15.9056,25.8035,0.0065,-0.0665,Not cycling,,,,Meningioma brain-tumor interface,3433.0,1486,5.913195455869502
MSC5-BTI_TACGCTCGTCCGGCAT,MSC5-BTI,5,T_cell,CD8 T cells,708,,,,,,,,,Meningioma brain-tumor interface,1234.0,708,6.9692058346839545
MSC5-BTI_TCACGGGGTCAACCTA,MSC5-BTI,5,T_cell,CD8 T cells,513,,,,,,,,,Meningioma brain-tumor interface,816.0,513,6.862745098039215
MSC5-BTI_TCACGGGGTTGGGACA,MSC5-BTI,5,T_cell,CD8 T cells,696,,,,,,,,,Meningioma brain-tumor interface,1656.0,696,9.29951690821256
MSC5-BTI_TCATATCTCGAGCCTG,MSC5-BTI,5,T_cell,CD8 T cells,1191,-15.6689,25.5443,-0.1021,0.0692,Not cycling,,,,Meningioma brain-tumor interface,2522.0,1191,9.397303727200635
MSC5-BTI_TCCACGTCAATAGTCC,MSC5-BTI,5,T_cell,CD8 T cells,4204,2.79,-11.7435,-0.1427,-0.3342,Not cycling,,,,Meningioma brain-tumor interface,13469.0,4204,10.275447323483554
MSC5-BTI_TCCCAGTGTCTAGGTT,MSC5-BTI,5,T_cell,CD8 T cells,1053,-15.7194,25.56,-0.0437,-0.0521,Not cycling,,,,Meningioma brain-tumor interface,2366.0,1053,11.792054099746407
MSC5-BTI_TCGGTCTAGATGTTGA,MSC5-BTI,5,T_cell,CD8 T cells,687,,,,,,,,,Meningioma brain-tumor interface,1449.0,687,14.97584541062802
MSC5-BTI_TGCATCCCACTGCACG,MSC5-BTI,5,T_cell,CD8 T cells,615,,,,,,,,,Meningioma brain-tumor interface,1058.0,615,9.262759924385634
MSC5-BTI_TGCGATAAGCTATCTG,MSC5-BTI,5,T_cell,CD8 T cells,894,,,,,,,,,Meningioma brain-tumor interface,1992.0,894,11.997991967871487
MSC5-BTI_TGGAGAGCATCTTAGG,MSC5-BTI,5,T_cell,CD8 T cells,736,,,,,,,,,Meningioma brain-tumor interface,1589.0,736,18.56513530522341
MSC5-BTI_TGGGATTAGAAACTGT,MSC5-BTI,5,T_cell,CD8 T cells,937,,,,,,,,,Meningioma brain-tumor interface,2382.0,937,15.155331654072208
MSC5-BTI_TGGTAGTTCACTTCTA,MSC5-BTI,5,T_cell,CD8 T cells,2210,9.4407,32.8036,2.0463,0.6736,G1/S,,,,Meningioma brain-tumor interface,5116.0,2210,12.294761532447225
MSC5-BTI_TGTGAGTAGACAAGCC,MSC5-BTI,5,T_cell,CD8 T cells,999,,,,,,,,,Meningioma brain-tumor interface,2634.0,999,17.53986332574032
MSC5-BTI_TGTTCCGAGCCGCTTG,MSC5-BTI,5,T_cell,CD8 T cells,852,,,,,,,,,Meningioma brain-tumor interface,2192.0,852,10.812043795620438
MSC5-BTI_TTCACGCGTAGTACGG,MSC5-BTI,5,T_cell,CD8 T cells,722,,,,,,,,,Meningioma brain-tumor interface,1739.0,722,12.305922944220816
MSC5-BTI_TTCCTTCGTGTCCATA,MSC5-BTI,5,T_cell,CD8 T cells,930,,,,,,,,,Meningioma brain-tumor interface,2069.0,930,17.59304011599807
MSC5-BTI_TTGGATGCACACCGCA,MSC5-BTI,5,T_cell,CD8 T cells,1042,-15.6586,25.5447,-0.0379,-0.0509,Not cycling,,,,Meningioma brain-tumor interface,2490.0,1042,14.216867469879517
MSC5-BTI_TTTCAGTCACTTCTCG,MSC5-BTI,5,T_cell,CD8 T cells,514,,,,,,,,,Meningioma brain-tumor interface,894.0,514,9.955257270693512
MSC5-Dura_AAAGGATTCTGGGCAC,MSC5-Dura,5,T_cell,CD8 T cells,2041,-17.3011,28.3182,-0.0009,-0.0698,Not cycling,1.5901,CD8 - Memory/Naive1,CD8 - Memory/Naive1,Dura,5850.0,2041,6.239316239316239
MSC5-Dura_AACAAAGTCAAAGGAT,MSC5-Dura,5,T_cell,CD8 T cells,2115,-17.852,27.9647,0.0105,0.1261,Not cycling,0.6865,CD8 - Unassigned2,,Dura,7005.0,2115,5.42469664525339
MSC5-Dura_AAGCGTTCAGGTATGG,MSC5-Dura,5,T_cell,CD8 T cells,1450,-17.4051,28.51,0.0216,0.0013,Not cycling,1.613,CD8 - Heat shock,CD8 - Heat shock,Dura,3949.0,1450,7.85008863003292
MSC5-Dura_AAGGAATTCTGCCTCA,MSC5-Dura,5,T_cell,CD8 T cells,2147,-18.3633,28.468,-0.0213,-0.0252,Not cycling,1.1106,CD8 - Cytotoxic,,Dura,5066.0,2147,6.948282668772207
MSC5-Dura_AATAGAGCATCCTATT,MSC5-Dura,5,T_cell,CD8 T cells,1301,-17.3291,28.0428,0.1143,-0.0043,Not cycling,1.2539,CD4 - Stress/HSP,,Dura,3123.0,1301,8.741594620557157
MSC5-Dura_AATGGCTGTACCGTCG,MSC5-Dura,5,T_cell,CD8 T cells,1850,-17.8684,28.2122,-0.1113,0.0104,Not cycling,0.5672,CD4 - Naive1,,Dura,6396.0,1849,6.519699812382739
MSC5-Dura_ACACTGACAATGTGGG,MSC5-Dura,5,T_cell,CD8 T cells,2221,-18.075,28.1042,-0.073,-0.0085,Not cycling,0.3539,CD4 - Interferon,,Dura,6799.0,2221,7.015737608471834
MSC5-Dura_ACCACAATCCAACCAA,MSC5-Dura,5,T_cell,CD8 T cells,2072,-18.3639,28.2315,0.1193,-0.0021,Not cycling,0.494,CD4 - Interferon,,Dura,5603.0,2071,5.086560771015527
MSC5-Dura_ACGGTCGTCTAACGGT,MSC5-Dura,5,T_cell,CD8 T cells,1707,-18.0433,28.0428,0.0743,0.0126,Not cycling,0.576,CD4 - Cytotoxic,,Dura,4806.0,1707,5.826050769870995
MSC5-Dura_ACGTAACAGCACACAG,MSC5-Dura,5,T_cell,CD8 T cells,2148,-17.0743,28.2466,0.2001,0.0697,Not cycling,0.9681,CD8 - Memory/Naive1,,Dura,7939.0,2148,11.059327371205441
MSC5-Dura_ACGTTCCTCGTACCTC,MSC5-Dura,5,T_cell,CD8 T cells,1947,-17.5916,28.2288,0.0145,0.067,Not cycling,0.4754,CD8 - Unassigned2,,Dura,5922.0,1947,4.356636271529888
MSC5-Dura_ACTACGATCCCGAAAT,MSC5-Dura,5,T_cell,CD8 T cells,1904,-17.993,27.9949,0.0643,-0.0572,Not cycling,0.5974,CD8 - Cytotoxic,,Dura,5790.0,1904,10.0
MSC5-Dura_ACTCTCGTCTGCAGCG,MSC5-Dura,5,T_cell,CD8 T cells,1849,-17.9307,27.9632,0.0088,0.0679,Not cycling,1.0294,CD4 - Cytotoxic,CD4 - Cytotoxic,Dura,5406.0,1849,6.511283758786534
MSC5-Dura_ACTGCAAGTTAGAAAC,MSC5-Dura,5,T_cell,CD8 T cells,1784,-18.0899,28.04,-0.0518,0.0068,Not cycling,0.3736,CD4 - Naive1,,Dura,5209.0,1784,6.4503743520829335
MSC5-Dura_AGAACAACAAGCGCTC,MSC5-Dura,5,T_cell,CD8 T cells,1048,-16.8046,26.8408,0.022,-0.0532,Not cycling,0.9737,CD4 - Cytotoxic,,Dura,2502.0,1048,6.71462829736211
MSC5-Dura_AGCATCAGTTACGGAG,MSC5-Dura,5,T_cell,CD8 T cells,1238,-17.5398,28.3273,-0.0418,-0.0499,Not cycling,1.3511,CD8 - Memory/Naive1,CD8 - Memory/Naive1,Dura,3168.0,1238,14.772727272727273
MSC5-Dura_AGGCATTCAATTGCCA,MSC5-Dura,5,T_cell,CD8 T cells,1561,-17.5345,28.1638,-0.1192,-0.0064,Not cycling,1.0151,CD4 - Cytotoxic,CD4 - Cytotoxic,Dura,3650.0,1561,10.493150684931507
MSC5-Dura_AGGCTGCGTTGCCTAA,MSC5-Dura,5,T_cell,CD8 T cells,2023,-18.6414,28.5302,-0.0741,-0.0146,Not cycling,0.5686,CD4 - Cytotoxic,,Dura,5005.0,2023,5.754245754245754
MSC5-Dura_AGGGTGACAAGGTTGG,MSC5-Dura,5,T_cell,CD8 T cells,1880,-17.9329,27.986,0.0089,0.0064,Not cycling,0.375,CD4 - Glycolysis/MYC,,Dura,5593.0,1880,4.881101376720901
MSC5-Dura_AGGTAGGTCGGTGCAC,MSC5-Dura,5,T_cell,CD8 T cells,1800,-17.3161,28.5168,-0.0439,0.0112,Not cycling,0.3826,CD4 - Cytotoxic,,Dura,6111.0,1800,6.480117820324006
MSC5-Dura_AGGTTGTGTCCGAAAG,MSC5-Dura,5,T_cell,CD8 T cells,1885,-17.7773,27.9737,0.0067,-0.0581,Not cycling,0.543,CD8 - Unassigned2,,Dura,5413.0,1885,5.653057454276741
MSC5-Dura_AGTACTGCAATACCCA,MSC5-Dura,5,T_cell,CD8 T cells,3926,-17.7133,28.0832,0.1051,-0.1907,Not cycling,1.2876,CD8 - Heat shock,CD8 - Heat shock,Dura,12728.0,3925,5.829666876178504
MSC5-Dura_AGTAGCTTCACCATGA,MSC5-Dura,5,T_cell,CD8 T cells,2125,-17.9347,27.9705,0.0632,0.0007,Not cycling,0.874,CD8 - Unassigned2,,Dura,6746.0,2125,5.82567447376223
MSC5-Dura_AGTAGTCAGCTACTAC,MSC5-Dura,5,T_cell,CD8 T cells,1846,-17.9035,27.991,0.1256,-0.0681,Not cycling,1.0084,CD4 - Cytotoxic,CD4 - Cytotoxic,Dura,6148.0,1846,4.879635653871178
MSC5-Dura_AGTGATCAGCTCCATA,MSC5-Dura,5,T_cell,CD8 T cells,1804,-18.5854,28.3335,-0.0009,-0.0623,Not cycling,0.6215,CD4 - Cytotoxic,,Dura,5096.0,1804,6.142072213500785
MSC5-Dura_AGTTAGCCACTACGGC,MSC5-Dura,5,T_cell,CD8 T cells,1845,-18.0154,28.1438,0.0244,0.0072,Not cycling,0.0448,CD8 - Cell Cycle,,Dura,6528.0,1845,7.797181372549019
MSC5-Dura_ATCACAGCATGAATCC,MSC5-Dura,5,T_cell,CD8 T cells,1903,-17.7791,28.1065,0.1329,-0.0036,Not cycling,0.399,CD4 - Cytotoxic,,Dura,5856.0,1903,6.3183060109289615
MSC5-Dura_ATCATTCCAGTCAGTT,MSC5-Dura,5,T_cell,CD8 T cells,2109,-18.0796,27.933,-0.0562,0.0762,Not cycling,0.8815,CD8 - Unassigned2,,Dura,6693.0,2109,4.915583445390706
MSC5-Dura_ATCCACCCAGGACTTT,MSC5-Dura,5,T_cell,CD8 T cells,2085,-17.9616,28.0574,0.1083,0.1273,Not cycling,0.47,CD8 - Unassigned2,,Dura,7775.0,2085,10.315112540192926
MSC5-Dura_ATCCACCTCCAATGCA,MSC5-Dura,5,T_cell,CD8 T cells,2402,-18.0311,27.9334,0.1836,0.1825,Not cycling,0.6783,CD8 - Unassigned2,,Dura,8105.0,2402,4.824182603331277
MSC5-Dura_ATCCATTGTTGCTGAT,MSC5-Dura,5,T_cell,CD8 T cells,2190,-18.0255,27.9515,-0.038,-0.0502,Not cycling,0.7686,CD4 - Unassigned,,Dura,6033.0,2190,6.464445549477872
MSC5-Dura_ATCGATGTCTCTCCGA,MSC5-Dura,5,T_cell,CD8 T cells,2327,-17.8763,28.2268,0.1257,-0.0621,Not cycling,0.3634,CD8 - Cytotoxic,,Dura,7481.0,2327,6.710332843202781
MSC5-Dura_ATCGGATCAAGTGGCA,MSC5-Dura,5,T_cell,CD8 T cells,2023,-18.6887,28.7458,0.0605,-0.0013,Not cycling,0.6276,CD8 - Cytotoxic,,Dura,5814.0,2023,5.6759545923632615
MSC5-Dura_ATCGGCGGTATTCCTT,MSC5-Dura,5,T_cell,CD8 T cells,3037,-18.5266,28.4282,0.2836,0.0561,Not cycling,0.4901,CD4 - Unassigned,,Dura,8338.0,3037,6.044615015591269
MSC5-Dura_ATCTCTACACGATTCA,MSC5-Dura,5,T_cell,CD8 T cells,2232,-18.3531,28.2841,-0.0805,0.0043,Not cycling,0.5087,CD8 - Chromatin,,Dura,5472.0,2232,4.203216374269005
MSC5-Dura_ATCTTCAAGCCAAGCA,MSC5-Dura,5,T_cell,CD8 T cells,2366,-17.6525,28.0828,-0.0835,-0.0078,Not cycling,0.4735,CD8 - Heat shock,,Dura,6965.0,2366,4.063173007896626
MSC5-Dura_ATCTTCATCGGTTCAA,MSC5-Dura,5,T_cell,CD8 T cells,2068,-17.9951,28.1094,0.0046,-0.0614,Not cycling,0.6705,CD4 - Interferon,,Dura,7030.0,2068,6.842105263157895
MSC5-Dura_ATGAGGGAGTTGCGAG,MSC5-Dura,5,T_cell,CD8 T cells,1763,-17.8022,27.9149,-0.1146,0.0028,Not cycling,1.0854,CD4 - Cytotoxic,CD4 - Cytotoxic,Dura,4940.0,1763,5.910931174089069
MSC5-Dura_ATGGATCCAAGTATCC,MSC5-Dura,5,T_cell,CD8 T cells,1947,-18.0426,28.0869,-0.0512,-0.0121,Not cycling,0.0456,CD4 - Cytotoxic,,Dura,6032.0,1947,7.012599469496021
MSC5-Dura_ATGGATCGTGAGATTA,MSC5-Dura,5,T_cell,CD8 T cells,1883,-16.9918,28.0841,-0.0607,-0.0043,Not cycling,0.9464,CD4 - Stress/HSP,,Dura,4516.0,1881,7.772364924712135
MSC5-Dura_ATGGGAGAGATACGAT,MSC5-Dura,5,T_cell,CD8 T cells,2016,-17.1455,28.3608,0.0683,-0.0619,Not cycling,0.935,CD8 - Memory/Naive1,,Dura,6189.0,2015,8.30505735983196
MSC5-Dura_ATGGGTTTCGCTAGCG,MSC5-Dura,5,T_cell,CD8 T cells,2386,-18.6362,28.545,-0.0107,0.041,Not cycling,0.5703,CD8 - Unassigned2,,Dura,7026.0,2386,7.429547395388557
MSC5-Dura_ATTCATCCAGACAATA,MSC5-Dura,5,T_cell,CD8 T cells,2086,-17.7176,28.0791,0.1233,0.0041,Not cycling,0.1327,CD4 - Interferon,,Dura,7000.0,2085,4.242857142857143
MSC5-Dura_ATTCATCGTGCCGTTG,MSC5-Dura,5,T_cell,CD8 T cells,1676,-17.6779,27.9191,0.0209,0.0044,Not cycling,0.8249,CD4 - Cytotoxic,,Dura,4001.0,1676,9.672581854536366
MSC5-Dura_ATTGTTCGTTCTTCAT,MSC5-Dura,5,T_cell,CD8 T cells,2076,-17.9215,28.0828,-0.0536,-0.0571,Not cycling,0.5725,CD4 - Cytotoxic,,Dura,6222.0,2076,5.335904853744776
MSC5-Dura_ATTTCTGGTAGATCCT,MSC5-Dura,5,T_cell,CD8 T cells,1934,-17.6832,28.1347,0.0089,-0.0584,Not cycling,0.627,CD4 - Naive1,,Dura,5196.0,1934,6.254811393379523
MSC5-Dura_CAAAGAACAACCACAT,MSC5-Dura,5,T_cell,CD8 T cells,2402,-17.4992,28.2125,-0.0689,0.1247,Not cycling,1.3941,CD8 - Memory/Naive1,CD8 - Memory/Naive1,Dura,8996.0,2402,6.013783903957314
MSC5-Dura_CAACCAAGTCAAACGG,MSC5-Dura,5,T_cell,CD8 T cells,1795,-17.7553,28.1627,0.2049,-0.0565,Not cycling,0.5366,CD4 - Naive1,,Dura,5558.0,1795,8.04246131702051
MSC5-Dura_CAACGATAGCAGCAGT,MSC5-Dura,5,T_cell,CD8 T cells,1937,-17.3537,28.2806,-0.0547,-0.0659,Not cycling,0.9311,CD4 - Treg,,Dura,6354.0,1937,5.366698142902109
MSC5-Dura_CAATCGACAGCGAACA,MSC5-Dura,5,T_cell,CD8 T cells,1181,-17.154,28.0077,-0.0493,-0.0604,Not cycling,1.9871,CD8 - Memory/Naive1,CD8 - Memory/Naive1,Dura,2678.0,1181,8.737864077669903
MSC5-Dura_CAATTTCGTCAGATTC,MSC5-Dura,5,T_cell,CD8 T cells,1915,-17.4214,28.1357,-0.0659,-0.0713,Not cycling,1.5306,CD8 - Memory/Naive1,CD8 - Memory/Naive1,Dura,5731.0,1915,8.724480893386843
MSC5-Dura_CACAGATTCTGAACGT,MSC5-Dura,5,T_cell,CD8 T cells,2157,-18.5315,28.4936,-0.0701,-0.061,Not cycling,0.6645,CD4 - Interferon,,Dura,6123.0,2157,6.05912134574555
MSC5-Dura_CACTGAACATCCTATT,MSC5-Dura,5,T_cell,CD8 T cells,2547,-17.7746,28.0443,-0.0666,-0.0129,Not cycling,0.858,CD4 - Cytotoxic,,Dura,7842.0,2547,6.06988013261923
MSC5-Dura_CACTGTCTCGTCTACC,MSC5-Dura,5,T_cell,CD8 T cells,2200,-18.0362,27.9422,0.0665,0.1227,Not cycling,0.8152,CD4 - Cytotoxic,,Dura,7189.0,2200,5.397134511058562
MSC5-Dura_CAGCAGCTCAACTCTT,MSC5-Dura,5,T_cell,CD8 T cells,2196,-17.9703,27.9755,0.1944,-0.0625,Not cycling,0.6509,CD4 - Cytotoxic,,Dura,6740.0,2195,4.643916913946588
MSC5-Dura_CAGGCCACACAGAAGC,MSC5-Dura,5,T_cell,CD8 T cells,1795,-17.4091,28.4349,0.0773,-0.0505,Not cycling,1.1325,CD8 - Memory/Naive1,CD8 - Memory/Naive1,Dura,5237.0,1795,2.749665839220928
MSC5-Dura_CAGGTATCAGGGAGAG,MSC5-Dura,5,T_cell,CD8 T cells,1633,-17.5464,27.9351,0.0187,-0.0519,Not cycling,0.5345,CD4 - Unassigned,,Dura,4295.0,1632,5.79743888242142
MSC5-Dura_CATACAGGTCATAGTC,MSC5-Dura,5,T_cell,CD8 T cells,2261,-18.0567,28.1133,0.3105,-0.0005,Not cycling,0.4765,CD8 - Memory/Naive1,,Dura,7035.0,2261,9.267945984363894
MSC5-Dura_CATCCACAGCCATTTG,MSC5-Dura,5,T_cell,CD8 T cells,2139,-18.7806,28.5846,-0.0078,0.0086,Not cycling,0.4674,CD8 - Cytotoxic,,Dura,6256.0,2139,4.0121483375959075
MSC5-Dura_CATCGCTCAAAGGCAC,MSC5-Dura,5,T_cell,CD8 T cells,2023,-17.7291,28.044,-0.0543,-0.0001,Not cycling,0.3787,CD4 - Cytotoxic,,Dura,6051.0,2023,7.254999173690299
MSC5-Dura_CATGGTAAGCTACTAC,MSC5-Dura,5,T_cell,CD8 T cells,2264,-17.9933,28.0291,0.183,0.0027,Not cycling,0.2391,CD4 - Naive1,,Dura,7514.0,2263,5.083843492147991
MSC5-Dura_CATTCCGAGAGCTGCA,MSC5-Dura,5,T_cell,CD8 T cells,1489,-17.1322,28.4896,0.0207,-0.0497,Not cycling,0.8434,CD8 - Memory/Naive1,,Dura,4183.0,1489,6.311259861343533
MSC5-Dura_CATTCTACATCCGTGG,MSC5-Dura,5,T_cell,CD8 T cells,3254,-16.775,28.778,-0.1672,-0.0974,Not cycling,0.8197,CD8 - Naive3,,Dura,13029.0,3253,4.674188349067465
MSC5-Dura_CATTCTACATGCTGCG,MSC5-Dura,5,T_cell,CD8 T cells,1859,-18.0464,28.1564,0.0475,0.0563,Not cycling,0.354,CD8 - Chromatin,,Dura,5075.0,1859,7.783251231527093
MSC5-Dura_CCACGAGAGTCACTGT,MSC5-Dura,5,T_cell,CD8 T cells,1974,-17.782,28.192,0.0715,0.0082,Not cycling,0.384,CD8 - Memory/Naive1,,Dura,7161.0,1974,5.3903086161150675
MSC5-Dura_CCCGAAGCATTAGGAA,MSC5-Dura,5,T_cell,CD8 T cells,1732,-17.4532,28.4294,-0.0526,-0.0514,Not cycling,1.3877,CD8 - Memory/Naive1,CD8 - Memory/Naive1,Dura,5938.0,1732,4.546985517009094
MSC5-Dura_CCGATCTTCGTAACAC,MSC5-Dura,5,T_cell,CD8 T cells,2115,-18.3574,28.3047,0.102,-0.0651,Not cycling,0.6075,CD8 - Memory/Naive1,,Dura,6198.0,2115,7.002258793159084
MSC5-Dura_CCGATGGAGGGCTGAT,MSC5-Dura,5,T_cell,CD8 T cells,1679,-17.5683,27.829,0.004,0.0001,Not cycling,0.3021,CD4 - Cytotoxic,,Dura,5346.0,1679,6.734006734006734
MSC5-Dura_CCTACGTTCTCCCATG,MSC5-Dura,5,T_cell,CD8 T cells,2141,-17.732,28.0156,-0.0631,0.1193,Not cycling,0.3578,CD4 - Naive1,,Dura,7259.0,2141,7.618129218900675
MSC5-Dura_CGATGGCAGCTGTCCG,MSC5-Dura,5,T_cell,CD8 T cells,2281,-17.1586,28.3011,0.0091,0.0059,Not cycling,0.9306,CD8 - Memory/Naive1,,Dura,8117.0,2281,6.172231119871874
MSC5-Dura_CGGAGAATCTACCCAC,MSC5-Dura,5,T_cell,CD8 T cells,1891,-18.011,28.1223,-0.1273,-0.0582,Not cycling,0.2823,CD4 - Treg,,Dura,6256.0,1891,8.312020460358056
MSC5-Dura_CGGGACTCAGGTCCCA,MSC5-Dura,5,T_cell,CD8 T cells,2000,-18.7548,28.7862,-0.0585,-0.004,Not cycling,0.7582,CD4 - Unassigned,,Dura,5187.0,2000,4.491999228841334
MSC5-Dura_CGTTCTGCAAGGATGC,MSC5-Dura,5,T_cell,CD8 T cells,2161,-18.5036,28.5055,-0.0036,-0.0632,Not cycling,0.6143,CD8 - Cytotoxic,,Dura,5775.0,2161,5.541125541125541
MSC5-Dura_CTACAGAAGCCGTAAG,MSC5-Dura,5,T_cell,CD8 T cells,1753,-17.5366,28.4765,-0.0416,-0.0565,Not cycling,0.9248,CD4 - Cytotoxic,,Dura,4659.0,1753,4.7220433569435505
MSC5-Dura_CTCACTGGTAGCTTAC,MSC5-Dura,5,T_cell,CD8 T cells,1930,-18.8821,28.894,-0.0679,-0.0713,Not cycling,0.2004,CD4 - Interferon,,Dura,5135.0,1930,6.270691333982473
MSC5-Dura_CTCAGTCAGATTGGGC,MSC5-Dura,5,T_cell,CD8 T cells,2235,-17.5741,28.089,0.1852,-0.068,Not cycling,0.943,CD4 - Naive1,,Dura,8217.0,2235,8.007788730680296
MSC5-Dura_CTCATGCGTTATGTCG,MSC5-Dura,5,T_cell,CD8 T cells,2143,-17.859,28.0246,0.1189,0.1209,Not cycling,1.1436,CD8 - Unassigned2,CD8 - Unassigned2,Dura,6288.0,2143,3.4033078880407124
MSC5-Dura_CTCCGATAGCGCCATC,MSC5-Dura,5,T_cell,CD8 T cells,1837,-17.4191,28.4477,-0.0359,-0.0485,Not cycling,0.8358,CD8 - Memory/Naive1,,Dura,5667.0,1837,6.423151579318864
MSC5-Dura_CTCCTTTAGGCCACTC,MSC5-Dura,5,T_cell,CD8 T cells,2015,-17.8463,28.0891,0.1265,0.0612,Not cycling,0.399,CD8 - Memory/Naive1,,Dura,6902.0,2015,5.92581860330339
MSC5-Dura_CTGCATCCACGTAACT,MSC5-Dura,5,T_cell,CD8 T cells,2145,-18.6235,28.6313,-0.0214,-0.0788,Not cycling,0.1719,CD4 - Glycolysis/MYC,,Dura,6271.0,2145,5.597193430074948
MSC5-Dura_CTGTAGAGTCTGCCTT,MSC5-Dura,5,T_cell,CD8 T cells,1038,-17.1242,27.6021,0.0322,0.0786,Not cycling,1.1353,CD4 - Cytotoxic,CD4 - Cytotoxic,Dura,2206.0,1038,6.255666364460562
MSC5-Dura_CTGTCGTTCTAGCCTC,MSC5-Dura,5,T_cell,CD8 T cells,2027,-17.7858,28.0916,-0.0031,-0.0526,Not cycling,0.6273,CD4 - Cytotoxic,,Dura,6025.0,2027,6.323651452282157
MSC5-Dura_CTTGAGAAGCTTGTTG,MSC5-Dura,5,T_cell,CD8 T cells,1760,-17.7418,28.1671,0.0755,0.0107,Not cycling,0.4372,CD8 - Interferon,,Dura,5156.0,1760,6.710628394103956
MSC5-Dura_GAACACTCAGATGCGA,MSC5-Dura,5,T_cell,CD8 T cells,1767,-17.9729,27.9477,-0.0505,-0.054,Not cycling,1.0946,CD8 - Unassigned2,CD8 - Unassigned2,Dura,5464.0,1767,5.874816983894583
MSC5-Dura_GAACACTTCCCATACC,MSC5-Dura,5,T_cell,CD8 T cells,1795,-17.9277,28.0238,-0.0517,-0.0041,Not cycling,0.2761,CD8 - Chromatin,,Dura,5217.0,1795,6.0187847421889975
MSC5-Dura_GACCTTCGTTCGGGTC,MSC5-Dura,5,T_cell,CD8 T cells,1928,-18.4676,28.3833,-0.0123,-0.0618,Not cycling,0.9482,CD4 - Cytotoxic,,Dura,5961.0,1928,6.45864787787284
MSC5-Dura_GAGACTTGTATGACAA,MSC5-Dura,5,T_cell,CD8 T cells,2074,-17.7707,28.1027,0.126,-0.0087,Not cycling,1.6398,CD4 - Cytotoxic,CD4 - Cytotoxic,Dura,7063.0,2074,6.994195101231771
MSC5-Dura_GAGCCTGGTTAGCGGA,MSC5-Dura,5,T_cell,CD8 T cells,1977,-18.07,28.0575,0.0126,-0.0591,Not cycling,0.7738,CD4 - Cytotoxic,,Dura,6381.0,1977,7.679047171289766
MSC5-Dura_GAGCTGCCATCATGAC,MSC5-Dura,5,T_cell,CD8 T cells,1877,-17.7838,28.1044,0.0056,0.0065,Not cycling,0.4685,CD4 - Naive1,,Dura,6028.0,1876,5.590577305905773
MSC5-Dura_GATCAGTGTGACAGCA,MSC5-Dura,5,T_cell,CD8 T cells,2111,-17.5407,27.9309,-0.0467,0.0032,Not cycling,0.7245,CD4 - Cytotoxic,,Dura,6613.0,2111,4.642371087252382
MSC5-Dura_GATGATCGTCTTCAAG,MSC5-Dura,5,T_cell,CD8 T cells,1857,-17.512,28.1225,0.1349,0.1237,Not cycling,0.4412,CD4 - Dysfunction,,Dura,6252.0,1856,8.237364043506078
MSC5-Dura_GATTTCTGTCCTCAGG,MSC5-Dura,5,T_cell,CD8 T cells,1963,-17.7384,28.3058,-0.0163,-0.0163,Not cycling,0.4176,CD4 - Cytotoxic,,Dura,5832.0,1963,7.3559670781893
MSC5-Dura_GCACGGTGTGCTGATT,MSC5-Dura,5,T_cell,CD8 T cells,1800,-17.3277,28.5513,0.0735,0.0664,Not cycling,0.8248,CD4 - Naive1,,Dura,5025.0,1800,4.437810945273632
MSC5-Dura_GCTACCTTCTTGTGCC,MSC5-Dura,5,T_cell,CD8 T cells,1521,-17.613,28.255,0.0687,-0.0059,Not cycling,0.9284,CD8 - Chromatin,,Dura,3877.0,1521,9.543461439257158
MSC5-Dura_GCTGGGTAGCCTCTTC,MSC5-Dura,5,T_cell,CD8 T cells,2178,-17.69,28.0184,0.0739,0.065,Not cycling,1.3766,CD8 - Heat shock,CD8 - Heat shock,Dura,6056.0,2178,5.762879788639366
MSC5-Dura_GGAGATGTCAAAGCCT,MSC5-Dura,5,T_cell,CD8 T cells,1901,-17.9935,27.9786,0.0795,-0.0556,Not cycling,0.7419,CD4 - Cytotoxic,,Dura,5667.0,1901,8.875948473619198
MSC5-Dura_GGCGTCAGTTGAGAGC,MSC5-Dura,5,T_cell,CD8 T cells,1683,-17.7761,28.1036,0.0817,-0.0552,Not cycling,0.0478,CD8 - Memory/Naive1,,Dura,5013.0,1682,5.326152004787552
MSC5-Dura_GGCTGTGAGGCATCAG,MSC5-Dura,5,T_cell,CD8 T cells,1918,-18.0773,28.0832,0.0038,0.063,Not cycling,0.5034,CD4 - Interferon,,Dura,5809.0,1918,5.904630745395076
MSC5-Dura_GGCTGTGGTGTATACC,MSC5-Dura,5,T_cell,CD8 T cells,2368,-18.3577,28.3548,0.0994,-0.0163,Not cycling,0.7832,CD4 - Cytotoxic,,Dura,6316.0,2368,4.971500949968334
MSC5-Dura_GGGCGTTGTGGGCTCT,MSC5-Dura,5,T_cell,CD8 T cells,1653,-17.4449,28.6673,-0.0447,0.0699,Not cycling,0.6858,CD8 - Memory/Naive1,,Dura,4982.0,1653,7.948615014050582
MSC5-Dura_GGGTCTGCATATCGGT,MSC5-Dura,5,T_cell,CD8 T cells,2018,-17.9129,27.9788,-0.0668,-0.0072,Not cycling,1.2499,CD8 - Heat shock,CD8 - Heat shock,Dura,5439.0,2018,6.931421217135503
MSC5-Dura_GGGTGAAAGAAACCAT,MSC5-Dura,5,T_cell,CD8 T cells,2068,-18.1081,28.0808,0.1335,-0.0091,Not cycling,1.2015,CD4 - Cytotoxic,CD4 - Cytotoxic,Dura,6149.0,2068,3.903073670515531
MSC5-Dura_GGGTGAACACTAAACC,MSC5-Dura,5,T_cell,CD8 T cells,1750,-18.1476,28.03,0.0051,0.006,Not cycling,0.7933,CD8 - Unassigned2,,Dura,4643.0,1750,5.427525306913633
MSC5-Dura_GGTGGCTAGTAGCCAG,MSC5-Dura,5,T_cell,CD8 T cells,979,,,,,,,,,Dura,2180.0,979,19.724770642201836
MSC5-Dura_GGTGGCTCAACGGGTA,MSC5-Dura,5,T_cell,CD8 T cells,1678,-17.4768,27.8484,-0.0491,0.0115,Not cycling,0.3569,CD4 - Cytotoxic,,Dura,4524.0,1678,5.725022104332449
MSC5-Dura_GGTTAACTCGTTGCCT,MSC5-Dura,5,T_cell,CD8 T cells,1976,-17.7109,28.0863,-0.0575,0.0043,Not cycling,0.5388,CD4 - Interferon,,Dura,6016.0,1976,7.413563829787234
MSC5-Dura_GTCGTTCCAGGAGACT,MSC5-Dura,5,T_cell,CD8 T cells,1705,-17.339,28.7982,-0.051,0.1214,Not cycling,0.9373,CD8 - Memory/Naive1,,Dura,5051.0,1705,6.196792714313998
MSC5-Dura_GTCGTTCTCCATGAGT,MSC5-Dura,5,T_cell,CD8 T cells,1111,-16.8756,26.9257,-0.0449,0.0045,Not cycling,0.5207,CD4 - Cytotoxic,,Dura,2315.0,1111,4.967602591792657
MSC5-Dura_GTGATGTGTATCGTTG,MSC5-Dura,5,T_cell,CD8 T cells,2255,-18.0271,27.9792,0.1754,-0.0017,Not cycling,1.8122,CD8 - Unassigned2,CD8 - Unassigned2,Dura,7510.0,2255,6.924101198402131
MSC5-Dura_GTGGTTATCCCTTGGT,MSC5-Dura,5,T_cell,CD8 T cells,2035,-17.8837,27.9412,0.0658,0.0094,Not cycling,1.0962,CD8 - Unassigned2,CD8 - Unassigned2,Dura,6395.0,2035,4.284597341673182
MSC5-Dura_GTGTAACGTAATGATG,MSC5-Dura,5,T_cell,CD8 T cells,2083,-17.6172,27.9931,0.0061,0.0027,Not cycling,0.5115,CD8 - Naive3,,Dura,7205.0,2082,5.149201943095073
MSC5-Dura_GTGTTAGCATTGGGAG,MSC5-Dura,5,T_cell,CD8 T cells,1920,-18.722,28.5091,-0.1352,-0.0657,Not cycling,0.8856,CD8 - Cytotoxic,,Dura,5346.0,1920,6.677890011223345
MSC5-Dura_GTTACCCGTTGCCTAA,MSC5-Dura,5,T_cell,CD8 T cells,2152,-17.5244,28.1948,0.2454,-0.0656,Not cycling,0.5289,CD4 - Stress/HSP,,Dura,7510.0,2152,5.9920106524633825
MSC5-Dura_GTTGCGGTCTAAGAAG,MSC5-Dura,5,T_cell,CD8 T cells,2138,-17.8011,28.1779,-0.0774,-0.0745,Not cycling,0.711,CD4 - Stress/HSP,,Dura,5172.0,2138,8.449342614075793
MSC5-Dura_TAACGACCATCTGGGC,MSC5-Dura,5,T_cell,CD8 T cells,1873,-17.2403,28.1028,0.1353,-0.0035,Not cycling,1.946,CD8 - Memory/Naive1,CD8 - Memory/Naive1,Dura,6167.0,1873,11.2858764391114
MSC5-Dura_TAACTTCCAGCTACTA,MSC5-Dura,5,T_cell,CD8 T cells,2167,-17.9677,28.0634,0.0696,0.0658,Not cycling,0.4785,CD8 - Interferon,,Dura,6082.0,2167,4.833936205195659
MSC5-Dura_TAAGCCACACACCAGC,MSC5-Dura,5,T_cell,CD8 T cells,1180,-18.5264,28.796,-0.0193,-0.0094,Not cycling,1.7492,CD8 - Chromatin,,Dura,2667.0,1180,19.08511436070491
MSC5-Dura_TAATTCCAGCATTGTC,MSC5-Dura,5,T_cell,CD8 T cells,2449,-18.48,28.4957,0.0448,-0.0709,Not cycling,0.7621,CD8 - Chromatin,,Dura,6163.0,2449,4.413435015414571
MSC5-Dura_TACCGAAAGTCAAGCG,MSC5-Dura,5,T_cell,CD8 T cells,2020,-17.496,28.1729,0.0134,-0.0041,Not cycling,0.3837,CD4 - Cytotoxic,,Dura,6761.0,2020,6.1973080905191535
MSC5-Dura_TACGCTCGTCCGGCAT,MSC5-Dura,5,T_cell,CD8 T cells,3360,-17.6671,28.0056,2.2495,0.5679,G1/S,2.6716,CD8 - Cell Cycle,,Dura,12526.0,3359,6.139230400766406
MSC5-Dura_TACGGTAAGGATTTGA,MSC5-Dura,5,T_cell,CD8 T cells,1830,-18.0008,28.0183,-0.0615,-0.0605,Not cycling,0.8468,CD4 - Interferon,,Dura,4755.0,1830,5.173501577287066
MSC5-Dura_TCAAGTGAGCTGGTGA,MSC5-Dura,5,T_cell,CD8 T cells,1966,-18.0438,27.9268,-0.1116,0.0617,Not cycling,0.2289,CD8 - Naive2,,Dura,6565.0,1966,6.031987814166032
MSC5-Dura_TCACGGGGTCAACCTA,MSC5-Dura,5,T_cell,CD8 T cells,2129,-17.6391,28.4908,0.0164,-0.0021,Not cycling,0.5552,CD4 - Cytotoxic,,Dura,6786.0,2129,6.248157972295903
MSC5-Dura_TCACTATAGTAGGATT,MSC5-Dura,5,T_cell,CD8 T cells,1371,-17.2517,28.0044,-0.0021,-0.015,Not cycling,1.2387,CD8 - Memory/Naive1,CD8 - Memory/Naive1,Dura,3587.0,1371,9.22776693615835
MSC5-Dura_TCATGTTAGGACATCG,MSC5-Dura,5,T_cell,CD8 T cells,2111,-16.7825,28.1384,0.13,0.0019,Not cycling,0.6995,CD4 - Glycolysis/MYC,,Dura,7936.0,2111,7.396673387096774
MSC5-Dura_TCATGTTGTGTACGCC,MSC5-Dura,5,T_cell,CD8 T cells,1849,-17.7339,28.1232,0.1236,-0.0583,Not cycling,1.1555,CD8 - Memory/Naive1,CD8 - Memory/Naive1,Dura,4783.0,1849,10.913652519339326
MSC5-Dura_TCCAGAATCAGTGTCA,MSC5-Dura,5,T_cell,CD8 T cells,1442,-17.1572,27.8145,-0.0683,0.0653,Not cycling,0.7381,CD8 - Memory/Naive1,,Dura,3986.0,1442,6.773707977922729
MSC5-Dura_TCCGAAACAGCCCAGT,MSC5-Dura,5,T_cell,CD8 T cells,872,,,,,,,,,Dura,1872.0,872,7.9594017094017095
MSC5-Dura_TCCTCCCAGACTAAGT,MSC5-Dura,5,T_cell,CD8 T cells,1928,-17.9337,28.0539,-0.0546,-0.053,Not cycling,0.1321,CD4 - Cytotoxic,,Dura,5728.0,1928,5.010474860335195
MSC5-Dura_TCCTCTTAGGTACAGC,MSC5-Dura,5,T_cell,CD8 T cells,1928,-17.9193,28.1414,0.0768,-0.0005,Not cycling,0.4913,CD4 - Cytotoxic,,Dura,5656.0,1928,5.003536067892504
MSC5-Dura_TCGGGACCAGTTCCAA,MSC5-Dura,5,T_cell,CD8 T cells,1800,-17.9264,28.4373,0.0125,0.1737,Not cycling,0.8054,CD8 - Cytotoxic,,Dura,4597.0,1799,9.876006090928866
MSC5-Dura_TCGGTCTAGCAACAAT,MSC5-Dura,5,T_cell,CD8 T cells,1771,-17.402,28.4894,-0.0418,-0.0499,Not cycling,0.5582,CD8 - Memory/Naive1,,Dura,5731.0,1771,3.350200663060548
MSC5-Dura_TCGTGCTAGAGGATCC,MSC5-Dura,5,T_cell,CD8 T cells,1545,-17.7532,28.0223,0.0893,-0.0461,Not cycling,1.0073,CD4 - Cytotoxic,CD4 - Cytotoxic,Dura,4711.0,1545,6.813839949055402
MSC5-Dura_TCTAACTCAATTGCGT,MSC5-Dura,5,T_cell,CD8 T cells,1939,-18.7164,28.6401,-0.1284,0.0584,Not cycling,0.4101,CD4 - Interferon,,Dura,5400.0,1939,5.648148148148148
MSC5-Dura_TCTCACGCAAGTGCAG,MSC5-Dura,5,T_cell,CD8 T cells,2160,-18.0504,28.1016,0.1309,-0.0654,Not cycling,0.4634,CD4 - Cytotoxic,,Dura,7078.0,2160,5.18508053122351
MSC5-Dura_TCTTGCGAGGTCATTC,MSC5-Dura,5,T_cell,CD8 T cells,1769,-17.22,28.1361,0.1971,0.0592,Not cycling,0.6083,CD8 - Naive3,,Dura,4999.0,1769,9.181836367273455
MSC5-Dura_TCTTGCGCACTAGGCC,MSC5-Dura,5,T_cell,CD8 T cells,2293,-17.5494,28.2531,0.1203,0.1232,Not cycling,0.8252,CD8 - Memory/Naive1,,Dura,7676.0,2293,5.39343408025013
MSC5-Dura_TCTTTGACAGATACTC,MSC5-Dura,5,T_cell,CD8 T cells,1015,-17.2775,27.9903,-0.0325,-0.0462,Not cycling,0.4326,CD4 - Treg,,Dura,2051.0,1015,4.09556313993174
MSC5-Dura_TGAATGCTCATTGCGA,MSC5-Dura,5,T_cell,CD8 T cells,2017,-17.9862,28.0923,0.1321,0.0067,Not cycling,0.8738,CD4 - Cytotoxic,,Dura,6532.0,2017,4.990814451928965
MSC5-Dura_TGACTCCCACAATGCT,MSC5-Dura,5,T_cell,CD8 T cells,1783,-17.3846,28.4166,-0.0472,-0.05,Not cycling,1.0025,CD8 - Memory/Naive1,CD8 - Memory/Naive1,Dura,6135.0,1783,5.297473512632437
MSC5-Dura_TGAGGGACAAGAATGT,MSC5-Dura,5,T_cell,CD8 T cells,1747,-16.9783,28.1009,0.0789,-0.0001,Not cycling,0.756,CD8 - Naive2,,Dura,5711.0,1747,10.260900017510068
MSC5-Dura_TGAGTCAGTCGCAGTC,MSC5-Dura,5,T_cell,CD8 T cells,1462,-18.4875,28.7285,-0.0562,-0.0586,Not cycling,1.3692,CD8 - Chromatin,,Dura,2929.0,1462,13.04199385455787
MSC5-Dura_TGATTTCTCATTGCCC,MSC5-Dura,5,T_cell,CD8 T cells,1540,-17.2584,27.806,-0.0589,-0.0055,Not cycling,0.879,CD8 - Heat shock,,Dura,3765.0,1540,6.8791500664010625
MSC5-Dura_TGCATCCCACTGCACG,MSC5-Dura,5,T_cell,CD8 T cells,2712,-17.6273,27.9824,0.4758,-0.0209,Not cycling,0.8475,CD4 - Cytotoxic,,Dura,8110.0,2712,7.81750924784217
MSC5-Dura_TGCGGGTCAGATACTC,MSC5-Dura,5,T_cell,CD8 T cells,1731,-17.2093,28.1855,0.0137,0.0128,Not cycling,1.1606,CD8 - Memory/Naive1,CD8 - Memory/Naive1,Dura,5049.0,1731,3.664091899386017
MSC5-Dura_TGCTGAATCCCAGTGG,MSC5-Dura,5,T_cell,CD8 T cells,2157,-17.9847,27.9889,-0.0421,0.0115,Not cycling,0.4834,CD8 - Unassigned2,,Dura,8164.0,2156,6.749142577168055
MSC5-Dura_TGCTTCGGTCTTCATT,MSC5-Dura,5,T_cell,CD8 T cells,2306,-17.686,27.9489,-0.041,-0.0505,Not cycling,0.4481,CD4 - Cytotoxic,,Dura,7663.0,2306,5.7679759885162465
MSC5-Dura_TGGATGTAGTTTCGGT,MSC5-Dura,5,T_cell,CD8 T cells,2266,-16.7327,28.1049,0.2009,0.005,Not cycling,0.9928,CD8 - Naive3,,Dura,7518.0,2266,6.052141527001862
MSC5-Dura_TGGGAGAAGCAACTTC,MSC5-Dura,5,T_cell,CD8 T cells,2155,-18.4973,28.3214,0.0986,0.0543,Not cycling,1.0443,CD4 - Unassigned,,Dura,5952.0,2155,5.712365591397849
MSC5-Dura_TGTAACGCACAAGTGG,MSC5-Dura,5,T_cell,CD8 T cells,1802,-17.9882,28.0665,-0.0525,-0.0627,Not cycling,0.4013,CD4 - Cytotoxic,,Dura,5759.0,1802,9.567633269664872
MSC5-Dura_TGTCCACTCCATCCGT,MSC5-Dura,5,T_cell,CD8 T cells,1918,-17.6162,27.8721,0.066,-0.0659,Not cycling,1.2664,CD4 - Cytotoxic,CD4 - Cytotoxic,Dura,5462.0,1918,4.320761625778103
MSC5-Dura_TGTTACTCAGCGTGAA,MSC5-Dura,5,T_cell,CD8 T cells,1969,-18.2877,28.1074,0.0008,-0.0608,Not cycling,0.5126,CD4 - Cytotoxic,,Dura,6536.0,1969,7.634638922888617
MSC5-Dura_TGTTCCGAGGACTTCT,MSC5-Dura,5,T_cell,CD8 T cells,2042,-17.8759,27.9662,0.0517,-0.0638,Not cycling,0.714,CD8 - Unassigned2,,Dura,6700.0,2042,9.746268656716419
MSC5-Dura_TTCACGCGTCAAGGCA,MSC5-Dura,5,T_cell,CD8 T cells,2261,-17.3737,28.45,0.1327,0.0591,Not cycling,0.9588,CD8 - Memory/Naive1,,Dura,8450.0,2260,7.8579881656804735
MSC5-Dura_TTCCACGTCGGCTGTG,MSC5-Dura,5,T_cell,CD8 T cells,1836,-17.9984,28.0464,-0.0443,-0.048,Not cycling,0.5085,CD8 - Unassigned2,,Dura,6381.0,1835,7.600689547092932
MSC5-Dura_TTCCGGTGTGTTGATC,MSC5-Dura,5,T_cell,CD8 T cells,1700,-17.285,28.1594,-0.0503,-0.0673,Not cycling,1.4577,CD8 - Memory/Naive1,CD8 - Memory/Naive1,Dura,5053.0,1700,14.58539481496141
MSC5-Dura_TTGACCCGTGACAACG,MSC5-Dura,5,T_cell,CD8 T cells,1975,-17.3017,28.3418,-0.1129,0.0056,Not cycling,0.7586,CD8 - Memory/Naive1,,Dura,6247.0,1975,7.267488394429326
MSC5-Dura_TTTCAGTCACTTCTCG,MSC5-Dura,5,T_cell,CD8 T cells,2483,-18.1882,28.2507,0.0014,0.0613,Not cycling,0.3216,CD4 - Interferon,,Dura,7705.0,2483,8.487994808565867
MSC5-Dura_TTTCCTCGTTAGAGTA,MSC5-Dura,5,T_cell,CD8 T cells,1791,-17.9902,27.9805,0.0713,0.0077,Not cycling,0.4839,CD4 - Cytotoxic,,Dura,5226.0,1791,7.309605817068504
MSC5-Dura_TTTGGTTTCGATTGAC,MSC5-Dura,5,T_cell,CD8 T cells,1967,-17.4428,28.3422,0.1446,0.0573,Not cycling,0.7097,CD4 - Unassigned,,Dura,5796.0,1967,7.091097308488613
MSC6_AAACCCACAATCAGCT,MSC6,6,T_cell,CD8 T cells,2184,10.3728,32.6126,0.4767,0.7103,G2/M,2.3293,CD4 - Cell Cycle,CD4 - Cell Cycle,Meningioma,5805.0,2184,7.648578811369509
MSC6_AAACCCATCATGCCAA,MSC6,6,T_cell,CD8 T cells,1383,6.4905,36.1602,0.1991,0.0055,Not cycling,0.6856,CD4 - Treg,,Meningioma,3014.0,1383,10.650298606502986
MSC6_AAACGAACAATGGCCC,MSC6,6,T_cell,CD8 T cells,1125,6.2189,37.7729,0.0269,0.0117,Not cycling,0.9216,CD4 - Cytotoxic,,Meningioma,2801.0,1125,12.85255265976437
MSC6_AAACGAACAGCTACCG,MSC6,6,T_cell,CD8 T cells,1101,6.1287,37.4468,0.0268,-0.0012,Not cycling,0.4072,CD4 - Naive1,,Meningioma,2638.0,1101,14.821834723275208
MSC6_AAACGAATCTCGTGAA,MSC6,6,T_cell,CD8 T cells,1204,-15.1451,24.7054,-0.0351,-0.0534,Not cycling,1.5785,CD4 - Naive1,CD4 - Naive1,Meningioma,4210.0,1204,10.237529691211401
MSC6_AAACGCTAGCGTGAAC,MSC6,6,T_cell,CD8 T cells,1272,6.4039,37.7847,-0.0368,0.0067,Not cycling,0.4246,CD8 - Unassigned1,,Meningioma,2898.0,1272,17.70186335403727
MSC6_AAAGAACAGACCATAA,MSC6,6,T_cell,CD8 T cells,1102,4.5191,36.5918,-0.0931,-0.059,Not cycling,0.7406,CD4 - Cytotoxic,,Meningioma,2690.0,1102,19.256505576208177
MSC6_AAAGAACGTAGCTTAC,MSC6,6,T_cell,CD8 T cells,951,,,,,,,,,Meningioma,2213.0,951,14.460009037505648
MSC6_AAAGGATAGACATGCG,MSC6,6,T_cell,CD8 T cells,1190,4.102,36.2476,0.0124,0.1756,Not cycling,0.6553,CD8 - Memory/Naive1,,Meningioma,3057.0,1190,18.38403663722604
MSC6_AAAGGATAGCCGAATG,MSC6,6,T_cell,CD8 T cells,1283,6.1429,35.6548,0.0197,0.0108,Not cycling,0.6712,CD4 - Cytotoxic,,Meningioma,2890.0,1283,10.380622837370241
MSC6_AAAGGATAGGACAACC,MSC6,6,T_cell,CD8 T cells,1237,6.45,36.1175,0.013,0.0709,Not cycling,1.1741,CD8 - Unassigned2,,Meningioma,2971.0,1237,11.881521373274992
MSC6_AAAGGATAGGGCCCTT,MSC6,6,T_cell,CD8 T cells,1823,9.913,33.1855,0.9696,0.7027,G1/S,2.9607,CD4 - Cell Cycle,CD4 - Cell Cycle,Meningioma,4457.0,1823,14.78573031186897
MSC6_AAAGGATAGTCTTCGA,MSC6,6,T_cell,CD8 T cells,1148,5.9878,37.4921,-0.038,0.1256,Not cycling,1.3148,CD8 - Cytotoxic,CD8 - Cytotoxic,Meningioma,2890.0,1148,8.788927335640139
MSC6_AAAGGATCAGAGACTG,MSC6,6,T_cell,CD8 T cells,1940,8.7102,34.2264,1.0314,0.0416,G1/S,0.6231,CD8 - Cell Cycle,,Meningioma,5512.0,1940,12.463715529753266
MSC6_AAAGGGCCAGAAATCA,MSC6,6,T_cell,CD8 T cells,1263,5.3688,37.3687,0.0233,-0.0512,Not cycling,0.8029,CD8 - Unassigned1,,Meningioma,3119.0,1263,15.261301699262583
MSC6_AAAGGGCGTGCCGAAA,MSC6,6,T_cell,CD8 T cells,2392,-16.1677,5.6977,-0.0481,-0.1049,Not cycling,1.6151,CD8 - Heat shock,,Meningioma,8519.0,2392,13.816175607465665
MSC6_AAAGGGCGTTACGGAG,MSC6,6,T_cell,CD8 T cells,1825,8.2934,35.0987,0.2552,-0.0047,Not cycling,1.0466,CD8 - Glycolysis/MYC,,Meningioma,4296.0,1825,13.24487895716946
MSC6_AAAGGGCGTTGCGGAA,MSC6,6,T_cell,CD8 T cells,1442,7.7049,35.9225,0.6865,0.2461,Not cycling,0.3184,CD4 - Dysfunction,,Meningioma,3206.0,1442,10.106051154086089
MSC6_AAAGGTAAGCTATCCA,MSC6,6,T_cell,CD8 T cells,947,,,,,,,,,Meningioma,2104.0,947,11.311787072243346
MSC6_AAAGGTATCCACACCT,MSC6,6,T_cell,CD8 T cells,1182,6.83,37.9044,-0.09,0.0074,Not cycling,1.3169,CD4 - Stress/HSP,,Meningioma,2694.0,1182,12.397921306607275
MSC6_AAAGGTATCTTGGTGA,MSC6,6,T_cell,CD8 T cells,2204,10.6052,32.3392,0.2817,1.1358,G2/M,2.5844,CD4 - Cell Cycle,CD4 - Cell Cycle,Meningioma,6313.0,2204,6.938064311737684
MSC6_AAAGTCCAGCGCCGTT,MSC6,6,T_cell,CD8 T cells,1070,5.6112,36.0742,-0.047,0.0131,Not cycling,0.8788,CD8 - Interferon,,Meningioma,2209.0,1070,12.132186509732911
MSC6_AAAGTCCCATGTGCTA,MSC6,6,T_cell,CD8 T cells,2062,10.6988,32.2127,0.3229,1.8681,G2/M,2.7926,CD4 - Cell Cycle,CD4 - Cell Cycle,Meningioma,5364.0,2062,10.234899328859061
MSC6_AAAGTCCTCGTAGTCA,MSC6,6,T_cell,CD8 T cells,888,,,,,,,,,Meningioma,1878.0,888,9.637912673056443
MSC6_AAAGTGAAGTCCCTAA,MSC6,6,T_cell,CD8 T cells,1105,5.6929,37.2577,-0.0338,-0.0561,Not cycling,0.4841,CD8 - Memory/Naive1,,Meningioma,2557.0,1105,12.045365662886194
MSC6_AAAGTGACACAGTCCG,MSC6,6,T_cell,CD8 T cells,1167,6.6185,37.0855,0.0247,0.0148,Not cycling,1.108,CD4 - Cytotoxic,CD4 - Cytotoxic,Meningioma,2734.0,1167,11.44842721287491
MSC6_AAATGGAGTTGCGTAT,MSC6,6,T_cell,CD8 T cells,2973,6.6639,37.0915,0.1301,-0.0376,Not cycling,0.1782,CD8 - Chromatin,,Meningioma,8899.0,2973,5.000561860883245
MSC6_AACAAAGAGGTTCTTG,MSC6,6,T_cell,CD8 T cells,1267,6.9009,37.7799,0.023,0.0084,Not cycling,1.5136,CD8 - Heat shock,,Meningioma,2821.0,1267,10.918114143920596
MSC6_AACAAAGCAATGGCAG,MSC6,6,T_cell,CD8 T cells,1541,5.4427,34.7067,0.1092,0.2257,Not cycling,0.983,CD4 - Glycolysis/MYC,,Meningioma,3460.0,1541,5.46242774566474
MSC6_AACAACCAGGCATCGA,MSC6,6,T_cell,CD8 T cells,1063,5.6569,36.8972,-0.0947,-0.055,Not cycling,0.9092,CD8 - Unassigned2,,Meningioma,2548.0,1063,14.599686028257457
MSC6_AACAACCAGGTGTGAC,MSC6,6,T_cell,CD8 T cells,1414,7.7858,36.4433,0.0135,0.0569,Not cycling,0.9024,CD8 - Unassigned2,,Meningioma,3532.0,1414,11.098527746319366
MSC6_AACAACCCAAGTGACG,MSC6,6,T_cell,CD8 T cells,1156,4.821,36.4492,-0.0466,0.0059,Not cycling,1.5603,CD8 - Interferon,,Meningioma,2562.0,1156,6.830601092896175
MSC6_AACAACCCAGCGATTT,MSC6,6,T_cell,CD8 T cells,1227,7.6327,36.7056,-0.1015,0.0516,Not cycling,1.1064,CD8 - Cytotoxic,CD8 - Cytotoxic,Meningioma,2708.0,1227,8.714918759231905
MSC6_AACAACCGTGTATCCA,MSC6,6,T_cell,CD8 T cells,1158,6.0107,36.6574,-0.0399,-0.048,Not cycling,0.6931,CD8 - Memory/Naive1,,Meningioma,3105.0,1158,10.853462157809984
MSC6_AACAACCGTTGTGGAG,MSC6,6,T_cell,CD8 T cells,1502,8.0216,37.0133,0.0191,-0.06,Not cycling,1.0658,CD8 - Cytotoxic,CD8 - Cytotoxic,Meningioma,3801.0,1502,15.127598000526177
MSC6_AACAACCTCAACGCTA,MSC6,6,T_cell,CD8 T cells,930,,,,,,,,,Meningioma,1590.0,930,9.30817610062893
MSC6_AACAACCTCGTAACTG,MSC6,6,T_cell,CD8 T cells,1752,9.6729,33.4639,1.3951,0.642,G1/S,2.3462,CD8 - Cell Cycle,,Meningioma,3899.0,1752,8.130289817902026
MSC6_AACACACAGATTGATG,MSC6,6,T_cell,CD8 T cells,2854,10.6758,32.238,0.1751,1.8628,G2/M,2.5123,CD4 - Cell Cycle,CD4 - Cell Cycle,Meningioma,8095.0,2854,9.277331686226065
MSC6_AACACACAGGAACTAT,MSC6,6,T_cell,CD8 T cells,1884,6.3248,35.296,0.1588,-0.0375,Not cycling,0.4553,CD4 - Unassigned,,Meningioma,6279.0,1884,7.3737856346552
MSC6_AACACACAGGGAGGAC,MSC6,6,T_cell,CD8 T cells,1102,5.852,36.5172,0.0177,0.1226,Not cycling,1.0192,CD8 - Unassigned2,,Meningioma,2455.0,1102,11.934826883910388
MSC6_AACACACCAACACTAC,MSC6,6,T_cell,CD8 T cells,1268,5.6931,36.1157,-0.0418,0.0596,Not cycling,0.5311,CD8 - Heat shock,,Meningioma,2958.0,1268,9.736308316430021
MSC6_AACACACCACTCCCTA,MSC6,6,T_cell,CD8 T cells,1558,6.7772,35.9461,0.0089,0.0094,Not cycling,0.395,CD8 - Chromatin,,Meningioma,3674.0,1558,15.732172019597169
MSC6_AACACACGTGCATACT,MSC6,6,T_cell,CD8 T cells,1141,7.645,36.8651,0.0802,0.0109,Not cycling,1.2705,CD4 - Cytotoxic,CD4 - Cytotoxic,Meningioma,2216.0,1141,14.30505415162455
MSC6_AACACACTCGTCAAAC,MSC6,6,T_cell,CD8 T cells,1682,7.388,36.2769,-0.1098,0.0546,Not cycling,0.7453,CD8 - Glycolysis/MYC,,Meningioma,4252.0,1682,10.348071495766698
MSC6_AACACACTCTTAGTTC,MSC6,6,T_cell,CD8 T cells,1135,6.2752,36.7623,-0.0982,0.0769,Not cycling,1.0798,CD4 - Cytotoxic,CD4 - Cytotoxic,Meningioma,2752.0,1135,16.67877906976744
MSC6_AACAGGGGTTCTTGCC,MSC6,6,T_cell,CD8 T cells,1367,7.0931,36.0121,0.2064,-0.054,Not cycling,0.8901,CD8 - Unassigned2,,Meningioma,3143.0,1367,7.190582246261534
MSC6_AACCAACAGAGGTTTA,MSC6,6,T_cell,CD8 T cells,1230,6.0128,37.2789,-0.1019,-0.0015,Not cycling,0.594,CD8 - Cytotoxic,,Meningioma,2928.0,1230,12.226775956284152
MSC6_AACCAACGTCCTCCTA,MSC6,6,T_cell,CD8 T cells,1482,7.6778,36.6335,0.0696,-0.0555,Not cycling,0.65,CD4 - Cytotoxic,,Meningioma,3412.0,1482,9.935521688159437
MSC6_AACCACAAGAGTCGAC,MSC6,6,T_cell,CD8 T cells,1067,4.6703,36.7355,-0.0594,-0.0655,Not cycling,0.5522,CD4 - Naive1,,Meningioma,2403.0,1067,11.818560133166875
MSC6_AACCACAAGCAAGCCA,MSC6,6,T_cell,CD8 T cells,1135,6.4147,35.9113,-0.036,0.0111,Not cycling,0.9354,CD4 - Cytotoxic,,Meningioma,2378.0,1135,9.083263246425568
MSC6_AACCACACAATATCCG,MSC6,6,T_cell,CD8 T cells,1515,6.7905,36.1014,-0.0463,-0.0069,Not cycling,0.7776,CD8 - Unassigned2,,Meningioma,3266.0,1514,11.451316595223515
MSC6_AACCATGAGCACCAGA,MSC6,6,T_cell,CD8 T cells,1040,6.1195,37.1811,-0.042,-0.0116,Not cycling,0.6191,CD8 - Cytotoxic,,Meningioma,2321.0,1040,11.805256355019388
MSC6_AACCATGCATAGTCGT,MSC6,6,T_cell,CD8 T cells,1219,7.3705,36.8606,-0.0907,0.1866,Not cycling,0.8913,CD8 - Cytotoxic,,Meningioma,2873.0,1219,15.17577445179255
MSC6_AACCATGGTATTCCTT,MSC6,6,T_cell,CD8 T cells,1213,6.1928,36.3622,-0.115,-0.0594,Not cycling,0.5072,CD4 - Naive1,,Meningioma,2586.0,1213,12.37432327919567
MSC6_AACCATGTCTCTAAGG,MSC6,6,T_cell,CD8 T cells,1957,10.3225,32.708,0.4729,0.9598,G2/M,2.699,CD8 - Cell Cycle,,Meningioma,5298.0,1957,9.531898829747075
MSC6_AACCTGATCGGCTGTG,MSC6,6,T_cell,CD8 T cells,1165,5.3548,35.7103,0.1855,0.1158,Not cycling,1.117,CD4 - Cytotoxic,CD4 - Cytotoxic,Meningioma,2708.0,1165,12.776957163958642
MSC6_AACCTTTAGGTAGCAC,MSC6,6,T_cell,CD8 T cells,1276,4.9368,35.3979,-0.0466,0.0635,Not cycling,0.5574,CD8 - Glycolysis/MYC,,Meningioma,3436.0,1276,9.051222351571594
MSC6_AACGAAAAGATAGGGA,MSC6,6,T_cell,CD8 T cells,1507,5.1938,35.533,0.0749,0.0062,Not cycling,0.3698,CD8 - Cytotoxic,,Meningioma,3911.0,1507,9.92073638455638
MSC6_AACGAAAGTGCAAGAC,MSC6,6,T_cell,CD8 T cells,1039,6.9452,37.8698,0.0797,-0.0597,Not cycling,0.7235,CD4 - Cytotoxic,,Meningioma,2387.0,1039,13.196480938416423
MSC6_AACGGGAAGAAACTGT,MSC6,6,T_cell,CD8 T cells,1051,5.4612,37.1304,0.0135,0.0042,Not cycling,1.0769,CD4 - Naive1,CD4 - Naive1,Meningioma,2195.0,1051,13.849658314350798
MSC6_AACGGGACACGTAGAG,MSC6,6,T_cell,CD8 T cells,1274,6.4166,37.879,0.0164,-0.0516,Not cycling,2.072,CD8 - Heat shock,,Meningioma,3540.0,1274,6.186440677966102
MSC6_AACGGGAGTGACTATC,MSC6,6,T_cell,CD8 T cells,1666,9.4574,33.7039,0.7231,0.1056,G1/S,2.2099,CD4 - Cell Cycle,CD4 - Cell Cycle,Meningioma,3902.0,1666,10.148641722193746
MSC6_AACGTCAAGAATTCAG,MSC6,6,T_cell,CD8 T cells,1699,6.5344,37.4421,-0.0022,0.0338,Not cycling,1.2258,CD4 - Stress/HSP,,Meningioma,4589.0,1699,7.3000653737197645
MSC6_AACGTCACAGTGCCTG,MSC6,6,T_cell,CD8 T cells,1132,5.3441,37.1346,-0.0391,0.1279,Not cycling,0.4194,CD4 - Naive2,,Meningioma,2497.0,1132,12.014417300760913
MSC6_AACGTCAGTCAGACTT,MSC6,6,T_cell,CD8 T cells,1283,2.953,35.7816,-0.0785,0.6514,G2/M,0.4246,CD8 - Glycolysis/MYC,,Meningioma,3316.0,1283,9.318455971049458
MSC6_AACGTCAGTCTACAGT,MSC6,6,T_cell,CD8 T cells,985,,,,,,,,,Meningioma,2486.0,985,19.02654867256637
MSC6_AACGTCATCGGTTAGT,MSC6,6,T_cell,CD8 T cells,1407,5.4547,36.4937,0.0759,-0.0057,Not cycling,-0.0294,CD8 - Heat shock,,Meningioma,3273.0,1407,11.915673693858846
MSC6_AACTTCTAGCCTAACT,MSC6,6,T_cell,CD8 T cells,2520,9.8023,33.2784,1.5208,0.9537,G1/S,2.2861,CD4 - Cell Cycle,CD4 - Cell Cycle,Meningioma,7379.0,2520,16.641821385011518
MSC6_AACTTCTCAGGTGACA,MSC6,6,T_cell,CD8 T cells,1373,5.6265,37.0906,-0.0464,0.1268,Not cycling,0.4155,CD8 - Cytotoxic,,Meningioma,3115.0,1372,16.019261637239165
MSC6_AACTTCTGTGAGCGAT,MSC6,6,T_cell,CD8 T cells,1334,6.3947,36.1777,-0.0519,0.1181,Not cycling,0.8828,CD8 - Cytotoxic,,Meningioma,3041.0,1334,8.516935218678066
MSC6_AACTTCTTCGATACAC,MSC6,6,T_cell,CD8 T cells,707,,,,,,,,,Meningioma,1178.0,707,9.33786078098472
MSC6_AAGAACAAGAAGTGTT,MSC6,6,T_cell,CD8 T cells,692,,,,,,,,,Meningioma,1227.0,692,6.927465362673186
MSC6_AAGACAAAGTATGCAA,MSC6,6,T_cell,CD8 T cells,1054,6.0464,36.7908,0.0249,0.0045,Not cycling,1.5927,CD4 - Cytotoxic,CD4 - Cytotoxic,Meningioma,2323.0,1054,8.222126560482135
MSC6_AAGACAACAGTCAGAG,MSC6,6,T_cell,CD8 T cells,1242,5.5822,37.22,-0.0373,-0.051,Not cycling,0.8337,CD8 - Cytotoxic,,Meningioma,3115.0,1242,16.78972712680578
MSC6_AAGACAACATGTGGTT,MSC6,6,T_cell,CD8 T cells,1242,6.4241,36.8238,0.02,-0.0517,Not cycling,0.9534,CD8 - Cytotoxic,,Meningioma,2638.0,1242,11.068991660348749
MSC6_AAGACAATCACTTATC,MSC6,6,T_cell,CD8 T cells,1364,5.4828,36.4103,-0.0956,-0.0564,Not cycling,0.4525,CD4 - Naive2,,Meningioma,3459.0,1364,10.75455333911535
MSC6_AAGACTCAGAACCCGA,MSC6,6,T_cell,CD8 T cells,975,,,,,,,,,Meningioma,2195.0,975,11.070615034168565
MSC6_AAGACTCAGTCGGGAT,MSC6,6,T_cell,CD8 T cells,1284,6.9299,37.0343,-0.048,-0.0621,Not cycling,0.627,CD4 - Naive2,,Meningioma,2706.0,1284,9.719142645971914
MSC6_AAGACTCGTGCTATTG,MSC6,6,T_cell,CD8 T cells,788,,,,,,,,,Meningioma,1646.0,788,10.206561360874849
MSC6_AAGATAGCATGATGCT,MSC6,6,T_cell,CD8 T cells,888,,,,,,,,,Meningioma,2027.0,888,15.73754316724223
MSC6_AAGATAGCATGTAACC,MSC6,6,T_cell,CD8 T cells,1598,7.0791,35.8749,0.0623,-0.0001,Not cycling,0.463,CD8 - Memory/Naive1,,Meningioma,3873.0,1598,9.78569584301575
MSC6_AAGCATCGTTGCATCA,MSC6,6,T_cell,CD8 T cells,1485,7.4375,36.1494,0.0759,0.001,Not cycling,0.9682,CD8 - Cytotoxic,,Meningioma,3636.0,1485,11.77117711771177
MSC6_AAGCCATTCATGCCAA,MSC6,6,T_cell,CD8 T cells,1290,5.5229,36.2489,-0.1113,0.0074,Not cycling,1.2054,CD4 - Interferon,,Meningioma,2733.0,1290,6.512989388949872
MSC6_AAGCGAGCACTATCGA,MSC6,6,T_cell,CD8 T cells,1006,4.7558,36.6993,-0.0932,-0.0435,Not cycling,0.6595,CD4 - Naive1,,Meningioma,2283.0,1006,19.141480508103374
MSC6_AAGCGAGGTGTATCCA,MSC6,6,T_cell,CD8 T cells,1323,6.9426,35.8461,-0.0468,-0.0065,Not cycling,0.7636,CD8 - Unassigned2,,Meningioma,3047.0,1323,12.89793239251723
MSC6_AAGCGAGTCATCTACT,MSC6,6,T_cell,CD8 T cells,1931,8.4345,34.15,0.7115,0.0902,G1/S,0.9887,CD4 - Cell Cycle,,Meningioma,4844.0,1931,6.5235342691990095
MSC6_AAGCGTTAGACTCATC,MSC6,6,T_cell,CD8 T cells,1163,5.9178,37.6819,-0.0346,0.0661,Not cycling,0.9971,CD8 - Cytotoxic,,Meningioma,2587.0,1163,10.630073444143797
MSC6_AAGCGTTAGGCCTGCT,MSC6,6,T_cell,CD8 T cells,1049,5.9954,37.1657,-0.0304,0.0188,Not cycling,0.4326,CD8 - Cytotoxic,,Meningioma,2452.0,1049,15.619902120717782
MSC6_AAGCGTTGTCCCAAAT,MSC6,6,T_cell,CD8 T cells,1144,6.1373,37.4548,0.0105,-0.0588,Not cycling,0.2689,CD8 - Chromatin,,Meningioma,2457.0,1144,16.117216117216117
MSC6_AAGCGTTTCCGTGTGG,MSC6,6,T_cell,CD8 T cells,926,,,,,,,,,Meningioma,2251.0,926,16.34828964904487
MSC6_AAGCGTTTCGACACCG,MSC6,6,T_cell,CD8 T cells,1804,10.701,32.2158,0.0452,1.3862,G2/M,2.7284,CD4 - Cell Cycle,CD4 - Cell Cycle,Meningioma,4444.0,1804,9.338433843384339
MSC6_AAGGAATAGAGTCGAC,MSC6,6,T_cell,CD8 T cells,1358,5.8866,36.5114,0.078,0.0033,Not cycling,0.514,CD4 - Naive1,,Meningioma,3308.0,1358,9.280532043530835
MSC6_AAGGAATTCAAACCTG,MSC6,6,T_cell,CD8 T cells,1378,4.9021,36.1574,0.0788,-0.0145,Not cycling,0.6575,CD8 - Interferon,,Meningioma,3158.0,1378,13.10956301456618
MSC6_AAGGTAAAGGGCGAGA,MSC6,6,T_cell,CD8 T cells,1010,6.5001,37.6878,-0.1005,0.1289,Not cycling,0.3494,CD8 - Cytotoxic,,Meningioma,2347.0,1010,13.123135918193439
MSC6_AAGGTAAGTTCGAACT,MSC6,6,T_cell,CD8 T cells,549,,,,,,,,,Meningioma,817.0,549,4.16156670746634
MSC6_AAGGTAAGTTTACTGG,MSC6,6,T_cell,CD8 T cells,1443,7.6464,37.0027,-0.1058,0.0627,Not cycling,0.3709,CD8 - Cytotoxic,,Meningioma,3171.0,1443,11.289813938820561
MSC6_AAGTCGTAGTAAACGT,MSC6,6,T_cell,CD8 T cells,1169,5.447,36.9606,-0.0408,0.0698,Not cycling,1.2261,CD4 - Cytotoxic,CD4 - Cytotoxic,Meningioma,2668.0,1169,9.407796101949025
MSC6_AAGTCGTCAACCGCTG,MSC6,6,T_cell,CD8 T cells,991,,,,,,,,,Meningioma,2207.0,991,4.7575894879927505
MSC6_AAGTCGTTCGGCCAAC,MSC6,6,T_cell,CD8 T cells,1645,7.7537,35.8044,0.254,0.0673,Not cycling,0.8577,CD4 - Cytotoxic,,Meningioma,4010.0,1645,11.321695760598503
MSC6_AAGTGAAAGTACGAGC,MSC6,6,T_cell,CD8 T cells,1059,5.9203,36.5124,-0.0965,-0.0514,Not cycling,1.4252,CD8 - Cytotoxic,CD8 - Cytotoxic,Meningioma,2288.0,1059,6.59965034965035
MSC6_AAGTGAAGTACTCAAC,MSC6,6,T_cell,CD8 T cells,1038,6.7128,37.6961,0.2666,0.0098,Not cycling,0.3913,CD8 - Cytotoxic,,Meningioma,2242.0,1038,11.195361284567351
MSC6_AAGTTCGAGACGGTCA,MSC6,6,T_cell,CD8 T cells,1261,7.4214,36.2979,-0.0461,-0.0571,Not cycling,0.858,CD8 - Cytotoxic,,Meningioma,2590.0,1261,10.54054054054054
MSC6_AAGTTCGAGCCATTGT,MSC6,6,T_cell,CD8 T cells,1291,6.1405,36.5506,0.1895,0.0609,Not cycling,0.5419,CD8 - Cytotoxic,,Meningioma,3200.0,1291,14.40625
MSC6_AAGTTCGAGGGATCAC,MSC6,6,T_cell,CD8 T cells,1720,9.5364,33.6428,0.9133,0.4645,G1/S,2.3766,CD8 - Cell Cycle,,Meningioma,3791.0,1720,8.915853336850436
MSC6_AAGTTCGGTAACACCT,MSC6,6,T_cell,CD8 T cells,2139,10.6857,32.2299,0.0258,1.8074,G2/M,2.6289,CD4 - Cell Cycle,CD4 - Cell Cycle,Meningioma,5953.0,2139,12.36351419452377
MSC6_AAGTTCGTCCGGTTCT,MSC6,6,T_cell,CD8 T cells,528,,,,,,,,,Meningioma,1106.0,528,6.419529837251356
MSC6_AAGTTCGTCGCTAGCG,MSC6,6,T_cell,CD8 T cells,675,,,,,,,,,Meningioma,1453.0,675,15.278733654507915
MSC6_AATAGAGCAAGGAGTC,MSC6,6,T_cell,CD8 T cells,889,,,,,,,,,Meningioma,2164.0,889,16.45101663585952
MSC6_AATAGAGCAAGTGGTG,MSC6,6,T_cell,CD8 T cells,1949,5.9673,34.872,0.3226,1.186,G2/M,1.4304,CD4 - Cell Cycle,CD4 - Cell Cycle,Meningioma,5015.0,1949,7.377866400797608
MSC6_AATAGAGGTCGCTGCA,MSC6,6,T_cell,CD8 T cells,901,,,,,,,,,Meningioma,1992.0,901,17.82128514056225
MSC6_AATAGAGTCCCTCTAG,MSC6,6,T_cell,CD8 T cells,1538,7.3572,37.0869,0.2429,0.2446,Not cycling,0.6292,CD8 - Unassigned1,,Meningioma,3513.0,1538,12.638770281810418
MSC6_AATCACGCACTACACA,MSC6,6,T_cell,CD8 T cells,1139,4.6828,36.3767,-0.0005,-0.0735,Not cycling,0.8092,CD4 - Cytotoxic,,Meningioma,2553.0,1139,11.594202898550725
MSC6_AATCACGGTGAGGATC,MSC6,6,T_cell,CD8 T cells,976,,,,,,,,,Meningioma,2150.0,976,11.767441860465116
MSC6_AATCACGTCAACTACG,MSC6,6,T_cell,CD8 T cells,1443,7.5787,36.4745,0.0917,0.0101,Not cycling,0.6561,CD8 - Cytotoxic,,Meningioma,3165.0,1443,11.216429699842022
MSC6_AATCACGTCACTAGCA,MSC6,6,T_cell,CD8 T cells,1144,7.7828,36.9855,-0.0401,-0.0606,Not cycling,0.9592,CD8 - Cytotoxic,,Meningioma,2514.0,1144,12.211614956245027
MSC6_AATCGACCACAGAAGC,MSC6,6,T_cell,CD8 T cells,1386,4.1181,35.868,-0.0386,0.0047,Not cycling,0.4909,CD8 - Memory/Naive1,,Meningioma,3173.0,1386,9.549322407815946
MSC6_AATCGACCATTGCTTT,MSC6,6,T_cell,CD8 T cells,1147,7.262,36.773,0.0106,0.005,Not cycling,0.815,CD8 - Memory/Naive1,,Meningioma,2563.0,1147,12.914553257900897
MSC6_AATCGACGTGTGAATA,MSC6,6,T_cell,CD8 T cells,910,,,,,,,,,Meningioma,1484.0,910,10.040431266846362
MSC6_AATCGACTCCTCGATC,MSC6,6,T_cell,CD8 T cells,4139,-1.7393,21.8475,0.6423,2.071,G2/M,1.3461,CD4 - Cell Cycle,CD4 - Cell Cycle,Meningioma,16706.0,4139,5.267568538249731
MSC6_AATCGTGAGGTAACTA,MSC6,6,T_cell,CD8 T cells,1350,5.1512,35.9796,0.0556,0.0408,Not cycling,0.3898,CD8 - Unassigned2,,Meningioma,3191.0,1350,10.560952679410843
MSC6_AATCGTGAGGTCCAGA,MSC6,6,T_cell,CD8 T cells,1583,6.3493,35.6172,0.0181,0.0027,Not cycling,0.7057,CD8 - Unassigned1,,Meningioma,4075.0,1583,9.153374233128835
MSC6_AATCGTGGTGCCTGCA,MSC6,6,T_cell,CD8 T cells,917,,,,,,,,,Meningioma,1589.0,917,11.831340465701699
MSC6_AATGAAGTCAAGTTGC,MSC6,6,T_cell,CD8 T cells,1330,7.5554,36.6965,-0.0537,-0.0544,Not cycling,0.7167,CD8 - Cytotoxic,,Meningioma,2984.0,1330,10.824396782841823
MSC6_AATGAAGTCTTGGCTC,MSC6,6,T_cell,CD8 T cells,1411,6.852,36.7881,-0.0536,-0.0027,Not cycling,0.4935,CD4 - Treg,,Meningioma,3194.0,1411,12.867877269881028
MSC6_AATGACCGTGGTTTGT,MSC6,6,T_cell,CD8 T cells,1002,6.1236,37.3583,-0.1035,-0.0493,Not cycling,0.7577,CD8 - Cytotoxic,,Meningioma,2116.0,1002,15.689981096408317
MSC6_AATGCCAAGGTTCAGG,MSC6,6,T_cell,CD8 T cells,1427,7.0197,36.2409,0.0283,-0.0595,Not cycling,0.3351,CD4 - Interferon,,Meningioma,3508.0,1427,11.659064994298745
MSC6_AATGCCACAACACAGG,MSC6,6,T_cell,CD8 T cells,1171,4.6717,36.2235,-0.0369,-0.0473,Not cycling,0.367,CD4 - Cytotoxic,,Meningioma,2920.0,1171,16.164383561643834
MSC6_AATGGAAAGGCGAAGG,MSC6,6,T_cell,CD8 T cells,1187,7.4698,37.0441,-0.1151,0.0012,Not cycling,0.7021,CD8 - Heat shock,,Meningioma,2561.0,1187,11.479890667707927
MSC6_AATGGAACAGACCATT,MSC6,6,T_cell,CD8 T cells,992,,,,,,,,,Meningioma,2101.0,992,9.804854831032841
MSC6_AATGGAAGTACAGAAT,MSC6,6,T_cell,CD8 T cells,1147,7.1055,36.6348,-0.1045,0.0633,Not cycling,0.6945,CD8 - Cytotoxic,,Meningioma,2745.0,1147,11.11111111111111
MSC6_AATGGAAGTAGTTAGA,MSC6,6,T_cell,CD8 T cells,1396,6.9352,36.4604,0.0564,-0.0589,Not cycling,1.0311,CD8 - Cytotoxic,CD8 - Cytotoxic,Meningioma,3282.0,1396,15.173674588665447
MSC6_AATGGAAGTGTCTAAC,MSC6,6,T_cell,CD8 T cells,1170,4.9932,36.1106,0.131,0.0639,Not cycling,1.4061,CD4 - Interferon,,Meningioma,2557.0,1170,15.526007039499413
MSC6_AATGGAAGTTGCCAAT,MSC6,6,T_cell,CD8 T cells,1211,7.6488,37.0914,-0.0399,0.001,Not cycling,1.3393,CD8 - Cytotoxic,CD8 - Cytotoxic,Meningioma,2670.0,1211,9.138576779026216
MSC6_AATGGCTAGAGTGGCT,MSC6,6,T_cell,CD8 T cells,844,,,,,,,,,Meningioma,1709.0,844,12.346401404330017
MSC6_AATGGCTAGCTTAAGA,MSC6,6,T_cell,CD8 T cells,1230,6.3169,36.8677,-0.1062,-0.0619,Not cycling,1.1874,CD8 - Heat shock,,Meningioma,2914.0,1230,17.08991077556623
MSC6_AATGGCTAGGGTACGT,MSC6,6,T_cell,CD8 T cells,1108,5.8227,36.9304,0.0186,0.071,Not cycling,1.405,CD8 - Memory/Naive1,,Meningioma,2590.0,1108,15.945945945945946
MSC6_AATGGCTCAGCGTACC,MSC6,6,T_cell,CD8 T cells,5352,0.9531,18.8493,0.5487,0.7271,G2/M,0.6653,CD4 - Glycolysis/MYC,,Meningioma,23187.0,5352,10.691335662224523
MSC6_AATGGCTCAGGGCTTC,MSC6,6,T_cell,CD8 T cells,1264,6.0159,36.3671,-0.0471,0.0677,Not cycling,1.3317,CD8 - Unassigned2,,Meningioma,2910.0,1264,13.470790378006873
MSC6_AATGGCTGTACAACGG,MSC6,6,T_cell,CD8 T cells,1517,5.8142,35.2784,0.0185,0.1176,Not cycling,0.6858,CD8 - Unassigned2,,Meningioma,3504.0,1517,8.504566210045661
MSC6_AATGGCTGTAGGGTAC,MSC6,6,T_cell,CD8 T cells,1203,7.2132,36.5313,0.3281,0.0633,Not cycling,1.6729,CD8 - Cytotoxic,CD8 - Cytotoxic,Meningioma,2285.0,1203,11.466083150984682
MSC6_AATTCCTGTAAGATAC,MSC6,6,T_cell,CD8 T cells,1184,5.2177,35.7328,-0.046,0.0112,Not cycling,0.8721,CD8 - Cytotoxic,,Meningioma,3229.0,1184,19.944255187364508
MSC6_AATTCCTGTCTTTCTA,MSC6,6,T_cell,CD8 T cells,1604,5.289,34.8029,-0.1808,-0.0356,Not cycling,0.7214,CD8 - Memory/Naive1,,Meningioma,3198.0,1604,5.847404627892433
MSC6_AATTCCTTCAACTCTT,MSC6,6,T_cell,CD8 T cells,1408,7.1172,35.8789,0.0748,0.1233,Not cycling,0.5807,CD8 - Unassigned2,,Meningioma,2838.0,1408,10.112755461592672
MSC6_AATTCCTTCGCAAGAG,MSC6,6,T_cell,CD8 T cells,1445,6.0068,37.5037,-0.0151,-0.0101,Not cycling,1.7421,CD4 - Stress/HSP,,Meningioma,3928.0,1445,6.95010183299389
MSC6_AATTTCCAGAAACTGT,MSC6,6,T_cell,CD8 T cells,934,,,,,,,,,Meningioma,1885.0,934,15.702917771883289
MSC6_AATTTCCTCAGGAACG,MSC6,6,T_cell,CD8 T cells,967,,,,,,,,,Meningioma,2123.0,967,15.308525671219972
MSC6_ACAAAGACAGTCAACT,MSC6,6,T_cell,CD8 T cells,1340,6.9178,37.0275,0.3167,0.0618,Not cycling,0.6246,CD4 - Naive1,,Meningioma,3115.0,1340,17.784911717495987
MSC6_ACAAAGATCGTAGGAG,MSC6,6,T_cell,CD8 T cells,1147,7.2447,36.5999,0.0276,0.125,Not cycling,0.1628,CD4 - Interferon,,Meningioma,2551.0,1147,12.308898471187769
MSC6_ACAAAGATCTCTGCCA,MSC6,6,T_cell,CD8 T cells,1803,10.0305,32.6841,0.7285,1.0708,G2/M,3.0469,CD4 - Cell Cycle,CD4 - Cell Cycle,Meningioma,4601.0,1803,9.802216909367528
MSC6_ACAACCAAGCAGCAGT,MSC6,6,T_cell,CD8 T cells,1585,5.9183,35.4548,-0.0464,0.0008,Not cycling,0.4396,CD8 - Unassigned2,,Meningioma,4924.0,1585,7.656376929325751
MSC6_ACAACCAGTAGTGGCA,MSC6,6,T_cell,CD8 T cells,1111,5.5711,36.7598,-0.0555,0.1226,Not cycling,0.8135,CD8 - Cytotoxic,,Meningioma,2426.0,1111,10.098928276999176
MSC6_ACAACCATCCCTCTTT,MSC6,6,T_cell,CD8 T cells,1286,5.6621,36.4612,0.0895,0.0136,Not cycling,1.0734,CD8 - Interferon,,Meningioma,3050.0,1286,13.442622950819672
MSC6_ACAAGCTTCAATCGGT,MSC6,6,T_cell,CD8 T cells,1334,4.9199,36.9097,0.0149,0.0643,Not cycling,0.661,CD4 - Cytotoxic,,Meningioma,2941.0,1333,15.810948656919415
MSC6_ACACAGTAGATGCTTC,MSC6,6,T_cell,CD8 T cells,1062,5.5865,36.8612,-0.0341,0.0143,Not cycling,1.2432,CD4 - Cytotoxic,CD4 - Cytotoxic,Meningioma,2277.0,1062,7.0267896354852875
MSC6_ACACAGTAGCACACAG,MSC6,6,T_cell,CD8 T cells,2117,5.8023,34.9511,0.0288,0.51,Not cycling,0.5972,CD4 - Cell Cycle,,Meningioma,5919.0,2117,17.536746071971617
MSC6_ACACAGTAGCGGTAGT,MSC6,6,T_cell,CD8 T cells,2354,10.348,32.5972,0.6576,1.2641,G2/M,2.3658,CD4 - Cell Cycle,CD4 - Cell Cycle,Meningioma,6363.0,2354,6.8835454974068835
MSC6_ACACAGTCAAATCGGG,MSC6,6,T_cell,CD8 T cells,744,,,,,,,,,Meningioma,1392.0,744,12.14080459770115
MSC6_ACACAGTCAATTCTTC,MSC6,6,T_cell,CD8 T cells,1313,6.1293,35.7919,0.0771,-0.0533,Not cycling,0.7437,CD8 - Cytotoxic,,Meningioma,2939.0,1313,12.31711466485199
MSC6_ACACAGTCAGCTGAAG,MSC6,6,T_cell,CD8 T cells,1582,5.4432,36.7421,0.2894,0.0991,Not cycling,0.8258,CD8 - Memory/Naive1,,Meningioma,3666.0,1582,10.911074740861975
MSC6_ACACGCGAGGATTCAA,MSC6,6,T_cell,CD8 T cells,1008,5.3438,37.5077,-0.0969,0.0084,Not cycling,0.7274,CD8 - Cytotoxic,,Meningioma,2067.0,1008,14.17513304305757
MSC6_ACACTGAAGCAGAAAG,MSC6,6,T_cell,CD8 T cells,1566,6.6693,36.1148,0.0305,0.1286,Not cycling,1.2734,CD8 - Cytotoxic,CD8 - Cytotoxic,Meningioma,4376.0,1566,12.13436928702011
MSC6_ACACTGAAGTTTCAGC,MSC6,6,T_cell,CD8 T cells,1146,6.6793,37.9317,0.0822,0.0058,Not cycling,0.8969,CD8 - Cytotoxic,,Meningioma,2526.0,1146,14.172604908946951
MSC6_ACACTGACAAGATCCT,MSC6,6,T_cell,CD8 T cells,2293,9.3856,32.8768,1.5871,0.527,G1/S,1.7505,CD4 - Cell Cycle,CD4 - Cell Cycle,Meningioma,6931.0,2293,9.363728177752128
MSC6_ACACTGATCTGTCCCA,MSC6,6,T_cell,CD8 T cells,1366,7.0032,37.3946,-0.0275,-0.0562,Not cycling,0.7735,CD8 - Cytotoxic,,Meningioma,3621.0,1366,13.228389947528306
MSC6_ACAGAAATCTTGGAAC,MSC6,6,T_cell,CD8 T cells,1148,6.6256,36.3567,-0.0469,-0.0631,Not cycling,0.7533,CD4 - Cytotoxic,,Meningioma,2417.0,1148,12.908564335953661
MSC6_ACAGCCGAGAAACCCG,MSC6,6,T_cell,CD8 T cells,820,,,,,,,,,Meningioma,1671.0,820,12.567324955116696
MSC6_ACAGGGAAGTCATGCT,MSC6,6,T_cell,CD8 T cells,1145,6.4915,36.3027,-0.0271,-0.0487,Not cycling,1.3649,CD8 - Cytotoxic,CD8 - Cytotoxic,Meningioma,2492.0,1145,13.001605136436597
MSC6_ACAGGGACATGGCCAC,MSC6,6,T_cell,CD8 T cells,1084,6.7679,37.7387,-0.1024,0.0093,Not cycling,0.5066,CD4 - Treg,,Meningioma,2570.0,1084,12.373540856031129
MSC6_ACAGGGAGTATCAGCT,MSC6,6,T_cell,CD8 T cells,950,,,,,,,,,Meningioma,2138.0,950,13.470533208606174
MSC6_ACAGGGAGTCGGCACT,MSC6,6,T_cell,CD8 T cells,1975,10.0582,33.0104,1.4529,1.1979,Intermediate,3.012,CD8 - Cell Cycle,,Meningioma,5023.0,1975,10.790364324109099
MSC6_ACAGGGATCACTGAAC,MSC6,6,T_cell,CD8 T cells,1864,4.8623,34.0534,0.2022,-0.0603,Not cycling,0.4357,CD8 - Glycolysis/MYC,,Meningioma,7199.0,1864,15.196555077094041
MSC6_ACATCCCAGTGTTCAC,MSC6,6,T_cell,CD8 T cells,1009,4.2077,36.5124,0.0774,-0.0573,Not cycling,0.719,CD4 - Naive1,,Meningioma,2046.0,1009,10.019550342130987
MSC6_ACATCCCTCCTCACCA,MSC6,6,T_cell,CD8 T cells,1109,-15.724,25.5928,-0.1291,0.3552,Not cycling,1.3677,CD8 - Chromatin,,Meningioma,2495.0,1109,15.470941883767535
MSC6_ACATCCCTCTCAACGA,MSC6,6,T_cell,CD8 T cells,2102,8.0605,35.2872,0.4302,0.3569,Not cycling,0.665,CD8 - Unassigned2,,Meningioma,4979.0,2102,11.086563566981322
MSC6_ACATCGACAAGTATAG,MSC6,6,T_cell,CD8 T cells,1266,7.5414,36.7163,-0.05,-0.0575,Not cycling,0.9686,CD8 - Cytotoxic,,Meningioma,2999.0,1266,8.802934311437145
MSC6_ACATCGAGTTCAACGT,MSC6,6,T_cell,CD8 T cells,2115,10.6571,32.2813,0.1058,1.7506,G2/M,2.1178,CD4 - Cell Cycle,CD4 - Cell Cycle,Meningioma,6055.0,2115,9.72749793559042
MSC6_ACATCGATCTATTCGT,MSC6,6,T_cell,CD8 T cells,1667,7.2831,35.7166,0.6121,0.1154,Not cycling,0.3301,CD8 - Chromatin,,Meningioma,4004.0,1667,8.591408591408591
MSC6_ACATGCACAGTGACCC,MSC6,6,T_cell,CD8 T cells,1092,6.3504,37.7164,-0.0882,-0.0433,Not cycling,0.7364,CD8 - Cytotoxic,,Meningioma,2519.0,1092,15.045653036919413
MSC6_ACATTTCAGGGTTAAT,MSC6,6,T_cell,CD8 T cells,1431,7.733,37.5254,-0.0679,0.1252,Not cycling,0.9082,CD8 - Heat shock,,Meningioma,3257.0,1431,8.627571384709857
MSC6_ACATTTCCAATTGGTC,MSC6,6,T_cell,CD8 T cells,1077,4.9788,37.2932,0.0761,0.0669,Not cycling,0.8224,CD8 - Cytotoxic,,Meningioma,2407.0,1077,13.585375986705442
MSC6_ACATTTCCATACTTTC,MSC6,6,T_cell,CD8 T cells,613,,,,,,,,,Meningioma,965.0,613,7.357512953367876
MSC6_ACATTTCGTATACGGG,MSC6,6,T_cell,CD8 T cells,1343,7.269,36.1527,0.0679,-0.0673,Not cycling,0.2906,CD8 - Unassigned2,,Meningioma,3050.0,1343,12.360655737704919
MSC6_ACCAAACTCAAACTGC,MSC6,6,T_cell,CD8 T cells,1442,6.5106,35.9239,-0.0519,-0.0004,Not cycling,0.7992,CD8 - Cytotoxic,,Meningioma,3160.0,1442,13.734177215189874
MSC6_ACCAACAAGCGGTATG,MSC6,6,T_cell,CD8 T cells,989,,,,,,,,,Meningioma,2243.0,989,19.572001783325902
MSC6_ACCAACATCACTCACC,MSC6,6,T_cell,CD8 T cells,1237,4.7919,36.6975,0.0863,0.0077,Not cycling,0.9429,CD4 - Naive1,,Meningioma,2909.0,1237,9.625300790649709
MSC6_ACCAACATCCCAGGCA,MSC6,6,T_cell,CD8 T cells,1426,6.7246,36.9345,0.0265,-0.0593,Not cycling,0.6999,CD4 - Stress/HSP,,Meningioma,3001.0,1426,9.096967677440853
MSC6_ACCACAACAAAGAGTT,MSC6,6,T_cell,CD8 T cells,864,,,,,,,,,Meningioma,1898.0,864,15.015806111696522
MSC6_ACCACAATCATAGAGA,MSC6,6,T_cell,CD8 T cells,2129,5.5542,35.1087,0.2161,1.3129,G2/M,1.6455,CD4 - Cell Cycle,CD4 - Cell Cycle,Meningioma,7044.0,2129,9.483248154457694
MSC6_ACCATTTAGCAGGCAT,MSC6,6,T_cell,CD8 T cells,1071,6.0623,37.292,-0.1174,-0.0644,Not cycling,0.4536,CD4 - Naive2,,Meningioma,2347.0,1071,11.077971878994461
MSC6_ACCATTTCAGACATCT,MSC6,6,T_cell,CD8 T cells,693,,,,,,,,,Meningioma,1113.0,693,9.613656783468103
MSC6_ACCCAAAAGCGGTATG,MSC6,6,T_cell,CD8 T cells,2181,10.1202,32.9259,0.5166,0.9397,G2/M,1.8401,CD4 - Cell Cycle,CD4 - Cell Cycle,Meningioma,5973.0,2181,10.497237569060774
MSC6_ACCCAAAGTCGGCTAC,MSC6,6,T_cell,CD8 T cells,764,,,,,,,,,Meningioma,1543.0,764,14.38755670771225
MSC6_ACCCAAATCCATTCAT,MSC6,6,T_cell,CD8 T cells,1140,5.6763,36.7679,-0.0357,-0.0486,Not cycling,0.9306,CD8 - Cytotoxic,,Meningioma,2584.0,1140,13.58359133126935
MSC6_ACCCTCAAGAGTGGCT,MSC6,6,T_cell,CD8 T cells,1068,5.7219,37.1303,0.1366,0.005,Not cycling,0.2612,CD4 - Stress/HSP,,Meningioma,2139.0,1068,8.695652173913043
MSC6_ACCCTCACATTGTCGA,MSC6,6,T_cell,CD8 T cells,1008,3.4856,36.233,0.0111,0.0054,Not cycling,0.7004,CD8 - Chromatin,,Meningioma,2245.0,1008,12.293986636971047
MSC6_ACCCTTGAGGCCGCTT,MSC6,6,T_cell,CD8 T cells,1070,4.4571,36.9531,-0.0357,0.006,Not cycling,1.1372,CD4 - Dysfunction,,Meningioma,2504.0,1070,12.220447284345047
MSC6_ACCCTTGCATGACGTT,MSC6,6,T_cell,CD8 T cells,2214,10.5758,32.3882,0.5868,1.5628,G2/M,3.5589,CD4 - Cell Cycle,CD4 - Cell Cycle,Meningioma,6208.0,2214,11.565721649484535
MSC6_ACCGTTCAGCACCCAC,MSC6,6,T_cell,CD8 T cells,1257,6.541,37.6218,0.0259,0.0697,Not cycling,0.9249,CD8 - Cytotoxic,,Meningioma,2876.0,1257,10.361613351877608
MSC6_ACCGTTCAGTGCAGCA,MSC6,6,T_cell,CD8 T cells,936,,,,,,,,,Meningioma,1904.0,936,9.611344537815127
MSC6_ACCTACCCACCTTCCA,MSC6,6,T_cell,CD8 T cells,2117,9.9394,33.0386,1.4358,0.8083,G1/S,2.9631,CD4 - Cell Cycle,CD4 - Cell Cycle,Meningioma,6009.0,2117,13.28007988017973
MSC6_ACCTACCTCATCAGTG,MSC6,6,T_cell,CD8 T cells,2066,-14.4184,23.8671,0.1631,0.6973,G2/M,0.7951,CD4 - Cell Cycle,,Meningioma,6806.0,2066,10.373200117543345
MSC6_ACCTGTCGTATGGAAT,MSC6,6,T_cell,CD8 T cells,928,,,,,,,,,Meningioma,1878.0,928,11.288604898828542
MSC6_ACCTGTCTCGACGAGA,MSC6,6,T_cell,CD8 T cells,1199,5.8384,37.1502,0.0153,0.0058,Not cycling,0.6213,CD4 - Interferon,,Meningioma,2533.0,1199,9.356494275562573
MSC6_ACCTGTCTCGGTAAGG,MSC6,6,T_cell,CD8 T cells,828,,,,,,,,,Meningioma,1999.0,828,12.30615307653827
MSC6_ACGATGTAGGATACGC,MSC6,6,T_cell,CD8 T cells,1155,6.5323,36.5408,-0.0352,0.0055,Not cycling,0.7058,CD8 - Unassigned1,,Meningioma,2264.0,1155,4.593639575971731
MSC6_ACGATGTGTGATAGAT,MSC6,6,T_cell,CD8 T cells,1124,6.4245,37.5399,-0.0512,0.0537,Not cycling,0.5265,CD8 - Cytotoxic,,Meningioma,2429.0,1124,11.527377521613833
MSC6_ACGCACGAGAAGTATC,MSC6,6,T_cell,CD8 T cells,1474,8.252,35.2977,0.3638,0.1134,Not cycling,0.5655,CD8 - Unassigned2,,Meningioma,3312.0,1474,11.956521739130435
MSC6_ACGCACGTCCAACTGA,MSC6,6,T_cell,CD8 T cells,989,,,,,,,,,Meningioma,1994.0,989,4.36308926780341
MSC6_ACGGAAGCACTCCTGT,MSC6,6,T_cell,CD8 T cells,1179,7.2604,37.4749,-0.0952,-0.0485,Not cycling,1.0776,CD4 - Cytotoxic,CD4 - Cytotoxic,Meningioma,2678.0,1179,12.80806572068708
MSC6_ACGGGTCAGGTCGTGA,MSC6,6,T_cell,CD8 T cells,852,,,,,,,,,Meningioma,1713.0,852,18.27203736135435
MSC6_ACGGGTCCAAGGCGTA,MSC6,6,T_cell,CD8 T cells,2341,-16.0785,6.1682,0.0608,0.0608,Not cycling,1.1946,CD4 - Cytotoxic,CD4 - Cytotoxic,Meningioma,7464.0,2341,6.72561629153269
MSC6_ACGGGTCCACCTGCAG,MSC6,6,T_cell,CD8 T cells,1787,10.0795,33.0024,0.9609,0.8309,Intermediate,3.3477,CD4 - Cell Cycle,CD4 - Cell Cycle,Meningioma,4156.0,1787,10.514918190567853
MSC6_ACGGGTCGTAACATCC,MSC6,6,T_cell,CD8 T cells,1167,5.7013,36.3786,-0.0643,0.056,Not cycling,1.352,CD4 - Cytotoxic,CD4 - Cytotoxic,Meningioma,2677.0,1167,14.194994396712739
MSC6_ACGGGTCGTGAGTAAT,MSC6,6,T_cell,CD8 T cells,1292,5.8131,37.5408,-0.041,0.0097,Not cycling,0.507,CD4 - Naive1,,Meningioma,3000.0,1292,19.933333333333334
MSC6_ACGGTCGTCACCCATC,MSC6,6,T_cell,CD8 T cells,3288,3.8645,4.9791,0.4831,-0.1609,Not cycling,0.9176,CD8 - Heat shock,,Meningioma,11223.0,3288,10.531943330660251
MSC6_ACGGTTAGTGTGATGG,MSC6,6,T_cell,CD8 T cells,898,,,,,,,,,Meningioma,1976.0,898,16.39676113360324
MSC6_ACGGTTAGTTTCAGAC,MSC6,6,T_cell,CD8 T cells,903,,,,,,,,,Meningioma,1808.0,903,14.93362831858407
MSC6_ACGTAACCATGAGTAA,MSC6,6,T_cell,CD8 T cells,1322,7.3596,36.342,0.009,0.1833,Not cycling,0.872,CD4 - Cytotoxic,,Meningioma,2848.0,1322,10.323033707865168
MSC6_ACGTAACGTTCTAACG,MSC6,6,T_cell,CD8 T cells,924,,,,,,,,,Meningioma,2141.0,924,16.347501167678654
MSC6_ACGTACACAACATACC,MSC6,6,T_cell,CD8 T cells,1024,5.1468,37.1171,-0.0344,-0.0557,Not cycling,1.2184,CD8 - Interferon,,Meningioma,2233.0,1024,18.763994626063592
MSC6_ACGTACACAGTTAGGG,MSC6,6,T_cell,CD8 T cells,1428,5.7938,36.7688,0.012,-0.0033,Not cycling,1.958,CD8 - Interferon,,Meningioma,3099.0,1428,9.93868989996773
MSC6_ACGTACAGTACCTGTA,MSC6,6,T_cell,CD8 T cells,953,,,,,,,,,Meningioma,2659.0,953,14.516735614892816
MSC6_ACGTACAGTAGAGACC,MSC6,6,T_cell,CD8 T cells,1112,4.5501,36.7804,0.1401,-0.0579,Not cycling,0.409,CD8 - Unassigned1,,Meningioma,2699.0,1112,17.376806224527602
MSC6_ACGTACAGTGACACGA,MSC6,6,T_cell,CD8 T cells,1034,5.0977,36.7421,-0.0331,0.0775,Not cycling,1.2485,CD4 - Cytotoxic,CD4 - Cytotoxic,Meningioma,2218.0,1034,14.878268710550046
MSC6_ACGTCCTAGACTCTAC,MSC6,6,T_cell,CD8 T cells,1107,3.5541,36.2063,-0.0072,-0.0126,Not cycling,1.0275,CD8 - Memory/Naive1,,Meningioma,2452.0,1107,14.070146818923329
MSC6_ACGTCCTCAGACGGAT,MSC6,6,T_cell,CD8 T cells,813,,,,,,,,,Meningioma,1424.0,813,4.424157303370786
MSC6_ACGTCCTGTGCCTATA,MSC6,6,T_cell,CD8 T cells,1884,6.7071,35.8338,-0.0407,0.0084,Not cycling,0.9485,CD8 - Chromatin,,Meningioma,5228.0,1884,12.452180566182097
MSC6_ACGTCCTGTGTGTACT,MSC6,6,T_cell,CD8 T cells,1047,3.5058,35.9724,-0.0997,0.0142,Not cycling,0.8103,CD4 - Naive1,,Meningioma,2236.0,1047,11.717352415026834
MSC6_ACGTTCCGTTGTGGCC,MSC6,6,T_cell,CD8 T cells,997,,,,,,,,,Meningioma,2046.0,997,9.481915933528837
MSC6_ACTACGAGTTTCGTTT,MSC6,6,T_cell,CD8 T cells,850,,,,,,,,,Meningioma,1966.0,850,14.954221770091557
MSC6_ACTACGATCGACATCA,MSC6,6,T_cell,CD8 T cells,1162,5.9291,36.8723,0.1276,0.2418,Not cycling,0.9209,CD8 - Cytotoxic,,Meningioma,2751.0,1162,13.994910941475826
MSC6_ACTATCTTCCGTCACT,MSC6,6,T_cell,CD8 T cells,1252,6.172,35.4601,-0.0577,0.2359,Not cycling,0.7696,CD8 - Chromatin,,Meningioma,2425.0,1252,11.381443298969073
MSC6_ACTATTCAGCGAAACC,MSC6,6,T_cell,CD8 T cells,1274,7.2294,36.6138,0.1346,-0.0623,Not cycling,1.0645,CD8 - Cytotoxic,CD8 - Cytotoxic,Meningioma,3095.0,1274,13.5702746365105
MSC6_ACTATTCAGCTAGCCC,MSC6,6,T_cell,CD8 T cells,949,,,,,,,,,Meningioma,1875.0,949,11.946666666666667
MSC6_ACTATTCCAGATTAAG,MSC6,6,T_cell,CD8 T cells,1716,10.3845,32.5216,0.2752,1.4997,G2/M,2.8456,CD4 - Cell Cycle,CD4 - Cell Cycle,Meningioma,4348.0,1716,8.90064397424103
MSC6_ACTCCCAAGTGGCAGT,MSC6,6,T_cell,CD8 T cells,943,,,,,,,,,Meningioma,1959.0,943,11.0260336906585
MSC6_ACTCCCACAGCTTTGA,MSC6,6,T_cell,CD8 T cells,2170,9.9396,33.1444,1.3274,0.9407,Intermediate,3.4497,CD4 - Cell Cycle,CD4 - Cell Cycle,Meningioma,5556.0,2170,13.804895608351332
MSC6_ACTCCCAGTATCGTAC,MSC6,6,T_cell,CD8 T cells,1116,5.8081,37.4253,0.0928,-0.0002,Not cycling,0.6986,CD8 - Heat shock,,Meningioma,2426.0,1116,7.460840890354493
MSC6_ACTCCCATCGCTGCGA,MSC6,6,T_cell,CD8 T cells,1140,6.9236,36.8481,-0.0338,0.0006,Not cycling,1.409,CD8 - Cytotoxic,CD8 - Cytotoxic,Meningioma,2932.0,1140,14.836289222373805
MSC6_ACTCTCGAGGGTACGT,MSC6,6,T_cell,CD8 T cells,962,,,,,,,,,Meningioma,2041.0,962,11.56295933365997
MSC6_ACTCTCGAGGTGCTGA,MSC6,6,T_cell,CD8 T cells,996,,,,,,,,,Meningioma,2142.0,996,12.371615312791784
MSC6_ACTCTCGAGTCCCAAT,MSC6,6,T_cell,CD8 T cells,1890,9.6384,33.4997,1.5162,0.7029,G1/S,2.6228,CD8 - Cell Cycle,,Meningioma,4490.0,1890,11.046770601336302
MSC6_ACTCTCGGTCTGATAC,MSC6,6,T_cell,CD8 T cells,1211,-15.976,25.4715,0.0255,-0.0562,Not cycling,0.9908,CD4 - Naive1,,Meningioma,3024.0,1211,15.674603174603174
MSC6_ACTCTCGTCAAGAGGC,MSC6,6,T_cell,CD8 T cells,1260,5.2108,35.8008,0.2537,-0.0629,Not cycling,0.6641,CD8 - Cytotoxic,,Meningioma,2948.0,1260,11.058344640434193
MSC6_ACTGATGAGGGCAACT,MSC6,6,T_cell,CD8 T cells,1104,7.0461,37.853,-0.0346,0.0109,Not cycling,1.071,CD8 - Cytotoxic,CD8 - Cytotoxic,Meningioma,2245.0,1104,9.755011135857462
MSC6_ACTGATGGTATCGCAT,MSC6,6,T_cell,CD8 T cells,1177,5.33,36.8803,0.124,-0.0093,Not cycling,0.998,CD4 - Interferon,,Meningioma,2744.0,1177,16.72740524781341
MSC6_ACTGCAAAGACTAGAT,MSC6,6,T_cell,CD8 T cells,875,,,,,,,,,Meningioma,1921.0,875,15.460697553357626
MSC6_ACTGTCCAGGCCCGTT,MSC6,6,T_cell,CD8 T cells,1993,5.0229,34.3336,-0.0996,0.0975,Not cycling,0.3838,CD4 - Glycolysis/MYC,,Meningioma,6436.0,1993,11.000621504039776
MSC6_ACTGTCCCAAAGCACG,MSC6,6,T_cell,CD8 T cells,542,,,,,,,,,Meningioma,1160.0,542,17.93103448275862
MSC6_ACTGTCCCAGCCCACA,MSC6,6,T_cell,CD8 T cells,607,,,,,,,,,Meningioma,1042.0,607,9.309021113243762
MSC6_ACTGTCCCAGCGGTTC,MSC6,6,T_cell,CD8 T cells,1167,7.5287,36.7686,0.0851,0.0086,Not cycling,0.7935,CD4 - Cytotoxic,,Meningioma,2803.0,1167,13.556903317873706
MSC6_ACTGTCCGTGGTACAG,MSC6,6,T_cell,CD8 T cells,1508,6.6849,36.6677,-0.0555,0.1243,Not cycling,1.2713,CD8 - Cytotoxic,CD8 - Cytotoxic,Meningioma,3543.0,1508,9.116567880327406
MSC6_ACTGTGATCCCATGGG,MSC6,6,T_cell,CD8 T cells,789,,,,,,,,,Meningioma,1843.0,789,11.774281063483452
MSC6_ACTGTGATCCTTCTTC,MSC6,6,T_cell,CD8 T cells,802,,,,,,,,,Meningioma,1343.0,802,4.542069992553984
MSC6_ACTGTGATCGGCTTCT,MSC6,6,T_cell,CD8 T cells,2654,6.8431,35.4531,0.2146,0.0306,Not cycling,0.4043,CD8 - Unassigned2,,Meningioma,7958.0,2654,10.593113847700428
MSC6_ACTGTGATCGTCGACG,MSC6,6,T_cell,CD8 T cells,1115,6.9276,36.6362,-0.1047,-0.0456,Not cycling,0.5663,CD8 - Cytotoxic,,Meningioma,2391.0,1115,12.3379339188624
MSC6_ACTGTGATCTACGCGG,MSC6,6,T_cell,CD8 T cells,671,,,,,,,,,Meningioma,1421.0,671,13.863476425052779
MSC6_ACTTAGGAGTTCCGTA,MSC6,6,T_cell,CD8 T cells,1584,9.4741,33.6801,1.0417,0.1107,G1/S,1.7035,CD8 - Cell Cycle,,Meningioma,3739.0,1584,12.195774271195507
MSC6_ACTTAGGAGTTGAATG,MSC6,6,T_cell,CD8 T cells,961,,,,,,,,,Meningioma,1956.0,961,13.445807770961146
MSC6_ACTTAGGGTGCATCTA,MSC6,6,T_cell,CD8 T cells,1324,6.12,36.3139,-0.046,0.0109,Not cycling,0.5224,CD8 - Memory/Naive1,,Meningioma,3036.0,1324,7.509881422924901
MSC6_ACTTAGGTCGCCCAGA,MSC6,6,T_cell,CD8 T cells,1574,9.3637,33.7976,0.8025,0.0515,G1/S,1.4576,CD4 - Cell Cycle,CD4 - Cell Cycle,Meningioma,3627.0,1574,7.995588640749931
MSC6_ACTTATCAGGCGCTTC,MSC6,6,T_cell,CD8 T cells,931,,,,,,,,,Meningioma,1813.0,931,11.30722559293988
MSC6_ACTTATCCACGTTCGG,MSC6,6,T_cell,CD8 T cells,1051,4.9874,36.6282,-0.095,0.0645,Not cycling,0.3801,CD4 - Cytotoxic,,Meningioma,2338.0,1051,6.544054747647562
MSC6_ACTTATCTCTGGTGCG,MSC6,6,T_cell,CD8 T cells,1001,5.7715,36.1277,-0.0443,-0.0533,Not cycling,1.1977,CD8 - Cytotoxic,CD8 - Cytotoxic,Meningioma,2055.0,1001,7.688564476885645
MSC6_ACTTATCTCTTGGTCC,MSC6,6,T_cell,CD8 T cells,1244,6.2053,37.4064,-0.1018,0.0066,Not cycling,0.6098,CD8 - Chromatin,,Meningioma,3087.0,1244,14.998380304502753
MSC6_ACTTCGCAGCGTGTCC,MSC6,6,T_cell,CD8 T cells,820,,,,,,,,,Meningioma,1888.0,820,19.06779661016949
MSC6_ACTTCGCCAAAGCAAT,MSC6,6,T_cell,CD8 T cells,1086,6.9457,36.6529,0.087,0.13,Not cycling,1.0569,CD8 - Cytotoxic,CD8 - Cytotoxic,Meningioma,2360.0,1086,16.016949152542374
MSC6_ACTTCGCGTACAGTCT,MSC6,6,T_cell,CD8 T cells,1194,7.1911,36.0258,-0.0371,0.1275,Not cycling,0.4768,CD4 - Cytotoxic,,Meningioma,2787.0,1194,15.787585217079297
MSC6_ACTTCGCGTGCTGCAC,MSC6,6,T_cell,CD8 T cells,1225,5.2692,36.5273,0.1365,0.0032,Not cycling,0.6658,CD4 - Cytotoxic,,Meningioma,2716.0,1225,7.1060382916053015
MSC6_ACTTCGCGTTCTAAGC,MSC6,6,T_cell,CD8 T cells,856,,,,,,,,,Meningioma,1954.0,856,19.959058341862846
MSC6_ACTTCGCTCAGGTGTT,MSC6,6,T_cell,CD8 T cells,1650,9.7612,33.3583,0.9176,0.5346,G1/S,3.2504,CD4 - Cell Cycle,CD4 - Cell Cycle,Meningioma,4056.0,1650,18.46646942800789
MSC6_ACTTCGCTCTGGTCAA,MSC6,6,T_cell,CD8 T cells,1291,5.332,35.3889,-0.0953,0.0067,Not cycling,0.3655,CD4 - Naive1,,Meningioma,3578.0,1291,5.1984348798211295
MSC6_ACTTTCAAGCGTATAA,MSC6,6,T_cell,CD8 T cells,1498,5.0433,34.9221,-0.0325,-0.0842,Not cycling,0.6175,CD4 - Glycolysis/MYC,,Meningioma,4100.0,1498,9.585365853658537
MSC6_ACTTTCAAGTTTAGGA,MSC6,6,T_cell,CD8 T cells,1337,6.9349,37.0534,0.1237,0.0611,Not cycling,0.3807,CD4 - Naive1,,Meningioma,2991.0,1337,15.947843530591776
MSC6_ACTTTGTAGAGATTCA,MSC6,6,T_cell,CD8 T cells,1245,6.1175,37.6376,-0.0978,-0.046,Not cycling,1.3368,CD4 - Cytotoxic,CD4 - Cytotoxic,Meningioma,3087.0,1245,12.01814058956916
MSC6_ACTTTGTCACTAGTAC,MSC6,6,T_cell,CD8 T cells,1028,5.8601,37.5016,-0.0989,0.003,Not cycling,0.167,CD4 - Naive2,,Meningioma,2142.0,1028,11.764705882352942
MSC6_ACTTTGTCAGAGCCCT,MSC6,6,T_cell,CD8 T cells,1103,6.2194,37.7497,-0.0374,0.0,Not cycling,0.4496,CD4 - Naive1,,Meningioma,2273.0,1103,13.37439507259129
MSC6_ACTTTGTTCCGATCTC,MSC6,6,T_cell,CD8 T cells,1193,7.4978,36.8676,0.0767,0.0059,Not cycling,1.923,CD8 - Cytotoxic,CD8 - Cytotoxic,Meningioma,2475.0,1193,8.929292929292929
MSC6_ACTTTGTTCGAGCACC,MSC6,6,T_cell,CD8 T cells,1062,6.1611,37.0487,-0.093,0.0763,Not cycling,1.6029,CD8 - Cytotoxic,CD8 - Cytotoxic,Meningioma,2339.0,1062,15.647712697734075
MSC6_AGAACAATCTGTCGTC,MSC6,6,T_cell,CD8 T cells,875,,,,,,,,,Meningioma,2099.0,875,13.149118627918057
MSC6_AGAACCTAGGAATCGC,MSC6,6,T_cell,CD8 T cells,1128,6.7769,37.4933,-0.0359,0.0123,Not cycling,0.8899,CD8 - Cytotoxic,,Meningioma,2436.0,1128,11.945812807881774
MSC6_AGAACCTGTATACAGA,MSC6,6,T_cell,CD8 T cells,1320,5.3152,37.3349,-0.0354,0.0679,Not cycling,0.5357,CD4 - Naive1,,Meningioma,3064.0,1320,9.823759791122715
MSC6_AGAACCTTCACATCAG,MSC6,6,T_cell,CD8 T cells,1355,7.1246,37.6195,0.0132,0.0053,Not cycling,1.8911,CD8 - Cytotoxic,CD8 - Cytotoxic,Meningioma,3316.0,1355,11.489746682750301
MSC6_AGAAGCGAGAAATTCG,MSC6,6,T_cell,CD8 T cells,1604,5.3739,34.7774,0.1565,-0.0323,Not cycling,0.7064,CD8 - Unassigned2,,Meningioma,4301.0,1604,17.344803534061846
MSC6_AGAAGCGAGTGTACCT,MSC6,6,T_cell,CD8 T cells,1235,7.1969,37.9237,-0.0538,-0.0712,Not cycling,0.4087,CD8 - Cytotoxic,,Meningioma,2653.0,1235,7.463249151903505
MSC6_AGAAGCGTCATTCCTA,MSC6,6,T_cell,CD8 T cells,2351,6.4915,35.7916,0.2377,0.0562,Not cycling,0.6326,CD4 - Treg,,Meningioma,6547.0,2351,10.722468306094393
MSC6_AGAAGTACAGCGCTTG,MSC6,6,T_cell,CD8 T cells,7251,3.3213,19.0075,0.2143,-0.103,Not cycling,0.6015,CD4 - Glycolysis/MYC,,Meningioma,50441.0,7251,8.338454828413393
MSC6_AGAAGTACATGGTACT,MSC6,6,T_cell,CD8 T cells,1436,7.2939,37.0674,0.0685,-0.006,Not cycling,0.5129,CD8 - Cytotoxic,,Meningioma,3325.0,1435,12.721804511278195
MSC6_AGAAGTAGTTGTAAAG,MSC6,6,T_cell,CD8 T cells,989,,,,,,,,,Meningioma,2041.0,989,10.632043116119549
MSC6_AGAAGTAGTTTCGCTC,MSC6,6,T_cell,CD8 T cells,1057,5.1131,37.1472,0.0079,0.0,Not cycling,1.2445,CD4 - Cytotoxic,CD4 - Cytotoxic,Meningioma,2678.0,1057,17.550410754294248
MSC6_AGAAGTATCAGTAGGG,MSC6,6,T_cell,CD8 T cells,1022,5.4821,37.7349,0.0217,-0.0489,Not cycling,0.9581,CD4 - Naive1,,Meningioma,2347.0,1022,17.767362590541115
MSC6_AGACAAAAGCAACCAG,MSC6,6,T_cell,CD8 T cells,1365,6.8512,35.7079,0.263,0.0625,Not cycling,0.7612,CD8 - Unassigned2,,Meningioma,3422.0,1365,13.091759205143191
MSC6_AGACAAACAAGTGGAC,MSC6,6,T_cell,CD8 T cells,1323,4.5834,35.4972,-0.0761,-0.009,Not cycling,0.8627,CD8 - Naive2,,Meningioma,4451.0,1323,4.71804088968771
MSC6_AGACAAAGTTGAGTCT,MSC6,6,T_cell,CD8 T cells,1048,6.6094,37.2365,-0.099,-0.0501,Not cycling,0.921,CD8 - Cytotoxic,,Meningioma,2305.0,1048,17.18004338394794
MSC6_AGACAGGAGACGACTG,MSC6,6,T_cell,CD8 T cells,1953,6.8147,35.8289,-0.0569,-0.006,Not cycling,1.3759,CD4 - Treg,CD4 - Treg,Meningioma,5297.0,1953,8.910704172172927
MSC6_AGACCATAGATGGCGT,MSC6,6,T_cell,CD8 T cells,1154,5.4959,36.994,0.0157,-0.0551,Not cycling,0.3266,CD8 - Unassigned2,,Meningioma,2606.0,1154,6.983883346124329
MSC6_AGACCATAGTCAAGCG,MSC6,6,T_cell,CD8 T cells,1538,3.0253,35.7945,-0.0506,0.1018,Not cycling,0.6824,CD4 - Naive1,,Meningioma,4935.0,1538,19.047619047619047
MSC6_AGACCATGTACGCTTA,MSC6,6,T_cell,CD8 T cells,1078,5.1809,36.8644,0.0261,-0.0446,Not cycling,0.5079,CD4 - Cytotoxic,,Meningioma,2340.0,1078,13.076923076923077
MSC6_AGACCATGTGATACCT,MSC6,6,T_cell,CD8 T cells,1186,6.0414,37.0206,-0.0945,0.0778,Not cycling,0.7341,CD8 - Unassigned2,,Meningioma,2542.0,1186,11.605035405192762
MSC6_AGACCATTCCGTTGAA,MSC6,6,T_cell,CD8 T cells,1785,6.8355,36.2298,-0.0564,0.1278,Not cycling,1.037,CD4 - Naive1,CD4 - Naive1,Meningioma,4499.0,1785,10.646810402311624
MSC6_AGACCCGGTAATGCTC,MSC6,6,T_cell,CD8 T cells,1123,6.9734,37.869,-0.0368,-0.0554,Not cycling,1.0732,CD4 - Cytotoxic,CD4 - Cytotoxic,Meningioma,2917.0,1123,10.62735687350017
MSC6_AGACCCGGTCCCTCAT,MSC6,6,T_cell,CD8 T cells,1185,7.2683,37.6442,0.0216,0.0736,Not cycling,1.5097,CD8 - Cytotoxic,CD8 - Cytotoxic,Meningioma,2668.0,1185,8.5832083958021
MSC6_AGACCCGTCGATTCCC,MSC6,6,T_cell,CD8 T cells,1193,5.9792,37.3828,0.0913,0.128,Not cycling,0.6135,CD8 - Cytotoxic,,Meningioma,2417.0,1193,10.881257757550683
MSC6_AGACTCACATCATTTC,MSC6,6,T_cell,CD8 T cells,994,,,,,,,,,Meningioma,1733.0,994,2.6543566070398152
MSC6_AGACTCAGTCTTGGTA,MSC6,6,T_cell,CD8 T cells,1731,4.7445,36.0248,0.0057,0.0089,Not cycling,1.2639,CD8 - Memory/Naive1,,Meningioma,4570.0,1731,10.13129102844639
MSC6_AGACTCAGTGTCCGTG,MSC6,6,T_cell,CD8 T cells,1248,5.8683,36.2883,-0.049,0.0026,Not cycling,0.325,CD4 - Cytotoxic,,Meningioma,2932.0,1248,16.575716234652116
MSC6_AGACTCAGTTGGTGTT,MSC6,6,T_cell,CD8 T cells,1068,4.6639,37.1452,-0.046,0.1289,Not cycling,0.4353,CD8 - Naive2,,Meningioma,2315.0,1068,15.550755939524837
MSC6_AGACTCATCATTCGGA,MSC6,6,T_cell,CD8 T cells,1047,5.3853,36.835,0.0282,-0.0479,Not cycling,0.4793,CD8 - Cytotoxic,,Meningioma,2305.0,1047,14.793926247288503
MSC6_AGAGAATAGACGGATC,MSC6,6,T_cell,CD8 T cells,1116,4.7318,36.8494,-0.0997,0.0661,Not cycling,1.5995,CD8 - Cytotoxic,CD8 - Cytotoxic,Meningioma,2786.0,1116,19.310839913854988
MSC6_AGAGAATAGCATGAAT,MSC6,6,T_cell,CD8 T cells,1100,7.6677,36.8571,-0.094,0.0057,Not cycling,1.2094,CD4 - Cytotoxic,CD4 - Cytotoxic,Meningioma,2375.0,1100,14.610526315789473
MSC6_AGAGAATGTTTGTTGG,MSC6,6,T_cell,CD8 T cells,1360,7.4106,36.9038,-0.0419,0.0552,Not cycling,0.541,CD4 - Treg,,Meningioma,2910.0,1360,16.04810996563574
MSC6_AGAGAGCCACTAACGT,MSC6,6,T_cell,CD8 T cells,1207,6.3914,36.8429,-0.0438,0.0063,Not cycling,0.2524,CD8 - Unassigned2,,Meningioma,2683.0,1207,10.249720462169213
MSC6_AGAGAGCGTAGGGTAC,MSC6,6,T_cell,CD8 T cells,1147,6.2547,36.944,-0.0389,-0.0485,Not cycling,0.4205,CD8 - Cytotoxic,,Meningioma,2674.0,1147,13.275991024682124
MSC6_AGAGAGCGTATGACAA,MSC6,6,T_cell,CD8 T cells,1000,6.0476,37.7612,-0.0406,-0.05,Not cycling,1.513,CD4 - Naive1,CD4 - Naive1,Meningioma,2370.0,1000,11.265822784810126
MSC6_AGAGAGCGTCCGGATC,MSC6,6,T_cell,CD8 T cells,768,,,,,,,,,Meningioma,1622.0,768,18.12577065351418
MSC6_AGAGAGCTCTCTATAC,MSC6,6,T_cell,CD8 T cells,1493,6.1891,35.7046,-0.0714,-0.0098,Not cycling,0.2231,CD8 - Chromatin,,Meningioma,3736.0,1493,10.546038543897216
MSC6_AGAGCAGAGCGGATCA,MSC6,6,T_cell,CD8 T cells,1736,9.0466,34.2123,0.8542,-0.0076,G1/S,1.2676,CD4 - Cell Cycle,CD4 - Cell Cycle,Meningioma,4254.0,1736,11.189468735307946
MSC6_AGAGCAGCACTGGATT,MSC6,6,T_cell,CD8 T cells,1734,10.094,32.9599,0.8542,0.9589,Intermediate,3.0407,CD4 - Cell Cycle,CD4 - Cell Cycle,Meningioma,4048.0,1734,7.312252964426878
MSC6_AGAGCAGTCTCGTCAC,MSC6,6,T_cell,CD8 T cells,1330,6.1088,36.9067,0.0737,0.0641,Not cycling,0.3244,CD4 - Treg,,Meningioma,3159.0,1330,14.814814814814815
MSC6_AGATAGAAGAATTCAG,MSC6,6,T_cell,CD8 T cells,1036,5.1352,36.5567,-0.0961,0.0046,Not cycling,0.7877,CD8 - Unassigned2,,Meningioma,2363.0,1036,11.595429538721964
MSC6_AGATAGAAGGACACTG,MSC6,6,T_cell,CD8 T cells,1568,7.409,36.2737,0.0731,-0.0065,Not cycling,0.4435,CD8 - Unassigned1,,Meningioma,3748.0,1568,11.259338313767342
MSC6_AGATAGACAGGTATGG,MSC6,6,T_cell,CD8 T cells,1308,6.3997,36.3417,-0.0993,0.0727,Not cycling,0.7519,CD8 - Cytotoxic,,Meningioma,2814.0,1308,15.671641791044776
MSC6_AGATAGAGTTCGATTG,MSC6,6,T_cell,CD8 T cells,2503,6.8034,35.1018,0.786,0.1028,G1/S,0.534,CD4 - Glycolysis/MYC,,Meningioma,7064.0,2503,6.936579841449603
MSC6_AGATAGATCTGTGCGG,MSC6,6,T_cell,CD8 T cells,1048,6.3033,36.6551,0.1513,-0.0535,Not cycling,0.5334,CD8 - Cytotoxic,,Meningioma,2247.0,1048,12.016021361815755
MSC6_AGATCCAAGCTAGAGC,MSC6,6,T_cell,CD8 T cells,1285,6.4569,36.6523,-0.0452,-0.0493,Not cycling,1.0624,CD8 - Cytotoxic,CD8 - Cytotoxic,Meningioma,2843.0,1285,8.512135068589519
MSC6_AGATCCATCGAGTACT,MSC6,6,T_cell,CD8 T cells,1443,5.7268,37.1849,0.0687,0.3051,Not cycling,0.8993,CD8 - Cytotoxic,,Meningioma,3163.0,1443,11.824217515017388
MSC6_AGATCGTAGGCATCAG,MSC6,6,T_cell,CD8 T cells,1141,4.9149,37.1898,0.0942,-0.0516,Not cycling,0.5344,CD4 - Cytotoxic,,Meningioma,2664.0,1141,12.575075075075075
MSC6_AGATCGTGTTGCGGAA,MSC6,6,T_cell,CD8 T cells,2215,-15.9402,25.761,0.3085,-0.0152,Not cycling,1.1617,CD4 - Naive1,CD4 - Naive1,Meningioma,6420.0,2215,10.981308411214954
MSC6_AGATGAACATCCGGTG,MSC6,6,T_cell,CD8 T cells,798,,,,,,,,,Meningioma,1788.0,798,15.883668903803132
MSC6_AGATGAATCTGTTCAT,MSC6,6,T_cell,CD8 T cells,941,,,,,,,,,Meningioma,2233.0,941,15.405284370801612
MSC6_AGATGCTGTCTACATG,MSC6,6,T_cell,CD8 T cells,1420,7.2103,37.1017,-0.0543,0.0031,Not cycling,0.3808,CD8 - Heat shock,,Meningioma,3209.0,1420,13.493300093487068
MSC6_AGATGCTTCATACGGT,MSC6,6,T_cell,CD8 T cells,1321,7.6534,35.7236,0.3021,0.0996,Not cycling,1.0366,CD4 - Cytotoxic,CD4 - Cytotoxic,Meningioma,2823.0,1321,7.757704569606801
MSC6_AGCATCAAGAGGTCGT,MSC6,6,T_cell,CD8 T cells,839,,,,,,,,,Meningioma,1669.0,839,17.49550629119233
MSC6_AGCCAATAGATGCGAC,MSC6,6,T_cell,CD8 T cells,2660,5.1414,34.4262,0.2143,-0.0396,Not cycling,0.6158,CD4 - Glycolysis/MYC,,Meningioma,6823.0,2660,4.646050124578631
MSC6_AGCCACGCAACCGCTG,MSC6,6,T_cell,CD8 T cells,1014,4.4729,36.0913,0.0146,0.0611,Not cycling,0.6805,CD4 - Cytotoxic,,Meningioma,2257.0,1014,15.37439078422685
MSC6_AGCCACGCAGGGATAC,MSC6,6,T_cell,CD8 T cells,1450,6.9125,37.6956,-0.12,0.0635,Not cycling,0.5045,CD4 - Cytotoxic,,Meningioma,3622.0,1450,16.86913307564881
MSC6_AGCCACGTCAGACAAA,MSC6,6,T_cell,CD8 T cells,584,,,,,,,,,Meningioma,994.0,584,4.627766599597585
MSC6_AGCCAGCTCACTCTTA,MSC6,6,T_cell,CD8 T cells,2148,9.8315,33.2509,1.6989,1.1217,Intermediate,2.3506,CD8 - Cell Cycle,,Meningioma,5305.0,2148,9.500471253534402
MSC6_AGCCAGCTCGCTCATC,MSC6,6,T_cell,CD8 T cells,1537,6.6336,36.3379,-0.1284,0.044,Not cycling,0.5754,CD4 - Interferon,,Meningioma,3825.0,1537,9.30718954248366
MSC6_AGCGATTGTGCAACAG,MSC6,6,T_cell,CD8 T cells,1135,5.5415,37.0942,0.078,0.0039,Not cycling,0.9647,CD8 - Cytotoxic,,Meningioma,2535.0,1135,19.013806706114398
MSC6_AGCGCCACATACGCAT,MSC6,6,T_cell,CD8 T cells,2219,7.4465,35.4633,0.2359,0.0447,Not cycling,0.5724,CD8 - Cytotoxic,,Meningioma,5830.0,2219,11.938250428816467
MSC6_AGCGCCAGTAGAGGAA,MSC6,6,T_cell,CD8 T cells,1154,7.0577,36.2407,-0.0375,0.0083,Not cycling,1.3103,CD8 - Cytotoxic,CD8 - Cytotoxic,Meningioma,2630.0,1154,10.304182509505704
MSC6_AGCGCTGAGCGTATAA,MSC6,6,T_cell,CD8 T cells,1565,5.5839,37.0395,-0.0531,-0.0513,Not cycling,0.5471,CD4 - Naive1,,Meningioma,4731.0,1565,10.949059395476644
MSC6_AGCGCTGCATCGTCCT,MSC6,6,T_cell,CD8 T cells,1196,6.6347,37.1008,-0.1222,0.1791,Not cycling,0.8803,CD8 - Cytotoxic,,Meningioma,3101.0,1196,16.768784263140923
MSC6_AGCGCTGGTGGCGTAA,MSC6,6,T_cell,CD8 T cells,1633,-15.7627,25.5171,-0.0546,0.0759,Not cycling,1.5117,CD4 - Naive1,CD4 - Naive1,Meningioma,4396.0,1633,16.49226569608735
MSC6_AGCGTCGCATCTCGTC,MSC6,6,T_cell,CD8 T cells,879,,,,,,,,,Meningioma,2399.0,879,4.418507711546478
MSC6_AGCGTCGGTTCTTCAT,MSC6,6,T_cell,CD8 T cells,1162,15.2725,9.4984,-0.1664,-0.1099,Not cycling,0.7547,CD8 - Memory/Naive1,,Meningioma,2605.0,1162,18.502879078694818
MSC6_AGCTACACATCTAGAC,MSC6,6,T_cell,CD8 T cells,1521,7.7477,36.4273,0.1989,0.0077,Not cycling,1.2143,CD4 - Cytotoxic,CD4 - Cytotoxic,Meningioma,3606.0,1521,10.399334442595674
MSC6_AGCTACAGTCGATTCA,MSC6,6,T_cell,CD8 T cells,1322,5.9235,36.258,0.0233,0.1889,Not cycling,0.5072,CD8 - Cytotoxic,,Meningioma,3041.0,1322,11.772443275238409
MSC6_AGCTACAGTTGGGTAG,MSC6,6,T_cell,CD8 T cells,1108,6.5174,37.0849,-0.0376,-0.0466,Not cycling,0.7311,CD4 - Cytotoxic,,Meningioma,2675.0,1108,15.214953271028037
MSC6_AGCTACATCTCGGCTT,MSC6,6,T_cell,CD8 T cells,1125,7.2368,37.4819,0.1536,0.0096,Not cycling,0.5945,CD8 - Cytotoxic,,Meningioma,2257.0,1125,11.696942844483829
MSC6_AGCTCAAAGGTTCTTG,MSC6,6,T_cell,CD8 T cells,1058,6.0752,37.8647,0.0298,-0.0454,Not cycling,0.636,CD8 - Cytotoxic,,Meningioma,2549.0,1058,11.180855237347979
MSC6_AGCTCAAAGTGGAAAG,MSC6,6,T_cell,CD8 T cells,567,,,,,,,,,Meningioma,857.0,567,8.284714119019837
MSC6_AGCTCAATCATATGGC,MSC6,6,T_cell,CD8 T cells,692,,,,,,,,,Meningioma,1141.0,692,7.800175284837861
MSC6_AGCTCAATCGAACCAT,MSC6,6,T_cell,CD8 T cells,5844,-3.9616,18.5845,2.0653,1.2415,G1/S,1.5676,CD4 - Cell Cycle,CD4 - Cell Cycle,Meningioma,26987.0,5844,16.771037907140474
MSC6_AGCTCAATCGGTCGGT,MSC6,6,T_cell,CD8 T cells,1237,6.8745,37.7207,0.1968,-0.0528,Not cycling,1.1182,CD8 - Cytotoxic,CD8 - Cytotoxic,Meningioma,2615.0,1237,8.75717017208413
MSC6_AGCTTCCTCGCACTCT,MSC6,6,T_cell,CD8 T cells,1391,5.3199,35.5051,0.1785,0.169,Not cycling,0.7703,CD4 - Cell Cycle,,Meningioma,2987.0,1391,6.360897221292267
MSC6_AGGAAATAGAGTCTGG,MSC6,6,T_cell,CD8 T cells,1302,-15.1958,24.7339,-0.0478,0.0649,Not cycling,1.6886,CD4 - Naive1,CD4 - Naive1,Meningioma,3687.0,1302,16.083536750745864
MSC6_AGGAAATAGGGAGGAC,MSC6,6,T_cell,CD8 T cells,1146,4.9892,36.1894,-0.1178,-0.0033,Not cycling,0.5715,CD8 - Unassigned2,,Meningioma,2629.0,1146,16.203879802206163
MSC6_AGGAAATCACTTCAGA,MSC6,6,T_cell,CD8 T cells,1412,6.5958,36.7727,0.0096,0.1714,Not cycling,0.7189,CD8 - Cytotoxic,,Meningioma,3305.0,1412,9.349470499243571
MSC6_AGGAATAAGACAGTCG,MSC6,6,T_cell,CD8 T cells,913,,,,,,,,,Meningioma,2051.0,913,16.089712335446123
MSC6_AGGAATAGTGGTCTGC,MSC6,6,T_cell,CD8 T cells,764,,,,,,,,,Meningioma,1258.0,764,14.308426073131956
MSC6_AGGAATATCCGATGCG,MSC6,6,T_cell,CD8 T cells,1406,7.9046,36.8956,0.0174,0.0066,Not cycling,0.3574,CD8 - Cytotoxic,,Meningioma,3780.0,1406,16.296296296296298
MSC6_AGGAATATCGACATAC,MSC6,6,T_cell,CD8 T cells,966,,,,,,,,,Meningioma,2157.0,966,18.497913769123784
MSC6_AGGACGAAGCGCGTTC,MSC6,6,T_cell,CD8 T cells,898,,,,,,,,,Meningioma,1978.0,898,14.610717896865522
MSC6_AGGACGACAGCACAAG,MSC6,6,T_cell,CD8 T cells,1442,6.9865,35.9909,-0.046,-0.0592,Not cycling,0.5218,CD8 - Unassigned2,,Meningioma,3222.0,1442,9.652389819987585
MSC6_AGGACGAGTGTGAGCA,MSC6,6,T_cell,CD8 T cells,947,,,,,,,,,Meningioma,2016.0,947,14.682539682539682
MSC6_AGGACTTTCTATGCCC,MSC6,6,T_cell,CD8 T cells,1222,5.3957,36.0433,0.1502,0.0065,Not cycling,0.4786,CD8 - Unassigned2,,Meningioma,2795.0,1222,12.59391771019678
MSC6_AGGAGGTGTCATCGGC,MSC6,6,T_cell,CD8 T cells,847,,,,,,,,,Meningioma,1843.0,847,15.572436245252305
MSC6_AGGATAAAGATACCAA,MSC6,6,T_cell,CD8 T cells,1196,6.5715,36.4392,-0.0391,-0.0499,Not cycling,1.2043,CD8 - Cytotoxic,CD8 - Cytotoxic,Meningioma,2554.0,1196,12.333594361785435
MSC6_AGGATCTTCATTGCCC,MSC6,6,T_cell,CD8 T cells,1348,5.4548,36.1263,-0.0447,0.1263,Not cycling,0.5466,CD8 - Cytotoxic,,Meningioma,3417.0,1348,17.559262510974538
MSC6_AGGATCTTCTGGCTGG,MSC6,6,T_cell,CD8 T cells,1696,8.8582,34.4603,0.5612,-0.0005,Not cycling,0.9698,CD4 - Cell Cycle,,Meningioma,3787.0,1696,9.189331925006602
MSC6_AGGATCTTCTTCCACG,MSC6,6,T_cell,CD8 T cells,1139,7.5139,37.479,0.0121,-0.0009,Not cycling,1.1501,CD8 - Heat shock,,Meningioma,2401.0,1139,13.369429404414827
MSC6_AGGCATTGTACGGGAT,MSC6,6,T_cell,CD8 T cells,1237,6.247,36.19,-0.1113,0.0077,Not cycling,0.5935,CD8 - Unassigned1,,Meningioma,2938.0,1237,17.460857726344454
MSC6_AGGCATTTCGCTTGAA,MSC6,6,T_cell,CD8 T cells,7845,0.4765,18.4517,1.4868,0.4419,G1/S,0.7228,CD4 - Glycolysis/MYC,,Meningioma,64282.0,7844,8.274478080955788
MSC6_AGGCCACAGTAAAGCT,MSC6,6,T_cell,CD8 T cells,1176,6.5462,37.0623,0.0713,0.3066,Not cycling,0.6593,CD8 - Cytotoxic,,Meningioma,2835.0,1176,15.626102292768959
MSC6_AGGCTGCCAGCCTACG,MSC6,6,T_cell,CD8 T cells,972,,,,,,,,,Meningioma,2747.0,972,14.088096104841645
MSC6_AGGGAGTCAACCCTCT,MSC6,6,T_cell,CD8 T cells,1123,5.0625,37.2536,-0.0438,0.0708,Not cycling,0.536,CD8 - Naive3,,Meningioma,2441.0,1123,7.333060221220811
MSC6_AGGGCCTAGTCACTGT,MSC6,6,T_cell,CD8 T cells,2167,10.5383,32.4022,0.7109,1.8027,G2/M,3.2672,CD4 - Cell Cycle,CD4 - Cell Cycle,Meningioma,5928.0,2167,9.463562753036438
MSC6_AGGGCCTCACTTCCTG,MSC6,6,T_cell,CD8 T cells,1154,5.457,37.468,0.2077,-0.0529,Not cycling,0.7643,CD4 - Stress/HSP,,Meningioma,2558.0,1154,14.855355746677091
MSC6_AGGGCCTGTCACAGAG,MSC6,6,T_cell,CD8 T cells,1868,8.6719,34.6627,0.7365,0.0525,G1/S,0.5611,CD8 - Glycolysis/MYC,,Meningioma,4754.0,1868,8.687421119057635
MSC6_AGGGCTCCACGCCAGT,MSC6,6,T_cell,CD8 T cells,1272,3.2171,35.9287,-0.0393,0.1807,Not cycling,0.8771,CD4 - Naive1,,Meningioma,3619.0,1272,14.838353136225477
MSC6_AGGGCTCTCAGTGATC,MSC6,6,T_cell,CD8 T cells,852,,,,,,,,,Meningioma,1746.0,852,14.0893470790378
MSC6_AGGGTCCAGCACCGTC,MSC6,6,T_cell,CD8 T cells,1031,5.4872,37.5601,0.0161,-0.0468,Not cycling,0.7541,CD8 - Heat shock,,Meningioma,2296.0,1031,10.19163763066202
MSC6_AGGGTCCCAGGTTTAC,MSC6,6,T_cell,CD8 T cells,1301,7.8103,37.0332,-0.0476,-0.0497,Not cycling,0.6383,CD8 - Naive2,,Meningioma,2870.0,1301,11.21951219512195
MSC6_AGGGTCCTCGCCAGAC,MSC6,6,T_cell,CD8 T cells,1021,5.1805,37.0596,0.0273,-0.0423,Not cycling,1.35,CD8 - Cytotoxic,CD8 - Cytotoxic,Meningioma,2386.0,1021,13.202011735121543
MSC6_AGGGTCCTCGGTATGT,MSC6,6,T_cell,CD8 T cells,1222,5.6603,36.1768,0.0693,-0.0026,Not cycling,1.6,CD4 - Cytotoxic,CD4 - Cytotoxic,Meningioma,3139.0,1222,10.130614845492195
MSC6_AGGGTGACACTTCATT,MSC6,6,T_cell,CD8 T cells,1704,3.7111,35.6366,-0.1362,0.0473,Not cycling,0.8914,CD8 - Unassigned2,,Meningioma,4327.0,1704,6.517217471689392
MSC6_AGGGTGAGTCGACTGC,MSC6,6,T_cell,CD8 T cells,6213,1.3594,17.7726,1.5995,0.1244,G1/S,0.8948,CD4 - Glycolysis/MYC,,Meningioma,34737.0,6213,7.153755361718053
MSC6_AGGGTTTAGGCTAAAT,MSC6,6,T_cell,CD8 T cells,997,,,,,,,,,Meningioma,2971.0,997,16.189835072366208
MSC6_AGGGTTTCAGTTGGTT,MSC6,6,T_cell,CD8 T cells,599,,,,,,,,,Meningioma,968.0,599,5.1652892561983474
MSC6_AGGGTTTGTAAGCTCT,MSC6,6,T_cell,CD8 T cells,755,,,,,,,,,Meningioma,1583.0,755,10.991787744788377
MSC6_AGGGTTTGTGTAGTGG,MSC6,6,T_cell,CD8 T cells,1616,9.8815,33.1943,0.7892,0.5939,G1/S,2.7881,CD4 - Cell Cycle,CD4 - Cell Cycle,Meningioma,3423.0,1616,12.386795208881098
MSC6_AGGTAGGGTGGCGTAA,MSC6,6,T_cell,CD8 T cells,984,,,,,,,,,Meningioma,2095.0,984,12.744630071599046
MSC6_AGGTAGGGTTGCTAGT,MSC6,6,T_cell,CD8 T cells,1467,5.6533,36.668,-0.0517,0.0609,Not cycling,0.276,CD8 - Naive2,,Meningioma,3626.0,1467,11.500275785990071
MSC6_AGGTAGGGTTGGGAAC,MSC6,6,T_cell,CD8 T cells,1075,5.5487,36.4648,-0.0359,0.1269,Not cycling,0.4313,CD8 - Interferon,,Meningioma,2417.0,1075,13.94290442697559
MSC6_AGGTCATCAGCTATTG,MSC6,6,T_cell,CD8 T cells,1155,7.2721,37.152,-0.0336,-0.0506,Not cycling,0.9414,CD8 - Cytotoxic,,Meningioma,2626.0,1155,9.52018278750952
MSC6_AGGTCATTCAGTGTGT,MSC6,6,T_cell,CD8 T cells,1047,6.3411,37.7115,-0.0479,0.129,Not cycling,0.6911,CD8 - Cytotoxic,,Meningioma,2541.0,1047,17.158598976780794
MSC6_AGGTCATTCGACACCG,MSC6,6,T_cell,CD8 T cells,1442,7.1701,35.5884,0.3692,0.0652,Not cycling,1.2896,CD4 - Cytotoxic,CD4 - Cytotoxic,Meningioma,3368.0,1442,10.83729216152019
MSC6_AGGTCTAAGTTCTACG,MSC6,6,T_cell,CD8 T cells,1170,5.9115,37.7032,-0.0987,-0.0527,Not cycling,0.9852,CD8 - Heat shock,,Meningioma,2657.0,1170,9.446744448626271
MSC6_AGGTCTAGTGAGTCAG,MSC6,6,T_cell,CD8 T cells,920,,,,,,,,,Meningioma,2378.0,920,17.073170731707318
MSC6_AGGTCTATCCTGGCTT,MSC6,6,T_cell,CD8 T cells,1763,5.062,34.6779,-0.0856,-0.0917,Not cycling,0.3542,CD8 - Unassigned2,,Meningioma,5047.0,1763,6.063007727362789
MSC6_AGGTGTTCACACAGAG,MSC6,6,T_cell,CD8 T cells,1610,5.1616,34.6916,-0.0652,0.3019,Not cycling,1.0305,CD8 - Unassigned2,,Meningioma,4778.0,1610,7.4508162411050645
MSC6_AGGTGTTCACGACAAG,MSC6,6,T_cell,CD8 T cells,1107,5.296,36.0373,-0.0447,0.1299,Not cycling,0.9032,CD4 - Cytotoxic,,Meningioma,2675.0,1107,9.158878504672897
MSC6_AGGTTACCACGGTGAA,MSC6,6,T_cell,CD8 T cells,1616,8.1115,35.3331,0.0032,0.8528,G2/M,1.0225,CD8 - Unassigned2,,Meningioma,4113.0,1616,12.156576707999028
MSC6_AGGTTACGTTGCATGT,MSC6,6,T_cell,CD8 T cells,1029,4.7445,36.875,-0.039,0.0663,Not cycling,0.8563,CD4 - Cytotoxic,,Meningioma,2125.0,1029,12.51764705882353
MSC6_AGGTTGTCACGGCACT,MSC6,6,T_cell,CD8 T cells,1039,5.3405,36.7686,-0.1033,-0.0529,Not cycling,0.6771,CD4 - Naive1,,Meningioma,1983.0,1039,3.5804336863338375
MSC6_AGTAACCAGAGATGCC,MSC6,6,T_cell,CD8 T cells,818,,,,,,,,,Meningioma,1689.0,818,16.10420367081113
MSC6_AGTAACCCAACGACAG,MSC6,6,T_cell,CD8 T cells,1182,6.161,37.1923,0.0191,0.0071,Not cycling,0.8066,CD4 - Cytotoxic,,Meningioma,2548.0,1182,12.205651491365778
MSC6_AGTACCACATTCAGGT,MSC6,6,T_cell,CD8 T cells,1244,5.877,36.5707,-0.0454,-0.0593,Not cycling,0.3734,CD8 - Naive3,,Meningioma,2737.0,1244,13.591523565948119
MSC6_AGTACTGAGAAATGGG,MSC6,6,T_cell,CD8 T cells,1365,5.803,36.0202,0.1464,-0.0563,Not cycling,0.6531,CD8 - Interferon,,Meningioma,2950.0,1365,13.525423728813559
MSC6_AGTACTGAGCTTCTAG,MSC6,6,T_cell,CD8 T cells,1235,6.8347,37.0968,0.1986,0.0664,Not cycling,1.0946,CD4 - Cytotoxic,CD4 - Cytotoxic,Meningioma,2735.0,1235,13.053016453382083
MSC6_AGTACTGAGGGACCAT,MSC6,6,T_cell,CD8 T cells,1070,4.7778,36.4905,-0.0955,0.0027,Not cycling,0.4103,CD8 - Unassigned2,,Meningioma,2588.0,1070,11.978361669242659
MSC6_AGTACTGCAAAGACGC,MSC6,6,T_cell,CD8 T cells,1677,7.4643,36.0557,-0.1363,0.2703,Not cycling,0.7823,CD8 - Cytotoxic,,Meningioma,3841.0,1677,11.325175735485551
MSC6_AGTACTGCAATACCCA,MSC6,6,T_cell,CD8 T cells,705,,,,,,,,,Meningioma,1126.0,705,8.170515097690942
MSC6_AGTACTGCAGAACTTC,MSC6,6,T_cell,CD8 T cells,1933,9.3458,33.8278,1.0705,0.2098,G1/S,1.8708,CD4 - Cell Cycle,CD4 - Cell Cycle,Meningioma,5195.0,1933,9.470644850818095
MSC6_AGTACTGGTCCGGTGT,MSC6,6,T_cell,CD8 T cells,1262,6.7214,36.7214,0.1457,-0.0537,Not cycling,0.8278,CD8 - Memory/Naive1,,Meningioma,2707.0,1262,14.924270410048024
MSC6_AGTACTGGTTGTGGCC,MSC6,6,T_cell,CD8 T cells,5622,4.7462,21.9237,0.083,0.1238,Not cycling,0.4751,CD4 - Glycolysis/MYC,,Meningioma,32589.0,5621,8.358648623768756
MSC6_AGTAGCTAGGTCTTTG,MSC6,6,T_cell,CD8 T cells,1813,9.4615,33.7188,1.1677,-0.0634,G1/S,1.6273,CD4 - Cell Cycle,CD4 - Cell Cycle,Meningioma,4908.0,1813,16.15729421352893
MSC6_AGTAGCTGTATTCTCT,MSC6,6,T_cell,CD8 T cells,1184,5.3574,35.8545,-0.0385,0.0663,Not cycling,1.1013,CD8 - Unassigned1,,Meningioma,2697.0,1184,16.61104931405265
MSC6_AGTAGCTTCCATGCAA,MSC6,6,T_cell,CD8 T cells,1050,4.5337,36.4043,-0.0404,-0.0488,Not cycling,0.9936,CD8 - Unassigned1,,Meningioma,2435.0,1050,11.663244353182751
MSC6_AGTAGCTTCTAACGGT,MSC6,6,T_cell,CD8 T cells,1092,4.8057,36.3963,-0.113,0.01,Not cycling,0.8035,CD8 - Cytotoxic,,Meningioma,3110.0,1092,15.72347266881029
MSC6_AGTCAACAGCCTCACG,MSC6,6,T_cell,CD8 T cells,1117,6.3431,36.5507,0.0844,0.066,Not cycling,1.22,CD4 - Cytotoxic,CD4 - Cytotoxic,Meningioma,2523.0,1117,13.634562029330162
MSC6_AGTCAACCATTGCTTT,MSC6,6,T_cell,CD8 T cells,1057,5.0044,37.3386,0.0251,0.1366,Not cycling,1.1927,CD8 - Memory/Naive1,,Meningioma,2407.0,1057,16.65974241794765
MSC6_AGTCAACTCAACACGT,MSC6,6,T_cell,CD8 T cells,1146,7.4996,37.2091,0.0143,0.1264,Not cycling,1.1597,CD8 - Cytotoxic,CD8 - Cytotoxic,Meningioma,2390.0,1146,9.9581589958159
MSC6_AGTCAACTCACTGGTA,MSC6,6,T_cell,CD8 T cells,1212,7.2134,36.28,0.3768,-0.0049,Not cycling,0.8381,CD4 - Cytotoxic,,Meningioma,2880.0,1212,12.256944444444445
MSC6_AGTCACACAGCAGATG,MSC6,6,T_cell,CD8 T cells,941,,,,,,,,,Meningioma,2065.0,941,12.590799031476998
MSC6_AGTCACACATGCAGCC,MSC6,6,T_cell,CD8 T cells,1165,7.0756,36.5508,-0.1012,-0.0533,Not cycling,0.9295,CD4 - Cytotoxic,,Meningioma,2564.0,1165,17.628705148205928
MSC6_AGTCACATCTCAGTCC,MSC6,6,T_cell,CD8 T cells,945,,,,,,,,,Meningioma,1900.0,945,17.36842105263158
MSC6_AGTCATGAGGTGATCG,MSC6,6,T_cell,CD8 T cells,1803,10.0698,32.9949,0.9663,1.0098,Intermediate,3.047,CD4 - Cell Cycle,CD4 - Cell Cycle,Meningioma,3886.0,1803,9.109624292331446
MSC6_AGTCATGCAACTCGAT,MSC6,6,T_cell,CD8 T cells,1482,7.3211,35.8836,-0.1066,0.0054,Not cycling,0.3466,CD8 - Unassigned2,,Meningioma,3386.0,1482,11.399881866509155
MSC6_AGTCATGCACTTACAG,MSC6,6,T_cell,CD8 T cells,628,,,,,,,,,Meningioma,1526.0,628,17.955439056356486
MSC6_AGTCATGGTTGACTGT,MSC6,6,T_cell,CD8 T cells,1400,7.482,36.3688,0.1926,0.1953,Not cycling,1.0913,CD8 - Cytotoxic,CD8 - Cytotoxic,Meningioma,3437.0,1400,18.679080593540878
MSC6_AGTCATGTCAAGAAAC,MSC6,6,T_cell,CD8 T cells,1011,4.6798,36.6477,-0.0409,-0.0571,Not cycling,0.7117,CD4 - Naive1,,Meningioma,2274.0,1011,12.532981530343008
MSC6_AGTCTCCCAACGGCTC,MSC6,6,T_cell,CD8 T cells,1101,6.0808,37.3732,-0.0278,0.0137,Not cycling,1.0224,CD8 - Cytotoxic,CD8 - Cytotoxic,Meningioma,2726.0,1101,9.647835656639765
MSC6_AGTCTCCGTAATGCGG,MSC6,6,T_cell,CD8 T cells,1397,6.3579,37.1039,0.0798,0.1362,Not cycling,0.5178,CD8 - Glycolysis/MYC,,Meningioma,3238.0,1397,8.36936380481779
MSC6_AGTCTCCGTCCACATA,MSC6,6,T_cell,CD8 T cells,888,,,,,,,,,Meningioma,1985.0,888,10.428211586901764
MSC6_AGTGACTCAATCTCTT,MSC6,6,T_cell,CD8 T cells,1056,5.999,37.8303,-0.0433,0.0107,Not cycling,0.9258,CD4 - Naive1,,Meningioma,2205.0,1056,12.879818594104309
MSC6_AGTGACTGTATGAGAT,MSC6,6,T_cell,CD8 T cells,962,,,,,,,,,Meningioma,2014.0,962,10.178748758689176
MSC6_AGTGATCAGTATGTAG,MSC6,6,T_cell,CD8 T cells,1269,5.598,36.3847,-0.1,0.0118,Not cycling,0.3928,CD8 - Unassigned1,,Meningioma,2863.0,1269,18.162766329025498
MSC6_AGTGATCTCCCAAGTA,MSC6,6,T_cell,CD8 T cells,1134,7.9582,36.2887,0.0211,0.0113,Not cycling,0.7002,CD4 - Cytotoxic,,Meningioma,2486.0,1134,16.049879324215606
MSC6_AGTGATCTCTGCTCTG,MSC6,6,T_cell,CD8 T cells,868,,,,,,,,,Meningioma,1748.0,868,13.615560640732266
MSC6_AGTGCCGAGCGGATCA,MSC6,6,T_cell,CD8 T cells,1648,7.6481,36.927,-0.0543,-0.0022,Not cycling,0.4596,CD4 - Treg,,Meningioma,3608.0,1648,11.668514412416851
MSC6_AGTGCCGAGTAATTGG,MSC6,6,T_cell,CD8 T cells,804,,,,,,,,,Meningioma,1860.0,804,17.043010752688172
MSC6_AGTGCCGTCCCGAACG,MSC6,6,T_cell,CD8 T cells,924,,,,,,,,,Meningioma,2134.0,924,18.556701030927837
MSC6_AGTGTTGTCTTTGCTA,MSC6,6,T_cell,CD8 T cells,1032,4.9673,36.9222,-0.0385,0.0033,Not cycling,1.6727,CD4 - Naive1,CD4 - Naive1,Meningioma,2341.0,1032,15.292609995728322
MSC6_AGTTAGCCATACACCA,MSC6,6,T_cell,CD8 T cells,1214,6.4177,37.5574,-0.042,-0.0574,Not cycling,0.4852,CD4 - Naive2,,Meningioma,2952.0,1214,10.602981029810298
MSC6_AGTTCGAGTTCGTAAC,MSC6,6,T_cell,CD8 T cells,1515,5.1239,34.4327,-0.0253,-0.0407,Not cycling,0.4381,CD8 - Glycolysis/MYC,,Meningioma,3688.0,1515,12.039045553145336
MSC6_ATACCTTAGCTGAAAT,MSC6,6,T_cell,CD8 T cells,1438,5.5397,35.9662,0.0034,-0.0642,Not cycling,0.995,CD4 - Cytotoxic,,Meningioma,3418.0,1438,10.56173200702165
MSC6_ATACCTTCAGCATACT,MSC6,6,T_cell,CD8 T cells,1398,6.5654,36.4117,-0.0567,0.0614,Not cycling,1.8344,CD8 - Cytotoxic,CD8 - Cytotoxic,Meningioma,3360.0,1398,8.214285714285714
MSC6_ATACCTTGTCCAAATC,MSC6,6,T_cell,CD8 T cells,1674,5.652,37.3269,0.032,0.1037,Not cycling,0.9639,CD4 - Naive1,,Meningioma,4100.0,1674,7.951219512195122
MSC6_ATACTTCCATAATCGC,MSC6,6,T_cell,CD8 T cells,1448,5.4279,34.821,-0.0066,0.1114,Not cycling,0.5793,CD8 - Heat shock,,Meningioma,3422.0,1448,9.000584453535945
MSC6_ATACTTCGTGGCTGAA,MSC6,6,T_cell,CD8 T cells,1489,9.0275,34.0951,0.864,-0.0616,G1/S,0.5867,CD4 - Cell Cycle,,Meningioma,3319.0,1488,11.268454353721001
MSC6_ATACTTCGTTCGGGTC,MSC6,6,T_cell,CD8 T cells,1146,5.4332,37.0168,-0.1055,0.0114,Not cycling,1.0476,CD4 - Cytotoxic,CD4 - Cytotoxic,Meningioma,2556.0,1146,10.641627543035995
MSC6_ATACTTCTCAAATGCC,MSC6,6,T_cell,CD8 T cells,1196,7.1411,36.4906,0.2616,0.1248,Not cycling,0.7238,CD8 - Naive3,,Meningioma,2437.0,1196,9.15059499384489
MSC6_ATACTTCTCGAACCAT,MSC6,6,T_cell,CD8 T cells,1200,6.8941,37.6527,0.2036,0.058,Not cycling,0.2186,CD8 - Heat shock,,Meningioma,2799.0,1200,12.718828152911755
MSC6_ATAGACCAGCTGGCTC,MSC6,6,T_cell,CD8 T cells,1774,5.825,35.9493,0.0576,0.1763,Not cycling,1.3709,CD4 - Cytotoxic,CD4 - Cytotoxic,Meningioma,4250.0,1774,11.058823529411764
MSC6_ATAGACCCACCCTTGT,MSC6,6,T_cell,CD8 T cells,1804,7.5466,36.2343,0.2986,-0.0108,Not cycling,0.3411,CD8 - Chromatin,,Meningioma,4316.0,1804,13.461538461538462
MSC6_ATAGAGACAATTGCGT,MSC6,6,T_cell,CD8 T cells,1816,5.4307,35.5028,-0.0345,-0.0931,Not cycling,0.161,CD4 - Naive1,,Meningioma,5217.0,1816,4.6003450258769405
MSC6_ATAGAGAGTCTTACAG,MSC6,6,T_cell,CD8 T cells,2279,9.8777,33.1979,0.7055,1.0066,G2/M,2.3096,CD8 - Cell Cycle,,Meningioma,6624.0,2279,9.08816425120773
MSC6_ATAGAGATCTCTCGAC,MSC6,6,T_cell,CD8 T cells,927,,,,,,,,,Meningioma,1854.0,927,15.372168284789645
MSC6_ATAGGCTAGTCTTCGA,MSC6,6,T_cell,CD8 T cells,968,,,,,,,,,Meningioma,2059.0,968,15.930063137445362
MSC6_ATAGGCTCAACGCATT,MSC6,6,T_cell,CD8 T cells,1346,5.7399,36.2915,-0.0747,0.1804,Not cycling,0.8409,CD8 - Cytotoxic,,Meningioma,3362.0,1346,9.309934562760262
MSC6_ATAGGCTGTACGGCAA,MSC6,6,T_cell,CD8 T cells,1238,4.8677,36.5231,-0.0993,0.1277,Not cycling,0.2739,CD4 - Naive1,,Meningioma,2882.0,1238,16.308119361554475
MSC6_ATAGGCTGTTAAGGGC,MSC6,6,T_cell,CD8 T cells,1502,5.2232,35.8232,-0.0117,0.4753,Not cycling,0.7559,CD4 - Cell Cycle,,Meningioma,4066.0,1502,6.566650270536154
MSC6_ATAGGCTTCACACGAT,MSC6,6,T_cell,CD8 T cells,1302,7.199,35.9288,0.1466,0.0006,Not cycling,1.0881,CD4 - Cytotoxic,CD4 - Cytotoxic,Meningioma,2650.0,1302,10.79245283018868
MSC6_ATATCCTAGCAAGGAA,MSC6,6,T_cell,CD8 T cells,1180,6.8698,37.7859,-0.0977,0.1282,Not cycling,0.7568,CD8 - Heat shock,,Meningioma,2537.0,1180,12.061489948758377
MSC6_ATATCCTGTCCTCAGG,MSC6,6,T_cell,CD8 T cells,1356,7.3011,36.4186,-0.0584,0.1206,Not cycling,1.0687,CD4 - Cytotoxic,CD4 - Cytotoxic,Meningioma,3030.0,1356,10.0
MSC6_ATATCCTGTGCATGTT,MSC6,6,T_cell,CD8 T cells,1191,6.1196,37.4375,0.0772,-0.0592,Not cycling,0.8822,CD8 - Cytotoxic,,Meningioma,2686.0,1191,7.110945644080417
MSC6_ATATCCTTCAGCTCTC,MSC6,6,T_cell,CD8 T cells,1178,7.3714,37.2873,-0.102,-0.0529,Not cycling,0.7672,CD8 - Cytotoxic,,Meningioma,2549.0,1178,10.827775598273833
MSC6_ATATCCTTCTGACCCT,MSC6,6,T_cell,CD8 T cells,1165,6.7799,37.3532,-0.1097,-0.002,Not cycling,0.8546,CD4 - Cytotoxic,,Meningioma,2740.0,1165,10.0
MSC6_ATCACAGAGTGGCCTC,MSC6,6,T_cell,CD8 T cells,2866,-8.7789,12.2811,0.6396,0.2863,Not cycling,1.1033,CD4 - Cell Cycle,CD4 - Cell Cycle,Meningioma,21648.0,2866,0.8822985957132299
MSC6_ATCACAGGTATACGGG,MSC6,6,T_cell,CD8 T cells,1054,4.8606,37.1402,0.0145,-0.0516,Not cycling,0.3487,CD8 - Memory/Naive1,,Meningioma,2171.0,1054,13.72639336711193
MSC6_ATCACAGTCACCTTAT,MSC6,6,T_cell,CD8 T cells,1718,5.5599,35.6575,0.2133,0.6557,G2/M,0.8682,CD4 - Cell Cycle,,Meningioma,3695.0,1718,8.308525033829499
MSC6_ATCACAGTCTTAGGAC,MSC6,6,T_cell,CD8 T cells,1481,7.5612,36.7335,0.0658,0.0518,Not cycling,0.6862,CD8 - Heat shock,,Meningioma,3445.0,1481,9.57910014513788
MSC6_ATCACGACACAGTCCG,MSC6,6,T_cell,CD8 T cells,1243,6.4757,36.7315,-0.0566,0.1224,Not cycling,1.1488,CD4 - Cytotoxic,CD4 - Cytotoxic,Meningioma,2854.0,1243,14.155571128241066
MSC6_ATCACGACACCATTCC,MSC6,6,T_cell,CD8 T cells,1043,4.7225,36.5547,-0.1023,-0.0536,Not cycling,0.3945,CD4 - Naive1,,Meningioma,2177.0,1043,11.529627928341755
MSC6_ATCACGAGTTGCCATA,MSC6,6,T_cell,CD8 T cells,1091,5.676,37.0732,0.0198,0.0059,Not cycling,1.2949,CD8 - Unassigned1,,Meningioma,2493.0,1091,12.354592860008022
MSC6_ATCACGATCTCGGCTT,MSC6,6,T_cell,CD8 T cells,1295,6.0697,36.7795,0.0199,-0.0576,Not cycling,0.3156,CD8 - Cytotoxic,,Meningioma,2828.0,1295,11.916548797736917
MSC6_ATCACTTCAAATGGCG,MSC6,6,T_cell,CD8 T cells,1340,7.4391,36.8369,-0.1009,0.0652,Not cycling,0.6045,CD4 - Naive1,,Meningioma,3273.0,1340,11.274060494958754
MSC6_ATCACTTCACGACAGA,MSC6,6,T_cell,CD8 T cells,1339,-9.4887,14.4762,0.2295,0.4237,Not cycling,1.1615,CD4 - Cell Cycle,CD4 - Cell Cycle,Meningioma,2517.0,1339,4.489471593166468
MSC6_ATCACTTGTGACTGTT,MSC6,6,T_cell,CD8 T cells,1112,5.7341,37.5487,-0.0421,0.0595,Not cycling,1.0885,CD8 - Heat shock,,Meningioma,2496.0,1112,7.8125
MSC6_ATCAGGTTCAAGATAG,MSC6,6,T_cell,CD8 T cells,1167,4.948,36.9798,-0.0923,0.0458,Not cycling,0.9743,CD8 - Unassigned1,,Meningioma,2559.0,1167,9.495896834701055
MSC6_ATCATTCCACGTCGTG,MSC6,6,T_cell,CD8 T cells,994,,,,,,,,,Meningioma,2169.0,994,17.93453204241586
MSC6_ATCATTCTCCTAGAGT,MSC6,6,T_cell,CD8 T cells,1008,5.3897,37.1301,-0.0339,-0.0489,Not cycling,0.1094,CD8 - Cytotoxic,,Meningioma,2368.0,1008,15.625
MSC6_ATCCACCAGAACCCGA,MSC6,6,T_cell,CD8 T cells,1278,6.2048,36.5951,0.0859,0.0665,Not cycling,0.8848,CD4 - Naive1,,Meningioma,2815.0,1278,11.190053285968029
MSC6_ATCCACCGTGCTGCAC,MSC6,6,T_cell,CD8 T cells,1235,5.9154,36.8664,-0.0489,0.1185,Not cycling,0.8389,CD8 - Cytotoxic,,Meningioma,2746.0,1235,10.77931536780772
MSC6_ATCCACCTCATTTCCA,MSC6,6,T_cell,CD8 T cells,1371,7.2183,36.9996,0.0772,-0.0583,Not cycling,0.6386,CD8 - Cytotoxic,,Meningioma,3202.0,1371,16.36477201748907
MSC6_ATCCACCTCCAATGCA,MSC6,6,T_cell,CD8 T cells,529,,,,,,,,,Meningioma,895.0,529,4.581005586592179
MSC6_ATCCACCTCCATAAGC,MSC6,6,T_cell,CD8 T cells,1014,4.2455,36.6091,-0.0543,-0.0014,Not cycling,0.4835,CD8 - Cytotoxic,,Meningioma,2181.0,1014,10.820724438331041
MSC6_ATCCATTAGGTAATCA,MSC6,6,T_cell,CD8 T cells,2046,-14.6242,24.3582,0.1143,0.1605,Not cycling,1.5177,CD4 - Naive1,CD4 - Naive1,Meningioma,5669.0,2046,7.990827306403245
MSC6_ATCCATTGTGTCATCA,MSC6,6,T_cell,CD8 T cells,1157,5.0245,36.4922,-0.0505,-0.0037,Not cycling,0.8052,CD4 - Cytotoxic,,Meningioma,2692.0,1157,12.407132243684993
MSC6_ATCCCTGGTCCTACAA,MSC6,6,T_cell,CD8 T cells,1812,9.8174,33.2684,1.4517,0.8234,G1/S,2.6102,CD4 - Cell Cycle,CD4 - Cell Cycle,Meningioma,4272.0,1812,12.92134831460674
MSC6_ATCCCTGGTGACTCGC,MSC6,6,T_cell,CD8 T cells,863,,,,,,,,,Meningioma,2056.0,863,17.363813229571985
MSC6_ATCCGTCAGCTTGTTG,MSC6,6,T_cell,CD8 T cells,1002,5.1999,37.0661,-0.0448,0.074,Not cycling,0.5694,CD8 - Unassigned1,,Meningioma,2067.0,1002,14.368650217706822
MSC6_ATCCGTCCACCGTGGT,MSC6,6,T_cell,CD8 T cells,2313,7.2261,35.5213,-0.0566,0.1821,Not cycling,0.7486,CD4 - Cytotoxic,,Meningioma,6590.0,2313,10.531107738998482
MSC6_ATCCGTCGTCAGGAGT,MSC6,6,T_cell,CD8 T cells,1062,5.0372,36.9852,-0.0585,0.0574,Not cycling,0.5008,CD8 - Chromatin,,Meningioma,2271.0,1062,12.681638044914134
MSC6_ATCCTATGTTTCGACA,MSC6,6,T_cell,CD8 T cells,911,,,,,,,,,Meningioma,2059.0,911,9.276347741622146
MSC6_ATCGATGAGAATCGCG,MSC6,6,T_cell,CD8 T cells,1182,6.7241,36.7943,-0.1118,-0.0146,Not cycling,1.276,CD8 - Cytotoxic,CD8 - Cytotoxic,Meningioma,2355.0,1182,11.762208067940552
MSC6_ATCGATGAGATGCCGA,MSC6,6,T_cell,CD8 T cells,2174,9.9197,33.162,1.2769,1.0063,Intermediate,2.8137,CD4 - Cell Cycle,CD4 - Cell Cycle,Meningioma,5284.0,2174,9.651778955336866
MSC6_ATCGATGCACTGGATT,MSC6,6,T_cell,CD8 T cells,1338,6.5284,37.9038,-0.0651,-0.0619,Not cycling,1.7516,CD4 - Stress/HSP,,Meningioma,3205.0,1338,5.959438377535101
MSC6_ATCGATGCAGTCAGCC,MSC6,6,T_cell,CD8 T cells,1995,10.0164,33.0737,1.2737,0.8902,Intermediate,3.2693,CD4 - Cell Cycle,CD4 - Cell Cycle,Meningioma,4917.0,1995,10.961968680089486
MSC6_ATCGATGCATAAGCGG,MSC6,6,T_cell,CD8 T cells,1473,8.8116,34.4738,0.8531,0.1141,G1/S,0.978,CD4 - Cell Cycle,,Meningioma,3441.0,1473,16.506829410055218
MSC6_ATCGATGTCTCTCCGA,MSC6,6,T_cell,CD8 T cells,505,,,,,,,,,Meningioma,828.0,505,7.85024154589372
MSC6_ATCGCCTAGCAAATGT,MSC6,6,T_cell,CD8 T cells,1147,6.6579,37.0802,-0.1045,-0.0572,Not cycling,0.4675,CD8 - Memory/Naive1,,Meningioma,2541.0,1147,13.57733175914994
MSC6_ATCGGATGTAGGATAT,MSC6,6,T_cell,CD8 T cells,1181,5.2841,37.3919,-0.049,0.0688,Not cycling,0.5008,CD4 - Stress/HSP,,Meningioma,2931.0,1181,13.61310133060389
MSC6_ATCGGATTCATGAGAA,MSC6,6,T_cell,CD8 T cells,509,,,,,,,,,Meningioma,892.0,509,14.910313901345292
MSC6_ATCGGATTCCAAAGGG,MSC6,6,T_cell,CD8 T cells,2642,9.6103,33.4737,1.9457,0.9428,G1/S,1.7771,CD4 - Cell Cycle,CD4 - Cell Cycle,Meningioma,9572.0,2642,9.193480986209778
MSC6_ATCGGCGAGCCACAAG,MSC6,6,T_cell,CD8 T cells,1318,7.8563,37.1977,0.1359,0.0063,Not cycling,0.3202,CD8 - Cytotoxic,,Meningioma,2931.0,1318,10.542476970317297
MSC6_ATCGGCGCACGACGAA,MSC6,6,T_cell,CD8 T cells,1493,7.8011,35.8711,0.0148,-0.0054,Not cycling,0.8751,CD8 - Cytotoxic,,Meningioma,3575.0,1493,12.811188811188812
MSC6_ATCGGCGGTACCAGAG,MSC6,6,T_cell,CD8 T cells,934,,,,,,,,,Meningioma,2168.0,934,16.282287822878228
MSC6_ATCGGCGGTATTCCTT,MSC6,6,T_cell,CD8 T cells,628,,,,,,,,,Meningioma,934.0,628,5.460385438972163
MSC6_ATCGGCGTCAGTGATC,MSC6,6,T_cell,CD8 T cells,1116,7.6673,36.7725,-0.1018,-0.0512,Not cycling,1.0016,CD8 - Unassigned2,,Meningioma,2260.0,1116,15.08849557522124
MSC6_ATCGGCGTCTTGGGCG,MSC6,6,T_cell,CD8 T cells,1414,5.0728,35.0886,-0.0054,0.0596,Not cycling,0.4827,CD4 - Glycolysis/MYC,,Meningioma,3728.0,1414,9.898068669527897
MSC6_ATCGTAGAGATGGCAC,MSC6,6,T_cell,CD8 T cells,1126,6.0069,36.2825,0.0732,0.0741,Not cycling,0.531,CD8 - Cytotoxic,,Meningioma,2137.0,1126,8.282639213851192
MSC6_ATCGTAGGTCTGCATA,MSC6,6,T_cell,CD8 T cells,1244,4.9045,36.5365,0.0202,-0.0533,Not cycling,0.5739,CD8 - Memory/Naive1,,Meningioma,2919.0,1244,8.530318602261048
MSC6_ATCGTAGGTTGGGATG,MSC6,6,T_cell,CD8 T cells,1179,4.5908,36.5889,0.078,0.0139,Not cycling,0.9742,CD8 - Interferon,,Meningioma,2939.0,1179,15.75365770670296
MSC6_ATCGTAGTCCATTTGT,MSC6,6,T_cell,CD8 T cells,1110,5.8105,36.5456,-0.039,0.0038,Not cycling,0.6583,CD4 - Naive1,,Meningioma,2590.0,1110,14.633204633204633
MSC6_ATCGTCCCAAATGAGT,MSC6,6,T_cell,CD8 T cells,1539,9.9015,33.1952,0.7317,0.9023,Intermediate,2.2754,CD4 - Cell Cycle,CD4 - Cell Cycle,Meningioma,4413.0,1539,18.898708361658734
MSC6_ATCGTCCCAGCAGAAC,MSC6,6,T_cell,CD8 T cells,1225,5.2355,35.6388,0.0042,-0.0021,Not cycling,0.5043,CD8 - Cytotoxic,,Meningioma,2681.0,1225,12.719134651249533
MSC6_ATCGTCCGTACGCGTC,MSC6,6,T_cell,CD8 T cells,782,,,,,,,,,Meningioma,2005.0,782,13.41645885286783
MSC6_ATCGTCCTCATTTCGT,MSC6,6,T_cell,CD8 T cells,2272,10.689,32.226,0.2138,1.683,G2/M,2.7058,CD4 - Cell Cycle,CD4 - Cell Cycle,Meningioma,6079.0,2271,5.905576575094588
MSC6_ATCGTCCTCGTTCTAT,MSC6,6,T_cell,CD8 T cells,1955,10.6692,32.2881,0.1983,1.7952,G2/M,2.071,CD4 - Cell Cycle,CD4 - Cell Cycle,Meningioma,4834.0,1955,9.47455523376086
MSC6_ATCGTGACACGTAGTT,MSC6,6,T_cell,CD8 T cells,955,,,,,,,,,Meningioma,1902.0,955,10.410094637223974
MSC6_ATCGTGATCGATGGAG,MSC6,6,T_cell,CD8 T cells,1462,6.7722,35.9092,0.1896,0.3541,Not cycling,0.4657,CD4 - Cell Cycle,,Meningioma,3359.0,1462,10.419767788032152
MSC6_ATCTCTAAGGTAGACC,MSC6,6,T_cell,CD8 T cells,971,,,,,,,,,Meningioma,2169.0,971,15.260488704472108
MSC6_ATGAAAGAGTCGGCCT,MSC6,6,T_cell,CD8 T cells,1765,5.1143,34.3016,-0.0894,0.5633,Not cycling,0.4333,CD8 - Glycolysis/MYC,,Meningioma,5186.0,1765,12.630158118010026
MSC6_ATGAAAGGTCTATGAC,MSC6,6,T_cell,CD8 T cells,2051,10.6894,32.2511,0.1532,1.51,G2/M,2.8061,CD4 - Cell Cycle,CD4 - Cell Cycle,Meningioma,5236.0,2051,7.677616501145913
MSC6_ATGAAAGGTTCTCAGA,MSC6,6,T_cell,CD8 T cells,1012,4.7108,36.6965,-0.0425,0.0119,Not cycling,0.7602,CD8 - Unassigned2,,Meningioma,2131.0,1012,8.446738620366025
MSC6_ATGAAAGTCGCCGATG,MSC6,6,T_cell,CD8 T cells,1585,7.4711,36.7215,0.0601,-0.0099,Not cycling,0.5069,CD8 - Cytotoxic,,Meningioma,3849.0,1585,8.521693946479605
MSC6_ATGAAAGTCGTCTACC,MSC6,6,T_cell,CD8 T cells,1217,6.9248,37.3823,0.0188,-0.0668,Not cycling,0.9798,CD4 - Cytotoxic,,Meningioma,2864.0,1217,14.769553072625698
MSC6_ATGACCACAGATTCGT,MSC6,6,T_cell,CD8 T cells,920,,,,,,,,,Meningioma,1916.0,920,8.611691022964509
MSC6_ATGACCAGTAGTTAGA,MSC6,6,T_cell,CD8 T cells,1146,6.7411,36.8865,-0.1078,0.0033,Not cycling,0.778,CD8 - Unassigned2,,Meningioma,2841.0,1146,16.332277367124252
MSC6_ATGACCAGTCTGTTAG,MSC6,6,T_cell,CD8 T cells,869,,,,,,,,,Meningioma,1914.0,869,15.09926854754441
MSC6_ATGACCATCGAGGCAA,MSC6,6,T_cell,CD8 T cells,1613,5.2668,35.1057,0.0585,0.2904,Not cycling,1.2165,CD4 - Cell Cycle,CD4 - Cell Cycle,Meningioma,3829.0,1613,15.77435361713241
MSC6_ATGAGGGAGTTAACGA,MSC6,6,T_cell,CD8 T cells,1210,6.7007,36.0532,-0.039,-0.0033,Not cycling,0.6884,CD8 - Unassigned2,,Meningioma,2649.0,1210,8.83352208380521
MSC6_ATGAGGGGTCAGGTAG,MSC6,6,T_cell,CD8 T cells,1069,5.5114,37.6343,-0.1,-0.0008,Not cycling,0.6239,CD8 - Cytotoxic,,Meningioma,2540.0,1069,10.472440944881889
MSC6_ATGAGGGGTCGGCACT,MSC6,6,T_cell,CD8 T cells,941,,,,,,,,,Meningioma,2066.0,941,10.987415295256534
MSC6_ATGAGGGGTGCTCCGA,MSC6,6,T_cell,CD8 T cells,1618,7.2792,35.746,0.3804,0.2475,Not cycling,0.7902,CD8 - Cytotoxic,,Meningioma,3949.0,1618,11.369967080273486
MSC6_ATGAGGGTCCTTACCG,MSC6,6,T_cell,CD8 T cells,1122,5.4783,36.4611,0.2032,-0.0616,Not cycling,1.0034,CD8 - Unassigned2,,Meningioma,2486.0,1122,14.440868865647627
MSC6_ATGAGTCAGCCACCGT,MSC6,6,T_cell,CD8 T cells,2415,4.9395,34.0263,0.3213,-0.1179,Not cycling,1.2766,CD4 - Glycolysis/MYC,,Meningioma,10683.0,2415,13.469999063933352
MSC6_ATGAGTCAGGACACTG,MSC6,6,T_cell,CD8 T cells,1007,4.4458,36.3913,-0.0323,0.0085,Not cycling,0.3374,CD8 - Cytotoxic,,Meningioma,2112.0,1007,11.695075757575758
MSC6_ATGAGTCCACCAGGTC,MSC6,6,T_cell,CD8 T cells,2015,9.8046,33.2798,1.4569,0.6413,G1/S,2.2489,CD4 - Cell Cycle,CD4 - Cell Cycle,Meningioma,5094.0,2015,8.8339222614841
MSC6_ATGAGTCTCATTACCT,MSC6,6,T_cell,CD8 T cells,3550,-16.3002,6.639,0.6341,1.1707,G2/M,1.7721,CD8 - Cell Cycle,,Meningioma,11196.0,3550,5.60021436227224
MSC6_ATGATCGCATACTGTG,MSC6,6,T_cell,CD8 T cells,1358,5.2503,35.2751,0.0083,-0.017,Not cycling,0.625,CD8 - Heat shock,,Meningioma,3455.0,1358,9.261939218523878
MSC6_ATGATCGGTACACTCA,MSC6,6,T_cell,CD8 T cells,998,,,,,,,,,Meningioma,2092.0,998,5.11472275334608
MSC6_ATGATCGGTACGAAAT,MSC6,6,T_cell,CD8 T cells,2118,7.2025,35.5254,0.0565,0.05,Not cycling,1.026,CD8 - Cytotoxic,CD8 - Cytotoxic,Meningioma,5310.0,2118,7.645951035781544
MSC6_ATGATCGGTTTCGTGA,MSC6,6,T_cell,CD8 T cells,1036,6.6136,36.4068,-0.101,-0.0514,Not cycling,1.0115,CD8 - Cytotoxic,CD8 - Cytotoxic,Meningioma,2185.0,1036,9.382151029748284
MSC6_ATGCATGAGAGTTGAT,MSC6,6,T_cell,CD8 T cells,501,,,,,,,,,Meningioma,770.0,501,13.376623376623376
MSC6_ATGCATGCACTCCGAG,MSC6,6,T_cell,CD8 T cells,1421,7.7948,36.6522,-0.0966,0.0783,Not cycling,0.7452,CD8 - Cytotoxic,,Meningioma,3429.0,1421,13.356663750364538
MSC6_ATGCATGCATCTCATT,MSC6,6,T_cell,CD8 T cells,2298,7.1998,35.8091,0.0405,0.176,Not cycling,0.5484,CD8 - Cytotoxic,,Meningioma,6126.0,2298,8.863858961802155
MSC6_ATGCATGGTTTCTTAC,MSC6,6,T_cell,CD8 T cells,1224,6.851,36.9321,0.0666,-0.0645,Not cycling,0.8807,CD8 - Cytotoxic,,Meningioma,2604.0,1224,14.093701996927804
MSC6_ATGCCTCTCCACAAGT,MSC6,6,T_cell,CD8 T cells,2603,10.7098,32.1763,-0.1009,2.1761,G2/M,2.1887,CD4 - Cell Cycle,CD4 - Cell Cycle,Meningioma,7563.0,2603,7.232579664154436
MSC6_ATGCGATCAATACCCA,MSC6,6,T_cell,CD8 T cells,1139,5.066,36.7334,0.0245,0.0701,Not cycling,0.8459,CD4 - Naive1,,Meningioma,2563.0,1139,17.40148263753414
MSC6_ATGCGATGTCTTTATC,MSC6,6,T_cell,CD8 T cells,1217,5.1356,36.9408,0.0788,-0.0596,Not cycling,0.6965,CD8 - Cytotoxic,,Meningioma,2692.0,1217,12.852897473997029
MSC6_ATGCGATTCGCCACTT,MSC6,6,T_cell,CD8 T cells,1211,7.7467,35.4697,0.7949,-0.0076,G1/S,0.6826,CD4 - Cytotoxic,,Meningioma,2682.0,1211,13.907531692766591
MSC6_ATGCGATTCGGCTTGG,MSC6,6,T_cell,CD8 T cells,1278,7.1116,36.6955,0.0875,0.0109,Not cycling,0.3006,CD8 - Cytotoxic,,Meningioma,2965.0,1278,10.118043844856661
MSC6_ATGGAGGAGATTGATG,MSC6,6,T_cell,CD8 T cells,1071,5.7249,35.9695,-0.1043,0.0654,Not cycling,0.565,CD4 - Naive1,,Meningioma,2250.0,1071,10.044444444444444
MSC6_ATGGAGGAGCTTACGT,MSC6,6,T_cell,CD8 T cells,853,,,,,,,,,Meningioma,1685.0,853,13.946587537091988
MSC6_ATGGAGGTCCGAAGGA,MSC6,6,T_cell,CD8 T cells,1578,5.2862,35.6504,0.192,0.1227,Not cycling,0.3304,CD4 - Naive2,,Meningioma,4535.0,1578,8.158765159867695
MSC6_ATGGATCCAGGCGTTC,MSC6,6,T_cell,CD8 T cells,1026,5.3355,37.1227,0.0377,0.0141,Not cycling,0.3378,CD8 - Chromatin,,Meningioma,2095.0,1026,13.890214797136037
MSC6_ATGGATCGTAGCTTTG,MSC6,6,T_cell,CD8 T cells,924,,,,,,,,,Meningioma,1654.0,924,10.822249093107619
MSC6_ATGGATCTCTCTCTAA,MSC6,6,T_cell,CD8 T cells,1322,7.7531,37.0835,0.0648,0.057,Not cycling,0.4575,CD4 - Cell Cycle,,Meningioma,2734.0,1322,11.046086320409657
MSC6_ATGGGAGGTAGATGTA,MSC6,6,T_cell,CD8 T cells,1088,5.5934,37.1384,0.1509,-0.0468,Not cycling,0.7493,CD8 - Cytotoxic,,Meningioma,2322.0,1088,5.4694229112833765
MSC6_ATGGGAGTCCCGAAAT,MSC6,6,T_cell,CD8 T cells,931,,,,,,,,,Meningioma,2054.0,931,16.212268743914315
MSC6_ATGGGAGTCGTTAGTG,MSC6,6,T_cell,CD8 T cells,1093,5.0875,36.4728,0.1476,0.0019,Not cycling,1.1984,CD8 - Cytotoxic,CD8 - Cytotoxic,Meningioma,2615.0,1093,10.05736137667304
MSC6_ATGGGTTAGTATAGAC,MSC6,6,T_cell,CD8 T cells,890,,,,,,,,,Meningioma,2012.0,890,19.532803180914513
MSC6_ATGGTTGAGGCCTAAG,MSC6,6,T_cell,CD8 T cells,1189,6.5138,37.2442,-0.0442,-0.0609,Not cycling,0.5628,CD8 - Dysfunction,,Meningioma,3025.0,1189,19.60330578512397
MSC6_ATGGTTGTCTAGGAAA,MSC6,6,T_cell,CD8 T cells,912,,,,,,,,,Meningioma,1886.0,912,12.195121951219512
MSC6_ATGGTTGTCTGGAGAG,MSC6,6,T_cell,CD8 T cells,1186,6.6905,36.3699,-0.0521,0.0078,Not cycling,0.543,CD8 - Cytotoxic,,Meningioma,2460.0,1186,12.764227642276422
MSC6_ATGTCCCAGGGAGGGT,MSC6,6,T_cell,CD8 T cells,1365,6.8307,38.068,0.5882,0.5834,Not cycling,2.9002,CD4 - Cell Cycle,CD4 - Cell Cycle,Meningioma,3282.0,1365,5.606337599024985
MSC6_ATGTCCCCATATGGCT,MSC6,6,T_cell,CD8 T cells,2112,6.9578,36.0056,0.1896,-0.0032,Not cycling,0.6703,CD8 - Heat shock,,Meningioma,6229.0,2112,11.446460105956012
MSC6_ATGTCCCGTGACACAG,MSC6,6,T_cell,CD8 T cells,2290,10.0271,32.6819,0.9541,0.9537,Intermediate,2.6865,CD4 - Cell Cycle,CD4 - Cell Cycle,Meningioma,6462.0,2290,11.436087898483441
MSC6_ATGTCTTGTGCATACT,MSC6,6,T_cell,CD8 T cells,882,,,,,,,,,Meningioma,1943.0,882,16.932578486875965
MSC6_ATGTCTTGTTTCGTAG,MSC6,6,T_cell,CD8 T cells,1110,6.4577,37.9702,0.011,0.1294,Not cycling,2.1745,CD8 - Heat shock,,Meningioma,2766.0,1110,11.062906724511931
MSC6_ATTACCTCAAGGTCTT,MSC6,6,T_cell,CD8 T cells,2296,7.0129,35.6483,0.2485,0.1742,Not cycling,0.4112,CD8 - Chromatin,,Meningioma,6357.0,2296,11.3575585968224
MSC6_ATTACTCCACCGTACG,MSC6,6,T_cell,CD8 T cells,1241,5.681,37.5675,0.0049,-0.0123,Not cycling,0.4374,CD8 - Dysfunction,,Meningioma,2999.0,1241,16.4054684894965
MSC6_ATTACTCCACCTCTAC,MSC6,6,T_cell,CD8 T cells,1679,7.5826,35.2937,0.5551,0.1115,Not cycling,0.2113,CD8 - Dysfunction,,Meningioma,4015.0,1679,12.32876712328767
MSC6_ATTCACTGTGGCTTGC,MSC6,6,T_cell,CD8 T cells,1000,4.4856,36.8429,-0.0859,0.0785,Not cycling,0.5914,CD8 - Chromatin,,Meningioma,2062.0,1000,10.766246362754607
MSC6_ATTCAGGAGGGTCTTT,MSC6,6,T_cell,CD8 T cells,1160,6.8552,36.2215,0.0258,0.0726,Not cycling,1.0349,CD4 - Naive1,CD4 - Naive1,Meningioma,2687.0,1160,13.881652400446594
MSC6_ATTCAGGCAAGCTGCC,MSC6,6,T_cell,CD8 T cells,920,,,,,,,,,Meningioma,2025.0,920,14.024691358024691
MSC6_ATTCAGGCAGCAGAAC,MSC6,6,T_cell,CD8 T cells,1884,9.4942,33.6955,1.6472,0.4686,G1/S,1.9114,CD4 - Cell Cycle,CD4 - Cell Cycle,Meningioma,4677.0,1884,7.953816549069916
MSC6_ATTCAGGTCACGGAGA,MSC6,6,T_cell,CD8 T cells,1221,4.3432,36.0286,0.0109,-0.0669,Not cycling,0.5105,CD8 - Memory/Naive1,,Meningioma,3367.0,1221,10.721710721710721
MSC6_ATTCATCGTCGAGATG,MSC6,6,T_cell,CD8 T cells,1015,4.2377,36.6125,-0.0966,-0.0506,Not cycling,0.5198,CD4 - Naive1,,Meningioma,2639.0,1015,13.52785145888594
MSC6_ATTCATCTCCCGTGAG,MSC6,6,T_cell,CD8 T cells,1337,4.7415,35.0529,0.228,-0.0189,Not cycling,0.7042,CD4 - Glycolysis/MYC,,Meningioma,3238.0,1337,9.41939468807906
MSC6_ATTCCATAGGATCATA,MSC6,6,T_cell,CD8 T cells,1894,9.4552,33.7308,1.1105,0.1169,G1/S,0.9147,CD8 - Cell Cycle,,Meningioma,4696.0,1894,10.029812606473595
MSC6_ATTCCATCATCTCGTC,MSC6,6,T_cell,CD8 T cells,1315,6.987,36.8296,-0.1152,0.059,Not cycling,0.329,CD4 - Naive2,,Meningioma,3243.0,1315,19.210607462226335
MSC6_ATTCCATTCAGGGATG,MSC6,6,T_cell,CD8 T cells,1192,3.9774,36.2458,-0.1077,0.0,Not cycling,0.8272,CD4 - Interferon,,Meningioma,2952.0,1192,14.83739837398374
MSC6_ATTCCCGAGCTGGTGA,MSC6,6,T_cell,CD8 T cells,992,,,,,,,,,Meningioma,2320.0,992,17.844827586206897
MSC6_ATTCCCGCATCACCAA,MSC6,6,T_cell,CD8 T cells,1006,5.185,37.4537,-0.0439,0.0081,Not cycling,0.6993,CD8 - Chromatin,,Meningioma,2004.0,1006,7.285429141716567
MSC6_ATTCCCGGTGCCTTCT,MSC6,6,T_cell,CD8 T cells,2052,5.2709,34.5264,0.1754,1.1232,G2/M,1.4287,CD4 - Cell Cycle,CD4 - Cell Cycle,Meningioma,4796.0,2052,9.653878231859883
MSC6_ATTCCCGGTTCGTGCG,MSC6,6,T_cell,CD8 T cells,1375,8.2585,35.1755,0.7524,0.1218,G1/S,1.0785,CD8 - Cell Cycle,,Meningioma,3138.0,1375,13.224984066284257
MSC6_ATTCCCGTCGGAGATG,MSC6,6,T_cell,CD8 T cells,1783,5.2399,34.8657,0.1892,-0.0742,Not cycling,0.8972,CD4 - Glycolysis/MYC,,Meningioma,4650.0,1783,9.311827956989248
MSC6_ATTCCTAAGTAACGTA,MSC6,6,T_cell,CD8 T cells,629,,,,,,,,,Meningioma,1028.0,629,10.019455252918288
MSC6_ATTCCTATCGAAGAAT,MSC6,6,T_cell,CD8 T cells,855,,,,,,,,,Meningioma,2049.0,855,14.397266959492436
MSC6_ATTCGTTAGCAGGCAT,MSC6,6,T_cell,CD8 T cells,1192,6.1557,36.0618,-0.056,0.0614,Not cycling,0.7938,CD8 - Unassigned2,,Meningioma,2543.0,1192,12.11167911915061
MSC6_ATTCGTTAGCGTCAGA,MSC6,6,T_cell,CD8 T cells,8321,5.6587,19.008,0.5807,0.3602,Not cycling,0.4725,CD4 - Glycolysis/MYC,,Meningioma,62248.0,8320,7.595424752602494
MSC6_ATTCTACTCTATCCAT,MSC6,6,T_cell,CD8 T cells,1230,7.1415,37.8669,-0.1099,0.0064,Not cycling,1.1633,CD8 - Cytotoxic,CD8 - Cytotoxic,Meningioma,2742.0,1230,15.061998541210794
MSC6_ATTCTTGGTTCCTACC,MSC6,6,T_cell,CD8 T cells,1247,7.426,37.2811,0.0733,0.0011,Not cycling,0.7733,CD8 - Cytotoxic,,Meningioma,2711.0,1247,13.131685724824788
MSC6_ATTCTTGTCTGATTCT,MSC6,6,T_cell,CD8 T cells,1383,7.1302,36.5462,-0.0424,0.0657,Not cycling,0.9568,CD8 - Memory/Naive1,,Meningioma,2943.0,1383,10.091743119266056
MSC6_ATTGGGTAGTATCTGC,MSC6,6,T_cell,CD8 T cells,1113,4.793,36.227,-0.0478,0.0669,Not cycling,0.5906,CD8 - Cytotoxic,,Meningioma,2428.0,1113,12.108731466227347
MSC6_ATTGTTCAGCCACCGT,MSC6,6,T_cell,CD8 T cells,1112,6.5068,37.9351,-0.1127,-0.0621,Not cycling,0.3554,CD8 - Chromatin,,Meningioma,2369.0,1112,19.37526382439848
MSC6_ATTGTTCGTTACGGAG,MSC6,6,T_cell,CD8 T cells,873,,,,,,,,,Meningioma,1958.0,873,17.722165474974464
MSC6_ATTGTTCTCAACCTCC,MSC6,6,T_cell,CD8 T cells,1354,7.9957,36.849,-0.1041,-0.0078,Not cycling,1.0363,CD4 - Cytotoxic,CD4 - Cytotoxic,Meningioma,2881.0,1354,9.267615411315516
MSC6_ATTTCACAGTGATGGC,MSC6,6,T_cell,CD8 T cells,899,,,,,,,,,Meningioma,1847.0,899,17.866811044937737
MSC6_ATTTCACCAGCAATTC,MSC6,6,T_cell,CD8 T cells,1356,6.4933,36.2589,-0.0374,0.075,Not cycling,0.7493,CD8 - Interferon,,Meningioma,3055.0,1356,12.340425531914894
MSC6_ATTTCACGTACGCTTA,MSC6,6,T_cell,CD8 T cells,1152,4.8923,36.3907,-0.0995,0.0082,Not cycling,0.5719,CD8 - Interferon,,Meningioma,2677.0,1152,16.286888307807246
MSC6_ATTTCTGAGTAAGGGA,MSC6,6,T_cell,CD8 T cells,846,,,,,,,,,Meningioma,1885.0,846,10.238726790450928
MSC6_ATTTCTGGTGATAGAT,MSC6,6,T_cell,CD8 T cells,1280,6.1042,36.8647,0.1381,0.0627,Not cycling,1.0062,CD8 - Cytotoxic,CD8 - Cytotoxic,Meningioma,2993.0,1280,11.760775141997994
MSC6_ATTTCTGGTGGTATGG,MSC6,6,T_cell,CD8 T cells,1179,6.2736,37.0264,-0.1024,0.0012,Not cycling,0.2544,CD4 - Cytotoxic,,Meningioma,2744.0,1179,14.686588921282798
MSC6_CAAAGAATCGGTTAGT,MSC6,6,T_cell,CD8 T cells,1472,7.7609,36.8492,-0.0416,0.1896,Not cycling,0.8333,CD8 - Cytotoxic,,Meningioma,3568.0,1472,10.70627802690583
MSC6_CAACAACAGAAAGTCT,MSC6,6,T_cell,CD8 T cells,1181,4.6255,36.385,0.0742,-0.0618,Not cycling,0.7035,CD4 - Naive1,,Meningioma,2482.0,1181,10.314262691377921
MSC6_CAACAACAGTAGTCTC,MSC6,6,T_cell,CD8 T cells,1183,4.3067,36.3617,-0.0969,-0.048,Not cycling,0.5425,CD8 - Naive2,,Meningioma,3065.0,1183,10.799347471451876
MSC6_CAACAACGTGGCTTGC,MSC6,6,T_cell,CD8 T cells,1228,7.2069,36.7709,0.2606,0.0,Not cycling,0.8863,CD8 - Glycolysis/MYC,,Meningioma,2703.0,1228,8.916019237883832
MSC6_CAACAGTCATTGAAAG,MSC6,6,T_cell,CD8 T cells,1415,7.5915,36.2667,-0.0428,-0.0017,Not cycling,0.7867,CD4 - Cytotoxic,,Meningioma,3205.0,1415,14.352574102964118
MSC6_CAACAGTGTTATAGAG,MSC6,6,T_cell,CD8 T cells,1074,5.7311,36.4482,-0.0994,-0.05,Not cycling,0.4929,CD8 - Cytotoxic,,Meningioma,2329.0,1074,11.163589523400601
MSC6_CAACAGTTCCTTGAAG,MSC6,6,T_cell,CD8 T cells,1281,6.9637,36.425,-0.041,0.0672,Not cycling,1.5058,CD8 - Cytotoxic,CD8 - Cytotoxic,Meningioma,2702.0,1281,10.76980014803849
MSC6_CAACCAAAGTTTGGCT,MSC6,6,T_cell,CD8 T cells,1772,7.5671,36.2994,0.3237,0.0062,Not cycling,0.898,CD4 - Cytotoxic,,Meningioma,4621.0,1772,13.893096732309024
MSC6_CAACCAACAGGTGACA,MSC6,6,T_cell,CD8 T cells,1174,6.2934,37.3609,-0.0352,0.012,Not cycling,0.2949,CD8 - Cytotoxic,,Meningioma,2516.0,1174,13.473767885532592
MSC6_CAACCAAGTACTCCCT,MSC6,6,T_cell,CD8 T cells,1323,7.4462,36.5239,0.0252,0.01,Not cycling,0.6245,CD8 - Cytotoxic,,Meningioma,3086.0,1323,13.771872974724563
MSC6_CAACCTCAGCTAGTTC,MSC6,6,T_cell,CD8 T cells,1096,7.1429,36.5707,-0.0354,-0.0447,Not cycling,1.5164,CD4 - Cytotoxic,CD4 - Cytotoxic,Meningioma,2194.0,1096,12.03281677301732
MSC6_CAACCTCGTCTGTGGC,MSC6,6,T_cell,CD8 T cells,1987,10.5066,32.4243,0.4706,1.6288,G2/M,2.8913,CD4 - Cell Cycle,CD4 - Cell Cycle,Meningioma,5345.0,1987,10.720299345182413
MSC6_CAACGATAGGACAGTC,MSC6,6,T_cell,CD8 T cells,952,,,,,,,,,Meningioma,2065.0,952,13.849878934624698
MSC6_CAACGATGTCAAGGCA,MSC6,6,T_cell,CD8 T cells,961,,,,,,,,,Meningioma,2172.0,961,11.141804788213628
MSC6_CAACGGCAGGAGGCAG,MSC6,6,T_cell,CD8 T cells,1274,6.4994,36.3321,-0.1097,0.0657,Not cycling,0.968,CD4 - Cytotoxic,,Meningioma,3027.0,1274,10.96795507102742
MSC6_CAACGGCCAGATCACT,MSC6,6,T_cell,CD8 T cells,1556,7.9613,36.8217,0.0747,0.1914,Not cycling,0.5951,CD8 - Heat shock,,Meningioma,3613.0,1556,9.133683919180736
MSC6_CAACGGCCATGTCAGT,MSC6,6,T_cell,CD8 T cells,1197,7.741,36.5989,-0.1068,0.0527,Not cycling,1.6024,CD4 - Cytotoxic,CD4 - Cytotoxic,Meningioma,2696.0,1197,12.722551928783382
MSC6_CAAGACTCAACAGCCC,MSC6,6,T_cell,CD8 T cells,934,,,,,,,,,Meningioma,2021.0,934,13.409203364670955
MSC6_CAAGACTGTACCTTCC,MSC6,6,T_cell,CD8 T cells,1819,10.5574,32.342,-0.136,1.5774,G2/M,1.6185,CD4 - Cell Cycle,CD4 - Cell Cycle,Meningioma,4697.0,1819,9.090909090909092
MSC6_CAAGACTGTACGGCAA,MSC6,6,T_cell,CD8 T cells,1403,7.1461,36.5911,0.0157,-0.062,Not cycling,1.0578,CD4 - Cytotoxic,CD4 - Cytotoxic,Meningioma,3147.0,1403,9.564664760088974
MSC6_CAAGACTGTCATACCA,MSC6,6,T_cell,CD8 T cells,798,,,,,,,,,Meningioma,1828.0,798,13.12910284463895
MSC6_CAAGACTGTCCAACGC,MSC6,6,T_cell,CD8 T cells,1835,5.2805,35.0618,0.0184,0.4668,Not cycling,0.5251,CD8 - Unassigned2,,Meningioma,5277.0,1835,7.940117490998674
MSC6_CAAGACTTCGTCACCT,MSC6,6,T_cell,CD8 T cells,1453,5.5522,35.3822,-0.0714,0.2173,Not cycling,1.0148,CD4 - Cell Cycle,CD4 - Cell Cycle,Meningioma,3163.0,1453,9.927284223838129
MSC6_CAAGAGGAGAAGCTGC,MSC6,6,T_cell,CD8 T cells,2341,6.0165,34.5227,-0.0227,1.3659,G2/M,0.9027,CD8 - Cell Cycle,,Meningioma,7416.0,2341,10.895361380798274
MSC6_CAAGAGGTCAAGCTGT,MSC6,6,T_cell,CD8 T cells,1739,7.5178,36.1955,0.0699,0.1834,Not cycling,0.4734,CD8 - Cytotoxic,,Meningioma,4546.0,1739,12.16454025516938
MSC6_CAAGCTACAATCGTCA,MSC6,6,T_cell,CD8 T cells,1343,6.532,37.3856,0.0239,0.0101,Not cycling,1.4836,CD8 - Cytotoxic,CD8 - Cytotoxic,Meningioma,3196.0,1343,11.201501877346683
MSC6_CAAGCTACAATTGCCA,MSC6,6,T_cell,CD8 T cells,1004,4.5421,36.9875,-0.0392,-0.0584,Not cycling,0.841,CD8 - Chromatin,,Meningioma,2454.0,1004,11.491442542787286
MSC6_CAAGCTAGTTCTCTCG,MSC6,6,T_cell,CD8 T cells,1146,5.3479,37.3723,-0.1044,-0.0498,Not cycling,1.0646,CD8 - Cytotoxic,CD8 - Cytotoxic,Meningioma,2464.0,1146,12.418831168831169
MSC6_CAAGGGAAGTATGAAC,MSC6,6,T_cell,CD8 T cells,1208,6.1247,36.4648,-0.0503,0.124,Not cycling,0.5896,CD8 - Cytotoxic,,Meningioma,2597.0,1208,10.242587601078167
MSC6_CAAGGGAAGTCACGAG,MSC6,6,T_cell,CD8 T cells,1914,6.9462,35.6047,0.1188,0.0029,Not cycling,0.1848,CD8 - Unassigned2,,Meningioma,5147.0,1914,7.868661356129785
MSC6_CAAGGGACATGGACAG,MSC6,6,T_cell,CD8 T cells,609,,,,,,,,,Meningioma,960.0,609,13.229166666666666
MSC6_CAAGGGATCCGATTAG,MSC6,6,T_cell,CD8 T cells,826,,,,,,,,,Meningioma,1746.0,826,13.573883161512027
MSC6_CAATACGAGCAGTAAT,MSC6,6,T_cell,CD8 T cells,1543,5.6875,35.0315,0.4112,0.0927,Not cycling,0.8113,CD4 - Glycolysis/MYC,,Meningioma,3632.0,1543,8.342511013215859
MSC6_CAATACGAGGTTCTTG,MSC6,6,T_cell,CD8 T cells,1313,7.4969,35.9805,0.0203,0.0047,Not cycling,1.05,CD8 - Cytotoxic,CD8 - Cytotoxic,Meningioma,2951.0,1313,11.385970857336495
MSC6_CAATACGGTGGAAATT,MSC6,6,T_cell,CD8 T cells,1251,7.2371,37.0803,-0.0533,-0.0025,Not cycling,0.8678,CD8 - Cytotoxic,,Meningioma,2930.0,1251,7.849829351535837
MSC6_CAATACGTCAAGCCCG,MSC6,6,T_cell,CD8 T cells,1399,3.2566,35.9401,-0.0336,0.075,Not cycling,0.7298,CD4 - Interferon,,Meningioma,3449.0,1399,11.916497535517541
MSC6_CAATACGTCATAGCAC,MSC6,6,T_cell,CD8 T cells,1993,5.9366,35.4845,0.0604,0.1214,Not cycling,0.7292,CD8 - Chromatin,,Meningioma,5220.0,1993,9.425287356321839
MSC6_CAATACGTCTGGACCG,MSC6,6,T_cell,CD8 T cells,1199,4.8273,36.8788,0.1376,0.0044,Not cycling,0.4688,CD4 - Interferon,,Meningioma,2797.0,1199,8.93814801573114
MSC6_CAATCGAAGTTTCTTC,MSC6,6,T_cell,CD8 T cells,1041,4.0582,36.3843,-0.0973,-0.0572,Not cycling,0.9389,CD4 - Naive2,,Meningioma,2060.0,1041,7.524271844660194
MSC6_CAATCGACAACCGGAA,MSC6,6,T_cell,CD8 T cells,1040,5.4166,37.1563,0.0257,-0.0447,Not cycling,0.3642,CD8 - Heat shock,,Meningioma,2216.0,1040,13.086642599277978
MSC6_CAATCGAGTGTCTCCT,MSC6,6,T_cell,CD8 T cells,1012,3.7486,36.1771,0.0284,-0.0553,Not cycling,1.3632,CD8 - Interferon,,Meningioma,2396.0,1012,14.732888146911518
MSC6_CAATTTCAGGTGCTGA,MSC6,6,T_cell,CD8 T cells,1263,6.6198,36.1373,0.0121,-0.0583,Not cycling,0.8809,CD4 - Cytotoxic,,Meningioma,2978.0,1263,13.062458025520483
MSC6_CAATTTCTCACTGGTA,MSC6,6,T_cell,CD8 T cells,1189,-15.1147,24.5471,-0.047,-0.0677,Not cycling,1.9248,CD4 - Naive1,CD4 - Naive1,Meningioma,3639.0,1189,15.910964550700742
MSC6_CACAACAAGCGTGCTC,MSC6,6,T_cell,CD8 T cells,856,,,,,,,,,Meningioma,2055.0,856,14.257907542579076
MSC6_CACAACACACACTGGC,MSC6,6,T_cell,CD8 T cells,1304,5.7187,36.3087,-0.0496,-0.051,Not cycling,0.8577,CD4 - Cytotoxic,,Meningioma,3126.0,1304,16.922584772872682
MSC6_CACAACACATAGGCGA,MSC6,6,T_cell,CD8 T cells,551,,,,,,,,,Meningioma,992.0,551,1.9153225806451613
MSC6_CACACAATCAACCGAT,MSC6,6,T_cell,CD8 T cells,1715,7.914,36.8346,-0.0434,0.0757,Not cycling,0.9928,CD8 - Heat shock,,Meningioma,3910.0,1715,8.132992327365729
MSC6_CACAGATAGACATCCT,MSC6,6,T_cell,CD8 T cells,1275,5.1341,36.801,0.0675,0.0687,Not cycling,0.9671,CD4 - Cytotoxic,,Meningioma,2992.0,1275,11.096256684491978
MSC6_CACAGATCAAACGGCA,MSC6,6,T_cell,CD8 T cells,1116,5.6967,37.0759,0.0315,0.0669,Not cycling,0.8175,CD8 - Cytotoxic,,Meningioma,3044.0,1116,11.596583442838371
MSC6_CACAGATCATGGTGGA,MSC6,6,T_cell,CD8 T cells,858,,,,,,,,,Meningioma,2069.0,858,15.514741420976318
MSC6_CACATGACACACCTAA,MSC6,6,T_cell,CD8 T cells,1230,7.0729,37.0855,0.0927,0.0055,Not cycling,0.775,CD4 - Stress/HSP,,Meningioma,2492.0,1230,9.309791332263242
MSC6_CACATGAGTCTGGTTA,MSC6,6,T_cell,CD8 T cells,981,,,,,,,,,Meningioma,2549.0,981,17.928599450765006
MSC6_CACCAAAAGCGACATG,MSC6,6,T_cell,CD8 T cells,1261,5.337,37.2825,0.0807,-0.0609,Not cycling,0.2432,CD8 - Cytotoxic,,Meningioma,3212.0,1261,12.826899128268991
MSC6_CACCAAACACATGAAA,MSC6,6,T_cell,CD8 T cells,1507,5.5102,36.2076,0.2428,0.0578,Not cycling,0.5036,CD4 - Treg,,Meningioma,3426.0,1507,11.821366024518388
MSC6_CACCGTTAGGTAGTAT,MSC6,6,T_cell,CD8 T cells,502,,,,,,,,,Meningioma,957.0,502,2.716823406478579
MSC6_CACCGTTCATCGTCCT,MSC6,6,T_cell,CD8 T cells,1655,5.1271,34.5096,0.0962,-0.0286,Not cycling,0.475,CD4 - Interferon,,Meningioma,4744.0,1655,11.720067453625632
MSC6_CACCGTTCATTGGCAT,MSC6,6,T_cell,CD8 T cells,1292,6.0474,37.4798,0.0165,-0.0012,Not cycling,0.9203,CD8 - Cytotoxic,,Meningioma,3074.0,1292,15.354586857514638
MSC6_CACGAATAGCCGGAAT,MSC6,6,T_cell,CD8 T cells,582,,,,,,,,,Meningioma,1100.0,582,10.636363636363637
MSC6_CACGAATGTCGAATGG,MSC6,6,T_cell,CD8 T cells,1270,7.3201,37.18,-0.1003,0.1327,Not cycling,0.7593,CD8 - Heat shock,,Meningioma,2748.0,1270,11.53566229985444
MSC6_CACGGGTTCGCAATTG,MSC6,6,T_cell,CD8 T cells,2028,10.7047,32.1564,-0.022,2.0554,G2/M,2.3293,CD4 - Cell Cycle,CD4 - Cell Cycle,Meningioma,5901.0,2028,8.930689713607864
MSC6_CACGGGTTCTGGGCGT,MSC6,6,T_cell,CD8 T cells,1311,7.2207,35.6995,0.3136,0.1904,Not cycling,0.732,CD8 - Unassigned2,,Meningioma,2721.0,1311,10.841602352076443
MSC6_CACTAAGAGCAGTAAT,MSC6,6,T_cell,CD8 T cells,6955,-3.9346,18.5926,2.1623,0.5103,G1/S,0.9136,CD4 - Cell Cycle,,Meningioma,42756.0,6953,7.701843016184863
MSC6_CACTAAGCAAGTTTGC,MSC6,6,T_cell,CD8 T cells,874,,,,,,,,,Meningioma,2058.0,874,7.920310981535471
MSC6_CACTGAACATCCTATT,MSC6,6,T_cell,CD8 T cells,515,,,,,,,,,Meningioma,848.0,515,7.193396226415095
MSC6_CACTGGGCATCTCATT,MSC6,6,T_cell,CD8 T cells,1212,6.4448,37.4988,-0.0362,0.0599,Not cycling,1.001,CD8 - Cytotoxic,CD8 - Cytotoxic,Meningioma,2733.0,1212,8.525429930479326
MSC6_CACTGGGGTAATCAAG,MSC6,6,T_cell,CD8 T cells,1041,5.8457,37.4248,0.0215,0.0116,Not cycling,0.4298,CD8 - Unassigned1,,Meningioma,1925.0,1041,11.012987012987013
MSC6_CACTGGGTCACTACGA,MSC6,6,T_cell,CD8 T cells,1398,8.4029,34.1563,0.5516,0.115,Not cycling,0.5974,CD8 - Cell Cycle,,Meningioma,3224.0,1398,14.050868486352357
MSC6_CACTGGGTCAGAGTTC,MSC6,6,T_cell,CD8 T cells,1033,4.7849,37.2743,-0.102,0.1314,Not cycling,0.8088,CD8 - Cytotoxic,,Meningioma,2542.0,1033,17.466561762391816
MSC6_CACTTCGAGGCGCTCT,MSC6,6,T_cell,CD8 T cells,1048,5.088,37.1508,0.0165,-0.0597,Not cycling,0.49,CD8 - Cytotoxic,,Meningioma,2401.0,1048,15.077051228654728
MSC6_CACTTCGAGGTCCCTG,MSC6,6,T_cell,CD8 T cells,1493,7.2993,36.5465,-0.105,-0.0542,Not cycling,0.7771,CD8 - Cytotoxic,,Meningioma,3654.0,1493,12.753147235905857
MSC6_CACTTCGCACTGGATT,MSC6,6,T_cell,CD8 T cells,2157,10.7162,32.2914,0.3916,2.1095,G2/M,2.8742,CD4 - Cell Cycle,CD4 - Cell Cycle,Meningioma,5691.0,2157,9.014232999472853
MSC6_CACTTCGGTTTGTTGG,MSC6,6,T_cell,CD8 T cells,1082,5.7988,36.5069,0.0191,-0.0671,Not cycling,0.3533,CD8 - Chromatin,,Meningioma,2452.0,1082,14.151712887438826
MSC6_CACTTCGTCTACTTCA,MSC6,6,T_cell,CD8 T cells,1383,7.7164,35.4925,0.262,0.0624,Not cycling,0.5844,CD4 - Cell Cycle,,Meningioma,2830.0,1383,8.091872791519435
MSC6_CAGAGCCCATGGAACG,MSC6,6,T_cell,CD8 T cells,6596,3.5956,18.9923,1.18,0.1635,G1/S,1.053,CD4 - Glycolysis/MYC,,Meningioma,40148.0,6596,6.4810202251668825
MSC6_CAGATACAGCGGACAT,MSC6,6,T_cell,CD8 T cells,693,,,,,,,,,Meningioma,1181.0,693,16.850127011007622
MSC6_CAGATACGTCGTCAGC,MSC6,6,T_cell,CD8 T cells,1259,7.5532,36.0028,0.2117,0.0094,Not cycling,2.1892,CD8 - Interferon,,Meningioma,2757.0,1259,9.793253536452665
MSC6_CAGATCAAGGAGTACC,MSC6,6,T_cell,CD8 T cells,2457,5.7527,34.8884,0.3383,0.0454,Not cycling,0.5117,CD4 - Cytotoxic,,Meningioma,8073.0,2457,8.831908831908832
MSC6_CAGATCACAGAGATTA,MSC6,6,T_cell,CD8 T cells,1389,7.0448,37.3964,-0.1153,0.1207,Not cycling,0.8208,CD8 - Cytotoxic,,Meningioma,3208.0,1389,8.541147132169575
MSC6_CAGATCATCCATTTGT,MSC6,6,T_cell,CD8 T cells,2020,4.9338,34.0538,0.4915,0.2959,Not cycling,0.8539,CD4 - Cell Cycle,,Meningioma,6327.0,2020,13.339655444918602
MSC6_CAGATCATCTCGAACA,MSC6,6,T_cell,CD8 T cells,1110,5.6003,36.2821,0.024,-0.0489,Not cycling,0.5476,CD4 - Cytotoxic,,Meningioma,2372.0,1110,12.057335581787521
MSC6_CAGATTGAGGGCAGAG,MSC6,6,T_cell,CD8 T cells,1649,4.9757,35.1863,-0.0708,-0.0733,Not cycling,0.5347,CD4 - Glycolysis/MYC,,Meningioma,5901.0,1649,11.472631757329266
MSC6_CAGATTGAGGTGCTGA,MSC6,6,T_cell,CD8 T cells,1210,6.3625,36.553,0.0789,-0.0555,Not cycling,1.0111,CD4 - Treg,CD4 - Treg,Meningioma,2843.0,1210,15.1952163207879
MSC6_CAGATTGGTATCAGGG,MSC6,6,T_cell,CD8 T cells,904,,,,,,,,,Meningioma,1862.0,904,17.830290010741138
MSC6_CAGATTGGTCATCACA,MSC6,6,T_cell,CD8 T cells,1413,7.9637,35.2988,0.3296,0.006,Not cycling,0.8357,CD8 - Unassigned2,,Meningioma,3107.0,1413,10.106211779851947
MSC6_CAGATTGTCAAGCTTG,MSC6,6,T_cell,CD8 T cells,1294,6.9787,36.4679,0.0091,0.0683,Not cycling,0.4889,CD8 - Heat shock,,Meningioma,2761.0,1294,10.032596885186527
MSC6_CAGCAATAGTATGGAT,MSC6,6,T_cell,CD8 T cells,1182,5.8337,36.368,0.0213,-0.055,Not cycling,0.9837,CD4 - Naive1,,Meningioma,2559.0,1182,13.599062133645955
MSC6_CAGCAATCAGAATGTA,MSC6,6,T_cell,CD8 T cells,978,,,,,,,,,Meningioma,2275.0,978,7.076923076923077
MSC6_CAGCACGGTATCCTCC,MSC6,6,T_cell,CD8 T cells,1278,6.8463,36.3891,-0.1038,0.0099,Not cycling,1.0596,CD8 - Cytotoxic,CD8 - Cytotoxic,Meningioma,2975.0,1278,13.243697478991596
MSC6_CAGCACGGTTTGGCTA,MSC6,6,T_cell,CD8 T cells,1158,6.902,36.912,0.0269,0.0082,Not cycling,0.5273,CD8 - Cytotoxic,,Meningioma,2790.0,1158,12.473118279569892
MSC6_CAGCACGTCAGTGGGA,MSC6,6,T_cell,CD8 T cells,1106,6.1586,37.1577,0.0116,0.066,Not cycling,0.9704,CD8 - Cytotoxic,,Meningioma,2542.0,1106,12.431156569630213
MSC6_CAGCACGTCTCCTGTG,MSC6,6,T_cell,CD8 T cells,1790,-14.5811,24.249,-0.0141,0.1613,Not cycling,0.6957,CD4 - Glycolysis/MYC,,Meningioma,8546.0,1790,5.721975193072782
MSC6_CAGCAGCAGAGCAGAA,MSC6,6,T_cell,CD8 T cells,2297,5.6735,34.7843,0.4841,0.0351,Not cycling,0.8182,CD8 - Heat shock,,Meningioma,5662.0,2297,10.861886259272342
MSC6_CAGCAGCGTCTACATG,MSC6,6,T_cell,CD8 T cells,1202,5.833,37.2599,0.0193,0.0606,Not cycling,0.5857,CD4 - Naive1,,Meningioma,2602.0,1202,11.683320522674865
MSC6_CAGCCAGAGACGCTCC,MSC6,6,T_cell,CD8 T cells,1063,6.8064,37.4462,0.0223,-0.0551,Not cycling,0.7891,CD8 - Chromatin,,Meningioma,2183.0,1063,13.834173156207054
MSC6_CAGCCAGGTGCTTCAA,MSC6,6,T_cell,CD8 T cells,1206,5.935,37.7235,-0.1148,-0.0648,Not cycling,0.6456,CD4 - Cytotoxic,,Meningioma,2659.0,1206,8.837908988341482
MSC6_CAGCGTGAGCACCAGA,MSC6,6,T_cell,CD8 T cells,1388,6.7477,37.1462,0.0799,0.071,Not cycling,1.6714,CD4 - Cytotoxic,CD4 - Cytotoxic,Meningioma,3284.0,1388,10.688185140073081
MSC6_CAGCGTGAGTCATCGT,MSC6,6,T_cell,CD8 T cells,2029,9.9556,33.0546,1.4499,0.8242,G1/S,3.2728,CD4 - Cell Cycle,CD4 - Cell Cycle,Meningioma,5031.0,2028,12.721129000198768
MSC6_CAGCGTGTCAGACCCG,MSC6,6,T_cell,CD8 T cells,1048,6.1688,37.4116,0.0794,0.01,Not cycling,0.8122,CD8 - Cytotoxic,,Meningioma,2352.0,1048,10.501700680272108
MSC6_CAGCGTGTCTTGGTCC,MSC6,6,T_cell,CD8 T cells,1445,6.6942,36.0282,0.1895,-0.058,Not cycling,0.797,CD4 - Cytotoxic,,Meningioma,3252.0,1445,11.531365313653136
MSC6_CAGGCCACATTCTCCG,MSC6,6,T_cell,CD8 T cells,1599,6.0298,35.7525,-0.1129,-0.0676,Not cycling,0.9911,CD8 - Cytotoxic,,Meningioma,4480.0,1599,10.46875
MSC6_CAGGCCAGTCCGGATC,MSC6,6,T_cell,CD8 T cells,1233,6.3185,36.1936,-0.0295,-0.0481,Not cycling,0.6461,CD4 - Cytotoxic,,Meningioma,2969.0,1233,8.083529808016166
MSC6_CAGGGCTAGAAGCGCT,MSC6,6,T_cell,CD8 T cells,1298,5.4584,35.8691,-0.1197,0.0594,Not cycling,0.8917,CD8 - Unassigned2,,Meningioma,2886.0,1298,8.212058212058212
MSC6_CAGGGCTGTACTCAAC,MSC6,6,T_cell,CD8 T cells,1207,4.2347,36.2212,0.0154,0.0685,Not cycling,1.1628,CD8 - Naive2,,Meningioma,2779.0,1207,16.876574307304786
MSC6_CAGGTATAGAATTGCA,MSC6,6,T_cell,CD8 T cells,1006,7.0522,37.0667,-0.1065,0.0693,Not cycling,0.6994,CD8 - Memory/Naive1,,Meningioma,2065.0,1006,19.612590799031477
MSC6_CAGGTATTCGGTGTAT,MSC6,6,T_cell,CD8 T cells,1138,5.1944,36.6017,-0.0339,0.0111,Not cycling,0.9708,CD8 - Cytotoxic,,Meningioma,2366.0,1138,10.312764158918005
MSC6_CAGTGCGAGTAACAGT,MSC6,6,T_cell,CD8 T cells,973,,,,,,,,,Meningioma,2106.0,973,12.725546058879392
MSC6_CAGTGCGCAGGAAGTC,MSC6,6,T_cell,CD8 T cells,1580,4.8093,34.9926,0.1093,0.0922,Not cycling,0.3613,CD4 - Naive2,,Meningioma,5193.0,1580,9.358752166377815
MSC6_CAGTGCGCAGGCGTTC,MSC6,6,T_cell,CD8 T cells,1337,5.2379,36.7928,-0.0346,0.0075,Not cycling,0.4411,CD8 - Memory/Naive1,,Meningioma,3426.0,1337,11.412726211325161
MSC6_CAGTGCGTCAAGCCAT,MSC6,6,T_cell,CD8 T cells,994,,,,,,,,,Meningioma,2425.0,994,10.969072164948454
MSC6_CAGTGCGTCAGCAGAG,MSC6,6,T_cell,CD8 T cells,1215,4.8475,36.2895,-0.1325,-0.0768,Not cycling,0.4562,CD4 - Dysfunction,,Meningioma,2782.0,1215,8.770668583752697
MSC6_CAGTGCGTCTTTCCAA,MSC6,6,T_cell,CD8 T cells,944,,,,,,,,,Meningioma,2075.0,944,14.891566265060241
MSC6_CAGTTAGCAACAAGAT,MSC6,6,T_cell,CD8 T cells,699,,,,,,,,,Meningioma,1511.0,699,18.39841164791529
MSC6_CAGTTAGGTCTGTGCG,MSC6,6,T_cell,CD8 T cells,1246,5.1003,36.229,-0.0413,0.1308,Not cycling,0.9258,CD8 - Unassigned2,,Meningioma,2889.0,1246,15.71478020076151
MSC6_CAGTTAGGTGACTCTA,MSC6,6,T_cell,CD8 T cells,1206,4.0877,36.1143,-0.1086,-0.0559,Not cycling,0.8752,CD4 - Interferon,,Meningioma,3160.0,1206,10.854430379746836
MSC6_CATAAGCGTTCGTTCC,MSC6,6,T_cell,CD8 T cells,613,,,,,,,,,Meningioma,1082.0,613,12.754158964879853
MSC6_CATACAGAGTCATAGA,MSC6,6,T_cell,CD8 T cells,3147,15.2693,9.368,1.0335,0.1454,G1/S,0.54,CD8 - Unassigned2,,Meningioma,10391.0,3147,13.261476277547878
MSC6_CATACAGAGTTAACGA,MSC6,6,T_cell,CD8 T cells,1772,6.4331,35.6075,0.1536,0.0976,Not cycling,0.6557,CD4 - Glycolysis/MYC,,Meningioma,4283.0,1772,6.397385010506654
MSC6_CATACAGGTACCGTCG,MSC6,6,T_cell,CD8 T cells,1253,7.2456,37.5747,-0.0454,-0.056,Not cycling,0.457,CD8 - Heat shock,,Meningioma,2594.0,1253,5.05011565150347
MSC6_CATACAGTCCTTATAC,MSC6,6,T_cell,CD8 T cells,2313,9.8052,33.0546,1.3768,1.548,Intermediate,2.997,CD4 - Cell Cycle,CD4 - Cell Cycle,Meningioma,5581.0,2313,8.546855402257659
MSC6_CATACCCAGCGAAACC,MSC6,6,T_cell,CD8 T cells,1278,6.1756,36.6391,-0.0486,-0.0103,Not cycling,0.6552,CD4 - Cytotoxic,,Meningioma,2926.0,1278,11.619958988380041
MSC6_CATACCCTCACGTCCT,MSC6,6,T_cell,CD8 T cells,1295,6.6309,37.8988,0.0054,-0.0059,Not cycling,0.6826,CD8 - Heat shock,,Meningioma,2838.0,1295,8.879492600422832
MSC6_CATAGACTCACACCGG,MSC6,6,T_cell,CD8 T cells,1375,4.5092,35.7588,-0.001,0.1064,Not cycling,0.7743,CD8 - Memory/Naive1,,Meningioma,3475.0,1375,12.719424460431656
MSC6_CATAGACTCTTCCACG,MSC6,6,T_cell,CD8 T cells,1278,6.9303,36.0416,-0.0686,-0.0116,Not cycling,1.5895,CD8 - Cytotoxic,CD8 - Cytotoxic,Meningioma,3031.0,1278,14.549653579676674
MSC6_CATCAAGAGAAGGTAG,MSC6,6,T_cell,CD8 T cells,957,,,,,,,,,Meningioma,2181.0,957,11.829436038514443
MSC6_CATCAAGTCGAAGTGG,MSC6,6,T_cell,CD8 T cells,1097,5.226,36.2871,-0.0447,-0.07,Not cycling,0.4357,CD4 - Cytotoxic,,Meningioma,2530.0,1097,7.66798418972332
MSC6_CATCAAGTCGCCTTGT,MSC6,6,T_cell,CD8 T cells,1378,7.7151,36.4346,-0.0517,0.0037,Not cycling,0.5704,CD8 - Cytotoxic,,Meningioma,3059.0,1378,12.193527296502126
MSC6_CATCCACCACCCTGAG,MSC6,6,T_cell,CD8 T cells,2617,6.0764,34.9239,1.168,0.1538,G1/S,1.0256,CD4 - Glycolysis/MYC,,Meningioma,6697.0,2617,7.495893683738988
MSC6_CATCCACTCTGCGTCT,MSC6,6,T_cell,CD8 T cells,1202,4.9598,36.3737,-0.1138,-0.0171,Not cycling,1.0061,CD8 - Interferon,,Meningioma,2622.0,1202,11.250953470633105
MSC6_CATCCCAAGGTATTGA,MSC6,6,T_cell,CD8 T cells,2668,10.3017,32.4742,1.2465,1.4307,Intermediate,2.7007,CD4 - Cell Cycle,CD4 - Cell Cycle,Meningioma,7761.0,2668,8.993686380621053
MSC6_CATCCGTAGTTAACGA,MSC6,6,T_cell,CD8 T cells,1137,5.9995,37.0148,-0.0427,0.0078,Not cycling,0.9616,CD4 - Treg,,Meningioma,2336.0,1137,6.806506849315069
MSC6_CATCCGTCACGGTGAA,MSC6,6,T_cell,CD8 T cells,1156,5.6845,36.6551,0.0266,0.0089,Not cycling,1.1494,CD8 - Cytotoxic,CD8 - Cytotoxic,Meningioma,3029.0,1156,14.295146913172664
MSC6_CATCCGTCAGGTAGTG,MSC6,6,T_cell,CD8 T cells,1283,6.1556,36.2406,0.4406,0.0061,Not cycling,0.9233,CD8 - Unassigned2,,Meningioma,2712.0,1283,11.320058997050147
MSC6_CATCCGTCAGGTGAGT,MSC6,6,T_cell,CD8 T cells,1014,5.0814,37.0577,-0.0451,-0.0555,Not cycling,1.0697,CD8 - Cytotoxic,CD8 - Cytotoxic,Meningioma,2334.0,1014,14.995715509854328
MSC6_CATCCGTGTCAGATTC,MSC6,6,T_cell,CD8 T cells,1369,5.0672,36.3065,0.119,0.1238,Not cycling,0.6883,CD8 - Chromatin,,Meningioma,3000.0,1369,9.833333333333334
MSC6_CATCCGTGTCCTCATC,MSC6,6,T_cell,CD8 T cells,1207,6.6851,36.3579,-0.0987,0.0082,Not cycling,0.4926,CD8 - Memory/Naive1,,Meningioma,2564.0,1207,15.522620904836193
MSC6_CATCGGGAGGTAAAGG,MSC6,6,T_cell,CD8 T cells,1082,5.2566,36.5231,0.0203,-0.0493,Not cycling,0.8269,CD4 - Interferon,,Meningioma,2292.0,1082,14.528795811518325
MSC6_CATCGGGTCTTTGCTA,MSC6,6,T_cell,CD8 T cells,1233,6.4195,36.5851,-0.109,-0.0004,Not cycling,1.0681,CD8 - Chromatin,,Meningioma,2706.0,1233,13.266814486326682
MSC6_CATGAGTGTAAGCTCT,MSC6,6,T_cell,CD8 T cells,2197,10.6886,32.2021,0.0929,2.0458,G2/M,2.7013,CD4 - Cell Cycle,CD4 - Cell Cycle,Meningioma,6105.0,2197,12.399672399672399
MSC6_CATGCAAAGGTCATCT,MSC6,6,T_cell,CD8 T cells,5148,5.9335,22.4025,0.2533,0.3999,Not cycling,0.1693,CD8 - Glycolysis/MYC,,Meningioma,18760.0,5147,6.167377398720682
MSC6_CATGCAACAATCGAAA,MSC6,6,T_cell,CD8 T cells,1077,4.3991,36.8334,0.1387,0.0079,Not cycling,0.6009,CD4 - Dysfunction,,Meningioma,2409.0,1077,12.121212121212121
MSC6_CATGCAACAATTGCCA,MSC6,6,T_cell,CD8 T cells,1534,7.3287,36.2632,0.0114,-0.0001,Not cycling,0.2607,CD8 - Cytotoxic,,Meningioma,3561.0,1534,12.833473743330526
MSC6_CATGCAACATGACAAA,MSC6,6,T_cell,CD8 T cells,1073,7.3132,37.4993,-0.107,-0.0477,Not cycling,1.1707,CD8 - Heat shock,,Meningioma,2400.0,1073,17.625
MSC6_CATGCCTAGAGCCGAT,MSC6,6,T_cell,CD8 T cells,1063,4.4702,35.8642,0.196,0.0048,Not cycling,0.4817,CD4 - Naive1,,Meningioma,2041.0,1063,8.378245957863792
MSC6_CATGCCTCAGTCGCAC,MSC6,6,T_cell,CD8 T cells,1302,6.1055,37.1546,0.0275,0.0138,Not cycling,0.5794,CD4 - Cytotoxic,,Meningioma,2981.0,1302,11.405568601140557
MSC6_CATGCCTCATACTTTC,MSC6,6,T_cell,CD8 T cells,1321,7.6827,36.4713,-0.1112,0.0658,Not cycling,0.7388,CD8 - Cytotoxic,,Meningioma,3011.0,1321,10.528063766190634
MSC6_CATGCCTGTATTGCCA,MSC6,6,T_cell,CD8 T cells,1170,6.1556,38.0489,0.2114,-0.0534,Not cycling,1.4965,CD8 - Heat shock,,Meningioma,2886.0,1170,8.87040887040887
MSC6_CATGCCTGTGAATAAC,MSC6,6,T_cell,CD8 T cells,1059,7.2443,37.9197,-0.0854,-0.0446,Not cycling,1.4458,CD8 - Heat shock,,Meningioma,2341.0,1059,9.013242204186245
MSC6_CATGCCTGTTTGGAAA,MSC6,6,T_cell,CD8 T cells,1289,4.749,35.6891,0.1309,-0.0057,Not cycling,0.6151,CD4 - Cytotoxic,,Meningioma,3441.0,1289,11.072362685265912
MSC6_CATGCGGAGCTACGTT,MSC6,6,T_cell,CD8 T cells,1549,9.371,33.8255,1.0943,0.2871,G1/S,1.5761,CD8 - Cell Cycle,,Meningioma,3453.0,1549,10.483637416739068
MSC6_CATGCGGGTCTCCTGT,MSC6,6,T_cell,CD8 T cells,2297,10.6703,32.1481,0.0599,1.5535,G2/M,2.5822,CD4 - Cell Cycle,CD4 - Cell Cycle,Meningioma,5898.0,2297,6.646320786707358
MSC6_CATGCTCAGTAAGGGA,MSC6,6,T_cell,CD8 T cells,985,,,,,,,,,Meningioma,2060.0,985,12.330097087378642
MSC6_CATGCTCCATGCCGAC,MSC6,6,T_cell,CD8 T cells,504,,,,,,,,,Meningioma,734.0,504,9.673024523160763
MSC6_CATGGATAGTTACGGG,MSC6,6,T_cell,CD8 T cells,1346,5.0386,36.9716,0.0153,0.1991,Not cycling,0.8444,CD4 - Cytotoxic,,Meningioma,3060.0,1346,15.261437908496733
MSC6_CATGGATGTTATCTGG,MSC6,6,T_cell,CD8 T cells,1241,7.0302,36.5933,0.0846,0.0126,Not cycling,1.2973,CD8 - Cytotoxic,CD8 - Cytotoxic,Meningioma,2680.0,1241,11.791044776119403
MSC6_CATGGATTCCGCAGTG,MSC6,6,T_cell,CD8 T cells,978,,,,,,,,,Meningioma,2613.0,978,13.126674320704172
MSC6_CATGGTATCAACACCA,MSC6,6,T_cell,CD8 T cells,1395,7.4818,37.0439,0.0107,-0.0625,Not cycling,0.5892,CD4 - Cytotoxic,,Meningioma,3109.0,1395,7.301383081376648
MSC6_CATTCATCACATGAAA,MSC6,6,T_cell,CD8 T cells,907,,,,,,,,,Meningioma,1904.0,907,11.397058823529411
MSC6_CATTCCGAGGATATGT,MSC6,6,T_cell,CD8 T cells,1491,5.7075,35.6176,0.0743,0.1744,Not cycling,0.7769,CD8 - Cytotoxic,,Meningioma,3446.0,1491,12.507254788160186
MSC6_CATTCCGGTACAGAAT,MSC6,6,T_cell,CD8 T cells,1105,6.0204,37.6532,0.0239,0.072,Not cycling,1.3288,CD8 - Cytotoxic,CD8 - Cytotoxic,Meningioma,2492.0,1105,8.547351524879614
MSC6_CATTCCGGTAGTACGG,MSC6,6,T_cell,CD8 T cells,1056,6.4866,37.6218,-0.0358,0.0757,Not cycling,0.4773,CD8 - Cytotoxic,,Meningioma,2604.0,1056,17.857142857142858
MSC6_CATTCCGTCACGAGGA,MSC6,6,T_cell,CD8 T cells,3184,10.7049,32.166,0.2709,2.0441,G2/M,2.2143,CD4 - Cell Cycle,CD4 - Cell Cycle,Meningioma,10326.0,3184,10.129769513848538
MSC6_CATTCCGTCTAGATCG,MSC6,6,T_cell,CD8 T cells,1846,5.8329,35.5873,0.1829,0.1708,Not cycling,1.3154,CD8 - Memory/Naive1,,Meningioma,4954.0,1846,11.364553895841745
MSC6_CATTCTACATCCGTGG,MSC6,6,T_cell,CD8 T cells,698,,,,,,,,,Meningioma,1341.0,698,5.070842654735272
MSC6_CATTGAGCAGACCCGT,MSC6,6,T_cell,CD8 T cells,999,,,,,,,,,Meningioma,2003.0,999,10.434348477284074
MSC6_CATTGCCAGATGATTG,MSC6,6,T_cell,CD8 T cells,1695,5.8913,35.1189,0.0347,0.0547,Not cycling,0.8335,CD4 - Cytotoxic,,Meningioma,4393.0,1695,16.25312997951286
MSC6_CATTGCCCAAGGAGTC,MSC6,6,T_cell,CD8 T cells,850,,,,,,,,,Meningioma,1748.0,850,13.329519450800916
MSC6_CATTGCCGTCGGCCTA,MSC6,6,T_cell,CD8 T cells,1236,6.522,37.2707,-0.042,0.0647,Not cycling,0.6955,CD8 - Cytotoxic,,Meningioma,2726.0,1236,14.159941305942773
MSC6_CATTGTTTCGAACGCC,MSC6,6,T_cell,CD8 T cells,761,,,,,,,,,Meningioma,1794.0,761,9.977703455964326
MSC6_CATTTCAAGCGATGAC,MSC6,6,T_cell,CD8 T cells,1262,6.5021,36.1744,0.1328,0.0518,Not cycling,0.4418,CD4 - Cell Cycle,,Meningioma,2866.0,1262,9.560362875087229
MSC6_CATTTCAAGTGATAGT,MSC6,6,T_cell,CD8 T cells,1399,5.9132,36.3232,-0.1065,0.1181,Not cycling,0.5845,CD4 - Naive1,,Meningioma,3279.0,1399,9.36261055199756
MSC6_CATTTCACAAACTAAG,MSC6,6,T_cell,CD8 T cells,1193,6.6822,36.7005,-0.0934,0.125,Not cycling,1.31,CD8 - Cytotoxic,CD8 - Cytotoxic,Meningioma,2559.0,1193,12.426729191090269
MSC6_CCAAGCGCAATATCCG,MSC6,6,T_cell,CD8 T cells,993,,,,,,,,,Meningioma,2158.0,993,12.83595922150139
MSC6_CCAAGCGTCCACACCT,MSC6,6,T_cell,CD8 T cells,872,,,,,,,,,Meningioma,1629.0,872,11.970534069981584
MSC6_CCAATGAAGGTCACTT,MSC6,6,T_cell,CD8 T cells,745,,,,,,,,,Meningioma,1359.0,745,11.479028697571744
MSC6_CCAATTTAGCACCGTC,MSC6,6,T_cell,CD8 T cells,979,,,,,,,,,Meningioma,1924.0,979,16.58004158004158
MSC6_CCAATTTGTAGCCAGA,MSC6,6,T_cell,CD8 T cells,1061,7.1817,37.4018,0.0302,0.0743,Not cycling,0.8358,CD8 - Heat shock,,Meningioma,2253.0,1061,14.513981358189081
MSC6_CCAATTTGTGGATCGA,MSC6,6,T_cell,CD8 T cells,831,,,,,,,,,Meningioma,2086.0,831,19.654841802492808
MSC6_CCAATTTTCATGGTAC,MSC6,6,T_cell,CD8 T cells,1246,5.4316,35.5758,-0.0367,-0.0555,Not cycling,0.3491,CD8 - Naive2,,Meningioma,2953.0,1246,14.392143582797155
MSC6_CCAATTTTCTATCCAT,MSC6,6,T_cell,CD8 T cells,1371,6.2447,36.7638,-0.045,0.0012,Not cycling,0.5151,CD8 - Cytotoxic,,Meningioma,3363.0,1371,15.04608980077312
MSC6_CCAATTTTCTTCGTAT,MSC6,6,T_cell,CD8 T cells,1304,6.7356,37.3551,-0.0639,-0.0643,Not cycling,0.8224,CD8 - Chromatin,,Meningioma,3051.0,1304,13.798754506719108
MSC6_CCACAAATCCCTCGTA,MSC6,6,T_cell,CD8 T cells,1425,7.0587,35.7487,-0.0537,0.0093,Not cycling,0.9399,CD8 - Chromatin,,Meningioma,3298.0,1425,9.187386294724075
MSC6_CCACACTAGTTTCTTC,MSC6,6,T_cell,CD8 T cells,1911,4.9983,34.1756,0.2083,-0.0451,Not cycling,0.5956,CD4 - Cell Cycle,,Meningioma,5734.0,1911,8.719916288803628
MSC6_CCACACTCATGCAGGA,MSC6,6,T_cell,CD8 T cells,1408,6.9239,36.341,-0.048,0.0582,Not cycling,0.645,CD8 - Unassigned1,,Meningioma,3241.0,1408,10.953409441530392
MSC6_CCACACTGTACTCGAT,MSC6,6,T_cell,CD8 T cells,1061,5.2475,36.5605,0.0169,-0.0469,Not cycling,2.8446,CD8 - Interferon,,Meningioma,2221.0,1061,6.528590724898694
MSC6_CCACCATCATAAGCGG,MSC6,6,T_cell,CD8 T cells,1253,4.3411,36.3159,0.0719,0.1239,Not cycling,0.6848,CD8 - Chromatin,,Meningioma,3084.0,1253,13.229571984435797
MSC6_CCACGAGCATGTTCAG,MSC6,6,T_cell,CD8 T cells,1751,5.1499,35.7236,-0.1008,0.0347,Not cycling,1.2619,CD8 - Unassigned2,,Meningioma,4970.0,1751,9.6579476861167
MSC6_CCACGAGTCCCGTGTT,MSC6,6,T_cell,CD8 T cells,1012,4.9771,37.2925,-0.0478,-0.0018,Not cycling,1.1459,CD8 - Cytotoxic,CD8 - Cytotoxic,Meningioma,2420.0,1012,17.56198347107438
MSC6_CCACGAGTCTGCATAG,MSC6,6,T_cell,CD8 T cells,1084,6.8593,37.9339,-0.0963,-0.0554,Not cycling,0.6395,CD8 - Heat shock,,Meningioma,2358.0,1084,16.70907548770144
MSC6_CCACGAGTCTGGACCG,MSC6,6,T_cell,CD8 T cells,2082,9.957,33.1338,1.0221,1.1406,Intermediate,2.8949,CD4 - Cell Cycle,CD4 - Cell Cycle,Meningioma,5517.0,2082,7.902845749501541
MSC6_CCACGTTAGACATCCT,MSC6,6,T_cell,CD8 T cells,970,,,,,,,,,Meningioma,1990.0,970,11.708542713567839
MSC6_CCACGTTAGTAGTCCT,MSC6,6,T_cell,CD8 T cells,984,,,,,,,,,Meningioma,2083.0,984,9.937590014402303
MSC6_CCACGTTTCATTTCCA,MSC6,6,T_cell,CD8 T cells,2453,10.6223,32.2954,0.5081,1.9918,G2/M,2.7801,CD4 - Cell Cycle,CD4 - Cell Cycle,Meningioma,6523.0,2453,10.853901579028054
MSC6_CCACTTGAGGGTAATT,MSC6,6,T_cell,CD8 T cells,1373,5.2302,34.5307,0.1196,0.1137,Not cycling,0.7341,CD8 - Unassigned2,,Meningioma,4034.0,1373,18.19533961328706
MSC6_CCACTTGGTTGTACGT,MSC6,6,T_cell,CD8 T cells,1171,5.9647,36.3582,0.013,0.0062,Not cycling,0.8163,CD8 - Cytotoxic,,Meningioma,2619.0,1171,12.371134020618557
MSC6_CCATCACAGAGGCTGT,MSC6,6,T_cell,CD8 T cells,960,,,,,,,,,Meningioma,2233.0,960,13.927451858486341
MSC6_CCATCACCAACGGCTC,MSC6,6,T_cell,CD8 T cells,1623,8.2067,35.122,0.5522,-0.0633,Not cycling,0.3844,CD8 - Unassigned1,,Meningioma,3914.0,1623,8.86561062851303
MSC6_CCATCACCAGAGAATT,MSC6,6,T_cell,CD8 T cells,1531,5.6913,36.145,-0.1397,-0.0796,Not cycling,0.452,CD8 - Naive2,,Meningioma,3448.0,1531,13.747099767981439
MSC6_CCATCACCAGCGATTT,MSC6,6,T_cell,CD8 T cells,2471,4.9403,34.4015,-0.0465,-0.0551,Not cycling,0.8514,CD4 - Glycolysis/MYC,,Meningioma,6195.0,2471,11.025020177562551
MSC6_CCATCACGTTCTCCCA,MSC6,6,T_cell,CD8 T cells,1629,4.843,35.7894,-0.0662,0.0504,Not cycling,0.8221,CD8 - Chromatin,,Meningioma,3782.0,1629,8.8841882601798
MSC6_CCCAACTGTCAAAGAT,MSC6,6,T_cell,CD8 T cells,1500,5.9337,36.587,0.0727,0.0445,Not cycling,1.5953,CD8 - Memory/Naive1,,Meningioma,3148.0,1500,7.750952986022872
MSC6_CCCAACTTCAGTCACA,MSC6,6,T_cell,CD8 T cells,1265,7.1785,37.4913,-0.0985,-0.0083,Not cycling,0.8885,CD8 - Cytotoxic,,Meningioma,3057.0,1265,15.799803729146221
MSC6_CCCAACTTCCGTCACT,MSC6,6,T_cell,CD8 T cells,1339,7.2722,36.1276,0.0253,-0.0533,Not cycling,0.841,CD8 - Cytotoxic,,Meningioma,2936.0,1339,16.757493188010898
MSC6_CCCATTGGTAACCAGG,MSC6,6,T_cell,CD8 T cells,712,,,,,,,,,Meningioma,1594.0,712,14.868255959849435
MSC6_CCCATTGGTTGTATGC,MSC6,6,T_cell,CD8 T cells,1214,6.5767,37.482,0.1425,0.0029,Not cycling,0.9691,CD8 - Cytotoxic,,Meningioma,3097.0,1214,16.209234743299966
MSC6_CCCGAAGAGTGCACTT,MSC6,6,T_cell,CD8 T cells,1246,-13.4648,23.7671,0.1696,0.1755,Not cycling,1.0619,CD4 - Cell Cycle,CD4 - Cell Cycle,Meningioma,2667.0,1246,7.836520434945632
MSC6_CCCGAAGTCTATGTGG,MSC6,6,T_cell,CD8 T cells,978,,,,,,,,,Meningioma,2202.0,978,14.168937329700272
MSC6_CCCGGAACACCATTCC,MSC6,6,T_cell,CD8 T cells,1238,5.2408,35.213,0.1832,0.1717,Not cycling,0.6486,CD4 - Cell Cycle,,Meningioma,2842.0,1238,17.45249824067558
MSC6_CCCGGAAGTGGAGGTT,MSC6,6,T_cell,CD8 T cells,648,,,,,,,,,Meningioma,1172.0,648,5.375426621160409
MSC6_CCCGGAATCTCTAAGG,MSC6,6,T_cell,CD8 T cells,1101,5.3652,36.6962,0.0326,-0.05,Not cycling,0.1761,CD4 - Interferon,,Meningioma,2327.0,1101,16.802750322303396
MSC6_CCCTAACAGTTCTCTT,MSC6,6,T_cell,CD8 T cells,2151,10.3946,32.5629,0.3453,1.0056,G2/M,1.907,CD4 - Cell Cycle,CD4 - Cell Cycle,Meningioma,5924.0,2151,13.943281566509116
MSC6_CCCTAACGTGTATACC,MSC6,6,T_cell,CD8 T cells,1247,7.6519,36.1985,0.0775,0.0096,Not cycling,0.3334,CD4 - Treg,,Meningioma,2801.0,1247,11.531595858621921
MSC6_CCCTAACTCTGCCTGT,MSC6,6,T_cell,CD8 T cells,1332,7.223,37.0941,0.3124,0.0622,Not cycling,1.1855,CD8 - Heat shock,,Meningioma,3229.0,1332,9.07401672344379
MSC6_CCCTCAAAGGCCTTGC,MSC6,6,T_cell,CD8 T cells,1536,7.022,35.8545,0.2014,-0.0022,Not cycling,0.708,CD8 - Unassigned2,,Meningioma,3510.0,1536,11.88034188034188
MSC6_CCCTCAAGTTGAGGAC,MSC6,6,T_cell,CD8 T cells,953,,,,,,,,,Meningioma,1944.0,953,15.22633744855967
MSC6_CCCTCTCAGGCTCCCA,MSC6,6,T_cell,CD8 T cells,1033,4.7468,36.8086,-0.032,0.1331,Not cycling,0.2413,CD8 - Chromatin,,Meningioma,2231.0,1033,12.774540564769161
MSC6_CCCTCTCGTACCGGAA,MSC6,6,T_cell,CD8 T cells,1209,6.6447,36.5629,0.3244,-0.0548,Not cycling,0.7424,CD8 - Cytotoxic,,Meningioma,2679.0,1209,10.563643150429264
MSC6_CCCTCTCGTCTCCCTA,MSC6,6,T_cell,CD8 T cells,1012,4.9653,37.1814,-0.0354,0.0629,Not cycling,0.9219,CD8 - Chromatin,,Meningioma,2207.0,1012,15.224286361576802
MSC6_CCCTCTCGTGTCTTCC,MSC6,6,T_cell,CD8 T cells,2012,10.0278,32.9884,1.1439,1.3707,Intermediate,3.3357,CD4 - Cell Cycle,CD4 - Cell Cycle,Meningioma,5010.0,2012,6.487025948103793
MSC6_CCCTGATGTTGTCTAG,MSC6,6,T_cell,CD8 T cells,1145,5.5772,36.9585,-0.0434,-0.0553,Not cycling,0.2328,CD4 - Stress/HSP,,Meningioma,2433.0,1145,9.57665433621044
MSC6_CCCTTAGCATGCCGAC,MSC6,6,T_cell,CD8 T cells,1395,5.2196,34.8479,0.064,0.1795,Not cycling,0.6344,CD4 - Stress/HSP,,Meningioma,3372.0,1395,8.09608540925267
MSC6_CCCTTAGGTGCTTATG,MSC6,6,T_cell,CD8 T cells,1080,4.9404,37.0781,0.0149,-0.0598,Not cycling,0.816,CD4 - Stress/HSP,,Meningioma,2144.0,1080,10.401119402985074
MSC6_CCGAACGCAGAGTCAG,MSC6,6,T_cell,CD8 T cells,1593,4.828,35.0745,0.2463,0.0417,Not cycling,0.3622,CD8 - Unassigned2,,Meningioma,7481.0,1593,9.905092902018447
MSC6_CCGAACGCATAATGAG,MSC6,6,T_cell,CD8 T cells,2014,9.7311,33.3475,1.385,1.1905,Intermediate,2.8398,CD4 - Cell Cycle,CD4 - Cell Cycle,Meningioma,4874.0,2014,8.309396799343455
MSC6_CCGAACGCATCGGTTA,MSC6,6,T_cell,CD8 T cells,1209,7.1628,36.1567,0.0159,-0.0617,Not cycling,0.8251,CD8 - Cytotoxic,,Meningioma,2861.0,1209,12.443201677735058
MSC6_CCGAACGGTATCATGC,MSC6,6,T_cell,CD8 T cells,1894,5.4208,36.2226,-0.1259,-0.1424,Not cycling,0.9125,CD8 - Interferon,,Meningioma,4520.0,1894,9.734513274336283
MSC6_CCGATCTGTGGTCTAT,MSC6,6,T_cell,CD8 T cells,938,,,,,,,,,Meningioma,1956.0,938,9.406952965235174
MSC6_CCGATGGCACGACGTC,MSC6,6,T_cell,CD8 T cells,910,,,,,,,,,Meningioma,1968.0,910,15.24390243902439
MSC6_CCGATGGCATACAGCT,MSC6,6,T_cell,CD8 T cells,1209,6.2974,37.9628,-0.0982,0.0106,Not cycling,0.8899,CD4 - Stress/HSP,,Meningioma,2751.0,1209,11.995637949836423
MSC6_CCGCAAGAGTGGCAGT,MSC6,6,T_cell,CD8 T cells,1665,6.0741,35.8681,-0.0305,0.5861,Not cycling,0.2511,CD4 - Cell Cycle,,Meningioma,4097.0,1665,15.010983646570661
MSC6_CCGCAAGGTGCATACT,MSC6,6,T_cell,CD8 T cells,1090,4.6392,36.6746,-0.0362,-0.002,Not cycling,1.4166,CD8 - Interferon,,Meningioma,2472.0,1090,11.812297734627832
MSC6_CCGCAAGTCATTGCTT,MSC6,6,T_cell,CD8 T cells,1339,7.5349,37.071,0.0106,-0.0038,Not cycling,0.3867,CD8 - Memory/Naive1,,Meningioma,2990.0,1339,11.304347826086957
MSC6_CCGGACAAGGTAGTCG,MSC6,6,T_cell,CD8 T cells,1263,7.3383,36.1289,0.0205,-0.0526,Not cycling,0.772,CD8 - Cytotoxic,,Meningioma,2714.0,1263,10.832719233603537
MSC6_CCGGGTACAAGTATAG,MSC6,6,T_cell,CD8 T cells,768,,,,,,,,,Meningioma,1659.0,768,16.998191681735985
MSC6_CCGGGTAGTCGTTGCG,MSC6,6,T_cell,CD8 T cells,953,,,,,,,,,Meningioma,1774.0,953,9.470124013528748
MSC6_CCGGGTATCGTGCACG,MSC6,6,T_cell,CD8 T cells,1150,7.0136,37.092,0.2127,-0.0508,Not cycling,0.6995,CD8 - Cytotoxic,,Meningioma,2508.0,1150,10.287081339712918
MSC6_CCGGTAGAGAGAGCCT,MSC6,6,T_cell,CD8 T cells,1526,5.2404,35.6629,0.0664,-0.0166,Not cycling,0.431,CD4 - Glycolysis/MYC,,Meningioma,3912.0,1526,11.605316973415134
MSC6_CCGGTAGAGCAATTAG,MSC6,6,T_cell,CD8 T cells,5960,4.418,21.5081,0.6679,-0.0396,Not cycling,0.9224,CD4 - Glycolysis/MYC,,Meningioma,35186.0,5960,5.740919683965213
MSC6_CCGGTAGAGCCTTTGA,MSC6,6,T_cell,CD8 T cells,1115,6.12,36.8144,0.0206,-0.057,Not cycling,0.4179,CD4 - Treg,,Meningioma,2247.0,1115,10.013351134846461
MSC6_CCGGTAGCATCGTGCG,MSC6,6,T_cell,CD8 T cells,915,,,,,,,,,Meningioma,1861.0,915,11.929070392262224
MSC6_CCGGTAGGTTGCACGC,MSC6,6,T_cell,CD8 T cells,1055,3.7178,36.0669,0.0844,-0.0547,Not cycling,1.1607,CD4 - Naive1,CD4 - Naive1,Meningioma,2204.0,1055,12.295825771324864
MSC6_CCGGTGAAGATCCAAA,MSC6,6,T_cell,CD8 T cells,804,,,,,,,,,Meningioma,1774.0,804,13.246899661781285
MSC6_CCGGTGAAGCGAATGC,MSC6,6,T_cell,CD8 T cells,879,,,,,,,,,Meningioma,1791.0,879,9.93858179787828
MSC6_CCGGTGAGTGTTGATC,MSC6,6,T_cell,CD8 T cells,1103,5.2296,36.5648,-0.0356,-0.0497,Not cycling,1.1667,CD8 - Cytotoxic,CD8 - Cytotoxic,Meningioma,2545.0,1103,15.284872298624755
MSC6_CCGGTGAGTTATGACC,MSC6,6,T_cell,CD8 T cells,817,,,,,,,,,Meningioma,1822.0,817,13.117453347969265
MSC6_CCGTAGGAGCAACTCT,MSC6,6,T_cell,CD8 T cells,1725,7.7072,35.5754,0.3796,0.0588,Not cycling,1.1032,CD8 - Unassigned2,,Meningioma,3986.0,1724,13.271450075263422
MSC6_CCGTAGGCATAGACTC,MSC6,6,T_cell,CD8 T cells,668,,,,,,,,,Meningioma,1202.0,668,10.316139767054908
MSC6_CCGTGAGCACACCGCA,MSC6,6,T_cell,CD8 T cells,901,,,,,,,,,Meningioma,2077.0,901,18.15117958594126
MSC6_CCGTGAGCACCTTCGT,MSC6,6,T_cell,CD8 T cells,1658,5.6312,35.3033,0.0073,0.0387,Not cycling,1.0709,CD4 - Glycolysis/MYC,,Meningioma,4042.0,1658,6.284017812963879
MSC6_CCGTGAGCATCCTTCG,MSC6,6,T_cell,CD8 T cells,874,,,,,,,,,Meningioma,1978.0,874,10.76845298281092
MSC6_CCGTGAGTCACGATAC,MSC6,6,T_cell,CD8 T cells,1955,10.6857,32.2034,-0.0127,1.5664,G2/M,2.2063,CD4 - Cell Cycle,CD4 - Cell Cycle,Meningioma,5322.0,1955,9.695603156708005
MSC6_CCGTTCATCTCACCCA,MSC6,6,T_cell,CD8 T cells,979,,,,,,,,,Meningioma,1997.0,979,6.109163745618428
MSC6_CCTAACCTCATCTGTT,MSC6,6,T_cell,CD8 T cells,1657,7.8865,35.6071,-0.0485,0.004,Not cycling,0.7747,CD8 - Cytotoxic,,Meningioma,3719.0,1657,11.831137402527562
MSC6_CCTAACCTCATGCCAA,MSC6,6,T_cell,CD8 T cells,1141,4.7283,36.8333,0.0185,0.0096,Not cycling,0.395,CD8 - Cytotoxic,,Meningioma,2469.0,1141,11.259619279060349
MSC6_CCTAAGACAGCGAACA,MSC6,6,T_cell,CD8 T cells,1036,6.1072,37.805,-0.0318,-0.0587,Not cycling,0.5633,CD4 - Treg,,Meningioma,2331.0,1036,12.355212355212355
MSC6_CCTAAGAGTATCGTAC,MSC6,6,T_cell,CD8 T cells,921,,,,,,,,,Meningioma,2243.0,921,13.642443156486848
MSC6_CCTACGTAGACATGCG,MSC6,6,T_cell,CD8 T cells,2164,9.9642,33.1279,1.6405,0.4563,G1/S,2.6317,CD4 - Cell Cycle,CD4 - Cell Cycle,Meningioma,6396.0,2164,17.120075046904315
MSC6_CCTACGTAGGATGGCT,MSC6,6,T_cell,CD8 T cells,3815,0.4922,16.8781,0.941,0.1761,G1/S,1.0621,CD8 - Chromatin,,Meningioma,10759.0,3815,18.25448461752951
MSC6_CCTACGTTCTCGACCT,MSC6,6,T_cell,CD8 T cells,804,,,,,,,,,Meningioma,1720.0,804,14.709302325581396
MSC6_CCTATCGAGGTTCACT,MSC6,6,T_cell,CD8 T cells,1305,7.1319,36.6436,-0.0357,0.0026,Not cycling,0.6661,CD8 - Cytotoxic,,Meningioma,2936.0,1305,9.775204359673024
MSC6_CCTATCGCAGTCAGAG,MSC6,6,T_cell,CD8 T cells,1419,6.6045,35.357,0.452,-0.0478,Not cycling,1.1113,CD4 - Cytotoxic,CD4 - Cytotoxic,Meningioma,3236.0,1419,13.22620519159456
MSC6_CCTATCGTCACACCGG,MSC6,6,T_cell,CD8 T cells,1205,7.349,37.3371,0.0195,0.0046,Not cycling,0.4513,CD4 - Treg,,Meningioma,2468.0,1205,15.478119935170179
MSC6_CCTCAACAGGGCAATC,MSC6,6,T_cell,CD8 T cells,1399,6.397,37.3225,0.1309,0.0638,Not cycling,0.8969,CD4 - Cytotoxic,,Meningioma,2865.0,1399,12.984293193717278
MSC6_CCTCAACAGTTAACAG,MSC6,6,T_cell,CD8 T cells,1872,8.2842,35.167,0.1976,-0.0143,Not cycling,0.7026,CD8 - Glycolysis/MYC,,Meningioma,4534.0,1872,9.439788266431407
MSC6_CCTCAACCAGAATGTA,MSC6,6,T_cell,CD8 T cells,1095,5.4372,37.2449,0.0183,0.0044,Not cycling,0.8594,CD4 - Naive1,,Meningioma,2292.0,1095,9.642233856893542
MSC6_CCTCAACGTCGTCATA,MSC6,6,T_cell,CD8 T cells,1194,6.9087,36.7346,-0.0306,0.0668,Not cycling,0.9828,CD4 - Cytotoxic,,Meningioma,2994.0,1194,11.99064796259185
MSC6_CCTCACAAGTGGATAT,MSC6,6,T_cell,CD8 T cells,2066,4.6373,35.727,0.1737,0.0437,Not cycling,1.0034,CD4 - Treg,CD4 - Treg,Meningioma,5676.0,2066,9.601832276250882
MSC6_CCTCACACATTGGATC,MSC6,6,T_cell,CD8 T cells,1250,4.8055,35.7003,0.0068,-0.0661,Not cycling,0.7379,CD8 - Glycolysis/MYC,,Meningioma,4105.0,1250,8.258221680876979
MSC6_CCTCACAGTCCAGAAG,MSC6,6,T_cell,CD8 T cells,1135,6.9589,37.381,-0.0947,0.0145,Not cycling,0.9594,CD8 - Heat shock,,Meningioma,2456.0,1135,9.97557003257329
MSC6_CCTCAGTGTTTGGAAA,MSC6,6,T_cell,CD8 T cells,1282,5.817,37.0258,0.0719,-0.06,Not cycling,0.6593,CD8 - Cytotoxic,,Meningioma,3339.0,1282,17.52021563342318
MSC6_CCTCAGTTCATTGCCC,MSC6,6,T_cell,CD8 T cells,1530,6.2354,35.6053,0.0103,-0.0048,Not cycling,0.7904,CD8 - Unassigned2,,Meningioma,3631.0,1530,9.171027265216194
MSC6_CCTCAGTTCCCGAAAT,MSC6,6,T_cell,CD8 T cells,1075,5.5872,37.2286,-0.0263,-0.0511,Not cycling,0.5469,CD4 - Dysfunction,,Meningioma,2452.0,1075,16.231647634584014
MSC6_CCTCATGCAACGGTAG,MSC6,6,T_cell,CD8 T cells,1111,4.4559,36.8613,0.0221,-0.0509,Not cycling,1.2083,CD4 - Naive1,CD4 - Naive1,Meningioma,2475.0,1111,10.909090909090908
MSC6_CCTCATGGTTTGTTGG,MSC6,6,T_cell,CD8 T cells,1272,7.2471,37.588,0.0874,-0.0472,Not cycling,1.3567,CD8 - Heat shock,,Meningioma,3032.0,1272,10.488126649076516
MSC6_CCTCATGTCATTATCC,MSC6,6,T_cell,CD8 T cells,1178,6.313,37.7959,-0.0477,0.065,Not cycling,1.006,CD8 - Cytotoxic,CD8 - Cytotoxic,Meningioma,2541.0,1178,11.885084612357339
MSC6_CCTCCAACACGATTCA,MSC6,6,T_cell,CD8 T cells,1692,6.9884,36.2646,0.0694,0.1174,Not cycling,1.053,CD8 - Heat shock,,Meningioma,4359.0,1692,13.099334709795825
MSC6_CCTCCAACAGAGAATT,MSC6,6,T_cell,CD8 T cells,1240,6.6004,36.352,0.4348,0.0003,Not cycling,0.4069,CD4 - Interferon,,Meningioma,2837.0,1240,9.86958054282693
MSC6_CCTCCAAGTTCGGACC,MSC6,6,T_cell,CD8 T cells,1106,7.3228,37.1103,-0.0378,0.0692,Not cycling,0.8319,CD4 - Cytotoxic,,Meningioma,2514.0,1106,12.927605409705649
MSC6_CCTCCAATCGAGAATA,MSC6,6,T_cell,CD8 T cells,1595,6.6048,35.4668,0.0036,0.1133,Not cycling,0.9926,CD8 - Glycolysis/MYC,,Meningioma,3748.0,1595,9.178228388473853
MSC6_CCTCCAATCGCGTCGA,MSC6,6,T_cell,CD8 T cells,562,,,,,,,,,Meningioma,1101.0,562,13.987284287011807
MSC6_CCTCCTCAGTGAGTTA,MSC6,6,T_cell,CD8 T cells,709,,,,,,,,,Meningioma,1466.0,709,13.369713506139155
MSC6_CCTCTAGAGATGCCGA,MSC6,6,T_cell,CD8 T cells,1119,5.5967,36.9296,0.0233,0.0072,Not cycling,1.254,CD8 - Unassigned1,,Meningioma,2582.0,1119,10.030983733539891
MSC6_CCTCTAGCAGCGACCT,MSC6,6,T_cell,CD8 T cells,1042,6.8796,37.2557,-0.0382,-0.051,Not cycling,0.6964,CD8 - Dysfunction,,Meningioma,2369.0,1042,15.069649641198819
MSC6_CCTCTAGCAGTTAGGG,MSC6,6,T_cell,CD8 T cells,1162,6.2448,37.2207,-0.0471,-0.0548,Not cycling,0.8618,CD8 - Chromatin,,Meningioma,2136.0,1162,4.728464419475656
MSC6_CCTCTAGGTCCCGTGA,MSC6,6,T_cell,CD8 T cells,1115,7.4439,36.4376,-0.027,-0.0443,Not cycling,1.295,CD8 - Cytotoxic,CD8 - Cytotoxic,Meningioma,2587.0,1115,12.485504445303441
MSC6_CCTCTAGTCCACCTGT,MSC6,6,T_cell,CD8 T cells,1223,4.597,36.7838,0.0234,-0.0606,Not cycling,0.9297,CD8 - Chromatin,,Meningioma,2976.0,1223,18.951612903225808
MSC6_CCTCTCCAGATCCGAG,MSC6,6,T_cell,CD8 T cells,882,,,,,,,,,Meningioma,1860.0,882,18.70967741935484
MSC6_CCTCTCCCACAAATGA,MSC6,6,T_cell,CD8 T cells,1865,5.7024,35.4191,0.1612,0.1624,Not cycling,0.6394,CD4 - Cell Cycle,,Meningioma,4508.0,1865,4.259094942324756
MSC6_CCTCTCCGTGGTATGG,MSC6,6,T_cell,CD8 T cells,954,,,,,,,,,Meningioma,1758.0,954,13.196814562002276
MSC6_CCTGCATAGAGTGGCT,MSC6,6,T_cell,CD8 T cells,1203,6.1571,37.2421,0.1378,0.0704,Not cycling,0.9978,CD8 - Interferon,,Meningioma,2722.0,1203,6.282145481263776
MSC6_CCTGCATAGGAGAGTA,MSC6,6,T_cell,CD8 T cells,817,,,,,,,,,Meningioma,1591.0,817,15.587680703959773
MSC6_CCTGCATCAGCGTGCT,MSC6,6,T_cell,CD8 T cells,992,,,,,,,,,Meningioma,2450.0,992,17.591836734693878
MSC6_CCTGTTGAGTACAGAT,MSC6,6,T_cell,CD8 T cells,1193,6.472,36.5633,-0.0356,0.0094,Not cycling,0.8387,CD8 - Unassigned2,,Meningioma,2626.0,1193,12.338156892612338
MSC6_CCTGTTGAGTTGAAGT,MSC6,6,T_cell,CD8 T cells,1144,5.2235,36.1511,0.1905,0.0107,Not cycling,0.8954,CD4 - Naive1,,Meningioma,2801.0,1144,15.815780078543378
MSC6_CCTGTTGGTTAGGAGC,MSC6,6,T_cell,CD8 T cells,1091,5.931,36.9684,-0.0423,0.0637,Not cycling,0.6694,CD8 - Cytotoxic,,Meningioma,2438.0,1091,13.904840032813782
MSC6_CCTGTTGTCACCATCC,MSC6,6,T_cell,CD8 T cells,1304,6.8528,37.4903,0.2045,-0.0613,Not cycling,0.2887,CD4 - Cytotoxic,,Meningioma,3083.0,1304,14.239377229970808
MSC6_CCTTCAGAGCTGGTGA,MSC6,6,T_cell,CD8 T cells,550,,,,,,,,,Meningioma,1120.0,550,16.071428571428573
MSC6_CCTTCAGCACGAAAGC,MSC6,6,T_cell,CD8 T cells,1039,5.9382,36.6505,0.0257,0.0098,Not cycling,1.162,CD8 - Cytotoxic,CD8 - Cytotoxic,Meningioma,2218.0,1039,10.685302073940488
MSC6_CCTTCAGGTACGATTC,MSC6,6,T_cell,CD8 T cells,980,,,,,,,,,Meningioma,2309.0,980,15.807708964919879
MSC6_CCTTCAGTCTCCCATG,MSC6,6,T_cell,CD8 T cells,1320,7.1549,35.7153,-0.0687,0.4172,Not cycling,0.9861,CD4 - Cell Cycle,,Meningioma,2818.0,1320,7.239176721078779
MSC6_CCTTGTGAGTGCGTCC,MSC6,6,T_cell,CD8 T cells,1006,6.499,37.6511,-0.0868,-0.0482,Not cycling,0.9881,CD8 - Cytotoxic,,Meningioma,2178.0,1006,12.672176308539944
MSC6_CCTTGTGGTAGCTCGC,MSC6,6,T_cell,CD8 T cells,1321,7.1416,36.2025,0.0708,-0.0596,Not cycling,1.3977,CD4 - Cytotoxic,CD4 - Cytotoxic,Meningioma,2881.0,1321,12.49566122874002
MSC6_CCTTGTGGTGGAGGTT,MSC6,6,T_cell,CD8 T cells,1270,6.9844,37.5726,0.087,-0.0569,Not cycling,1.1822,CD4 - Cytotoxic,CD4 - Cytotoxic,Meningioma,2936.0,1270,19.993188010899182
MSC6_CCTTGTGTCCTACGAA,MSC6,6,T_cell,CD8 T cells,884,,,,,,,,,Meningioma,1823.0,884,18.924849149753154
MSC6_CCTTTGGGTCCGGTCA,MSC6,6,T_cell,CD8 T cells,814,,,,,,,,,Meningioma,1826.0,814,9.91237677984666
MSC6_CCTTTGGTCCAACACA,MSC6,6,T_cell,CD8 T cells,1187,4.6965,36.0871,0.0203,0.0725,Not cycling,0.7934,CD8 - Chromatin,,Meningioma,2610.0,1187,6.245210727969349
MSC6_CGAAGGACAACGGGTA,MSC6,6,T_cell,CD8 T cells,1144,6.394,36.2017,0.0302,0.0075,Not cycling,0.9338,CD8 - Unassigned2,,Meningioma,2757.0,1144,12.767500906782734
MSC6_CGAAGGACAATTGTGC,MSC6,6,T_cell,CD8 T cells,1140,6.771,37.3233,-0.1024,-0.054,Not cycling,0.6124,CD8 - Unassigned2,,Meningioma,2713.0,1140,18.319203833394766
MSC6_CGAAGGACATAGGAGC,MSC6,6,T_cell,CD8 T cells,971,,,,,,,,,Meningioma,2122.0,971,12.91234684260132
MSC6_CGAAGGACATCGATCA,MSC6,6,T_cell,CD8 T cells,1124,5.2896,37.0987,0.0209,0.1291,Not cycling,0.5337,CD8 - Cytotoxic,,Meningioma,2443.0,1124,14.040114613180515
MSC6_CGAAGGAGTACAAGCG,MSC6,6,T_cell,CD8 T cells,1180,4.9577,36.7115,0.1381,0.0049,Not cycling,0.2468,CD4 - Cytotoxic,,Meningioma,2627.0,1180,6.547392462885421
MSC6_CGAAGGAGTGATTCAC,MSC6,6,T_cell,CD8 T cells,1109,3.6306,36.1888,0.139,-0.0592,Not cycling,1.1315,CD4 - Naive1,CD4 - Naive1,Meningioma,2579.0,1109,10.624272974020938
MSC6_CGAAGGAGTGGTTTAC,MSC6,6,T_cell,CD8 T cells,1131,4.8104,36.5489,-0.0348,-0.0519,Not cycling,0.6714,CD4 - Naive1,,Meningioma,2495.0,1131,12.264529058116233
MSC6_CGAAGGAGTGTTAGCT,MSC6,6,T_cell,CD8 T cells,984,,,,,,,,,Meningioma,2187.0,984,11.431184270690444
MSC6_CGAAGGATCAAGTCTG,MSC6,6,T_cell,CD8 T cells,998,,,,,,,,,Meningioma,2306.0,998,14.267129228100607
MSC6_CGAAGGATCGGAGCAA,MSC6,6,T_cell,CD8 T cells,872,,,,,,,,,Meningioma,1791.0,872,12.56281407035176
MSC6_CGAAGGATCGTCGATA,MSC6,6,T_cell,CD8 T cells,870,,,,,,,,,Meningioma,2129.0,870,13.245655237200564
MSC6_CGAAGTTAGGCGTTAG,MSC6,6,T_cell,CD8 T cells,860,,,,,,,,,Meningioma,1618.0,860,8.96168108776267
MSC6_CGAAGTTTCCTCACGT,MSC6,6,T_cell,CD8 T cells,1428,7.0768,36.6417,-0.0515,-0.0763,Not cycling,0.5257,CD8 - Cytotoxic,,Meningioma,3756.0,1428,12.087326943556976
MSC6_CGAATTGAGCCTTCTC,MSC6,6,T_cell,CD8 T cells,1254,6.0818,36.8938,0.1278,0.1273,Not cycling,0.7944,CD4 - Cytotoxic,,Meningioma,2790.0,1254,12.939068100358423
MSC6_CGAATTGAGTCTAGCT,MSC6,6,T_cell,CD8 T cells,1237,5.8968,35.7486,0.085,-0.0581,Not cycling,0.5475,CD4 - Interferon,,Meningioma,2780.0,1237,10.79136690647482
MSC6_CGAATTGGTCGGCTAC,MSC6,6,T_cell,CD8 T cells,1544,5.238,34.6864,0.0537,-0.0854,Not cycling,0.3667,CD4 - Glycolysis/MYC,,Meningioma,4119.0,1544,9.92959456178684
MSC6_CGAATTGGTGGTCTGC,MSC6,6,T_cell,CD8 T cells,1568,6.7629,35.8556,-0.0763,0.5319,Not cycling,0.3983,CD8 - Cytotoxic,,Meningioma,3282.0,1568,10.511882998171846
MSC6_CGACAGCCAGTGGCTC,MSC6,6,T_cell,CD8 T cells,1056,6.6749,37.8977,-0.0333,0.0154,Not cycling,1.4782,CD8 - Heat shock,,Meningioma,2318.0,1056,11.691113028472822
MSC6_CGAGAAGGTACTCCGG,MSC6,6,T_cell,CD8 T cells,1038,6.5542,37.6108,0.0224,0.0633,Not cycling,0.4979,CD8 - Memory/Naive1,,Meningioma,2268.0,1038,12.962962962962964
MSC6_CGAGAAGTCTCTGCCA,MSC6,6,T_cell,CD8 T cells,2360,8.9039,34.3997,0.7286,0.0414,G1/S,0.6394,CD4 - Cell Cycle,,Meningioma,6497.0,2360,8.00369401262121
MSC6_CGAGGCTCACGAAGAC,MSC6,6,T_cell,CD8 T cells,1008,4.9441,37.278,0.0268,-0.051,Not cycling,0.3829,CD4 - Naive1,,Meningioma,2370.0,1008,12.827004219409282
MSC6_CGAGTGCAGAAACTAC,MSC6,6,T_cell,CD8 T cells,942,,,,,,,,,Meningioma,2244.0,942,19.563279857397504
MSC6_CGAGTGCAGTGATTCC,MSC6,6,T_cell,CD8 T cells,1371,6.9239,35.8041,0.0877,-0.0541,Not cycling,0.3192,CD8 - Cytotoxic,,Meningioma,3069.0,1371,13.554903877484522
MSC6_CGAGTGCCATTCTTCA,MSC6,6,T_cell,CD8 T cells,1093,5.1691,37.2231,0.0127,0.006,Not cycling,0.9107,CD4 - Naive1,,Meningioma,2552.0,1093,14.498432601880877
MSC6_CGAGTGCTCAGCTCTC,MSC6,6,T_cell,CD8 T cells,1039,6.8924,37.0782,-0.0391,0.0069,Not cycling,1.7302,CD8 - Cytotoxic,CD8 - Cytotoxic,Meningioma,2423.0,1039,17.457697069748246
MSC6_CGAGTTAAGATGGGCT,MSC6,6,T_cell,CD8 T cells,1281,6.9249,37.1078,0.0193,0.0103,Not cycling,1.0823,CD8 - Cytotoxic,CD8 - Cytotoxic,Meningioma,2672.0,1281,10.254491017964073
MSC6_CGAGTTAAGTTACTCG,MSC6,6,T_cell,CD8 T cells,1030,6.5862,37.0461,-0.0466,0.0119,Not cycling,1.0776,CD8 - Cytotoxic,CD8 - Cytotoxic,Meningioma,2173.0,1030,15.968706856879889
MSC6_CGAGTTATCACATCAG,MSC6,6,T_cell,CD8 T cells,1365,6.4306,37.602,0.0841,0.189,Not cycling,0.1247,CD8 - Naive2,,Meningioma,3277.0,1365,13.487946292340556
MSC6_CGATCGGGTAGAATAC,MSC6,6,T_cell,CD8 T cells,1141,4.7243,36.6183,-0.1,0.005,Not cycling,1.0248,CD4 - Naive1,CD4 - Naive1,Meningioma,2548.0,1141,14.795918367346939
MSC6_CGATCGGGTTCGCGTG,MSC6,6,T_cell,CD8 T cells,1006,7.5005,36.6955,0.0161,-0.054,Not cycling,1.1601,CD4 - Cytotoxic,CD4 - Cytotoxic,Meningioma,2011.0,1006,13.625062158130284
MSC6_CGATGCGCAACAAGAT,MSC6,6,T_cell,CD8 T cells,1311,4.9179,35.5272,0.0763,-0.0655,Not cycling,0.422,CD4 - Treg,,Meningioma,2983.0,1311,8.984244049614482
MSC6_CGATGCGTCGGTCACG,MSC6,6,T_cell,CD8 T cells,603,,,,,,,,,Meningioma,1183.0,603,14.454775993237531
MSC6_CGATGGCCATTCTTCA,MSC6,6,T_cell,CD8 T cells,2346,10.499,32.5081,0.407,0.9416,G2/M,2.4497,CD8 - Cell Cycle,,Meningioma,6439.0,2346,9.380338561888491
MSC6_CGCAGGTAGGTTGACG,MSC6,6,T_cell,CD8 T cells,820,,,,,,,,,Meningioma,1343.0,820,11.39240506329114
MSC6_CGCAGGTTCGGACAAG,MSC6,6,T_cell,CD8 T cells,1047,6.679,37.0923,-0.0438,0.0121,Not cycling,0.8964,CD8 - Cytotoxic,,Meningioma,2318.0,1047,13.761863675582399
MSC6_CGCATAAAGAGTCGAC,MSC6,6,T_cell,CD8 T cells,1166,6.8341,37.9139,0.0271,0.0056,Not cycling,1.0548,CD8 - Cytotoxic,CD8 - Cytotoxic,Meningioma,2323.0,1166,8.996986655187257
MSC6_CGCATAACACAGCTTA,MSC6,6,T_cell,CD8 T cells,2244,7.0089,35.5261,0.1202,0.1706,Not cycling,0.8793,CD8 - Cytotoxic,,Meningioma,5996.0,2244,7.971981320880587
MSC6_CGCATAAGTTACACAC,MSC6,6,T_cell,CD8 T cells,1404,6.7246,35.5511,0.3171,-0.0537,Not cycling,0.707,CD8 - Cytotoxic,,Meningioma,3284.0,1404,9.226552984165652
MSC6_CGCATAAGTTACCCAA,MSC6,6,T_cell,CD8 T cells,844,,,,,,,,,Meningioma,1600.0,844,9.1875
MSC6_CGCATGGAGCGCCTAC,MSC6,6,T_cell,CD8 T cells,1318,7.045,36.8533,-0.0303,0.0146,Not cycling,1.4073,CD8 - Cytotoxic,CD8 - Cytotoxic,Meningioma,2743.0,1318,10.64527889172439
MSC6_CGCATGGAGGCAATGC,MSC6,6,T_cell,CD8 T cells,1127,6.2277,37.34,0.0724,-0.0518,Not cycling,0.4208,CD8 - Cytotoxic,,Meningioma,2563.0,1127,11.31486539211861
MSC6_CGCATGGCAGCTCCTT,MSC6,6,T_cell,CD8 T cells,1148,5.0358,36.8991,-0.0932,0.1326,Not cycling,0.7595,CD8 - Chromatin,,Meningioma,2659.0,1148,12.523505077096653
MSC6_CGCATGGTCGGTTCAA,MSC6,6,T_cell,CD8 T cells,1122,4.6646,36.3803,-0.0913,0.0082,Not cycling,0.6427,CD4 - Naive1,,Meningioma,2551.0,1122,12.387299098392788
MSC6_CGCCAGAAGCTCTATG,MSC6,6,T_cell,CD8 T cells,1056,6.2459,37.8451,0.0352,-0.057,Not cycling,1.008,CD8 - Cytotoxic,CD8 - Cytotoxic,Meningioma,2622.0,1056,17.276887871853546
MSC6_CGCCAGAGTATGACAA,MSC6,6,T_cell,CD8 T cells,1848,4.6825,36.3704,0.0635,-0.0083,Not cycling,1.0597,CD8 - Memory/Naive1,,Meningioma,5485.0,1848,11.777575205104831
MSC6_CGCCATTGTCATCGGC,MSC6,6,T_cell,CD8 T cells,1567,7.6534,36.2801,0.0151,-0.0029,Not cycling,0.4056,CD8 - Cytotoxic,,Meningioma,3620.0,1567,12.265193370165745
MSC6_CGCCATTTCACTTGGA,MSC6,6,T_cell,CD8 T cells,1240,6.4328,37.3558,-0.1066,0.0053,Not cycling,0.355,CD8 - Heat shock,,Meningioma,2692.0,1240,9.881129271916791
MSC6_CGCCATTTCAGCTCTC,MSC6,6,T_cell,CD8 T cells,1336,7.3353,36.2174,-0.0411,-0.0576,Not cycling,0.9592,CD8 - Cytotoxic,,Meningioma,2847.0,1336,7.938180540920267
MSC6_CGGAACCGTAACTAAG,MSC6,6,T_cell,CD8 T cells,1229,5.2092,36.3262,-0.051,0.1852,Not cycling,0.7807,CD4 - Cytotoxic,,Meningioma,2789.0,1229,10.792398709214773
MSC6_CGGAACCTCGATTTCT,MSC6,6,T_cell,CD8 T cells,1599,9.8797,33.1761,0.7892,0.4699,G1/S,2.0673,CD8 - Cell Cycle,,Meningioma,4222.0,1599,13.074372335386073
MSC6_CGGAATTGTGTTGATC,MSC6,6,T_cell,CD8 T cells,2201,9.5902,33.5532,1.6475,0.5155,G1/S,2.4819,CD4 - Cell Cycle,CD4 - Cell Cycle,Meningioma,5870.0,2201,9.863713798977853
MSC6_CGGACACCAATGTCAC,MSC6,6,T_cell,CD8 T cells,890,,,,,,,,,Meningioma,2093.0,890,13.425704730052557
MSC6_CGGACACTCATTTCCA,MSC6,6,T_cell,CD8 T cells,1375,7.1778,36.8665,0.0697,0.0129,Not cycling,0.3123,CD4 - Naive2,,Meningioma,2981.0,1375,10.533378061053337
MSC6_CGGACACTCTACCACC,MSC6,6,T_cell,CD8 T cells,7682,3.0437,18.5257,0.7219,0.7212,Intermediate,0.6228,CD4 - Glycolysis/MYC,,Meningioma,57137.0,7681,4.891751404518963
MSC6_CGGCAGTCACAGAGCA,MSC6,6,T_cell,CD8 T cells,1857,4.8612,35.399,0.4581,-0.0482,Not cycling,0.5691,CD4 - Naive2,,Meningioma,5374.0,1857,4.540379605508002
MSC6_CGGCAGTCAGAACTCT,MSC6,6,T_cell,CD8 T cells,1093,7.3706,36.985,0.0205,0.0044,Not cycling,0.4302,CD4 - Interferon,,Meningioma,2293.0,1093,10.379415612734409
MSC6_CGGCAGTGTTGAGTCT,MSC6,6,T_cell,CD8 T cells,1575,5.2362,34.9828,0.2449,-0.0186,Not cycling,0.8323,CD4 - Glycolysis/MYC,,Meningioma,4534.0,1575,7.675341861490957
MSC6_CGGGACTCACATGAAA,MSC6,6,T_cell,CD8 T cells,1011,5.6313,36.4675,0.0278,0.0683,Not cycling,0.8275,CD8 - Interferon,,Meningioma,2228.0,1011,9.964093357271095
MSC6_CGGGACTTCTGCGATA,MSC6,6,T_cell,CD8 T cells,1475,5.3301,36.6946,-0.0066,-0.0632,Not cycling,0.4781,CD4 - Cytotoxic,,Meningioma,3693.0,1475,8.827511508258867
MSC6_CGGGCATAGGAACGTC,MSC6,6,T_cell,CD8 T cells,1001,5.0541,36.2814,0.0174,0.0616,Not cycling,0.6726,CD4 - Interferon,,Meningioma,2053.0,1001,10.813443740867024
MSC6_CGGGCATGTCCTTTGC,MSC6,6,T_cell,CD8 T cells,1132,6.7897,36.5744,0.1372,0.1894,Not cycling,0.9183,CD4 - Cytotoxic,,Meningioma,2632.0,1132,16.945288753799392
MSC6_CGGGCATGTTCACCGG,MSC6,6,T_cell,CD8 T cells,1194,5.9745,37.1261,-0.028,0.0167,Not cycling,0.5641,CD8 - Cytotoxic,,Meningioma,2580.0,1194,7.906976744186046
MSC6_CGGGTCAAGGAATTAC,MSC6,6,T_cell,CD8 T cells,1127,4.9895,36.6755,-0.038,0.0076,Not cycling,0.3553,CD8 - Cytotoxic,,Meningioma,2816.0,1127,9.730113636363637
MSC6_CGGGTCACACCATATG,MSC6,6,T_cell,CD8 T cells,1117,5.1479,36.542,0.0754,-0.0466,Not cycling,0.7975,CD8 - Memory/Naive1,,Meningioma,2462.0,1117,14.21608448415922
MSC6_CGGGTCATCAGCACCG,MSC6,6,T_cell,CD8 T cells,1085,5.7784,35.9746,-0.1215,-0.0683,Not cycling,1.0916,CD8 - Memory/Naive1,,Meningioma,2317.0,1085,12.861458782908935
MSC6_CGGGTGTAGAATACAC,MSC6,6,T_cell,CD8 T cells,1684,7.2495,36.911,-0.1075,0.0592,Not cycling,0.7274,CD8 - Glycolysis/MYC,,Meningioma,4778.0,1684,9.941398074508163
MSC6_CGGGTGTTCGACCACG,MSC6,6,T_cell,CD8 T cells,1400,7.2255,36.9185,0.0227,-0.0561,Not cycling,0.751,CD4 - Naive1,,Meningioma,3244.0,1400,16.707768187422936
MSC6_CGGTCAGAGTCACGAG,MSC6,6,T_cell,CD8 T cells,1479,10.5735,32.3745,0.1144,1.2045,G2/M,2.3021,CD4 - Cell Cycle,CD4 - Cell Cycle,Meningioma,3647.0,1479,10.858239649026597
MSC6_CGGTCAGCACTACCGG,MSC6,6,T_cell,CD8 T cells,1176,3.6291,35.9609,-0.0369,0.0686,Not cycling,0.6038,CD8 - Unassigned2,,Meningioma,2836.0,1176,14.033850493653032
MSC6_CGGTCAGCATCTATCT,MSC6,6,T_cell,CD8 T cells,1154,6.7472,37.1163,-0.057,0.063,Not cycling,1.3921,CD4 - Cytotoxic,CD4 - Cytotoxic,Meningioma,2168.0,1154,8.256457564575646
MSC6_CGGTCAGGTACTGTTG,MSC6,6,T_cell,CD8 T cells,990,,,,,,,,,Meningioma,2132.0,990,9.803001876172608
MSC6_CGGTCAGGTCAGGTGA,MSC6,6,T_cell,CD8 T cells,936,,,,,,,,,Meningioma,2051.0,936,15.358361774744028
MSC6_CGGTCAGTCTTTCTAG,MSC6,6,T_cell,CD8 T cells,908,,,,,,,,,Meningioma,1932.0,908,10.248447204968944
MSC6_CGTAAGTCAACTCGTA,MSC6,6,T_cell,CD8 T cells,888,,,,,,,,,Meningioma,1932.0,888,11.697722567287785
MSC6_CGTAAGTCAGACTCTA,MSC6,6,T_cell,CD8 T cells,960,,,,,,,,,Meningioma,1976.0,960,17.965587044534413
MSC6_CGTAAGTCAGGTACGA,MSC6,6,T_cell,CD8 T cells,1047,6.0074,36.8875,0.077,0.0044,Not cycling,1.0448,CD4 - Cytotoxic,CD4 - Cytotoxic,Meningioma,2255.0,1047,15.299334811529933
MSC6_CGTAATGGTCCCAAAT,MSC6,6,T_cell,CD8 T cells,1191,7.2286,36.4908,-0.0473,0.0018,Not cycling,1.0665,CD8 - Cytotoxic,CD8 - Cytotoxic,Meningioma,2553.0,1191,13.748531139835487
MSC6_CGTAATGGTGTATTCG,MSC6,6,T_cell,CD8 T cells,1975,6.1322,35.8103,0.0678,-0.0014,Not cycling,0.6598,CD4 - Dysfunction,,Meningioma,4933.0,1975,8.858706669369552
MSC6_CGTAGTAAGAGTCCGA,MSC6,6,T_cell,CD8 T cells,1272,5.4264,35.6284,-0.0504,-0.0072,Not cycling,0.9159,CD4 - Cell Cycle,,Meningioma,2730.0,1272,8.315018315018316
MSC6_CGTAGTAAGGTTGACG,MSC6,6,T_cell,CD8 T cells,1193,5.7544,36.54,0.075,0.0067,Not cycling,1.0316,CD8 - Cytotoxic,CD8 - Cytotoxic,Meningioma,2916.0,1193,16.358024691358025
MSC6_CGTAGTATCACTGGTA,MSC6,6,T_cell,CD8 T cells,1113,4.5587,36.6961,-0.047,-0.0537,Not cycling,1.2741,CD8 - Cytotoxic,CD8 - Cytotoxic,Meningioma,2670.0,1113,7.453183520599251
MSC6_CGTCCATTCTGGTGGC,MSC6,6,T_cell,CD8 T cells,1638,8.4794,35.3812,0.7415,0.0017,G1/S,0.9147,CD4 - Cell Cycle,,Meningioma,3741.0,1638,11.120021384656509
MSC6_CGTGAATAGAGTTGTA,MSC6,6,T_cell,CD8 T cells,6686,-0.0088,18.8922,1.8557,0.9224,G1/S,1.077,CD4 - Glycolysis/MYC,,Meningioma,42510.0,6686,6.706657257115973
MSC6_CGTGAATAGTGGAATT,MSC6,6,T_cell,CD8 T cells,662,,,,,,,,,Meningioma,1345.0,662,14.572490706319703
MSC6_CGTGAATCACTAGAGG,MSC6,6,T_cell,CD8 T cells,1794,6.0783,36.0236,-0.0613,0.2397,Not cycling,0.7361,CD4 - Cytotoxic,,Meningioma,4514.0,1794,9.21577315019938
MSC6_CGTGAATCAGCGACCT,MSC6,6,T_cell,CD8 T cells,1816,7.5674,37.2451,-0.0068,0.0513,Not cycling,0.644,CD8 - Heat shock,,Meningioma,4509.0,1816,9.980039920159681
MSC6_CGTGATAAGAGTCGAC,MSC6,6,T_cell,CD8 T cells,1118,7.8216,37.2157,0.0372,-0.0518,Not cycling,1.0845,CD4 - Cytotoxic,CD4 - Cytotoxic,Meningioma,2556.0,1118,6.611893583724569
MSC6_CGTGATAAGTCTGCAT,MSC6,6,T_cell,CD8 T cells,1025,7.0976,37.8249,0.0866,-0.0425,Not cycling,0.8056,CD8 - Cytotoxic,,Meningioma,2191.0,1025,14.559561843906891
MSC6_CGTGATAGTAAGTTAG,MSC6,6,T_cell,CD8 T cells,1051,6.3515,36.4504,0.0204,0.0693,Not cycling,0.8985,CD4 - Cytotoxic,,Meningioma,1955.0,1051,6.3938618925831205
MSC6_CGTGATAGTCACAATC,MSC6,6,T_cell,CD8 T cells,2129,3.4584,26.0993,-0.185,-0.171,Not cycling,0.7212,CD4 - Interferon,,Meningioma,5217.0,2128,2.3001725129384702
MSC6_CGTGCTTAGATTGACA,MSC6,6,T_cell,CD8 T cells,902,,,,,,,,,Meningioma,1963.0,902,19.510952623535406
MSC6_CGTGCTTAGTATTAGG,MSC6,6,T_cell,CD8 T cells,1891,9.4713,33.696,0.6085,0.3568,Not cycling,1.3929,CD4 - Cell Cycle,CD4 - Cell Cycle,Meningioma,5273.0,1890,19.950692205575574
MSC6_CGTGCTTCATCCTATT,MSC6,6,T_cell,CD8 T cells,905,,,,,,,,,Meningioma,1906.0,905,16.316894018887723
MSC6_CGTGCTTCATGCACTA,MSC6,6,T_cell,CD8 T cells,1669,-14.5608,24.2406,-0.0387,0.0683,Not cycling,1.5159,CD4 - Naive1,CD4 - Naive1,Meningioma,5910.0,1669,14.12859560067682
MSC6_CGTGCTTGTCGATTCA,MSC6,6,T_cell,CD8 T cells,931,,,,,,,,,Meningioma,1910.0,931,14.450261780104713
MSC6_CGTGCTTTCCGAAATC,MSC6,6,T_cell,CD8 T cells,965,,,,,,,,,Meningioma,2506.0,965,11.372705506783719
MSC6_CGTGTCTAGTGGAATT,MSC6,6,T_cell,CD8 T cells,1050,5.7671,36.9104,-0.116,0.059,Not cycling,1.1406,CD8 - Unassigned2,,Meningioma,2435.0,1050,14.455852156057494
MSC6_CGTGTCTTCGCTAAAC,MSC6,6,T_cell,CD8 T cells,1678,6.1906,35.9544,0.3079,0.3016,Not cycling,1.4888,CD8 - Naive3,,Meningioma,4246.0,1678,11.893546867640131
MSC6_CGTTAGAAGAAGAGCA,MSC6,6,T_cell,CD8 T cells,1305,7.8639,36.1087,0.2507,0.0069,Not cycling,1.0182,CD8 - Cytotoxic,CD8 - Cytotoxic,Meningioma,2679.0,1305,12.877939529675253
MSC6_CGTTAGAGTGCTTATG,MSC6,6,T_cell,CD8 T cells,1198,6.9231,37.7455,-0.0383,0.0695,Not cycling,1.2186,CD4 - Cytotoxic,CD4 - Cytotoxic,Meningioma,2726.0,1198,10.601614086573734
MSC6_CGTTCTGAGGTTCTTG,MSC6,6,T_cell,CD8 T cells,1130,5.8598,37.2287,0.0739,0.0024,Not cycling,1.0687,CD8 - Unassigned1,,Meningioma,2353.0,1130,10.242243943901402
MSC6_CGTTCTGGTTGGACCC,MSC6,6,T_cell,CD8 T cells,964,,,,,,,,,Meningioma,1862.0,964,13.26530612244898
MSC6_CGTTCTGTCTAGAGCT,MSC6,6,T_cell,CD8 T cells,1109,6.2284,36.177,-0.1118,-0.0561,Not cycling,0.7052,CD4 - Unassigned,,Meningioma,2530.0,1109,17.154150197628457
MSC6_CGTTCTGTCTCAACGA,MSC6,6,T_cell,CD8 T cells,874,,,,,,,,,Meningioma,1807.0,874,15.163254012174875
MSC6_CGTTGGGCACGTGTGC,MSC6,6,T_cell,CD8 T cells,948,,,,,,,,,Meningioma,2082.0,948,12.920268972142171
MSC6_CGTTGGGGTTGAGAGC,MSC6,6,T_cell,CD8 T cells,1085,6.294,36.2115,-0.0307,-0.0554,Not cycling,1.1312,CD8 - Unassigned2,,Meningioma,2349.0,1085,13.495104299702001
MSC6_CTAACCCCAGCTACTA,MSC6,6,T_cell,CD8 T cells,846,,,,,,,,,Meningioma,1850.0,846,11.297297297297296
MSC6_CTAACCCTCTACCTTA,MSC6,6,T_cell,CD8 T cells,594,,,,,,,,,Meningioma,884.0,594,5.316742081447964
MSC6_CTAACTTTCTCGACGG,MSC6,6,T_cell,CD8 T cells,867,,,,,,,,,Meningioma,1682.0,867,11.83115338882283
MSC6_CTAAGTGAGTGCACTT,MSC6,6,T_cell,CD8 T cells,668,,,,,,,,,Meningioma,1179.0,668,10.856658184902459
MSC6_CTAAGTGTCGCTGACG,MSC6,6,T_cell,CD8 T cells,955,,,,,,,,,Meningioma,2181.0,955,18.477762494268685
MSC6_CTACAGAAGACCTTTG,MSC6,6,T_cell,CD8 T cells,883,,,,,,,,,Meningioma,1739.0,883,13.628522139160436
MSC6_CTACAGAAGACGCAGT,MSC6,6,T_cell,CD8 T cells,2597,5.6495,34.0272,0.0466,2.2273,G2/M,2.6543,CD4 - Cell Cycle,CD4 - Cell Cycle,Meningioma,9127.0,2597,16.960666155363207
MSC6_CTACAGAGTCGTAATC,MSC6,6,T_cell,CD8 T cells,919,,,,,,,,,Meningioma,1834.0,919,13.46782988004362
MSC6_CTACATTGTTGTCTAG,MSC6,6,T_cell,CD8 T cells,1649,7.5099,36.7096,0.0591,0.0505,Not cycling,0.2398,CD4 - Treg,,Meningioma,4783.0,1649,11.206355843612796
MSC6_CTACATTTCAGCTCTC,MSC6,6,T_cell,CD8 T cells,2808,10.3161,32.6501,1.4415,1.8581,Intermediate,3.1942,CD4 - Cell Cycle,CD4 - Cell Cycle,Meningioma,7783.0,2808,6.938198638057305
MSC6_CTACATTTCCGATCGG,MSC6,6,T_cell,CD8 T cells,777,,,,,,,,,Meningioma,1598.0,777,16.270337922403005
MSC6_CTACATTTCTTGAACG,MSC6,6,T_cell,CD8 T cells,1181,6.5855,35.726,0.0594,0.187,Not cycling,0.9367,CD8 - Cytotoxic,,Meningioma,2601.0,1181,12.072279892349096
MSC6_CTACCCAGTACTGCGC,MSC6,6,T_cell,CD8 T cells,1040,5.0981,37.0916,0.0787,0.008,Not cycling,0.9269,CD8 - Memory/Naive1,,Meningioma,2425.0,1040,14.515463917525773
MSC6_CTACCTGCAGGTCAGA,MSC6,6,T_cell,CD8 T cells,1992,9.5031,33.6729,1.403,-0.0045,G1/S,1.5981,CD8 - Cell Cycle,,Meningioma,5268.0,1992,9.927866362946089
MSC6_CTACCTGGTCCCTCAT,MSC6,6,T_cell,CD8 T cells,1460,7.1486,37.2042,-0.1103,0.0085,Not cycling,1.1433,CD8 - Cytotoxic,CD8 - Cytotoxic,Meningioma,3458.0,1460,8.58877964141122
MSC6_CTACCTGGTCCGGTGT,MSC6,6,T_cell,CD8 T cells,1574,7.3134,37.2072,0.0145,-0.0004,Not cycling,0.9179,CD8 - Chromatin,,Meningioma,3423.0,1574,13.000292141396436
MSC6_CTACGGGTCGCTGTTC,MSC6,6,T_cell,CD8 T cells,1253,10.1019,32.9762,0.619,0.3556,Not cycling,3.2899,CD4 - Cell Cycle,CD4 - Cell Cycle,Meningioma,2752.0,1253,8.757267441860465
MSC6_CTACTATAGCAAGTCG,MSC6,6,T_cell,CD8 T cells,958,,,,,,,,,Meningioma,1973.0,958,9.883426254434871
MSC6_CTACTATAGTCGCTAT,MSC6,6,T_cell,CD8 T cells,1324,7.6845,36.2053,0.4902,-0.0713,Not cycling,1.1465,CD4 - Cytotoxic,CD4 - Cytotoxic,Meningioma,2769.0,1324,16.32358252076562
MSC6_CTACTATGTACCGTGC,MSC6,6,T_cell,CD8 T cells,1038,4.5183,36.8958,-0.0337,0.0096,Not cycling,1.112,CD4 - Cytotoxic,CD4 - Cytotoxic,Meningioma,2073.0,1038,9.55137481910275
MSC6_CTACTATTCTGAGTCA,MSC6,6,T_cell,CD8 T cells,930,,,,,,,,,Meningioma,1953.0,930,11.213517665130569
MSC6_CTAGGTACAACGGCCT,MSC6,6,T_cell,CD8 T cells,909,,,,,,,,,Meningioma,2092.0,909,11.18546845124283
MSC6_CTAGGTACACAAGGTG,MSC6,6,T_cell,CD8 T cells,1143,4.8689,35.0759,-0.02,0.0978,Not cycling,1.0113,CD8 - Interferon,,Meningioma,2568.0,1143,12.538940809968848
MSC6_CTAGGTACATTCCTAT,MSC6,6,T_cell,CD8 T cells,1627,7.3485,36.4483,-0.1198,0.0663,Not cycling,1.1788,CD4 - Stress/HSP,,Meningioma,3456.0,1627,4.890046296296297
MSC6_CTAGGTAGTGGACCTC,MSC6,6,T_cell,CD8 T cells,858,,,,,,,,,Meningioma,2024.0,858,17.341897233201582
MSC6_CTAGGTATCCGATTAG,MSC6,6,T_cell,CD8 T cells,1725,5.4446,34.6949,0.6014,0.0966,Not cycling,0.5832,CD8 - Glycolysis/MYC,,Meningioma,5475.0,1725,6.9771689497716896
MSC6_CTAGGTATCGTCGGGT,MSC6,6,T_cell,CD8 T cells,913,,,,,,,,,Meningioma,2072.0,913,16.698841698841697
MSC6_CTATAGGCACTGAGTT,MSC6,6,T_cell,CD8 T cells,1127,5.1237,36.4951,0.0808,0.0035,Not cycling,0.3255,CD4 - Cytotoxic,,Meningioma,2452.0,1127,8.482871125611746
MSC6_CTATAGGCATCATTTC,MSC6,6,T_cell,CD8 T cells,601,,,,,,,,,Meningioma,1017.0,601,8.55457227138643
MSC6_CTATAGGGTATCACCA,MSC6,6,T_cell,CD8 T cells,2394,5.1021,34.2838,0.4418,0.2535,Not cycling,0.6474,CD4 - Glycolysis/MYC,,Meningioma,7501.0,2394,12.75829889348087
MSC6_CTATCCGAGTTCAACC,MSC6,6,T_cell,CD8 T cells,2480,3.6432,5.4534,0.027,-0.0547,Not cycling,1.0266,CD8 - Heat shock,,Meningioma,6753.0,2480,11.654079668295573
MSC6_CTATCCGCATGGTACT,MSC6,6,T_cell,CD8 T cells,1265,5.4588,35.6923,0.0599,0.0038,Not cycling,0.2955,CD4 - Cytotoxic,,Meningioma,3024.0,1265,9.25925925925926
MSC6_CTATCCGGTGAGCTCC,MSC6,6,T_cell,CD8 T cells,1009,5.6257,37.1204,-0.0897,-0.0478,Not cycling,0.2267,CD8 - Cytotoxic,,Meningioma,2366.0,1009,15.8072696534235
MSC6_CTATCCGTCGTAACCA,MSC6,6,T_cell,CD8 T cells,1647,5.2596,36.81,-0.1109,0.0657,Not cycling,0.302,CD8 - Naive3,,Meningioma,4281.0,1647,13.221209997664097
MSC6_CTATCCGTCTCTGCTG,MSC6,6,T_cell,CD8 T cells,572,,,,,,,,,Meningioma,1036.0,572,14.285714285714286
MSC6_CTATCTAAGCCGGATA,MSC6,6,T_cell,CD8 T cells,970,,,,,,,,,Meningioma,2183.0,970,17.17819514429684
MSC6_CTATCTAAGTTCACTG,MSC6,6,T_cell,CD8 T cells,1282,6.3691,37.3152,0.0488,0.2355,Not cycling,0.2783,CD8 - Cytotoxic,,Meningioma,2711.0,1282,10.217631870158613
MSC6_CTATCTACATGTACGT,MSC6,6,T_cell,CD8 T cells,1309,5.3218,35.247,0.0742,-0.0029,Not cycling,0.7384,CD8 - Interferon,,Meningioma,2778.0,1309,8.207343412526997
MSC6_CTATCTAGTTCACGAT,MSC6,6,T_cell,CD8 T cells,1201,5.6128,36.358,-0.1025,-0.0563,Not cycling,1.2385,CD8 - Cytotoxic,CD8 - Cytotoxic,Meningioma,2556.0,1201,6.807511737089202
MSC6_CTATCTAGTTCTCCTG,MSC6,6,T_cell,CD8 T cells,1668,5.0665,35.9628,-0.0416,0.0684,Not cycling,1.1236,CD8 - Chromatin,,Meningioma,4221.0,1668,15.636105188343993
MSC6_CTATCTATCGTGCGAC,MSC6,6,T_cell,CD8 T cells,1021,6.541,37.7421,0.0098,0.0659,Not cycling,1.0197,CD8 - Cytotoxic,CD8 - Cytotoxic,Meningioma,2146.0,1021,15.424044734389563
MSC6_CTCAACCAGTCACTAC,MSC6,6,T_cell,CD8 T cells,2338,7.1468,35.9337,0.0601,0.1268,Not cycling,0.3124,CD8 - Cytotoxic,,Meningioma,6902.0,2338,9.982613735149233
MSC6_CTCAACCAGTGCAACG,MSC6,6,T_cell,CD8 T cells,1201,6.1774,37.2828,0.0157,0.0042,Not cycling,0.9588,CD8 - Memory/Naive1,,Meningioma,2816.0,1201,15.163352272727273
MSC6_CTCAACCGTTCTAAGC,MSC6,6,T_cell,CD8 T cells,1129,6.2642,36.5909,0.1353,-0.0541,Not cycling,0.8806,CD8 - Cytotoxic,,Meningioma,2474.0,1129,10.913500404203718
MSC6_CTCAAGAGTTTACCAG,MSC6,6,T_cell,CD8 T cells,1064,6.0635,37.9901,-0.0323,0.0125,Not cycling,1.8756,CD8 - Heat shock,,Meningioma,2572.0,1064,9.525660964230172
MSC6_CTCAATTGTGAGGATC,MSC6,6,T_cell,CD8 T cells,1008,5.9847,37.6987,0.0773,-0.0536,Not cycling,0.5834,CD8 - Cytotoxic,,Meningioma,2331.0,1008,12.56971256971257
MSC6_CTCACTGAGAGAGTTT,MSC6,6,T_cell,CD8 T cells,1309,4.4836,35.8885,-0.0598,-0.0172,Not cycling,1.2187,CD4 - Interferon,,Meningioma,5687.0,1309,4.765254088271496
MSC6_CTCACTGAGTCTGGTT,MSC6,6,T_cell,CD8 T cells,1810,9.2038,34.0541,1.0473,0.1162,G1/S,1.3485,CD4 - Cytotoxic,CD4 - Cytotoxic,Meningioma,4273.0,1810,12.309852562602387
MSC6_CTCAGAAAGAAAGTCT,MSC6,6,T_cell,CD8 T cells,2325,6.0505,35.2189,-0.0641,0.0008,Not cycling,1.0046,CD4 - Treg,CD4 - Treg,Meningioma,6776.0,2325,8.795749704840613
MSC6_CTCAGAAAGCCAGACA,MSC6,6,T_cell,CD8 T cells,1157,5.6668,36.0386,0.0744,0.1844,Not cycling,0.5875,CD8 - Unassigned2,,Meningioma,2791.0,1157,9.781440343962737
MSC6_CTCAGAATCTCCGAAA,MSC6,6,T_cell,CD8 T cells,1323,6.368,36.2051,0.0284,0.012,Not cycling,0.4892,CD8 - Cytotoxic,,Meningioma,3025.0,1323,13.818181818181818
MSC6_CTCAGGGAGGAAGTCC,MSC6,6,T_cell,CD8 T cells,939,,,,,,,,,Meningioma,1892.0,939,7.769556025369979
MSC6_CTCAGGGTCCATAGGT,MSC6,6,T_cell,CD8 T cells,1716,5.9321,35.2726,0.1559,0.0814,Not cycling,0.6187,CD4 - Glycolysis/MYC,,Meningioma,4309.0,1716,12.717567881178928
MSC6_CTCAGTCAGCTAGTTC,MSC6,6,T_cell,CD8 T cells,1378,7.1399,38.0269,-0.0476,0.061,Not cycling,2.0249,CD4 - Stress/HSP,,Meningioma,3113.0,1378,12.528107934468359
MSC6_CTCAGTCCAGCAAGAC,MSC6,6,T_cell,CD8 T cells,707,,,,,,,,,Meningioma,1303.0,707,8.902532617037606
MSC6_CTCAGTCCATAGATGA,MSC6,6,T_cell,CD8 T cells,2280,7.5151,34.9893,0.2957,0.1014,Not cycling,0.7285,CD8 - Cytotoxic,,Meningioma,6763.0,2280,10.498299571196215
MSC6_CTCAGTCCATTGTGCA,MSC6,6,T_cell,CD8 T cells,1541,5.3936,34.7801,-0.0944,0.094,Not cycling,1.7186,CD4 - Stress/HSP,,Meningioma,4285.0,1541,11.738623103850642
MSC6_CTCAGTCGTGCTTCAA,MSC6,6,T_cell,CD8 T cells,2118,4.9679,34.3631,0.2446,0.0034,Not cycling,0.7022,CD4 - Glycolysis/MYC,,Meningioma,7748.0,2118,16.44295302013423
MSC6_CTCAGTCTCCCTCGAT,MSC6,6,T_cell,CD8 T cells,2949,10.6149,32.34,0.1193,1.5021,G2/M,2.1534,CD4 - Cell Cycle,CD4 - Cell Cycle,Meningioma,8530.0,2949,6.881594372801875
MSC6_CTCATCGGTAATGATG,MSC6,6,T_cell,CD8 T cells,1409,6.277,36.5344,0.145,-0.0585,Not cycling,0.2398,CD8 - Naive2,,Meningioma,3080.0,1409,8.409090909090908
MSC6_CTCATCGGTTGATGTC,MSC6,6,T_cell,CD8 T cells,1599,10.6828,32.2135,-0.1302,1.9897,G2/M,2.4881,CD4 - Cell Cycle,CD4 - Cell Cycle,Meningioma,4240.0,1599,9.080188679245284
MSC6_CTCATGCAGGCCCACT,MSC6,6,T_cell,CD8 T cells,1345,5.5088,36.4027,0.0833,0.0057,Not cycling,0.7476,CD4 - Cytotoxic,,Meningioma,3265.0,1345,10.01531393568147
MSC6_CTCATGCCAAGGCCTC,MSC6,6,T_cell,CD8 T cells,3157,9.8407,33.2282,1.9381,1.2469,Intermediate,2.8565,CD4 - Cell Cycle,CD4 - Cell Cycle,Meningioma,8846.0,3157,4.9174768256839245
MSC6_CTCATGCTCATGCAGT,MSC6,6,T_cell,CD8 T cells,887,,,,,,,,,Meningioma,2038.0,887,16.33954857703631
MSC6_CTCATTACAAACGGCA,MSC6,6,T_cell,CD8 T cells,1202,4.0815,36.4066,-0.0428,0.0117,Not cycling,0.8673,CD4 - Naive1,,Meningioma,3011.0,1202,11.026237130521421
MSC6_CTCCAACCACGATTCA,MSC6,6,T_cell,CD8 T cells,1398,5.3138,35.1322,0.1958,0.1795,Not cycling,0.7815,CD4 - Cytotoxic,,Meningioma,4781.0,1398,8.282786028027608
MSC6_CTCCAACCAGCACGAA,MSC6,6,T_cell,CD8 T cells,1695,7.7571,36.6264,-0.0609,0.0686,Not cycling,0.72,CD8 - Cytotoxic,,Meningioma,4043.0,1695,12.169181301014099
MSC6_CTCCAACCAGCGGATA,MSC6,6,T_cell,CD8 T cells,1191,5.8309,37.0322,-0.0457,-0.0618,Not cycling,0.1934,CD8 - Dysfunction,,Meningioma,2693.0,1191,12.291125139249907
MSC6_CTCCACATCCATATGG,MSC6,6,T_cell,CD8 T cells,1299,5.9418,35.7993,0.2111,0.0613,Not cycling,0.9172,CD4 - Cytotoxic,,Meningioma,2811.0,1299,12.87797936677339
MSC6_CTCCACATCTCGGCTT,MSC6,6,T_cell,CD8 T cells,1459,-13.5952,23.2685,-0.0185,0.0461,Not cycling,0.9636,CD4 - Glycolysis/MYC,,Meningioma,3518.0,1459,4.434337691870381
MSC6_CTCCATGAGGGTGGGA,MSC6,6,T_cell,CD8 T cells,1110,4.9893,34.9715,0.1867,-0.0051,Not cycling,0.852,CD8 - Unassigned2,,Meningioma,2870.0,1110,8.362369337979095
MSC6_CTCCATGAGGTAACTA,MSC6,6,T_cell,CD8 T cells,1118,6.9317,36.433,-0.0476,-0.0013,Not cycling,0.9507,CD8 - Cytotoxic,,Meningioma,2196.0,1118,11.065573770491802
MSC6_CTCCATGAGTTCACTG,MSC6,6,T_cell,CD8 T cells,916,,,,,,,,,Meningioma,2072.0,916,12.355212355212355
MSC6_CTCCATGCACGCGTGT,MSC6,6,T_cell,CD8 T cells,599,,,,,,,,,Meningioma,957.0,599,8.672936259143155
MSC6_CTCCCAACAAGAGATT,MSC6,6,T_cell,CD8 T cells,1667,6.9652,36.3686,-0.0599,0.1183,Not cycling,0.7482,CD8 - Naive2,,Meningioma,4040.0,1667,11.633663366336634
MSC6_CTCCCAACAGGACTTT,MSC6,6,T_cell,CD8 T cells,1436,7.4253,36.6871,-0.0512,-0.0586,Not cycling,0.8768,CD8 - Cytotoxic,,Meningioma,3340.0,1436,13.353293413173652
MSC6_CTCCCAAGTGCTCGTG,MSC6,6,T_cell,CD8 T cells,1030,6.1205,37.6174,-0.0919,0.0132,Not cycling,0.2883,CD8 - Naive2,,Meningioma,2258.0,1030,12.66607617360496
MSC6_CTCCCAAGTGGACCAA,MSC6,6,T_cell,CD8 T cells,1221,7.6628,37.3423,0.0275,-0.0582,Not cycling,0.7199,CD8 - Cytotoxic,,Meningioma,3062.0,1221,13.71652514696277
MSC6_CTCCTCCCACTAACCA,MSC6,6,T_cell,CD8 T cells,1328,6.2085,35.916,0.0143,0.0599,Not cycling,1.2887,CD8 - Cytotoxic,CD8 - Cytotoxic,Meningioma,2826.0,1328,8.987968860580326
MSC6_CTCCTCCCAGACCTAT,MSC6,6,T_cell,CD8 T cells,1168,6.8418,36.8016,-0.0985,-0.0569,Not cycling,1.2225,CD8 - Cytotoxic,CD8 - Cytotoxic,Meningioma,2336.0,1168,14.212328767123287
MSC6_CTCCTCCCAGACTCTA,MSC6,6,T_cell,CD8 T cells,1423,4.3975,36.1894,-0.0041,0.3063,Not cycling,1.0579,CD8 - Memory/Naive1,,Meningioma,3226.0,1423,10.818350898946063
MSC6_CTCCTTTCACGACAAG,MSC6,6,T_cell,CD8 T cells,1183,5.8795,37.2062,-0.0411,0.0038,Not cycling,1.2072,CD8 - Cytotoxic,CD8 - Cytotoxic,Meningioma,2475.0,1183,9.414141414141413
MSC6_CTCCTTTTCTGGTTGA,MSC6,6,T_cell,CD8 T cells,1433,5.8083,36.7093,0.0416,0.1002,Not cycling,1.7132,CD8 - Interferon,,Meningioma,2927.0,1433,11.34267167748548
MSC6_CTCCTTTTCTTCCTAA,MSC6,6,T_cell,CD8 T cells,1245,6.526,37.22,-0.0314,0.1249,Not cycling,0.6973,CD8 - Memory/Naive1,,Meningioma,2519.0,1245,8.971814211988885
MSC6_CTCGAGGAGTAGCATA,MSC6,6,T_cell,CD8 T cells,1769,7.0993,35.8576,0.0127,-0.0003,Not cycling,1.2951,CD4 - Cytotoxic,CD4 - Cytotoxic,Meningioma,4532.0,1769,14.187996469549867
MSC6_CTCGAGGCAGGCACAA,MSC6,6,T_cell,CD8 T cells,1425,5.556,35.6308,-0.0525,-0.0095,Not cycling,0.4511,CD4 - Naive2,,Meningioma,3475.0,1425,11.02158273381295
MSC6_CTCGAGGTCGCATTGA,MSC6,6,T_cell,CD8 T cells,1212,4.4572,36.3989,-0.0386,0.0078,Not cycling,0.7558,CD4 - Cytotoxic,,Meningioma,2999.0,1212,6.802267422474158
MSC6_CTCTCAGAGTGAACAT,MSC6,6,T_cell,CD8 T cells,1026,6.3825,36.5535,-0.0245,-0.047,Not cycling,0.9319,CD8 - Cytotoxic,,Meningioma,2117.0,1026,5.054322153991498
MSC6_CTCTCAGGTAGCTGAG,MSC6,6,T_cell,CD8 T cells,1229,6.2645,35.9547,-0.0512,-0.0554,Not cycling,0.7063,CD4 - Cytotoxic,,Meningioma,2901.0,1229,11.926921751120304
MSC6_CTCTCAGTCTACACTT,MSC6,6,T_cell,CD8 T cells,1543,4.7899,35.5512,0.1069,0.2308,Not cycling,0.5767,CD8 - Naive2,,Meningioma,3968.0,1543,7.283266129032258
MSC6_CTCTCGAAGATGTTGA,MSC6,6,T_cell,CD8 T cells,1991,10.6975,32.2356,0.3518,1.927,G2/M,3.0841,CD4 - Cell Cycle,CD4 - Cell Cycle,Meningioma,4768.0,1991,11.136744966442953
MSC6_CTCTCGACATATCTCT,MSC6,6,T_cell,CD8 T cells,1122,5.965,37.6854,-0.0922,-0.0526,Not cycling,0.6574,CD8 - Memory/Naive1,,Meningioma,2238.0,1122,14.20911528150134
MSC6_CTCTCGAGTATGGAGC,MSC6,6,T_cell,CD8 T cells,1003,4.8837,36.8048,-0.0307,0.0099,Not cycling,0.2789,CD8 - Cytotoxic,,Meningioma,2304.0,1003,16.97048611111111
MSC6_CTCTCGAGTCGTATGT,MSC6,6,T_cell,CD8 T cells,863,,,,,,,,,Meningioma,1785.0,863,15.238095238095237
MSC6_CTCTGGTCAGTTAGAA,MSC6,6,T_cell,CD8 T cells,1064,5.6429,37.4733,-0.0493,0.0596,Not cycling,0.8004,CD8 - Heat shock,,Meningioma,2203.0,1064,10.394916023604177
MSC6_CTCTGGTGTTACAGCT,MSC6,6,T_cell,CD8 T cells,1260,6.3219,37.0677,-0.0567,0.0442,Not cycling,0.4828,CD8 - Naive2,,Meningioma,2626.0,1260,9.253617669459254
MSC6_CTGAATGCACAGAGAC,MSC6,6,T_cell,CD8 T cells,2031,7.2733,35.563,-0.0686,0.1129,Not cycling,0.639,CD8 - Unassigned2,,Meningioma,5603.0,2031,12.743173300017848
MSC6_CTGAGCGCAAATTGGA,MSC6,6,T_cell,CD8 T cells,1034,5.466,36.976,-0.0313,0.014,Not cycling,0.3507,CD8 - Cytotoxic,,Meningioma,3081.0,1034,7.919506653683869
MSC6_CTGAGCGCAGAGTCAG,MSC6,6,T_cell,CD8 T cells,1687,7.0947,35.5187,0.0054,0.1257,Not cycling,0.5238,CD8 - Cytotoxic,,Meningioma,3723.0,1687,11.120064464141821
MSC6_CTGAGCGCAGTAACAA,MSC6,6,T_cell,CD8 T cells,1257,6.0798,36.1396,-0.1186,0.2251,Not cycling,1.603,CD8 - Cytotoxic,CD8 - Cytotoxic,Meningioma,2805.0,1257,17.040998217468804
MSC6_CTGAGCGCATCAGTGT,MSC6,6,T_cell,CD8 T cells,1073,6.1749,36.0473,-0.1031,0.0055,Not cycling,0.8298,CD4 - Unassigned,,Meningioma,2275.0,1073,10.901098901098901
MSC6_CTGAGGCAGTTGTAGA,MSC6,6,T_cell,CD8 T cells,1009,4.5048,36.7082,-0.1074,-0.0512,Not cycling,1.1564,CD8 - Cytotoxic,CD8 - Cytotoxic,Meningioma,2296.0,1009,12.717770034843205
MSC6_CTGAGGCTCTTGCAAG,MSC6,6,T_cell,CD8 T cells,1078,6.5601,37.0808,-0.044,0.1899,Not cycling,0.5821,CD4 - Cytotoxic,,Meningioma,2285.0,1078,9.934354485776804
MSC6_CTGATCCAGCCACAAG,MSC6,6,T_cell,CD8 T cells,1136,3.7147,36.3462,0.1243,0.0585,Not cycling,0.7012,CD8 - Chromatin,,Meningioma,2636.0,1136,11.987860394537178
MSC6_CTGATCCAGTGCCTCG,MSC6,6,T_cell,CD8 T cells,1710,5.3342,34.8624,0.177,0.3454,Not cycling,1.0246,CD4 - Cell Cycle,CD4 - Cell Cycle,Meningioma,4044.0,1710,6.750741839762611
MSC6_CTGATCCGTCGGTGTC,MSC6,6,T_cell,CD8 T cells,1291,6.5172,37.0131,-0.0379,0.0056,Not cycling,1.2821,CD8 - Cytotoxic,CD8 - Cytotoxic,Meningioma,2858.0,1291,12.561231630510846
MSC6_CTGATCCGTTCAGCGC,MSC6,6,T_cell,CD8 T cells,610,,,,,,,,,Meningioma,954.0,610,4.5073375262054505
MSC6_CTGATCCTCTCGAGTA,MSC6,6,T_cell,CD8 T cells,1335,7.3434,36.7496,0.0213,0.0709,Not cycling,0.3942,CD8 - Cytotoxic,,Meningioma,3134.0,1335,8.647096362476068
MSC6_CTGCAGGTCCGCTAGG,MSC6,6,T_cell,CD8 T cells,1019,4.9298,36.9246,0.0324,-0.0512,Not cycling,0.9073,CD4 - Cytotoxic,,Meningioma,2256.0,1019,9.441489361702128
MSC6_CTGCATCAGCGTGCCT,MSC6,6,T_cell,CD8 T cells,1313,7.2897,37.5725,0.1382,-0.0076,Not cycling,0.4068,CD8 - Heat shock,,Meningioma,2763.0,1313,11.400651465798045
MSC6_CTGCATCGTCTTTCAT,MSC6,6,T_cell,CD8 T cells,967,,,,,,,,,Meningioma,2261.0,967,14.506855373728438
MSC6_CTGCATCTCACCCTTG,MSC6,6,T_cell,CD8 T cells,1030,4.6101,37.2158,0.0887,0.0639,Not cycling,0.5358,CD4 - Naive1,,Meningioma,2547.0,1030,14.212799371809972
MSC6_CTGCATCTCGAGTGAG,MSC6,6,T_cell,CD8 T cells,1209,6.0714,36.6756,0.012,0.0032,Not cycling,0.8614,CD8 - Cytotoxic,,Meningioma,2702.0,1209,9.548482605477425
MSC6_CTGCCATGTAATGCGG,MSC6,6,T_cell,CD8 T cells,1093,5.0424,36.2601,-0.0472,0.3025,Not cycling,0.8221,CD8 - Unassigned2,,Meningioma,2532.0,1093,19.391785150078988
MSC6_CTGCCATGTCACAGAG,MSC6,6,T_cell,CD8 T cells,1219,7.2182,36.2207,0.0754,0.0019,Not cycling,0.8125,CD8 - Glycolysis/MYC,,Meningioma,2766.0,1219,14.316702819956616
MSC6_CTGCCTAAGAAAGCGA,MSC6,6,T_cell,CD8 T cells,952,,,,,,,,,Meningioma,1963.0,952,7.896077432501274
MSC6_CTGCCTACACGACAAG,MSC6,6,T_cell,CD8 T cells,1196,5.6486,36.9627,0.0764,0.0769,Not cycling,0.6335,CD8 - Cytotoxic,,Meningioma,2755.0,1196,16.76950998185118
MSC6_CTGCCTAGTACGACTT,MSC6,6,T_cell,CD8 T cells,975,,,,,,,,,Meningioma,2281.0,975,8.943445857080228
MSC6_CTGCCTAGTTTACGTG,MSC6,6,T_cell,CD8 T cells,1184,5.5801,37.0504,-0.0432,0.0634,Not cycling,0.5227,CD8 - Chromatin,,Meningioma,2810.0,1184,14.982206405693951
MSC6_CTGCCTATCCGACGGT,MSC6,6,T_cell,CD8 T cells,1916,10.6517,32.2808,0.2195,1.199,G2/M,2.5659,CD4 - Cell Cycle,CD4 - Cell Cycle,Meningioma,5319.0,1916,16.50686219214138
MSC6_CTGCGAGAGAGGTTTA,MSC6,6,T_cell,CD8 T cells,1277,7.6903,36.8513,0.0326,0.1207,Not cycling,0.434,CD8 - Cytotoxic,,Meningioma,2998.0,1277,12.508338892595063
MSC6_CTGCGAGAGTGCACAG,MSC6,6,T_cell,CD8 T cells,1039,7.162,37.6733,0.087,-0.0617,Not cycling,0.965,CD8 - Cytotoxic,,Meningioma,2431.0,1039,17.359111476758535
MSC6_CTGCGAGGTATTCTCT,MSC6,6,T_cell,CD8 T cells,1003,4.4598,36.6453,-0.0373,-0.0552,Not cycling,0.7317,CD8 - Memory/Naive1,,Meningioma,2442.0,1003,17.69041769041769
MSC6_CTGCGAGGTCATTGCA,MSC6,6,T_cell,CD8 T cells,1163,6.2992,36.2016,0.1389,-0.0555,Not cycling,0.9117,CD4 - Cytotoxic,,Meningioma,2841.0,1163,10.489264343541008
MSC6_CTGCGAGTCGCATAGT,MSC6,6,T_cell,CD8 T cells,1416,7.3934,35.8955,0.0038,-0.0562,Not cycling,0.4253,CD8 - Unassigned2,,Meningioma,3565.0,1416,16.802244039270686
MSC6_CTGCTCACATGTGTCA,MSC6,6,T_cell,CD8 T cells,1181,7.0275,37.5308,0.0168,-0.0058,Not cycling,1.4126,CD8 - Cytotoxic,CD8 - Cytotoxic,Meningioma,2510.0,1181,14.621513944223107
MSC6_CTGCTCAGTACGACTT,MSC6,6,T_cell,CD8 T cells,1551,5.759,35.4363,0.1759,-0.0862,Not cycling,0.6917,CD8 - Glycolysis/MYC,,Meningioma,3647.0,1551,7.2662462297779
MSC6_CTGGACGAGGTCCGAA,MSC6,6,T_cell,CD8 T cells,1033,5.0573,36.8814,0.0304,0.0174,Not cycling,0.6751,CD4 - Cytotoxic,,Meningioma,2087.0,1033,15.237182558696693
MSC6_CTGGCAGTCAAGCCGC,MSC6,6,T_cell,CD8 T cells,1217,7.0473,36.6136,0.0677,0.0672,Not cycling,0.8828,CD8 - Chromatin,,Meningioma,2620.0,1217,12.977099236641221
MSC6_CTGGCAGTCACCTTGC,MSC6,6,T_cell,CD8 T cells,1103,7.6271,37.7385,0.1442,0.0075,Not cycling,1.0136,CD8 - Cytotoxic,CD8 - Cytotoxic,Meningioma,2405.0,1103,12.88981288981289
MSC6_CTGGCAGTCATTTGGG,MSC6,6,T_cell,CD8 T cells,971,,,,,,,,,Meningioma,2102.0,971,10.799238820171265
MSC6_CTGGCAGTCGAACCTA,MSC6,6,T_cell,CD8 T cells,1703,5.5725,34.7896,0.3582,0.4111,Not cycling,0.5505,CD4 - Cell Cycle,,Meningioma,4410.0,1703,10.453514739229025
MSC6_CTGGTCTTCGCGTGCA,MSC6,6,T_cell,CD8 T cells,1203,6.3226,36.4998,0.0084,0.2997,Not cycling,0.7623,CD4 - Cell Cycle,,Meningioma,2580.0,1203,9.883720930232558
MSC6_CTGGTCTTCTGGAGAG,MSC6,6,T_cell,CD8 T cells,2486,10.602,32.3225,0.5009,1.8541,G2/M,3.2834,CD4 - Cell Cycle,CD4 - Cell Cycle,Meningioma,7684.0,2486,6.975533576262364
MSC6_CTGGTCTTCTGTGCGG,MSC6,6,T_cell,CD8 T cells,1390,6.026,36.64,-0.0604,0.1284,Not cycling,0.685,CD8 - Unassigned1,,Meningioma,3375.0,1390,12.059259259259258
MSC6_CTGTACCTCGTAGGAG,MSC6,6,T_cell,CD8 T cells,1187,7.1682,37.5546,-0.0989,-0.0007,Not cycling,0.7103,CD4 - Treg,,Meningioma,2494.0,1187,12.550120288692863
MSC6_CTGTAGAAGGTTCCAT,MSC6,6,T_cell,CD8 T cells,1058,6.2386,37.0466,0.0202,-0.0568,Not cycling,1.2894,CD4 - Cytotoxic,CD4 - Cytotoxic,Meningioma,2224.0,1058,8.273381294964029
MSC6_CTGTAGATCATTACTC,MSC6,6,T_cell,CD8 T cells,1034,7.1555,37.4033,-0.0453,0.0111,Not cycling,0.8768,CD8 - Cytotoxic,,Meningioma,2808.0,1034,10.612535612535613
MSC6_CTGTATTAGACGGTTG,MSC6,6,T_cell,CD8 T cells,1194,5.5579,37.182,0.0155,-0.0039,Not cycling,0.6534,CD8 - Memory/Naive1,,Meningioma,2437.0,1194,9.88920804267542
MSC6_CTGTATTAGCGCGTTC,MSC6,6,T_cell,CD8 T cells,998,,,,,,,,,Meningioma,1979.0,998,7.124810510358767
MSC6_CTGTATTCAAGACGGT,MSC6,6,T_cell,CD8 T cells,2346,10.5547,32.4001,0.3525,1.3824,G2/M,2.3917,CD4 - Cell Cycle,CD4 - Cell Cycle,Meningioma,6370.0,2346,7.158555729984301
MSC6_CTGTGAATCCGCTTAC,MSC6,6,T_cell,CD8 T cells,960,,,,,,,,,Meningioma,1924.0,960,14.345114345114345
MSC6_CTGTGGGGTACATACC,MSC6,6,T_cell,CD8 T cells,1775,10.5422,32.4546,0.2669,1.682,G2/M,2.2293,CD4 - Cell Cycle,CD4 - Cell Cycle,Meningioma,4325.0,1775,10.84393063583815
MSC6_CTTACCGAGATTGACA,MSC6,6,T_cell,CD8 T cells,1240,5.4783,36.229,-0.0367,-0.056,Not cycling,0.7806,CD8 - Cytotoxic,,Meningioma,2613.0,1240,5.587447378492155
MSC6_CTTACCGAGGCCTTCG,MSC6,6,T_cell,CD8 T cells,1125,7.4992,37.2175,-0.0914,-0.0422,Not cycling,0.9407,CD8 - Heat shock,,Meningioma,2524.0,1125,17.0364500792393
MSC6_CTTACCGTCCTCAGAA,MSC6,6,T_cell,CD8 T cells,1117,6.1009,36.8989,-0.0411,-0.0573,Not cycling,1.0284,CD8 - Heat shock,,Meningioma,2470.0,1117,13.724696356275304
MSC6_CTTACCGTCTACCCAC,MSC6,6,T_cell,CD8 T cells,1444,5.3601,34.9142,-0.1411,0.4102,Not cycling,0.4567,CD8 - Cytotoxic,,Meningioma,4129.0,1444,10.026640833131509
MSC6_CTTAGGAGTCATAGTC,MSC6,6,T_cell,CD8 T cells,1084,4.6464,36.7925,-0.1,-0.0453,Not cycling,0.2928,CD8 - Unassigned1,,Meningioma,2684.0,1084,14.381520119225037
MSC6_CTTAGGATCATGAGAA,MSC6,6,T_cell,CD8 T cells,1408,5.4449,35.0381,0.0364,0.0448,Not cycling,1.3404,CD8 - Heat shock,,Meningioma,3417.0,1408,6.057945566286216
MSC6_CTTAGGATCTAGTCAG,MSC6,6,T_cell,CD8 T cells,3282,6.3978,36.8449,-0.0194,0.1178,Not cycling,0.3759,CD4 - Stress/HSP,,Meningioma,8815.0,3282,7.294384571752694
MSC6_CTTCAATTCACTCTTA,MSC6,6,T_cell,CD8 T cells,2212,7.1131,35.8683,-0.0061,0.0637,Not cycling,0.8107,CD8 - Chromatin,,Meningioma,5684.0,2212,9.799437016185784
MSC6_CTTCAATTCTACGCGG,MSC6,6,T_cell,CD8 T cells,1069,5.386,37.1948,0.0246,0.1288,Not cycling,1.2913,CD8 - Cytotoxic,CD8 - Cytotoxic,Meningioma,2286.0,1069,10.10498687664042
MSC6_CTTCAATTCTGCATGA,MSC6,6,T_cell,CD8 T cells,1321,8.1725,35.5205,0.5009,0.0589,Not cycling,0.7707,CD8 - Glycolysis/MYC,,Meningioma,2833.0,1320,10.48358630427109
MSC6_CTTCCGAAGGAACTCG,MSC6,6,T_cell,CD8 T cells,1608,7.9102,35.9032,0.3776,-0.0609,Not cycling,1.0364,CD4 - Cytotoxic,CD4 - Cytotoxic,Meningioma,3787.0,1608,12.939001848428836
MSC6_CTTCCGACAAAGCGTG,MSC6,6,T_cell,CD8 T cells,1117,6.3943,37.0132,0.0348,0.0776,Not cycling,0.9025,CD4 - Cytotoxic,,Meningioma,2354.0,1117,12.064570943075616
MSC6_CTTCCGACACAGAGCA,MSC6,6,T_cell,CD8 T cells,1092,6.168,36.1434,-0.093,-0.0413,Not cycling,0.5566,CD8 - Unassigned2,,Meningioma,2368.0,1092,14.0625
MSC6_CTTCCGATCACGGTCG,MSC6,6,T_cell,CD8 T cells,1500,5.5783,37.4297,-0.0645,-0.0192,Not cycling,1.5238,CD8 - Memory/Naive1,,Meningioma,3807.0,1500,11.400052534804308
MSC6_CTTCCTTCATAGCACT,MSC6,6,T_cell,CD8 T cells,1114,7.6448,36.9705,-0.0413,0.1259,Not cycling,1.2662,CD4 - Cytotoxic,CD4 - Cytotoxic,Meningioma,2488.0,1114,11.897106109324758
MSC6_CTTCCTTGTCGCACGT,MSC6,6,T_cell,CD8 T cells,1473,7.9193,36.8175,0.0757,-0.0011,Not cycling,0.6301,CD4 - Cytotoxic,,Meningioma,3247.0,1473,11.364336310440407
MSC6_CTTCCTTGTTCAAAGA,MSC6,6,T_cell,CD8 T cells,1146,5.9134,36.6383,-0.1065,-0.0059,Not cycling,1.4767,CD8 - Cytotoxic,CD8 - Cytotoxic,Meningioma,2471.0,1146,5.503844597329016
MSC6_CTTCCTTTCCTACACC,MSC6,6,T_cell,CD8 T cells,1235,6.5409,37.3517,0.1322,0.1169,Not cycling,1.0623,CD8 - Chromatin,,Meningioma,2705.0,1235,15.45286506469501
MSC6_CTTCGGTCACCTTCCA,MSC6,6,T_cell,CD8 T cells,1436,7.5437,37.1483,0.0278,0.0704,Not cycling,1.0498,CD8 - Cytotoxic,CD8 - Cytotoxic,Meningioma,3382.0,1436,10.17149615612064
MSC6_CTTCGGTGTTTCGACA,MSC6,6,T_cell,CD8 T cells,1481,5.6087,35.1016,0.1987,0.0537,Not cycling,0.98,CD4 - Cytotoxic,,Meningioma,3584.0,1481,12.5
MSC6_CTTCGGTTCCGCATAA,MSC6,6,T_cell,CD8 T cells,864,,,,,,,,,Meningioma,1704.0,864,9.624413145539906
MSC6_CTTCGGTTCGCGTGAC,MSC6,6,T_cell,CD8 T cells,992,,,,,,,,,Meningioma,2493.0,992,12.755716004813477
MSC6_CTTCTAAAGTGAGGTC,MSC6,6,T_cell,CD8 T cells,884,,,,,,,,,Meningioma,2014.0,884,16.683217477656406
MSC6_CTTCTAACATCCGTGG,MSC6,6,T_cell,CD8 T cells,1360,7.2442,37.2456,0.013,-0.0008,Not cycling,0.4849,CD8 - Cytotoxic,,Meningioma,3250.0,1360,11.63076923076923
MSC6_CTTCTAAGTCCTGGGT,MSC6,6,T_cell,CD8 T cells,7729,-3.1331,18.4644,1.9968,0.6878,G1/S,0.9228,CD4 - Glycolysis/MYC,,Meningioma,55583.0,7728,7.376356080096432
MSC6_CTTCTCTCAGGTCAAG,MSC6,6,T_cell,CD8 T cells,1148,5.2471,36.8854,-0.1076,0.0508,Not cycling,0.5343,CD8 - Unassigned1,,Meningioma,2461.0,1148,10.849248273059732
MSC6_CTTCTCTGTTGCCATA,MSC6,6,T_cell,CD8 T cells,965,,,,,,,,,Meningioma,1985.0,965,10.377833753148614
MSC6_CTTGAGAAGAGTCACG,MSC6,6,T_cell,CD8 T cells,870,,,,,,,,,Meningioma,1647.0,870,12.264723740133576
MSC6_CTTGAGAAGTTCTACG,MSC6,6,T_cell,CD8 T cells,1099,6.9902,37.7212,0.0288,-0.0434,Not cycling,0.9065,CD8 - Cytotoxic,,Meningioma,2608.0,1099,16.986196319018404
MSC6_CTTGAGAGTGCCCTTT,MSC6,6,T_cell,CD8 T cells,1044,5.9444,37.0657,-0.0915,0.0172,Not cycling,1.1995,CD4 - Naive1,CD4 - Naive1,Meningioma,2059.0,1044,9.422049538610976
MSC6_CTTGAGAGTTGGCCTG,MSC6,6,T_cell,CD8 T cells,1433,7.6422,36.5524,0.3963,0.0673,Not cycling,0.6663,CD8 - Heat shock,,Meningioma,3525.0,1433,13.50354609929078
MSC6_CTTGAGATCACTGATG,MSC6,6,T_cell,CD8 T cells,1320,5.4278,36.9116,-0.0506,0.0044,Not cycling,0.4402,CD4 - Stress/HSP,,Meningioma,2789.0,1320,8.856220867694514
MSC6_CTTGAGATCTCCGCAT,MSC6,6,T_cell,CD8 T cells,1026,5.4743,37.0943,0.0139,0.0083,Not cycling,0.697,CD8 - Cytotoxic,,Meningioma,2026.0,1025,5.972359328726554
MSC6_CTTGATTAGCTAGAGC,MSC6,6,T_cell,CD8 T cells,1259,6.6388,35.7756,0.016,-0.045,Not cycling,1.1502,CD4 - Cytotoxic,CD4 - Cytotoxic,Meningioma,2972.0,1259,11.002691790040377
MSC6_CTTGATTTCTACCACC,MSC6,6,T_cell,CD8 T cells,1331,6.8661,36.4234,-0.1005,0.0601,Not cycling,0.6511,CD8 - Cytotoxic,,Meningioma,2902.0,1331,10.199862164024811
MSC6_CTTTCAATCTGGAGAG,MSC6,6,T_cell,CD8 T cells,1305,6.9835,35.8007,0.0817,0.0092,Not cycling,0.629,CD8 - Glycolysis/MYC,,Meningioma,3268.0,1305,10.097919216646266
MSC6_CTTTCGGAGCCTGAAG,MSC6,6,T_cell,CD8 T cells,944,,,,,,,,,Meningioma,1987.0,944,14.292903875188726
MSC6_CTTTCGGAGGTCCTGC,MSC6,6,T_cell,CD8 T cells,827,,,,,,,,,Meningioma,1643.0,827,12.842361533779671
MSC6_CTTTCGGGTAACGCGA,MSC6,6,T_cell,CD8 T cells,1380,5.2284,35.9631,0.0095,-0.0672,Not cycling,0.2492,CD8 - Unassigned2,,Meningioma,3457.0,1380,7.694532831935204
MSC6_CTTTCGGTCACGGTCG,MSC6,6,T_cell,CD8 T cells,1166,5.1198,36.3582,-0.008,0.0537,Not cycling,0.6742,CD8 - Unassigned2,,Meningioma,2478.0,1166,6.941081517352703
MSC6_CTTTCGGTCGGCATTA,MSC6,6,T_cell,CD8 T cells,1072,7.3126,36.9131,-0.1072,-0.0645,Not cycling,0.9643,CD8 - Glycolysis/MYC,,Meningioma,2293.0,1072,14.348015699956388
MSC6_GAAACCTCACTGTTCC,MSC6,6,T_cell,CD8 T cells,1294,6.3312,36.2904,-0.053,0.1821,Not cycling,0.3951,CD8 - Chromatin,,Meningioma,2710.0,1294,7.785977859778598
MSC6_GAAACCTGTTGTCCCT,MSC6,6,T_cell,CD8 T cells,943,,,,,,,,,Meningioma,1919.0,943,7.087024491922876
MSC6_GAAATGACAGTCGTTA,MSC6,6,T_cell,CD8 T cells,501,,,,,,,,,Meningioma,891.0,501,6.734006734006734
MSC6_GAACACTAGAGCTGAC,MSC6,6,T_cell,CD8 T cells,1327,5.2001,36.376,0.0636,0.0012,Not cycling,0.8242,CD4 - Cytotoxic,,Meningioma,2943.0,1327,6.082229018008834
MSC6_GAACACTAGCGTTGTT,MSC6,6,T_cell,CD8 T cells,598,,,,,,,,,Meningioma,863.0,598,8.922363847045192
MSC6_GAACACTCAGCGACCT,MSC6,6,T_cell,CD8 T cells,1223,5.003,36.3751,-0.1006,-0.0567,Not cycling,0.7474,CD4 - Cytotoxic,,Meningioma,2767.0,1223,13.950126490784243
MSC6_GAACGTTCAAGTATCC,MSC6,6,T_cell,CD8 T cells,968,,,,,,,,,Meningioma,2101.0,968,13.041408852927178
MSC6_GAACGTTCAGAACATA,MSC6,6,T_cell,CD8 T cells,1114,4.7707,36.9443,-0.0313,-0.054,Not cycling,0.8267,CD8 - Heat shock,,Meningioma,2544.0,1114,10.69182389937107
MSC6_GAACGTTGTCCAAATC,MSC6,6,T_cell,CD8 T cells,1380,7.1464,35.9155,0.0067,-0.0616,Not cycling,0.5454,CD8 - Unassigned2,,Meningioma,3427.0,1380,11.23431572804202
MSC6_GAACGTTGTTGAGTCT,MSC6,6,T_cell,CD8 T cells,1080,5.5355,36.6454,-0.0909,0.0109,Not cycling,0.8443,CD8 - Cytotoxic,,Meningioma,2239.0,1080,8.709245198749441
MSC6_GAACTGTAGCGCCGTT,MSC6,6,T_cell,CD8 T cells,1085,5.6527,36.7941,0.0845,0.005,Not cycling,0.6259,CD8 - Cytotoxic,,Meningioma,2578.0,1085,10.201706749418154
MSC6_GAACTGTAGTTGTCGT,MSC6,6,T_cell,CD8 T cells,1253,7.9066,36.4512,-0.1104,-0.0101,Not cycling,0.5432,CD8 - Cytotoxic,,Meningioma,2634.0,1253,12.680334092634777
MSC6_GAACTGTCATCGTGCG,MSC6,6,T_cell,CD8 T cells,2055,4.2603,35.5904,-0.0417,0.0666,Not cycling,0.4708,CD8 - Unassigned1,,Meningioma,5639.0,2055,9.469764142578471
MSC6_GAAGAATAGCCTGCCA,MSC6,6,T_cell,CD8 T cells,1225,7.6526,37.2828,-0.0959,-0.0555,Not cycling,1.344,CD8 - Cytotoxic,CD8 - Cytotoxic,Meningioma,2842.0,1225,11.963406052076003
MSC6_GAAGAATGTTGTACGT,MSC6,6,T_cell,CD8 T cells,1177,6.2691,36.9658,0.0081,0.0562,Not cycling,0.3597,CD8 - Memory/Naive1,,Meningioma,2465.0,1177,12.981744421906694
MSC6_GAAGAATTCACTCACC,MSC6,6,T_cell,CD8 T cells,883,,,,,,,,,Meningioma,1992.0,883,11.244979919678714
MSC6_GAAGAATTCGAGAGCA,MSC6,6,T_cell,CD8 T cells,1000,4.7879,36.3642,-0.0398,0.0065,Not cycling,0.5762,CD4 - Interferon,,Meningioma,2206.0,1000,13.41795104261106
MSC6_GAAGCCCAGCTACGTT,MSC6,6,T_cell,CD8 T cells,989,,,,,,,,,Meningioma,2059.0,989,17.484215638659542
MSC6_GAAGCCCCAATGGCCC,MSC6,6,T_cell,CD8 T cells,1240,7.6589,37.5102,-0.0427,0.0684,Not cycling,0.4972,CD8 - Dysfunction,,Meningioma,2836.0,1240,15.867418899858956
MSC6_GAAGCCCGTAGACACG,MSC6,6,T_cell,CD8 T cells,699,,,,,,,,,Meningioma,1438.0,699,19.6105702364395
MSC6_GAAGCCCGTAGCTGTT,MSC6,6,T_cell,CD8 T cells,1481,-13.9074,23.5286,0.2176,0.2115,Not cycling,0.6086,CD4 - Cell Cycle,,Meningioma,3608.0,1481,11.058758314855876
MSC6_GAAGCCCTCGAGAGAC,MSC6,6,T_cell,CD8 T cells,1055,5.875,37.5097,0.0282,0.0669,Not cycling,0.6796,CD8 - Cytotoxic,,Meningioma,2430.0,1055,16.255144032921812
MSC6_GAAGCGAAGCACTGGA,MSC6,6,T_cell,CD8 T cells,1121,4.7704,37.2026,0.025,-0.0483,Not cycling,0.3131,CD8 - Chromatin,,Meningioma,2769.0,1121,18.201516793066087
MSC6_GAAGCGAGTACCTGTA,MSC6,6,T_cell,CD8 T cells,1073,6.4216,38.0279,-0.0211,0.0174,Not cycling,1.8368,CD4 - Stress/HSP,,Meningioma,2263.0,1073,11.931064958020327
MSC6_GAAGCGAGTAGACGTG,MSC6,6,T_cell,CD8 T cells,1222,6.7742,37.5404,-0.1127,-0.0015,Not cycling,0.6785,CD8 - Memory/Naive1,,Meningioma,2603.0,1222,6.915097963887821
MSC6_GAAGCGAGTCAGGAGT,MSC6,6,T_cell,CD8 T cells,813,,,,,,,,,Meningioma,2138.0,813,11.225444340505145
MSC6_GAAGCGAGTTCTCGTC,MSC6,6,T_cell,CD8 T cells,1559,4.9896,35.4146,0.1745,-0.016,Not cycling,0.5114,CD4 - Cell Cycle,,Meningioma,4611.0,1559,6.115810019518543
MSC6_GAAGGACAGAAGCCTG,MSC6,6,T_cell,CD8 T cells,887,,,,,,,,,Meningioma,2128.0,887,5.451127819548872
MSC6_GAAGGACCAAATCCCA,MSC6,6,T_cell,CD8 T cells,1182,7.0376,37.3442,0.0167,0.0648,Not cycling,1.3491,CD4 - Cytotoxic,CD4 - Cytotoxic,Meningioma,2469.0,1182,10.368570271364925
MSC6_GAAGGACCACGATAGG,MSC6,6,T_cell,CD8 T cells,2057,-9.8652,14.9957,0.4174,0.2903,Not cycling,1.4478,CD4 - Glycolysis/MYC,,Meningioma,5784.0,2057,2.472337482710927
MSC6_GAAGGACGTGGATACG,MSC6,6,T_cell,CD8 T cells,993,,,,,,,,,Meningioma,2169.0,993,18.672199170124482
MSC6_GAAGGACTCGTTGCCT,MSC6,6,T_cell,CD8 T cells,1349,6.0774,36.0508,0.0859,0.0071,Not cycling,0.9601,CD8 - Cytotoxic,,Meningioma,3194.0,1349,13.055729492798998
MSC6_GAAGGGTCATTGACTG,MSC6,6,T_cell,CD8 T cells,2310,10.6856,32.2183,0.0241,2.1745,G2/M,2.9249,CD4 - Cell Cycle,CD4 - Cell Cycle,Meningioma,6724.0,2310,8.149910767400357
MSC6_GAAGGGTGTGAAGCTG,MSC6,6,T_cell,CD8 T cells,1197,7.3144,37.3303,-0.0348,-0.0472,Not cycling,0.8718,CD8 - Cytotoxic,,Meningioma,2880.0,1197,13.75
MSC6_GAAGGGTGTGGCCTCA,MSC6,6,T_cell,CD8 T cells,873,,,,,,,,,Meningioma,2151.0,873,13.714551371455137
MSC6_GAAGGGTGTGTCACAT,MSC6,6,T_cell,CD8 T cells,840,,,,,,,,,Meningioma,1916.0,840,9.18580375782881
MSC6_GAAGGGTTCGGAAGGT,MSC6,6,T_cell,CD8 T cells,1581,5.7312,37.1386,0.0693,0.0033,Not cycling,1.1053,CD8 - Cytotoxic,CD8 - Cytotoxic,Meningioma,4010.0,1581,12.892768079800499
MSC6_GAAGGGTTCTTTGGAG,MSC6,6,T_cell,CD8 T cells,1507,7.7376,36.2876,0.1733,0.2405,Not cycling,1.1155,CD8 - Cytotoxic,CD8 - Cytotoxic,Meningioma,3555.0,1507,9.170182841068916
MSC6_GAATAGAAGGTAAAGG,MSC6,6,T_cell,CD8 T cells,1081,5.8572,36.616,-0.0952,0.0677,Not cycling,0.6523,CD8 - Cytotoxic,,Meningioma,2293.0,1081,11.993022241604885
MSC6_GAATCACAGCGATCGA,MSC6,6,T_cell,CD8 T cells,1452,6.6219,36.8167,0.179,0.0522,Not cycling,0.4897,CD8 - Chromatin,,Meningioma,3462.0,1452,17.244367417677644
MSC6_GAATCGTAGAGCATAT,MSC6,6,T_cell,CD8 T cells,1051,3.6474,36.4049,-0.1003,0.0691,Not cycling,1.4243,CD8 - Memory/Naive1,,Meningioma,2473.0,1051,14.799838253133846
MSC6_GAATCGTAGCCTCGTG,MSC6,6,T_cell,CD8 T cells,1048,6.8685,37.4731,0.0214,0.0664,Not cycling,0.5121,CD4 - Cytotoxic,,Meningioma,2358.0,1048,10.644614079728584
MSC6_GAATCGTAGTACTCGT,MSC6,6,T_cell,CD8 T cells,1500,9.2945,33.8576,0.7309,0.2375,G1/S,1.3843,CD8 - Cell Cycle,,Meningioma,3569.0,1500,11.796021294480246
MSC6_GACACGCCAGCTCTGG,MSC6,6,T_cell,CD8 T cells,688,,,,,,,,,Meningioma,1184.0,688,16.80743243243243
MSC6_GACACGCGTACCCACG,MSC6,6,T_cell,CD8 T cells,1341,6.98,36.5957,-0.0476,0.0636,Not cycling,1.3623,CD8 - Cytotoxic,CD8 - Cytotoxic,Meningioma,3121.0,1341,14.738865748157641
MSC6_GACACGCGTCGGAAAC,MSC6,6,T_cell,CD8 T cells,829,,,,,,,,,Meningioma,1878.0,829,17.199148029818957
MSC6_GACACGCGTTTCTTAC,MSC6,6,T_cell,CD8 T cells,1169,3.7139,36.2937,-0.0998,0.0746,Not cycling,0.4409,CD8 - Chromatin,,Meningioma,2562.0,1169,8.508977361436378
MSC6_GACACGCTCGCGTAGC,MSC6,6,T_cell,CD8 T cells,1050,7.311,37.1111,-0.0892,-0.0381,Not cycling,1.2065,CD4 - Cytotoxic,CD4 - Cytotoxic,Meningioma,2102.0,1050,3.1398667935299716
MSC6_GACAGCCCAATCTCGA,MSC6,6,T_cell,CD8 T cells,1016,5.9592,37.5676,-0.0347,-0.0516,Not cycling,0.8712,CD8 - Cytotoxic,,Meningioma,2273.0,1016,12.450505939287286
MSC6_GACAGCCCACCAGCGT,MSC6,6,T_cell,CD8 T cells,1189,5.0915,36.8731,0.0831,0.0069,Not cycling,0.7328,CD8 - Interferon,,Meningioma,2449.0,1189,8.207431604736627
MSC6_GACAGCCCACTACACA,MSC6,6,T_cell,CD8 T cells,1643,6.0512,35.0038,0.2972,0.0933,Not cycling,0.6696,CD4 - Cell Cycle,,Meningioma,3455.0,1643,12.243125904486252
MSC6_GACAGCCTCCCAAGCG,MSC6,6,T_cell,CD8 T cells,1051,6.1102,36.3898,-0.0923,-0.0515,Not cycling,0.48,CD4 - Cytotoxic,,Meningioma,2118.0,1051,11.237016052880076
MSC6_GACAGCCTCCTATTTG,MSC6,6,T_cell,CD8 T cells,1462,5.8183,37.4657,0.2651,-0.0619,Not cycling,0.9974,CD8 - Chromatin,,Meningioma,4115.0,1462,13.948967193195626
MSC6_GACAGCCTCGTCAGAT,MSC6,6,T_cell,CD8 T cells,1263,6.5749,36.4875,-0.0467,0.067,Not cycling,0.5775,CD4 - Treg,,Meningioma,2709.0,1263,13.473606496862311
MSC6_GACAGCCTCTGTCAGA,MSC6,6,T_cell,CD8 T cells,1036,7.0567,37.6434,0.0907,-0.0552,Not cycling,1.2131,CD8 - Cytotoxic,CD8 - Cytotoxic,Meningioma,2560.0,1036,16.9921875
MSC6_GACATCAAGATTGACA,MSC6,6,T_cell,CD8 T cells,1559,7.4742,35.8265,0.1788,0.1711,Not cycling,0.7544,CD8 - Unassigned2,,Meningioma,4082.0,1559,7.545320921117099
MSC6_GACATCACAATTGCCA,MSC6,6,T_cell,CD8 T cells,1773,6.4647,35.3404,0.1279,0.233,Not cycling,0.6364,CD8 - Unassigned2,,Meningioma,4459.0,1773,9.755550571877102
MSC6_GACATCATCGCAATTG,MSC6,6,T_cell,CD8 T cells,1139,7.4807,37.001,0.0277,0.0727,Not cycling,1.0261,CD4 - Cytotoxic,CD4 - Cytotoxic,Meningioma,2754.0,1139,10.784313725490197
MSC6_GACATCATCTTACGTT,MSC6,6,T_cell,CD8 T cells,599,,,,,,,,,Meningioma,932.0,599,7.296137339055794
MSC6_GACCAATAGAAGTCAT,MSC6,6,T_cell,CD8 T cells,2180,5.3032,33.8667,0.3059,1.4881,G2/M,1.5727,CD4 - Cell Cycle,CD4 - Cell Cycle,Meningioma,5803.0,2180,10.511804239186628
MSC6_GACCAATAGAAGTGTT,MSC6,6,T_cell,CD8 T cells,1432,4.9796,34.423,-0.0305,0.0953,Not cycling,0.4878,CD8 - Glycolysis/MYC,,Meningioma,3986.0,1432,12.067235323632714
MSC6_GACCAATAGGAGTACC,MSC6,6,T_cell,CD8 T cells,1463,4.9012,35.1139,-0.0764,-0.0797,Not cycling,0.4692,CD8 - Naive2,,Meningioma,4736.0,1463,7.495777027027027
MSC6_GACCAATGTGCGACAA,MSC6,6,T_cell,CD8 T cells,1134,7.2967,36.9501,-0.0937,0.0071,Not cycling,1.3168,CD8 - Cytotoxic,CD8 - Cytotoxic,Meningioma,2526.0,1134,14.093428345209817
MSC6_GACCCAGAGCACTAGG,MSC6,6,T_cell,CD8 T cells,1208,6.4993,36.9722,0.0911,0.0032,Not cycling,0.2793,CD8 - Memory/Naive1,,Meningioma,2714.0,1208,12.122328666175386
MSC6_GACCCAGCAGACAATA,MSC6,6,T_cell,CD8 T cells,1098,5.1551,35.9701,0.0062,0.1239,Not cycling,0.5664,CD4 - Interferon,,Meningioma,2532.0,1098,15.04739336492891
MSC6_GACCCAGTCCATAAGC,MSC6,6,T_cell,CD8 T cells,1084,4.8224,36.4571,0.0799,-0.0006,Not cycling,1.9939,CD8 - Interferon,,Meningioma,2453.0,1084,9.580105992662046
MSC6_GACCCTTGTTGACGGA,MSC6,6,T_cell,CD8 T cells,1747,9.8344,33.3145,1.5123,0.3411,G1/S,2.6714,CD4 - Cell Cycle,CD4 - Cell Cycle,Meningioma,4197.0,1747,10.864903502501788
MSC6_GACCCTTGTTTACGAC,MSC6,6,T_cell,CD8 T cells,1065,6.0468,36.9172,0.1478,0.0087,Not cycling,0.5436,CD4 - Dysfunction,,Meningioma,2227.0,1065,13.246519982038617
MSC6_GACCCTTTCGTTACCC,MSC6,6,T_cell,CD8 T cells,531,,,,,,,,,Meningioma,980.0,531,3.061224489795918
MSC6_GACCGTGCAGAGTTCT,MSC6,6,T_cell,CD8 T cells,681,,,,,,,,,Meningioma,1227.0,681,12.632436837815812
MSC6_GACCGTGCATGACAAA,MSC6,6,T_cell,CD8 T cells,1161,6.1185,36.9513,-0.0981,-0.0493,Not cycling,1.005,CD8 - Cytotoxic,CD8 - Cytotoxic,Meningioma,2805.0,1161,12.014260249554367
MSC6_GACCTTCCAGCAGACA,MSC6,6,T_cell,CD8 T cells,1087,6.6324,37.3134,0.2148,-0.0472,Not cycling,0.8612,CD8 - Memory/Naive1,,Meningioma,2009.0,1087,10.403185664509706
MSC6_GACCTTCGTAAGAACT,MSC6,6,T_cell,CD8 T cells,1185,4.8015,37.0151,-0.1138,0.0002,Not cycling,0.7402,CD8 - Memory/Naive1,,Meningioma,2761.0,1185,19.340818544005796
MSC6_GACCTTCGTTGCTCCT,MSC6,6,T_cell,CD8 T cells,1344,6.5403,37.4987,0.0177,0.0692,Not cycling,0.8532,CD8 - Unassigned1,,Meningioma,2492.0,1344,7.90529695024077
MSC6_GACGCTGAGTGCCAGA,MSC6,6,T_cell,CD8 T cells,882,,,,,,,,,Meningioma,2088.0,882,12.404214559386974
MSC6_GACGTTAAGGATTCCT,MSC6,6,T_cell,CD8 T cells,1026,7.1751,37.1797,-0.1045,-0.0533,Not cycling,1.1934,CD8 - Cytotoxic,CD8 - Cytotoxic,Meningioma,2426.0,1026,18.87881286067601
MSC6_GACGTTACAAATAGCA,MSC6,6,T_cell,CD8 T cells,1121,6.1436,36.6253,-0.1123,-0.0508,Not cycling,0.7649,CD4 - Cytotoxic,,Meningioma,2515.0,1121,16.938369781312126
MSC6_GACGTTACAGCGTGAA,MSC6,6,T_cell,CD8 T cells,1055,6.4689,36.9002,-0.1001,0.012,Not cycling,0.9214,CD4 - Treg,,Meningioma,2178.0,1055,16.20752984389348
MSC6_GACGTTAGTCCCGCAA,MSC6,6,T_cell,CD8 T cells,1023,5.7328,37.2961,0.0324,0.0109,Not cycling,0.9749,CD4 - Cytotoxic,,Meningioma,2234.0,1023,8.504923903312443
MSC6_GACGTTAGTGGAACCA,MSC6,6,T_cell,CD8 T cells,6625,3.3878,18.6965,0.0597,-0.211,Not cycling,0.6923,CD4 - Glycolysis/MYC,,Meningioma,43331.0,6625,4.08945097043687
MSC6_GACGTTATCTACGCGG,MSC6,6,T_cell,CD8 T cells,918,,,,,,,,,Meningioma,2356.0,918,11.714770797962649
MSC6_GACTATGAGAGAGCAA,MSC6,6,T_cell,CD8 T cells,1123,5.2881,36.5446,-0.0398,0.0021,Not cycling,1.3106,CD4 - Cytotoxic,CD4 - Cytotoxic,Meningioma,2688.0,1123,15.25297619047619
MSC6_GACTATGTCCCGGTAG,MSC6,6,T_cell,CD8 T cells,1416,6.0507,36.6221,-0.0496,-0.0535,Not cycling,0.3269,CD8 - Unassigned2,,Meningioma,3417.0,1416,14.603453321627159
MSC6_GACTATGTCTCGGGAC,MSC6,6,T_cell,CD8 T cells,904,,,,,,,,,Meningioma,1676.0,904,9.904534606205251
MSC6_GACTCAACATGGATCT,MSC6,6,T_cell,CD8 T cells,1516,6.4097,37.4291,0.133,0.1873,Not cycling,1.1077,CD8 - Unassigned1,,Meningioma,2674.0,1516,5.12341062079282
MSC6_GACTCAAGTCGCAACC,MSC6,6,T_cell,CD8 T cells,1442,5.3767,35.8851,0.2036,0.3721,Not cycling,0.45,CD4 - Cell Cycle,,Meningioma,3170.0,1442,7.255520504731861
MSC6_GACTCTCGTTGGCCGT,MSC6,6,T_cell,CD8 T cells,827,,,,,,,,,Meningioma,1485.0,827,13.131313131313131
MSC6_GACTCTCTCAGTCATG,MSC6,6,T_cell,CD8 T cells,1364,7.9642,36.4057,0.15,-0.0538,Not cycling,1.0149,CD4 - Cytotoxic,CD4 - Cytotoxic,Meningioma,3406.0,1364,14.73869641808573
MSC6_GACTCTCTCTATCGGA,MSC6,6,T_cell,CD8 T cells,795,,,,,,,,,Meningioma,1663.0,795,12.808177991581479
MSC6_GACTGATCAGTTGGTT,MSC6,6,T_cell,CD8 T cells,1644,8.8455,34.4456,0.6813,0.0607,Not cycling,1.2096,CD8 - Glycolysis/MYC,,Meningioma,3743.0,1644,8.576008549292013
MSC6_GACTTCCAGCTGTTCA,MSC6,6,T_cell,CD8 T cells,1851,9.4631,33.7365,1.5327,0.407,G1/S,1.4137,CD4 - Cell Cycle,CD4 - Cell Cycle,Meningioma,4546.0,1851,12.340519137703476
MSC6_GACTTCCTCACCATAG,MSC6,6,T_cell,CD8 T cells,1036,-16.0207,25.6522,-0.0926,-0.0492,Not cycling,1.4588,CD4 - Naive1,CD4 - Naive1,Meningioma,2948.0,1036,13.025780189959294
MSC6_GAGAAATAGAGGCTGT,MSC6,6,T_cell,CD8 T cells,1114,5.6563,36.6943,-0.0359,0.1324,Not cycling,0.725,CD8 - Unassigned2,,Meningioma,2499.0,1114,16.686674669867948
MSC6_GAGAAATAGGAACGAA,MSC6,6,T_cell,CD8 T cells,1786,10.5985,32.3422,0.4681,1.5576,G2/M,3.1553,CD4 - Cell Cycle,CD4 - Cell Cycle,Meningioma,4899.0,1786,11.655439885690956
MSC6_GAGAAATTCAAGAGTA,MSC6,6,T_cell,CD8 T cells,1715,7.7205,36.7841,-0.0567,-0.0698,Not cycling,0.7058,CD8 - Glycolysis/MYC,,Meningioma,4870.0,1715,7.618069815195072
MSC6_GAGAAATTCATACGGT,MSC6,6,T_cell,CD8 T cells,1072,5.9204,35.9885,-0.0649,0.0071,Not cycling,1.2508,CD4 - Cytotoxic,CD4 - Cytotoxic,Meningioma,2553.0,1072,17.391304347826086
MSC6_GAGAAATTCCCGTTCA,MSC6,6,T_cell,CD8 T cells,1023,5.9535,37.5079,0.1353,-0.0657,Not cycling,0.3515,CD8 - Naive3,,Meningioma,2025.0,1023,13.283950617283951
MSC6_GAGACCCAGAACAGGA,MSC6,6,T_cell,CD8 T cells,2211,10.5901,32.3727,0.542,1.5015,G2/M,3.1599,CD4 - Cell Cycle,CD4 - Cell Cycle,Meningioma,6394.0,2211,8.335939943697216
MSC6_GAGACCCTCGACCACG,MSC6,6,T_cell,CD8 T cells,1352,5.4055,35.9791,0.0803,0.1206,Not cycling,1.118,CD4 - Cytotoxic,CD4 - Cytotoxic,Meningioma,2961.0,1352,8.679500168861871
MSC6_GAGACTTCAGGATGAC,MSC6,6,T_cell,CD8 T cells,892,,,,,,,,,Meningioma,1986.0,892,12.034239677744209
MSC6_GAGACTTCATGTGCTA,MSC6,6,T_cell,CD8 T cells,993,,,,,,,,,Meningioma,2421.0,993,19.702602230483272
MSC6_GAGAGGTAGATGCTTC,MSC6,6,T_cell,CD8 T cells,1095,7.5353,37.191,-0.0906,-0.0543,Not cycling,1.4065,CD8 - Cytotoxic,CD8 - Cytotoxic,Meningioma,2369.0,1095,9.877585479105107
MSC6_GAGAGGTAGCTAATGA,MSC6,6,T_cell,CD8 T cells,1201,6.6218,36.6117,0.0776,-0.0504,Not cycling,0.4023,CD4 - Cytotoxic,,Meningioma,2757.0,1201,8.886470801595937
MSC6_GAGAGGTCACCTCTAC,MSC6,6,T_cell,CD8 T cells,1691,9.2396,34.0246,1.166,0.1706,G1/S,0.8659,CD8 - Cytotoxic,,Meningioma,4019.0,1691,9.952724558347848
MSC6_GAGAGGTCATGCACTA,MSC6,6,T_cell,CD8 T cells,1054,5.2266,36.6822,-0.098,-0.0499,Not cycling,0.7854,CD8 - Unassigned2,,Meningioma,2439.0,1054,11.890118901189012
MSC6_GAGATGGCATCAGCTA,MSC6,6,T_cell,CD8 T cells,904,,,,,,,,,Meningioma,1926.0,904,10.955347871235722
MSC6_GAGATGGTCAAGAGTA,MSC6,6,T_cell,CD8 T cells,1267,6.438,36.4064,0.0149,0.1897,Not cycling,0.7806,CD4 - Cytotoxic,,Meningioma,2865.0,1267,15.113438045375219
MSC6_GAGCCTGCATATGAAG,MSC6,6,T_cell,CD8 T cells,1208,4.2214,35.9469,0.0084,-0.0554,Not cycling,0.5907,CD4 - Naive1,,Meningioma,3287.0,1208,9.9178582293885
MSC6_GAGCCTGTCGGCACTG,MSC6,6,T_cell,CD8 T cells,1001,7.1474,37.7004,-0.0881,0.0151,Not cycling,0.8724,CD8 - Heat shock,,Meningioma,1994.0,1001,7.823470411233701
MSC6_GAGCCTGTCGTTCGCT,MSC6,6,T_cell,CD8 T cells,1048,5.9258,37.6625,-0.0287,-0.0468,Not cycling,0.8529,CD8 - Cytotoxic,,Meningioma,2256.0,1048,11.25886524822695
MSC6_GAGCTGCAGCCGTCGT,MSC6,6,T_cell,CD8 T cells,7168,-0.3225,18.7084,1.1693,0.1558,G1/S,0.8774,CD4 - Glycolysis/MYC,,Meningioma,48132.0,7168,6.072882905343638
MSC6_GAGCTGCAGCGTTAGG,MSC6,6,T_cell,CD8 T cells,1950,9.9908,33.0881,1.0223,1.1317,Intermediate,3.3976,CD4 - Cell Cycle,CD4 - Cell Cycle,Meningioma,5040.0,1950,13.551587301587302
MSC6_GAGCTGCCAAGATCCT,MSC6,6,T_cell,CD8 T cells,898,,,,,,,,,Meningioma,2114.0,898,12.81929990539262
MSC6_GAGCTGCTCACGTCCT,MSC6,6,T_cell,CD8 T cells,1284,7.7323,36.634,0.0137,-0.0586,Not cycling,0.5043,CD8 - Glycolysis/MYC,,Meningioma,2824.0,1284,10.80028328611898
MSC6_GAGCTGCTCAGTCACA,MSC6,6,T_cell,CD8 T cells,2198,10.0039,33.0814,1.4498,1.2529,Intermediate,3.2707,CD4 - Cell Cycle,CD4 - Cell Cycle,Meningioma,5976.0,2198,19.21017402945114
MSC6_GAGCTGCTCTTTGGAG,MSC6,6,T_cell,CD8 T cells,1053,5.5616,36.5946,0.1946,-0.0514,Not cycling,0.9625,CD4 - Interferon,,Meningioma,2186.0,1053,15.645013723696248
MSC6_GAGGCAAAGTGAGGTC,MSC6,6,T_cell,CD8 T cells,1934,9.5458,33.6084,1.5235,0.5191,G1/S,1.9193,CD4 - Cell Cycle,CD4 - Cell Cycle,Meningioma,4307.0,1934,7.36011144648247
MSC6_GAGGCAAGTCTGCGCA,MSC6,6,T_cell,CD8 T cells,1085,6.0491,37.7825,0.0192,0.0133,Not cycling,0.726,CD4 - Stress/HSP,,Meningioma,2361.0,1085,11.054637865311308
MSC6_GAGGCCTCAAGCGAGT,MSC6,6,T_cell,CD8 T cells,976,,,,,,,,,Meningioma,2137.0,976,12.915301824988301
MSC6_GAGGCCTGTGTCATCA,MSC6,6,T_cell,CD8 T cells,906,,,,,,,,,Meningioma,1876.0,906,8.47547974413646
MSC6_GAGGGATAGGTTGTTC,MSC6,6,T_cell,CD8 T cells,1012,4.6002,36.0669,-0.0473,0.0632,Not cycling,0.4803,CD8 - Naive2,,Meningioma,2313.0,1012,19.06614785992218
MSC6_GAGGGATGTGTGTGGA,MSC6,6,T_cell,CD8 T cells,1058,6.8368,37.4829,0.0726,0.1212,Not cycling,0.8735,CD8 - Cytotoxic,,Meningioma,2303.0,1058,10.725141120277899
MSC6_GAGGGTACAGGTACGA,MSC6,6,T_cell,CD8 T cells,1166,4.8357,36.1029,0.0107,0.0705,Not cycling,0.6734,CD8 - Memory/Naive1,,Meningioma,2687.0,1166,13.621138816524004
MSC6_GAGGGTATCTCATTTG,MSC6,6,T_cell,CD8 T cells,1633,7.3414,35.9092,0.3645,0.0513,Not cycling,1.539,CD8 - Glycolysis/MYC,,Meningioma,4339.0,1633,15.303065222401475
MSC6_GAGTCATAGCAGCCCT,MSC6,6,T_cell,CD8 T cells,803,,,,,,,,,Meningioma,1520.0,803,9.407894736842104
MSC6_GAGTCATAGCCTCTCT,MSC6,6,T_cell,CD8 T cells,2007,5.0702,34.2666,0.1967,0.6291,Not cycling,0.9472,CD8 - Glycolysis/MYC,,Meningioma,4980.0,2007,6.867469879518072
MSC6_GAGTCATCACAGCCAC,MSC6,6,T_cell,CD8 T cells,1311,5.9705,36.6338,-0.1382,-0.032,Not cycling,1.6078,CD8 - Cytotoxic,CD8 - Cytotoxic,Meningioma,2936.0,1311,10.490463215258856
MSC6_GAGTCATCACGACGAA,MSC6,6,T_cell,CD8 T cells,1469,7.6352,36.6411,-0.1049,-0.0542,Not cycling,0.6952,CD8 - Cytotoxic,,Meningioma,3641.0,1469,12.414171930788244
MSC6_GAGTCATTCTGCGAGC,MSC6,6,T_cell,CD8 T cells,1643,5.0639,35.1484,0.1717,-0.0145,Not cycling,0.234,CD8 - Glycolysis/MYC,,Meningioma,6772.0,1643,5.626107501476668
MSC6_GAGTCTACAACACAAA,MSC6,6,T_cell,CD8 T cells,1051,6.2648,37.7245,-0.1207,0.0019,Not cycling,1.009,CD4 - Cytotoxic,CD4 - Cytotoxic,Meningioma,2300.0,1051,12.782608695652174
MSC6_GAGTCTACAACCCGCA,MSC6,6,T_cell,CD8 T cells,948,,,,,,,,,Meningioma,2160.0,948,11.342592592592593
MSC6_GAGTCTAGTCAGTTTG,MSC6,6,T_cell,CD8 T cells,1224,9.5489,33.5943,0.7377,0.1047,G1/S,2.5806,CD4 - Cell Cycle,CD4 - Cell Cycle,Meningioma,2689.0,1224,13.611007809594645
MSC6_GAGTCTAGTGGATCAG,MSC6,6,T_cell,CD8 T cells,1300,6.2547,37.5726,-0.0418,0.0628,Not cycling,0.4425,CD4 - Treg,,Meningioma,3153.0,1300,13.479226133840786
MSC6_GAGTCTATCCCGAGAC,MSC6,6,T_cell,CD8 T cells,1241,4.7595,36.5299,-0.0961,-0.0041,Not cycling,0.7085,CD8 - Unassigned1,,Meningioma,2738.0,1241,12.746530314097882
MSC6_GAGTCTATCTACGGTA,MSC6,6,T_cell,CD8 T cells,1194,6.2915,36.4008,-0.0299,0.0727,Not cycling,0.7136,CD8 - Unassigned2,,Meningioma,2745.0,1194,12.641165755919854
MSC6_GAGTCTATCTTTGGAG,MSC6,6,T_cell,CD8 T cells,1036,4.2239,36.502,0.0173,0.1301,Not cycling,0.6557,CD4 - Naive1,,Meningioma,2383.0,1036,10.868652958455728
MSC6_GAGTGTTCACTGCACG,MSC6,6,T_cell,CD8 T cells,1018,-14.8954,23.6609,0.005,0.0044,Not cycling,0.2779,CD8 - Naive2,,Meningioma,2348.0,1018,6.686541737649063
MSC6_GAGTGTTCAGACTGCC,MSC6,6,T_cell,CD8 T cells,915,,,,,,,,,Meningioma,1909.0,915,11.838658983761132
MSC6_GAGTTACGTAGTTACC,MSC6,6,T_cell,CD8 T cells,1102,5.5747,37.2851,-0.0488,-0.058,Not cycling,1.0021,CD8 - Cytotoxic,CD8 - Cytotoxic,Meningioma,2262.0,1102,10.167992926613616
MSC6_GAGTTGTAGGACTGGT,MSC6,6,T_cell,CD8 T cells,964,,,,,,,,,Meningioma,2123.0,964,9.32642487046632
MSC6_GAGTTGTGTACGACTT,MSC6,6,T_cell,CD8 T cells,965,,,,,,,,,Meningioma,2075.0,965,15.614457831325302
MSC6_GAGTTGTGTGGAGAAA,MSC6,6,T_cell,CD8 T cells,1089,4.2516,36.1133,-0.1115,-0.0559,Not cycling,1.0186,CD4 - Naive1,CD4 - Naive1,Meningioma,2499.0,1089,9.163665466186474
MSC6_GAGTTGTGTGGGTCAA,MSC6,6,T_cell,CD8 T cells,889,,,,,,,,,Meningioma,2101.0,889,18.419800095192766
MSC6_GAGTTGTTCCAAATGC,MSC6,6,T_cell,CD8 T cells,1198,6.5658,36.626,-0.1063,0.0028,Not cycling,0.7162,CD4 - Treg,,Meningioma,2532.0,1198,12.203791469194313
MSC6_GAGTTTGAGTAATACG,MSC6,6,T_cell,CD8 T cells,1787,9.1226,34.1711,0.7797,0.1082,G1/S,0.749,CD4 - Cytotoxic,,Meningioma,4226.0,1787,17.179365830572646
MSC6_GAGTTTGTCCATTGCC,MSC6,6,T_cell,CD8 T cells,922,,,,,,,,,Meningioma,2020.0,922,8.910891089108912
MSC6_GATAGAACAAACACCT,MSC6,6,T_cell,CD8 T cells,970,,,,,,,,,Meningioma,2308.0,970,12.045060658578857
MSC6_GATAGCTGTGACAGGT,MSC6,6,T_cell,CD8 T cells,1381,6.6259,36.285,-0.0376,-0.0565,Not cycling,0.4694,CD8 - Cytotoxic,,Meningioma,3428.0,1381,11.668611435239207
MSC6_GATAGCTGTTGACTAC,MSC6,6,T_cell,CD8 T cells,1185,6.361,36.5481,-0.0999,0.0692,Not cycling,0.8255,CD8 - Cytotoxic,,Meningioma,2510.0,1185,14.741035856573705
MSC6_GATAGCTTCTCATTTG,MSC6,6,T_cell,CD8 T cells,2055,9.5055,33.662,0.9674,0.3446,G1/S,1.8465,CD8 - Cell Cycle,,Meningioma,4941.0,2055,8.156243675369359
MSC6_GATCACAGTCCACTTC,MSC6,6,T_cell,CD8 T cells,1760,7.8109,36.0648,-0.0386,-0.0496,Not cycling,0.4555,CD8 - Unassigned1,,Meningioma,4512.0,1760,9.884751773049645
MSC6_GATCACAGTTACCTGA,MSC6,6,T_cell,CD8 T cells,1283,5.4166,35.8627,-0.0084,0.0022,Not cycling,1.2556,CD4 - Cytotoxic,CD4 - Cytotoxic,Meningioma,3353.0,1283,12.764688338801074
MSC6_GATCATGAGGAGCAAA,MSC6,6,T_cell,CD8 T cells,4541,3.9524,25.179,0.7477,-0.0465,G1/S,0.4297,CD4 - Glycolysis/MYC,,Meningioma,18802.0,4541,1.8083182640144666
MSC6_GATCATGCACGGTAGA,MSC6,6,T_cell,CD8 T cells,1194,7.2296,37.3625,0.0129,-0.0059,Not cycling,1.1237,CD8 - Cytotoxic,CD8 - Cytotoxic,Meningioma,2812.0,1194,13.193456614509246
MSC6_GATCATGGTACAATAG,MSC6,6,T_cell,CD8 T cells,1337,6.6917,37.3026,0.0159,-0.0522,Not cycling,1.2016,CD8 - Cytotoxic,CD8 - Cytotoxic,Meningioma,3000.0,1337,9.266666666666667
MSC6_GATCATGGTTCTAAGC,MSC6,6,T_cell,CD8 T cells,940,,,,,,,,,Meningioma,1469.0,940,10.006807351940095
MSC6_GATCATGTCGTAGAGG,MSC6,6,T_cell,CD8 T cells,1128,6.034,36.249,-0.0237,-0.0442,Not cycling,0.9377,CD4 - Cytotoxic,,Meningioma,2691.0,1128,15.756224451876626
MSC6_GATCCCTAGTCGGGAT,MSC6,6,T_cell,CD8 T cells,1228,7.2112,37.4753,0.017,0.0094,Not cycling,0.3636,CD8 - Cytotoxic,,Meningioma,2628.0,1228,12.975646879756468
MSC6_GATCCCTCACGGATCC,MSC6,6,T_cell,CD8 T cells,1910,9.2906,33.9135,0.9641,0.2891,G1/S,1.1072,CD4 - Cell Cycle,CD4 - Cell Cycle,Meningioma,4827.0,1910,9.52972860990263
MSC6_GATCCCTCACTGTGAT,MSC6,6,T_cell,CD8 T cells,1292,6.5973,36.8086,0.1457,-0.0528,Not cycling,0.9566,CD8 - Cytotoxic,,Meningioma,2724.0,1292,3.7812041116005872
MSC6_GATCCCTTCGAGCCTG,MSC6,6,T_cell,CD8 T cells,1341,6.9739,36.3772,0.0707,0.4854,Not cycling,0.8644,CD4 - Cell Cycle,,Meningioma,2796.0,1341,9.155937052932762
MSC6_GATCGTAAGTGTTCCA,MSC6,6,T_cell,CD8 T cells,1325,7.7115,36.5084,0.0139,0.0667,Not cycling,0.4118,CD8 - Heat shock,,Meningioma,2901.0,1325,7.34229576008273
MSC6_GATGACTCACTAGGTT,MSC6,6,T_cell,CD8 T cells,1205,6.3975,37.1165,-0.0543,0.0116,Not cycling,1.5784,CD4 - Stress/HSP,,Meningioma,2707.0,1205,9.235315847801996
MSC6_GATGACTGTAGCTGCC,MSC6,6,T_cell,CD8 T cells,1036,5.2419,36.6141,-0.0261,-0.05,Not cycling,0.8999,CD8 - Chromatin,,Meningioma,1825.0,1036,7.178082191780822
MSC6_GATGACTGTTCCGTTC,MSC6,6,T_cell,CD8 T cells,1140,5.285,36.0866,0.0928,0.0177,Not cycling,2.0027,CD8 - Interferon,,Meningioma,2478.0,1140,10.371267150928167
MSC6_GATGACTTCAGTCTTT,MSC6,6,T_cell,CD8 T cells,1196,7.8854,36.9204,0.0242,0.0735,Not cycling,1.194,CD8 - Cytotoxic,CD8 - Cytotoxic,Meningioma,2515.0,1196,11.292246520874752
MSC6_GATGAGGCACCATATG,MSC6,6,T_cell,CD8 T cells,844,,,,,,,,,Meningioma,1997.0,844,11.517275913870806
MSC6_GATGAGGCATCCTTCG,MSC6,6,T_cell,CD8 T cells,1089,7.1573,37.432,-0.0314,0.008,Not cycling,1.0943,CD8 - Cytotoxic,CD8 - Cytotoxic,Meningioma,2736.0,1089,10.67251461988304
MSC6_GATGAGGGTGTCCACG,MSC6,6,T_cell,CD8 T cells,1249,6.0497,36.7094,-0.0297,-0.0461,Not cycling,0.8119,CD8 - Cytotoxic,,Meningioma,2942.0,1249,14.309993201903467
MSC6_GATGAGGGTTCGGCTG,MSC6,6,T_cell,CD8 T cells,2381,5.5542,34.8945,0.4336,1.1647,G2/M,0.7978,CD4 - Cell Cycle,,Meningioma,6297.0,2381,4.8912180403366685
MSC6_GATGATCCAAATGGCG,MSC6,6,T_cell,CD8 T cells,1010,4.8253,35.3659,-0.1074,0.003,Not cycling,0.4118,CD8 - Unassigned2,,Meningioma,3161.0,1010,12.844036697247706
MSC6_GATGATCCAAGAATGT,MSC6,6,T_cell,CD8 T cells,2003,10.2766,32.745,0.8549,0.8933,Intermediate,2.7333,CD4 - Cell Cycle,CD4 - Cell Cycle,Meningioma,4713.0,2003,9.823891364311478
MSC6_GATGATCGTCACTCTC,MSC6,6,T_cell,CD8 T cells,1321,7.3198,36.8473,0.2451,0.1798,Not cycling,0.4302,CD4 - Stress/HSP,,Meningioma,3050.0,1321,13.737704918032787
MSC6_GATGATCTCCTCTTTC,MSC6,6,T_cell,CD8 T cells,1468,6.0454,34.9506,0.0754,0.0636,Not cycling,0.9687,CD4 - Cytotoxic,,Meningioma,3449.0,1468,12.844302696433749
MSC6_GATGCTAAGGGATCGT,MSC6,6,T_cell,CD8 T cells,1082,6.9837,36.6177,-0.0954,0.012,Not cycling,0.7043,CD8 - Cytotoxic,,Meningioma,2206.0,1082,13.780598368087036
MSC6_GATGCTACACAACCGC,MSC6,6,T_cell,CD8 T cells,1680,5.5047,35.4134,0.1653,-0.0818,Not cycling,0.6671,CD8 - Heat shock,,Meningioma,4877.0,1680,8.406807463604675
MSC6_GATGCTAGTATCCTCC,MSC6,6,T_cell,CD8 T cells,1222,6.3486,37.7712,0.0814,0.0078,Not cycling,0.9694,CD8 - Cytotoxic,,Meningioma,2989.0,1222,7.995985279357645
MSC6_GATGCTATCTACTTCA,MSC6,6,T_cell,CD8 T cells,837,,,,,,,,,Meningioma,1667.0,837,14.697060587882424
MSC6_GATGTTGAGTCTGGAG,MSC6,6,T_cell,CD8 T cells,1179,6.5115,37.9421,0.0894,0.0012,Not cycling,1.1771,CD4 - Stress/HSP,,Meningioma,3078.0,1179,16.926575698505523
MSC6_GATGTTGCAATCGTCA,MSC6,6,T_cell,CD8 T cells,1059,5.4927,36.9739,0.0189,-0.052,Not cycling,0.3948,CD8 - Memory/Naive1,,Meningioma,2574.0,1059,13.014763014763014
MSC6_GATGTTGCATTGTAGC,MSC6,6,T_cell,CD8 T cells,938,,,,,,,,,Meningioma,2254.0,938,16.415261756876664
MSC6_GATGTTGGTACTGCGC,MSC6,6,T_cell,CD8 T cells,1182,5.5558,37.4149,-0.001,0.2959,Not cycling,0.3688,CD8 - Naive2,,Meningioma,2415.0,1182,12.380952380952381
MSC6_GATGTTGGTCCCTCAT,MSC6,6,T_cell,CD8 T cells,1315,6.4574,36.5625,0.089,-0.001,Not cycling,0.4097,CD8 - Unassigned2,,Meningioma,2711.0,1315,12.357063814090742
MSC6_GATTCTTGTCACTAGT,MSC6,6,T_cell,CD8 T cells,1291,7.1627,36.2503,0.0238,0.0655,Not cycling,0.6187,CD4 - Cytotoxic,,Meningioma,3027.0,1291,11.034027089527585
MSC6_GATTGGTCAGCAAGAC,MSC6,6,T_cell,CD8 T cells,1699,8.4833,34.9099,0.672,0.2379,Not cycling,1.0417,CD4 - Cell Cycle,CD4 - Cell Cycle,Meningioma,4538.0,1699,17.51873071837814
MSC6_GATTTCTCACTACACA,MSC6,6,T_cell,CD8 T cells,1359,-16.1664,25.9333,-0.1128,0.0104,Not cycling,2.1865,CD4 - Naive1,CD4 - Naive1,Meningioma,3415.0,1359,10.424597364568083
MSC6_GATTTCTGTACTCGCG,MSC6,6,T_cell,CD8 T cells,1399,7.1706,37.2901,-0.0446,-0.0087,Not cycling,0.6518,CD8 - Cytotoxic,,Meningioma,3724.0,1399,15.225563909774436
MSC6_GCAACATGTCAGGCAA,MSC6,6,T_cell,CD8 T cells,1312,7.301,37.2921,0.0274,0.0612,Not cycling,0.4616,CD8 - Unassigned2,,Meningioma,3073.0,1312,15.099251545720794
MSC6_GCAACATTCTAAGCCA,MSC6,6,T_cell,CD8 T cells,1194,7.3208,37.558,0.141,-0.0019,Not cycling,1.0468,CD4 - Cytotoxic,CD4 - Cytotoxic,Meningioma,2384.0,1194,14.303691275167786
MSC6_GCAACCGCACTGGATT,MSC6,6,T_cell,CD8 T cells,1494,6.8607,37.2213,0.0678,0.1261,Not cycling,1.1847,CD4 - Cytotoxic,CD4 - Cytotoxic,Meningioma,3195.0,1494,9.17057902973396
MSC6_GCAACCGCATGCCATA,MSC6,6,T_cell,CD8 T cells,973,,,,,,,,,Meningioma,2238.0,973,12.466487935656836
MSC6_GCAACCGTCGCCAGAC,MSC6,6,T_cell,CD8 T cells,1460,7.8067,35.6516,0.2667,0.1252,Not cycling,1.3495,CD8 - Unassigned2,,Meningioma,3398.0,1460,13.154796939376103
MSC6_GCACATAAGACAACTA,MSC6,6,T_cell,CD8 T cells,809,,,,,,,,,Meningioma,1557.0,809,10.661528580603726
MSC6_GCACATAAGGTAAGAG,MSC6,6,T_cell,CD8 T cells,1019,5.8365,36.8962,-0.0925,0.0118,Not cycling,0.5603,CD4 - Naive1,,Meningioma,2050.0,1019,14.341463414634147
MSC6_GCACATACAAATCGTC,MSC6,6,T_cell,CD8 T cells,1138,5.4905,36.9396,0.0275,-0.0509,Not cycling,0.4709,CD4 - Naive1,,Meningioma,2472.0,1138,13.592233009708737
MSC6_GCACATACACTCCCTA,MSC6,6,T_cell,CD8 T cells,1227,6.9528,37.4175,-0.1006,0.0109,Not cycling,0.7316,CD4 - Cytotoxic,,Meningioma,2367.0,1227,13.096746937051119
MSC6_GCACATAGTCAAATCC,MSC6,6,T_cell,CD8 T cells,1303,6.4555,37.5156,0.0726,-0.0559,Not cycling,1.6376,CD4 - Cytotoxic,CD4 - Cytotoxic,Meningioma,3169.0,1303,12.748501104449353
MSC6_GCACATAGTGCCTAAT,MSC6,6,T_cell,CD8 T cells,1654,7.0599,35.988,0.0175,0.0659,Not cycling,0.3814,CD8 - Heat shock,,Meningioma,3967.0,1654,14.721451978825309
MSC6_GCACATAGTGCTATTG,MSC6,6,T_cell,CD8 T cells,1193,7.0335,37.7583,0.0823,0.0125,Not cycling,0.8268,CD4 - Stress/HSP,,Meningioma,2636.0,1193,14.719271623672231
MSC6_GCACATATCTCCCAAC,MSC6,6,T_cell,CD8 T cells,1479,6.7791,36.6815,-0.0505,0.1813,Not cycling,0.8463,CD8 - Chromatin,,Meningioma,3281.0,1479,12.435233160621761
MSC6_GCACGGTAGACATAAC,MSC6,6,T_cell,CD8 T cells,2243,10.5108,32.3429,0.3847,1.4882,G2/M,1.97,CD4 - Cell Cycle,CD4 - Cell Cycle,Meningioma,6694.0,2243,9.037944427845833
MSC6_GCACGGTTCTTAGCTT,MSC6,6,T_cell,CD8 T cells,1179,3.1645,35.8032,-0.0479,-0.0016,Not cycling,0.9972,CD4 - Naive1,,Meningioma,2639.0,1179,10.193255020841228
MSC6_GCACGTGGTCCACATA,MSC6,6,T_cell,CD8 T cells,1785,10.1895,32.781,1.2242,0.9583,Intermediate,2.5547,CD4 - Cell Cycle,CD4 - Cell Cycle,Meningioma,4576.0,1785,10.861013986013987
MSC6_GCACGTGTCACTTGGA,MSC6,6,T_cell,CD8 T cells,1212,6.4433,36.5655,-0.0372,0.0067,Not cycling,0.7611,CD8 - Cytotoxic,,Meningioma,2562.0,1212,17.056986729117877
MSC6_GCACGTGTCAGAGTTC,MSC6,6,T_cell,CD8 T cells,1035,4.4267,36.3809,0.0805,-0.0021,Not cycling,1.133,CD4 - Naive1,CD4 - Naive1,Meningioma,2521.0,1035,9.79769932566442
MSC6_GCACGTGTCGATCCAA,MSC6,6,T_cell,CD8 T cells,1038,6.1016,37.9863,-0.0416,-0.0534,Not cycling,1.4282,CD8 - Heat shock,,Meningioma,2385.0,1038,13.459119496855346
MSC6_GCACTAACAAGGTCTT,MSC6,6,T_cell,CD8 T cells,1293,6.5963,37.2141,-0.045,0.0037,Not cycling,1.1977,CD4 - Cytotoxic,CD4 - Cytotoxic,Meningioma,2973.0,1293,12.411705348133198
MSC6_GCAGGCTAGTAACGAT,MSC6,6,T_cell,CD8 T cells,1177,6.6133,36.4533,-0.0387,0.0618,Not cycling,0.6084,CD8 - Cytotoxic,,Meningioma,2558.0,1177,12.900703674745895
MSC6_GCAGGCTTCCACGGGT,MSC6,6,T_cell,CD8 T cells,1738,6.0289,36.0087,0.0168,0.0021,Not cycling,0.864,CD8 - Chromatin,,Meningioma,4305.0,1738,8.013937282229966
MSC6_GCAGTTATCAACCTTT,MSC6,6,T_cell,CD8 T cells,1754,9.4341,33.7492,1.1469,0.2092,G1/S,0.9505,CD8 - Cell Cycle,,Meningioma,4055.0,1754,16.59679408138101
MSC6_GCATCGGAGTCATGGG,MSC6,6,T_cell,CD8 T cells,838,,,,,,,,,Meningioma,1733.0,838,15.522215810732833
MSC6_GCATCGGCACTATCCC,MSC6,6,T_cell,CD8 T cells,1180,7.1008,36.8749,0.1287,0.0486,Not cycling,0.6003,CD8 - Cytotoxic,,Meningioma,2652.0,1180,19.23076923076923
MSC6_GCATCGGCAGCAGTTT,MSC6,6,T_cell,CD8 T cells,887,,,,,,,,,Meningioma,1889.0,887,13.446267866596083
MSC6_GCATCGGTCCAAAGGG,MSC6,6,T_cell,CD8 T cells,845,,,,,,,,,Meningioma,1854.0,845,15.857605177993527
MSC6_GCATCTCAGTGTACCT,MSC6,6,T_cell,CD8 T cells,992,,,,,,,,,Meningioma,2281.0,992,13.941253836036825
MSC6_GCATCTCTCTACGGGC,MSC6,6,T_cell,CD8 T cells,1372,6.562,36.13,-0.0992,-0.0572,Not cycling,0.5857,CD4 - Interferon,,Meningioma,3029.0,1372,8.616705183228788
MSC6_GCATGATGTGGCATCC,MSC6,6,T_cell,CD8 T cells,1678,5.6979,35.8105,-0.0865,0.0961,Not cycling,0.2419,CD8 - Naive2,,Meningioma,3868.0,1678,7.936918304033092
MSC6_GCATGATGTTCCTTGC,MSC6,6,T_cell,CD8 T cells,1130,6.0707,37.6325,-0.0413,-0.0018,Not cycling,0.6872,CD8 - Heat shock,,Meningioma,2407.0,1130,12.422102201911093
MSC6_GCATGATTCAAGTAAG,MSC6,6,T_cell,CD8 T cells,1223,6.6278,37.1879,-0.1038,-0.0002,Not cycling,0.6636,CD8 - Cytotoxic,,Meningioma,2628.0,1223,13.774733637747337
MSC6_GCATTAGTCATGAGAA,MSC6,6,T_cell,CD8 T cells,1247,6.6682,36.4178,-0.0428,0.0093,Not cycling,0.0791,CD8 - Heat shock,,Meningioma,2615.0,1247,10.898661567877628
MSC6_GCCAACGGTGATATAG,MSC6,6,T_cell,CD8 T cells,941,,,,,,,,,Meningioma,2059.0,941,11.656143759106362
MSC6_GCCAACGGTGGTCTAT,MSC6,6,T_cell,CD8 T cells,1135,7.0282,37.4457,-0.1063,0.1332,Not cycling,0.8375,CD8 - Cytotoxic,,Meningioma,2300.0,1135,7.826086956521739
MSC6_GCCAGCAAGATGATTG,MSC6,6,T_cell,CD8 T cells,1977,10.5858,32.4505,0.5436,1.2577,G2/M,3.0207,CD4 - Cell Cycle,CD4 - Cell Cycle,Meningioma,4998.0,1977,9.043617446978791
MSC6_GCCAGCAAGTAGAGTT,MSC6,6,T_cell,CD8 T cells,1483,9.5279,33.6426,1.0361,0.1677,G1/S,1.3017,CD4 - Cell Cycle,CD4 - Cell Cycle,Meningioma,3583.0,1483,13.340775886128942
MSC6_GCCAGCACAGCTTCCT,MSC6,6,T_cell,CD8 T cells,1053,5.5435,37.5445,0.0322,0.0108,Not cycling,0.822,CD8 - Chromatin,,Meningioma,2142.0,1052,8.916900093370682
MSC6_GCCAGCAGTGAGCTCC,MSC6,6,T_cell,CD8 T cells,1112,4.7914,36.6968,-0.0352,0.0046,Not cycling,0.67,CD4 - Cytotoxic,,Meningioma,2354.0,1112,8.70858113848768
MSC6_GCCAGCATCCGGACTG,MSC6,6,T_cell,CD8 T cells,1226,7.4504,36.9509,-0.0322,0.0106,Not cycling,1.2649,CD4 - Cytotoxic,CD4 - Cytotoxic,Meningioma,2743.0,1226,9.07765220561429
MSC6_GCCAGGTTCCACGAAT,MSC6,6,T_cell,CD8 T cells,1488,5.5074,35.8873,0.182,0.5433,Not cycling,0.3761,CD4 - Dysfunction,,Meningioma,4011.0,1488,19.32186487160309
MSC6_GCCAGGTTCTGGGCGT,MSC6,6,T_cell,CD8 T cells,694,,,,,,,,,Meningioma,1315.0,694,9.201520912547528
MSC6_GCCAGTGAGATAGCTA,MSC6,6,T_cell,CD8 T cells,1661,10.0265,33.0221,0.6131,0.8373,G2/M,2.1909,CD8 - Cell Cycle,,Meningioma,4090.0,1661,10.17114914425428
MSC6_GCCAGTGCAACGGTAG,MSC6,6,T_cell,CD8 T cells,1263,4.4887,35.6535,0.1674,-0.0851,Not cycling,0.5843,CD4 - Glycolysis/MYC,,Meningioma,2797.0,1263,8.044333214158026
MSC6_GCCAGTGCAGCTGAAG,MSC6,6,T_cell,CD8 T cells,1076,5.5671,36.8864,0.0911,0.0105,Not cycling,0.8283,CD8 - Unassigned2,,Meningioma,2677.0,1076,10.98244303324617
MSC6_GCCAGTGTCTCCGATC,MSC6,6,T_cell,CD8 T cells,959,,,,,,,,,Meningioma,1852.0,959,10.52915766738661
MSC6_GCCATGGAGGGAGTGG,MSC6,6,T_cell,CD8 T cells,1967,4.2057,35.5685,0.0609,0.0631,Not cycling,0.9056,CD4 - Naive2,,Meningioma,5883.0,1966,12.23865374808771
MSC6_GCCATGGTCAAGGAGC,MSC6,6,T_cell,CD8 T cells,1872,10.668,32.2556,0.031,1.6297,G2/M,2.7498,CD4 - Cell Cycle,CD4 - Cell Cycle,Meningioma,5203.0,1872,5.343071305016337
MSC6_GCCATGGTCTACCAGA,MSC6,6,T_cell,CD8 T cells,1298,6.0377,36.5755,0.0137,0.0141,Not cycling,0.7949,CD4 - Naive1,,Meningioma,3152.0,1298,12.5
MSC6_GCCATTCCAAAGACTA,MSC6,6,T_cell,CD8 T cells,1880,5.3736,34.9136,0.4982,0.1693,Not cycling,0.7992,CD4 - Glycolysis/MYC,,Meningioma,5393.0,1880,12.627480066753199
MSC6_GCCATTCCACGCTATA,MSC6,6,T_cell,CD8 T cells,970,,,,,,,,,Meningioma,1789.0,970,5.53381777529346
MSC6_GCCATTCTCACTTCTA,MSC6,6,T_cell,CD8 T cells,2182,7.4675,36.032,-0.063,0.1764,Not cycling,0.5406,CD8 - Naive3,,Meningioma,6245.0,2182,9.015212169735788
MSC6_GCCATTCTCTCCGAGG,MSC6,6,T_cell,CD8 T cells,843,,,,,,,,,Meningioma,1993.0,843,8.73055694932263
MSC6_GCCCAGAAGTACAGCG,MSC6,6,T_cell,CD8 T cells,1166,6.9235,36.8743,0.0249,0.1843,Not cycling,0.4334,CD4 - Dysfunction,,Meningioma,2754.0,1166,14.415395787944808
MSC6_GCCCAGACAAACTCTG,MSC6,6,T_cell,CD8 T cells,909,,,,,,,,,Meningioma,2324.0,909,17.42685025817556
MSC6_GCCCGAAAGTCCGCCA,MSC6,6,T_cell,CD8 T cells,1394,7.3567,37.1998,0.0225,-0.0481,Not cycling,0.9268,CD8 - Interferon,,Meningioma,4147.0,1394,8.82565710151917
MSC6_GCCCGAAAGTTGTAAG,MSC6,6,T_cell,CD8 T cells,1139,7.2317,37.1344,-0.0962,-0.0606,Not cycling,0.7607,CD8 - Glycolysis/MYC,,Meningioma,2462.0,1139,10.15434606011373
MSC6_GCCCGAACAGTAGTTC,MSC6,6,T_cell,CD8 T cells,1102,5.4772,36.5326,-0.0316,-0.0508,Not cycling,0.8776,CD4 - Cytotoxic,,Meningioma,2495.0,1102,14.98997995991984
MSC6_GCCGTGAAGTATAACG,MSC6,6,T_cell,CD8 T cells,866,,,,,,,,,Meningioma,1622.0,866,8.261405672009865
MSC6_GCCGTGACAGTCGAGA,MSC6,6,T_cell,CD8 T cells,1211,6.1971,36.4928,-0.1076,0.0074,Not cycling,1.2281,CD4 - Cytotoxic,CD4 - Cytotoxic,Meningioma,2740.0,1211,11.605839416058394
MSC6_GCCGTGAGTCAGGAGT,MSC6,6,T_cell,CD8 T cells,960,,,,,,,,,Meningioma,2070.0,960,13.91304347826087
MSC6_GCCGTGATCCGGGACT,MSC6,6,T_cell,CD8 T cells,1194,5.8169,36.0809,-0.1182,-0.0566,Not cycling,1.7031,CD8 - Interferon,,Meningioma,2802.0,1194,11.170592433975731
MSC6_GCCTGTTAGGTAGACC,MSC6,6,T_cell,CD8 T cells,784,,,,,,,,,Meningioma,1704.0,784,9.800469483568076
MSC6_GCGAGAAAGTTACGTC,MSC6,6,T_cell,CD8 T cells,1058,5.7907,36.5096,-0.042,-0.0567,Not cycling,0.4457,CD8 - Unassigned2,,Meningioma,2281.0,1058,8.329679964927664
MSC6_GCGAGAACAACCTATG,MSC6,6,T_cell,CD8 T cells,1120,3.5669,35.9821,-0.0908,0.0145,Not cycling,0.4702,CD8 - Unassigned1,,Meningioma,2520.0,1120,14.047619047619047
MSC6_GCGAGAACATCCAATG,MSC6,6,T_cell,CD8 T cells,1186,7.0102,37.499,-0.0406,0.0048,Not cycling,0.9474,CD8 - Cytotoxic,,Meningioma,3027.0,1186,11.925999339279816
MSC6_GCGAGAAGTACTCCCT,MSC6,6,T_cell,CD8 T cells,1027,4.5705,36.5661,0.092,0.0184,Not cycling,0.8061,CD4 - Interferon,,Meningioma,2141.0,1027,9.948622139187295
MSC6_GCGAGAAGTCAAAGTA,MSC6,6,T_cell,CD8 T cells,1188,4.7002,36.61,0.0726,0.0059,Not cycling,0.0928,CD8 - Chromatin,,Meningioma,2577.0,1188,13.775708187815288
MSC6_GCGAGAAGTGGCAGAT,MSC6,6,T_cell,CD8 T cells,1643,9.5006,33.6693,1.0426,0.0524,G1/S,1.4497,CD4 - Cell Cycle,CD4 - Cell Cycle,Meningioma,4188.0,1643,10.768863419293218
MSC6_GCGATCGCATGACGAG,MSC6,6,T_cell,CD8 T cells,968,,,,,,,,,Meningioma,2074.0,968,12.48794599807136
MSC6_GCGATCGCATGTTTGG,MSC6,6,T_cell,CD8 T cells,693,,,,,,,,,Meningioma,1238.0,693,12.520193861066236
MSC6_GCGATCGGTGAGATCG,MSC6,6,T_cell,CD8 T cells,951,,,,,,,,,Meningioma,1970.0,950,8.883248730964468
MSC6_GCGATCGGTGCGAACA,MSC6,6,T_cell,CD8 T cells,1567,7.6628,36.6223,-0.0472,0.0041,Not cycling,0.6873,CD8 - Dysfunction,,Meningioma,3912.0,1567,11.605316973415134
MSC6_GCGATCGTCTAGATCG,MSC6,6,T_cell,CD8 T cells,1140,7.6123,36.0098,0.0753,0.0079,Not cycling,1.45,CD8 - Glycolysis/MYC,,Meningioma,2386.0,1140,9.178541492036882
MSC6_GCGGAAAGTCATCTAG,MSC6,6,T_cell,CD8 T cells,1138,5.2,36.849,-0.0396,-0.049,Not cycling,0.7459,CD4 - Naive1,,Meningioma,2281.0,1138,13.985094256904866
MSC6_GCGGATCCATTGGATC,MSC6,6,T_cell,CD8 T cells,1910,10.396,32.5522,0.7797,1.3189,G2/M,2.1438,CD4 - Cell Cycle,CD4 - Cell Cycle,Meningioma,7073.0,1910,5.726000282765446
MSC6_GCGGATCTCTTTGCTA,MSC6,6,T_cell,CD8 T cells,1096,6.5633,37.6636,-0.1005,-0.0597,Not cycling,1.0983,CD8 - Dysfunction,,Meningioma,2331.0,1096,16.816816816816818
MSC6_GCGTGCACAGAGCCCT,MSC6,6,T_cell,CD8 T cells,1012,5.1649,36.8386,-0.0388,-0.0454,Not cycling,0.6478,CD4 - Naive1,,Meningioma,2527.0,1012,13.69212504946577
MSC6_GCGTGCACAGGACTAG,MSC6,6,T_cell,CD8 T cells,1041,6.5343,37.3021,-0.1024,0.0019,Not cycling,0.3549,CD4 - Cytotoxic,,Meningioma,1818.0,1041,8.800880088008801
MSC6_GCGTGCATCCATCTCG,MSC6,6,T_cell,CD8 T cells,683,,,,,,,,,Meningioma,1521.0,683,11.571334648257725
MSC6_GCGTTTCAGCCAGAGT,MSC6,6,T_cell,CD8 T cells,1015,6.5544,37.4651,-0.033,0.071,Not cycling,1.3712,CD8 - Cytotoxic,CD8 - Cytotoxic,Meningioma,2293.0,1015,14.522459659834277
MSC6_GCGTTTCCACTCCTGT,MSC6,6,T_cell,CD8 T cells,887,,,,,,,,,Meningioma,2050.0,887,14.878048780487806
MSC6_GCGTTTCTCGCCAGTG,MSC6,6,T_cell,CD8 T cells,1107,5.3463,36.2228,0.0101,-0.0007,Not cycling,0.6513,CD8 - Unassigned2,,Meningioma,2421.0,1107,16.1090458488228
MSC6_GCTACAAAGCATCAGG,MSC6,6,T_cell,CD8 T cells,1291,6.5101,36.6104,0.0778,-0.0562,Not cycling,1.2356,CD8 - Unassigned2,,Meningioma,3018.0,1291,12.094102054340622
MSC6_GCTACAATCCTTCGAC,MSC6,6,T_cell,CD8 T cells,2166,10.6478,32.2955,0.6519,1.6264,G2/M,2.6455,CD4 - Cell Cycle,CD4 - Cell Cycle,Meningioma,5908.0,2166,12.423832092078538
MSC6_GCTACCTAGCGCCCAT,MSC6,6,T_cell,CD8 T cells,952,,,,,,,,,Meningioma,2267.0,952,15.659461843846493
MSC6_GCTACCTGTTGCCGAC,MSC6,6,T_cell,CD8 T cells,1716,-10.6504,15.033,0.4913,1.1887,G2/M,2.0367,CD4 - Cell Cycle,CD4 - Cell Cycle,Meningioma,4130.0,1716,2.469733656174334
MSC6_GCTCAAAAGGCGACAT,MSC6,6,T_cell,CD8 T cells,1447,7.8269,36.6698,-0.0405,-0.0545,Not cycling,0.644,CD4 - Cytotoxic,,Meningioma,3446.0,1447,9.053975623911782
MSC6_GCTGAATAGGTGCATG,MSC6,6,T_cell,CD8 T cells,944,,,,,,,,,Meningioma,2319.0,944,11.254851228978008
MSC6_GCTGAATCACCGCTAG,MSC6,6,T_cell,CD8 T cells,1408,5.1872,34.7163,0.0659,0.2393,Not cycling,0.3068,CD8 - Cytotoxic,,Meningioma,3936.0,1408,17.17479674796748
MSC6_GCTGAATTCCTGTTGC,MSC6,6,T_cell,CD8 T cells,1255,5.4898,36.8888,-0.1008,0.1199,Not cycling,0.7202,CD8 - Chromatin,,Meningioma,2660.0,1255,10.18796992481203
MSC6_GCTGAATTCGCACGGT,MSC6,6,T_cell,CD8 T cells,1391,7.9325,36.4803,-0.1026,0.0084,Not cycling,1.0359,CD4 - Cytotoxic,CD4 - Cytotoxic,Meningioma,3385.0,1391,13.146233382570163
MSC6_GCTGCAGCAAATAAGC,MSC6,6,T_cell,CD8 T cells,2045,-15.1228,22.9361,-0.1195,0.0044,Not cycling,1.6299,CD4 - Treg,CD4 - Treg,Meningioma,6069.0,2045,11.632888449497447
MSC6_GCTGCAGTCAAAGACA,MSC6,6,T_cell,CD8 T cells,1964,10.6514,32.2404,0.1567,2.0525,G2/M,3.0825,CD4 - Cell Cycle,CD4 - Cell Cycle,Meningioma,5373.0,1964,7.593523171412619
MSC6_GCTGGGTCAAGCGAGT,MSC6,6,T_cell,CD8 T cells,873,,,,,,,,,Meningioma,1770.0,873,10.508474576271187
MSC6_GCTGGGTCAGCTGTGC,MSC6,6,T_cell,CD8 T cells,1100,5.7665,36.1805,-0.0353,-0.051,Not cycling,0.8422,CD8 - Interferon,,Meningioma,2402.0,1100,8.2014987510408
MSC6_GCTGGGTTCTCAACGA,MSC6,6,T_cell,CD8 T cells,949,,,,,,,,,Meningioma,2322.0,949,12.015503875968992
MSC6_GCTTGGGGTAATGTGA,MSC6,6,T_cell,CD8 T cells,1687,6.7041,36.4416,0.0431,0.0408,Not cycling,0.1643,CD8 - Heat shock,,Meningioma,4687.0,1687,8.342223170471517
MSC6_GCTTTCGGTCCCTGTT,MSC6,6,T_cell,CD8 T cells,1098,6.831,37.7906,0.0346,0.0175,Not cycling,0.7908,CD8 - Cytotoxic,,Meningioma,2220.0,1098,7.5675675675675675
MSC6_GGAACCCAGATTCGCT,MSC6,6,T_cell,CD8 T cells,831,,,,,,,,,Meningioma,1845.0,831,15.934959349593496
MSC6_GGAACCCGTAACATCC,MSC6,6,T_cell,CD8 T cells,1235,6.9338,36.9099,0.0816,0.0058,Not cycling,1.0186,CD8 - Cytotoxic,CD8 - Cytotoxic,Meningioma,2446.0,1235,11.324611610793132
MSC6_GGAACCCGTAGTCGGA,MSC6,6,T_cell,CD8 T cells,1303,7.7679,37.0752,0.0782,0.1199,Not cycling,0.8662,CD8 - Cytotoxic,,Meningioma,3080.0,1303,13.14935064935065
MSC6_GGAAGTGAGTACTCGT,MSC6,6,T_cell,CD8 T cells,2059,9.5473,33.6403,1.6353,0.5255,G1/S,1.9201,CD4 - Cell Cycle,CD4 - Cell Cycle,Meningioma,5504.0,2059,13.154069767441861
MSC6_GGAATCTAGCGTTGTT,MSC6,6,T_cell,CD8 T cells,1705,5.8611,36.5636,0.3097,0.005,Not cycling,0.6278,CD4 - Cytotoxic,,Meningioma,4416.0,1705,12.228260869565217
MSC6_GGAATCTCAACATCGT,MSC6,6,T_cell,CD8 T cells,1497,7.3969,35.9388,0.1926,0.0547,Not cycling,0.8495,CD4 - Cytotoxic,,Meningioma,3448.0,1497,12.20997679814385
MSC6_GGAATCTCACAAACGG,MSC6,6,T_cell,CD8 T cells,1186,5.4577,36.1515,0.0248,0.1165,Not cycling,1.0447,CD8 - Cytotoxic,CD8 - Cytotoxic,Meningioma,2844.0,1186,17.334739803094234
MSC6_GGAATCTCAGAGCTAG,MSC6,6,T_cell,CD8 T cells,1495,6.4092,36.7445,-0.0944,-0.0505,Not cycling,0.8643,CD8 - Cytotoxic,,Meningioma,3665.0,1495,9.46793997271487
MSC6_GGAATGGAGGCATCTT,MSC6,6,T_cell,CD8 T cells,1483,5.8164,35.5388,0.0649,-0.0196,Not cycling,0.8913,CD8 - Unassigned2,,Meningioma,4050.0,1483,6.617283950617284
MSC6_GGAATGGTCACTAGCA,MSC6,6,T_cell,CD8 T cells,1216,6.8902,36.5498,0.0201,0.0097,Not cycling,1.0954,CD8 - Unassigned2,,Meningioma,2897.0,1216,10.976872626855368
MSC6_GGAGAACAGCCTTTCC,MSC6,6,T_cell,CD8 T cells,956,,,,,,,,,Meningioma,2013.0,956,12.518628912071534
MSC6_GGAGAACGTACTGTTG,MSC6,6,T_cell,CD8 T cells,1478,5.7418,35.6908,0.0596,-0.0089,Not cycling,0.5058,CD8 - Cytotoxic,,Meningioma,3923.0,1478,10.553148100943156
MSC6_GGAGAACGTATGGGAC,MSC6,6,T_cell,CD8 T cells,1174,5.8129,36.6819,-0.0466,0.0044,Not cycling,0.5765,CD4 - Interferon,,Meningioma,2795.0,1174,7.656529516994634
MSC6_GGAGATGAGGACTAAT,MSC6,6,T_cell,CD8 T cells,1554,5.6211,34.7746,0.1599,-0.0196,Not cycling,0.3274,CD8 - Glycolysis/MYC,,Meningioma,3800.0,1554,12.052631578947368
MSC6_GGAGATGAGTAACCGG,MSC6,6,T_cell,CD8 T cells,1031,3.8257,36.2894,-0.0393,0.068,Not cycling,1.0952,CD4 - Interferon,,Meningioma,2443.0,1031,17.969709373720836
MSC6_GGAGATGAGTCGCCCA,MSC6,6,T_cell,CD8 T cells,1131,4.584,36.5985,0.0105,-0.0522,Not cycling,0.8798,CD4 - Naive1,,Meningioma,2557.0,1131,11.34141572154869
MSC6_GGAGATGGTCACTTAG,MSC6,6,T_cell,CD8 T cells,1174,5.3127,37.1829,-0.0315,0.0078,Not cycling,0.6116,CD8 - Cytotoxic,,Meningioma,2956.0,1174,10.994587280108254
MSC6_GGAGATGGTCTTCGAA,MSC6,6,T_cell,CD8 T cells,2220,9.1129,34.0723,1.1017,0.1728,G1/S,1.223,CD4 - Cell Cycle,CD4 - Cell Cycle,Meningioma,5487.0,2220,8.875523965737196
MSC6_GGAGCAAAGCATCTTG,MSC6,6,T_cell,CD8 T cells,992,,,,,,,,,Meningioma,2204.0,992,8.39382940108893
MSC6_GGAGCAAAGCTAATCC,MSC6,6,T_cell,CD8 T cells,1183,5.2477,36.8758,-0.1026,0.0099,Not cycling,0.8402,CD8 - Heat shock,,Meningioma,3033.0,1183,10.352786020441807
MSC6_GGAGCAAGTACTCGTA,MSC6,6,T_cell,CD8 T cells,1220,-14.9356,24.1108,-0.0454,0.0013,Not cycling,0.8241,CD4 - Naive1,,Meningioma,2910.0,1220,10.034364261168385
MSC6_GGAGCAATCCATCAGA,MSC6,6,T_cell,CD8 T cells,2119,10.6703,32.2706,0.5412,1.573,G2/M,2.2534,CD4 - Cell Cycle,CD4 - Cell Cycle,Meningioma,6698.0,2119,8.554792475365781
MSC6_GGAGCAATCCTGCCAT,MSC6,6,T_cell,CD8 T cells,1769,4.8629,35.4172,-0.0287,0.0426,Not cycling,0.3106,CD4 - Glycolysis/MYC,,Meningioma,5414.0,1769,3.2323605467306984
MSC6_GGAGGATAGACTTCGT,MSC6,6,T_cell,CD8 T cells,1164,7.5676,37.3527,0.0207,-0.0546,Not cycling,1.5003,CD8 - Cytotoxic,CD8 - Cytotoxic,Meningioma,2787.0,1164,15.392895586652314
MSC6_GGAGGATGTCCCGGTA,MSC6,6,T_cell,CD8 T cells,1011,4.6045,36.8747,0.0188,-0.0448,Not cycling,0.2783,CD4 - Naive2,,Meningioma,2139.0,1011,16.78354371201496
MSC6_GGAGGATTCGTAGGGA,MSC6,6,T_cell,CD8 T cells,1233,6.8184,37.6383,0.0665,0.0022,Not cycling,1.1802,CD8 - Cytotoxic,CD8 - Cytotoxic,Meningioma,2737.0,1233,16.441359152356593
MSC6_GGAGGTAAGGGTAATT,MSC6,6,T_cell,CD8 T cells,1181,6.0974,37.1017,0.0701,-0.0659,Not cycling,0.5939,CD8 - Cytotoxic,,Meningioma,2264.0,1181,11.439929328621908
MSC6_GGATCTACAAAGCTAA,MSC6,6,T_cell,CD8 T cells,2626,10.2966,32.7136,0.7107,1.0684,G2/M,2.6551,CD8 - Cell Cycle,,Meningioma,7074.0,2626,10.333616058806898
MSC6_GGATCTAGTCACTCAA,MSC6,6,T_cell,CD8 T cells,2779,10.4729,32.5319,0.7134,1.4424,G2/M,2.5556,CD4 - Cell Cycle,CD4 - Cell Cycle,Meningioma,7918.0,2779,9.598383430159132
MSC6_GGATCTAGTCGTATGT,MSC6,6,T_cell,CD8 T cells,1197,5.6883,37.0312,0.1483,0.0635,Not cycling,0.4262,CD8 - Chromatin,,Meningioma,2855.0,1197,17.33800350262697
MSC6_GGATGTTGTTTGGGAG,MSC6,6,T_cell,CD8 T cells,1365,7.4355,37.3269,-0.0384,-0.0511,Not cycling,1.2073,CD4 - Treg,CD4 - Treg,Meningioma,3059.0,1365,9.970578620464204
MSC6_GGATGTTTCTTACACT,MSC6,6,T_cell,CD8 T cells,1108,5.1949,36.7303,0.063,0.1138,Not cycling,0.6306,CD4 - Dysfunction,,Meningioma,2129.0,1108,10.192578675434476
MSC6_GGCACGTCACGGTGCT,MSC6,6,T_cell,CD8 T cells,1250,5.1509,36.6811,0.1441,0.0093,Not cycling,1.3398,CD8 - Unassigned1,,Meningioma,3315.0,1250,13.514328808446455
MSC6_GGCACGTGTGCTCGTG,MSC6,6,T_cell,CD8 T cells,1271,6.845,36.9839,0.0861,-0.0565,Not cycling,0.5403,CD8 - Cytotoxic,,Meningioma,2880.0,1271,16.38888888888889
MSC6_GGCAGTCAGCAATTCC,MSC6,6,T_cell,CD8 T cells,2057,10.7828,32.1436,0.0991,1.4432,G2/M,3.1488,CD4 - Cell Cycle,CD4 - Cell Cycle,Meningioma,5687.0,2057,7.772111834007386
MSC6_GGCAGTCCATATGAAG,MSC6,6,T_cell,CD8 T cells,1240,-15.1562,24.303,0.147,0.0654,Not cycling,1.4402,CD8 - Naive3,,Meningioma,3374.0,1240,11.855364552459989
MSC6_GGCAGTCGTCCAGTTA,MSC6,6,T_cell,CD8 T cells,699,,,,,,,,,Meningioma,1539.0,699,14.294996751137102
MSC6_GGCAGTCGTTCGAGCC,MSC6,6,T_cell,CD8 T cells,874,,,,,,,,,Meningioma,1699.0,874,17.18658034137728
MSC6_GGCAGTCTCATGAGGG,MSC6,6,T_cell,CD8 T cells,1559,4.0462,36.0546,0.0158,0.0073,Not cycling,0.3048,CD4 - Interferon,,Meningioma,4057.0,1559,15.701257086517131
MSC6_GGCGTCACAGTCGAGA,MSC6,6,T_cell,CD8 T cells,1283,5.3146,36.8877,-0.0614,0.0694,Not cycling,0.7086,CD8 - Unassigned1,,Meningioma,2757.0,1283,8.233587232499094
MSC6_GGCGTCACATCTTCGC,MSC6,6,T_cell,CD8 T cells,1193,6.5054,36.8503,0.1415,0.0095,Not cycling,0.6669,CD4 - Cytotoxic,,Meningioma,2732.0,1193,13.90922401171303
MSC6_GGCTGTGCAGGCAATG,MSC6,6,T_cell,CD8 T cells,1088,6.978,37.2575,-0.0373,0.0667,Not cycling,1.9432,CD8 - Cytotoxic,CD8 - Cytotoxic,Meningioma,2313.0,1088,10.678772157371379
MSC6_GGCTGTGGTCCTCCAT,MSC6,6,T_cell,CD8 T cells,933,,,,,,,,,Meningioma,2157.0,933,14.74269819193324
MSC6_GGCTGTGGTGAGTTGG,MSC6,6,T_cell,CD8 T cells,1328,7.2839,36.0954,-0.0301,-0.0539,Not cycling,1.4671,CD8 - Cytotoxic,CD8 - Cytotoxic,Meningioma,3168.0,1328,14.299242424242424
MSC6_GGCTTGGAGCGCATCC,MSC6,6,T_cell,CD8 T cells,947,,,,,,,,,Meningioma,2206.0,947,17.27107887579329
MSC6_GGCTTGGTCACTGTCC,MSC6,6,T_cell,CD8 T cells,927,,,,,,,,,Meningioma,2114.0,927,12.298959318826869
MSC6_GGCTTTCCAAGACCGA,MSC6,6,T_cell,CD8 T cells,1187,7.7763,36.4065,0.3229,0.2489,Not cycling,1.0189,CD8 - Cytotoxic,CD8 - Cytotoxic,Meningioma,2365.0,1187,14.249471458773785
MSC6_GGCTTTCCACGTCATA,MSC6,6,T_cell,CD8 T cells,1113,5.3872,36.0606,0.0259,-0.0458,Not cycling,0.852,CD8 - Chromatin,,Meningioma,2350.0,1113,13.148936170212766
MSC6_GGGAAGTCACTGGATT,MSC6,6,T_cell,CD8 T cells,1309,7.1527,36.7853,0.1334,0.0642,Not cycling,0.6401,CD8 - Cytotoxic,,Meningioma,2796.0,1309,6.831187410586552
MSC6_GGGACAAGTCCATAGT,MSC6,6,T_cell,CD8 T cells,2038,10.6273,32.3272,0.2795,1.8672,G2/M,3.1345,CD4 - Cell Cycle,CD4 - Cell Cycle,Meningioma,5439.0,2038,9.413495127780841
MSC6_GGGACCTCACGACAGA,MSC6,6,T_cell,CD8 T cells,1338,5.9536,37.4415,0.0722,-0.0021,Not cycling,0.4565,CD8 - Cytotoxic,,Meningioma,3294.0,1338,9.714632665452337
MSC6_GGGACCTCAGACATCT,MSC6,6,T_cell,CD8 T cells,1305,4.9852,36.9912,-0.1021,0.0052,Not cycling,0.7062,CD4 - Cytotoxic,,Meningioma,3264.0,1305,11.366421568627452
MSC6_GGGACCTCAGCATACT,MSC6,6,T_cell,CD8 T cells,1548,7.532,37.4886,0.0777,0.0607,Not cycling,0.797,CD4 - Cytotoxic,,Meningioma,3513.0,1548,9.763734699686877
MSC6_GGGACCTGTTAGGAGC,MSC6,6,T_cell,CD8 T cells,797,,,,,,,,,Meningioma,1584.0,797,13.88888888888889
MSC6_GGGACCTGTTCCCAAA,MSC6,6,T_cell,CD8 T cells,1169,7.2243,36.6096,0.0135,0.0728,Not cycling,1.1871,CD4 - Cytotoxic,CD4 - Cytotoxic,Meningioma,2894.0,1169,14.512785072563926
MSC6_GGGACCTTCCACACAA,MSC6,6,T_cell,CD8 T cells,935,,,,,,,,,Meningioma,2438.0,935,9.55701394585726
MSC6_GGGACTCCAGCGTGAA,MSC6,6,T_cell,CD8 T cells,565,,,,,,,,,Meningioma,968.0,565,13.739669421487603
MSC6_GGGACTCGTGAATGTA,MSC6,6,T_cell,CD8 T cells,1038,5.1102,37.4384,0.0268,-0.0435,Not cycling,0.2937,CD8 - Cytotoxic,,Meningioma,2292.0,1038,11.343804537521814
MSC6_GGGACTCTCACCCTGT,MSC6,6,T_cell,CD8 T cells,1568,7.8916,36.5668,0.311,-0.0761,Not cycling,1.0787,CD8 - Cytotoxic,CD8 - Cytotoxic,Meningioma,3613.0,1568,12.150567395516191
MSC6_GGGAGATCACAAGCAG,MSC6,6,T_cell,CD8 T cells,1066,6.361,37.9143,0.0209,-0.0043,Not cycling,0.8589,CD8 - Cytotoxic,,Meningioma,2492.0,1066,17.656500802568218
MSC6_GGGAGATCACCCTCTA,MSC6,6,T_cell,CD8 T cells,1380,6.5902,36.5204,0.0747,-0.001,Not cycling,0.7764,CD8 - Chromatin,,Meningioma,3135.0,1380,13.141945773524721
MSC6_GGGAGATCACTAGTAC,MSC6,6,T_cell,CD8 T cells,1144,5.5228,37.2676,-0.0977,-0.0604,Not cycling,0.6135,CD8 - Unassigned1,,Meningioma,2550.0,1144,11.843137254901961
MSC6_GGGAGATGTATCAGGG,MSC6,6,T_cell,CD8 T cells,1415,6.207,36.7063,0.387,0.1832,Not cycling,0.3418,CD4 - Dysfunction,,Meningioma,3360.0,1415,14.077380952380953
MSC6_GGGAGATGTGGTACAG,MSC6,6,T_cell,CD8 T cells,959,,,,,,,,,Meningioma,2109.0,959,12.517780938833571
MSC6_GGGAGTACAACGATCT,MSC6,6,T_cell,CD8 T cells,926,,,,,,,,,Meningioma,2238.0,926,16.577301161751564
MSC6_GGGAGTACATGAAGCG,MSC6,6,T_cell,CD8 T cells,1632,5.4359,35.1771,0.0712,0.4109,Not cycling,1.5608,CD4 - Cell Cycle,CD4 - Cell Cycle,Meningioma,4020.0,1632,6.019900497512438
MSC6_GGGAGTATCAGACCCG,MSC6,6,T_cell,CD8 T cells,1317,6.6306,37.184,0.1393,0.0076,Not cycling,0.7808,CD4 - Cytotoxic,,Meningioma,2970.0,1317,10.26936026936027
MSC6_GGGATCCCACAAAGTA,MSC6,6,T_cell,CD8 T cells,1208,6.0441,37.0855,-0.1035,0.0692,Not cycling,0.6902,CD8 - Heat shock,,Meningioma,2806.0,1208,17.89023521026372
MSC6_GGGATCCCAGTGTGCC,MSC6,6,T_cell,CD8 T cells,1466,6.9997,37.3897,0.1464,0.0114,Not cycling,1.0074,CD4 - Cytotoxic,CD4 - Cytotoxic,Meningioma,3447.0,1466,9.631563678561067
MSC6_GGGATCCGTATACGGG,MSC6,6,T_cell,CD8 T cells,937,,,,,,,,,Meningioma,1993.0,937,9.131961866532865
MSC6_GGGATCCTCACCCTCA,MSC6,6,T_cell,CD8 T cells,910,,,,,,,,,Meningioma,2039.0,910,10.887690044139283
MSC6_GGGCCATAGCACTCTA,MSC6,6,T_cell,CD8 T cells,1206,6.0409,37.1382,0.0181,0.1188,Not cycling,0.9751,CD8 - Cytotoxic,,Meningioma,2641.0,1206,12.268080272624006
MSC6_GGGCCATAGCCTGTCG,MSC6,6,T_cell,CD8 T cells,1172,5.9486,36.8937,-0.1058,-0.0012,Not cycling,0.5437,CD8 - Chromatin,,Meningioma,2716.0,1172,13.65979381443299
MSC6_GGGCGTTAGCCGAACA,MSC6,6,T_cell,CD8 T cells,1166,4.7624,35.5208,-0.0708,0.1139,Not cycling,0.1018,CD8 - Glycolysis/MYC,,Meningioma,2880.0,1166,8.784722222222221
MSC6_GGGCGTTAGCGTGTTT,MSC6,6,T_cell,CD8 T cells,1518,7.6367,36.5547,-0.0432,-0.0584,Not cycling,0.3683,CD4 - Naive2,,Meningioma,3543.0,1518,12.221281399943551
MSC6_GGGCGTTCACCTGCGA,MSC6,6,T_cell,CD8 T cells,1097,6.4423,37.1844,-0.1152,0.0642,Not cycling,0.1675,CD8 - Unassigned2,,Meningioma,2275.0,1097,14.461538461538462
MSC6_GGGCGTTGTGAATATG,MSC6,6,T_cell,CD8 T cells,1067,4.803,36.2601,0.0066,0.1195,Not cycling,0.5109,CD8 - Naive2,,Meningioma,2496.0,1067,12.379807692307692
MSC6_GGGCGTTGTGATGTAA,MSC6,6,T_cell,CD8 T cells,1141,4.6837,36.5716,0.0566,0.0546,Not cycling,0.7897,CD4 - Cell Cycle,,Meningioma,2356.0,1141,14.643463497453311
MSC6_GGGCGTTGTGTACAGG,MSC6,6,T_cell,CD8 T cells,1109,4.1229,36.0541,0.442,-0.0563,Not cycling,0.752,CD8 - Unassigned2,,Meningioma,2549.0,1109,13.927030207924677
MSC6_GGGCTACAGGAGAGGC,MSC6,6,T_cell,CD8 T cells,1003,5.4987,37.0469,-0.0336,0.0098,Not cycling,0.3384,CD8 - Dysfunction,,Meningioma,2192.0,1003,15.10036496350365
MSC6_GGGCTACCAACCACGC,MSC6,6,T_cell,CD8 T cells,1266,7.01,36.9332,-0.0959,0.0759,Not cycling,1.164,CD8 - Cytotoxic,CD8 - Cytotoxic,Meningioma,2844.0,1266,6.3642756680731365
MSC6_GGGCTACTCTCATGGA,MSC6,6,T_cell,CD8 T cells,2040,6.9493,36.3243,0.1319,0.0651,Not cycling,1.0979,CD4 - Stress/HSP,,Meningioma,5413.0,2040,7.371143543321633
MSC6_GGGCTCACAACTTGGT,MSC6,6,T_cell,CD8 T cells,1142,7.1583,37.467,-0.027,-0.056,Not cycling,0.4874,CD8 - Cytotoxic,,Meningioma,2598.0,1142,10.508083140877599
MSC6_GGGCTCACAGCGACAA,MSC6,6,T_cell,CD8 T cells,1043,-10.038,14.3319,-0.074,0.4197,Not cycling,1.0069,CD4 - Cell Cycle,CD4 - Cell Cycle,Meningioma,1857.0,1043,5.815831987075929
MSC6_GGGCTCACAGGCCCTA,MSC6,6,T_cell,CD8 T cells,990,,,,,,,,,Meningioma,2178.0,990,9.917355371900827
MSC6_GGGCTCAGTAACATCC,MSC6,6,T_cell,CD8 T cells,1121,4.9091,36.7098,-0.0467,0.1255,Not cycling,1.142,CD8 - Cytotoxic,CD8 - Cytotoxic,Meningioma,2433.0,1121,10.727496917385944
MSC6_GGGCTCAGTCCAGCGT,MSC6,6,T_cell,CD8 T cells,2239,10.7304,32.2171,0.0932,1.6846,G2/M,2.7944,CD4 - Cell Cycle,CD4 - Cell Cycle,Meningioma,6493.0,2239,10.288002464192207
MSC6_GGGTAGAAGAGTCAGC,MSC6,6,T_cell,CD8 T cells,1813,8.1502,34.7212,0.0263,0.7708,G2/M,1.3265,CD4 - Cell Cycle,CD4 - Cell Cycle,Meningioma,4690.0,1813,11.83368869936034
MSC6_GGGTAGAAGGAGTACC,MSC6,6,T_cell,CD8 T cells,1150,6.8481,37.7527,0.0272,0.0186,Not cycling,1.3326,CD8 - Heat shock,,Meningioma,2455.0,1150,15.315682281059063
MSC6_GGGTAGACAAGGACAC,MSC6,6,T_cell,CD8 T cells,887,,,,,,,,,Meningioma,1838.0,887,12.35038084874864
MSC6_GGGTAGACATATCTGG,MSC6,6,T_cell,CD8 T cells,1113,5.5394,36.8598,-0.1077,-0.0038,Not cycling,0.5034,CD8 - Cytotoxic,,Meningioma,2456.0,1113,14.780130293159608
MSC6_GGGTAGAGTGGTTCTA,MSC6,6,T_cell,CD8 T cells,2295,9.7716,33.3266,1.4914,1.0022,Intermediate,2.7199,CD4 - Cell Cycle,CD4 - Cell Cycle,Meningioma,5997.0,2295,9.421377355344339
MSC6_GGGTAGATCTGTTGGA,MSC6,6,T_cell,CD8 T cells,1243,6.537,37.2426,-0.1085,0.0037,Not cycling,0.4108,CD8 - Cytotoxic,,Meningioma,2583.0,1243,12.311265969802555
MSC6_GGGTATTGTCCGTACG,MSC6,6,T_cell,CD8 T cells,2245,10.6929,32.1892,-0.1019,2.2325,G2/M,2.3734,CD4 - Cell Cycle,CD4 - Cell Cycle,Meningioma,6489.0,2245,7.44336569579288
MSC6_GGGTATTTCGGTGAAG,MSC6,6,T_cell,CD8 T cells,1100,4.8891,36.8013,-0.026,-0.039,Not cycling,0.5592,CD4 - Naive2,,Meningioma,2549.0,1100,12.78932914868576
MSC6_GGGTCACAGAGTCTTC,MSC6,6,T_cell,CD8 T cells,1303,7.2495,36.9996,0.0154,0.0665,Not cycling,1.1046,CD8 - Cytotoxic,CD8 - Cytotoxic,Meningioma,3441.0,1303,11.362975879104912
MSC6_GGGTCACAGCTAAACA,MSC6,6,T_cell,CD8 T cells,1162,6.6044,37.6211,-0.0477,-0.0574,Not cycling,0.5969,CD4 - Cytotoxic,,Meningioma,2531.0,1162,12.3271434215725
MSC6_GGGTCACAGGTACATA,MSC6,6,T_cell,CD8 T cells,978,,,,,,,,,Meningioma,2132.0,978,11.538461538461538
MSC6_GGGTCACAGTTGAAGT,MSC6,6,T_cell,CD8 T cells,816,,,,,,,,,Meningioma,1561.0,816,14.093529788597053
MSC6_GGGTCACCAGGTTTAC,MSC6,6,T_cell,CD8 T cells,915,,,,,,,,,Meningioma,2022.0,915,16.023738872403563
MSC6_GGGTCACGTGCCTATA,MSC6,6,T_cell,CD8 T cells,985,,,,,,,,,Meningioma,1984.0,985,9.778225806451612
MSC6_GGGTCACTCTTTGCAT,MSC6,6,T_cell,CD8 T cells,856,,,,,,,,,Meningioma,1862.0,856,13.211600429645543
MSC6_GGGTCTGAGCTGGCTC,MSC6,6,T_cell,CD8 T cells,1075,7.1487,36.6603,0.0809,-0.0541,Not cycling,1.5089,CD4 - Cytotoxic,CD4 - Cytotoxic,Meningioma,2485.0,1075,11.227364185110664
MSC6_GGGTCTGCACGACAAG,MSC6,6,T_cell,CD8 T cells,941,,,,,,,,,Meningioma,2095.0,941,13.890214797136037
MSC6_GGGTCTGGTAACTGCT,MSC6,6,T_cell,CD8 T cells,1289,4.5359,36.2954,0.0132,0.0013,Not cycling,2.7657,CD8 - Interferon,,Meningioma,3061.0,1289,11.95687683763476
MSC6_GGGTGTCAGCTCAGAG,MSC6,6,T_cell,CD8 T cells,1038,6.0603,37.1852,-0.0339,0.0613,Not cycling,0.4778,CD4 - Interferon,,Meningioma,2351.0,1038,11.229264142917907
MSC6_GGGTGTCTCTCTGCCA,MSC6,6,T_cell,CD8 T cells,1073,6.9939,37.7272,0.0232,0.0624,Not cycling,1.1864,CD8 - Heat shock,,Meningioma,2484.0,1073,16.988727858293075
MSC6_GGGTGTCTCTGAGTCA,MSC6,6,T_cell,CD8 T cells,1163,6.6935,36.4416,0.0242,0.0015,Not cycling,0.3649,CD4 - Treg,,Meningioma,2521.0,1163,11.582705275684253
MSC6_GGGTTATCAATTGGTC,MSC6,6,T_cell,CD8 T cells,1280,7.3801,36.2584,-0.042,0.0057,Not cycling,0.9416,CD4 - Cytotoxic,,Meningioma,2938.0,1280,13.921034717494894
MSC6_GGGTTATCATGCGTGC,MSC6,6,T_cell,CD8 T cells,1074,5.3881,37.4156,-0.0943,-0.0464,Not cycling,0.0801,CD8 - Cytotoxic,,Meningioma,2615.0,1074,17.246653919694072
MSC6_GGGTTATGTGCCGGTT,MSC6,6,T_cell,CD8 T cells,928,,,,,,,,,Meningioma,2164.0,928,17.282809611829943
MSC6_GGGTTATTCACGTAGT,MSC6,6,T_cell,CD8 T cells,953,,,,,,,,,Meningioma,2113.0,953,16.090866067203027
MSC6_GGGTTTAAGTCCTACA,MSC6,6,T_cell,CD8 T cells,1215,7.2197,37.0177,-0.0352,0.0673,Not cycling,1.202,CD8 - Cytotoxic,CD8 - Cytotoxic,Meningioma,2821.0,1215,15.774548032612548
MSC6_GGGTTTACAAGACGAC,MSC6,6,T_cell,CD8 T cells,1328,5.1286,34.992,0.0717,0.1147,Not cycling,0.3948,CD8 - Unassigned2,,Meningioma,3850.0,1328,18.155844155844157
MSC6_GGTAACTGTATGTGTC,MSC6,6,T_cell,CD8 T cells,1381,7.7618,36.855,-0.1251,0.0545,Not cycling,0.7899,CD8 - Glycolysis/MYC,,Meningioma,3037.0,1381,14.191636483371749
MSC6_GGTAACTTCCACAGGC,MSC6,6,T_cell,CD8 T cells,1003,7.028,36.473,-0.04,0.0006,Not cycling,1.2158,CD8 - Cytotoxic,CD8 - Cytotoxic,Meningioma,2144.0,1003,18.42350746268657
MSC6_GGTAACTTCGAGAATA,MSC6,6,T_cell,CD8 T cells,1012,7.3063,37.5653,0.0286,-0.0455,Not cycling,0.9918,CD8 - Cytotoxic,,Meningioma,2495.0,1012,15.991983967935871
MSC6_GGTAATCAGCACCAGA,MSC6,6,T_cell,CD8 T cells,1007,6.222,37.6806,0.0931,-0.0571,Not cycling,0.4056,CD8 - Heat shock,,Meningioma,2119.0,1007,11.373289287399716
MSC6_GGTAATCGTAGCTTGT,MSC6,6,T_cell,CD8 T cells,1353,7.6387,36.9169,-0.1075,0.1229,Not cycling,0.7965,CD8 - Cytotoxic,,Meningioma,3077.0,1353,11.634709132271693
MSC6_GGTAGAGTCAATCCAG,MSC6,6,T_cell,CD8 T cells,1184,4.4913,36.8092,-0.1031,0.0118,Not cycling,0.9244,CD4 - Naive1,,Meningioma,2856.0,1184,12.85014005602241
MSC6_GGTCACGTCCGTCACT,MSC6,6,T_cell,CD8 T cells,1617,7.9382,35.6571,0.0829,0.1231,Not cycling,0.6297,CD8 - Cytotoxic,,Meningioma,3779.0,1617,11.219899444297432
MSC6_GGTCACGTCTGTGTGA,MSC6,6,T_cell,CD8 T cells,971,,,,,,,,,Meningioma,2195.0,971,12.300683371298405
MSC6_GGTCTGGAGACGTCCC,MSC6,6,T_cell,CD8 T cells,1113,6.6792,37.3027,0.0862,-0.0532,Not cycling,0.8527,CD8 - Cytotoxic,,Meningioma,2402.0,1113,10.532889258950874
MSC6_GGTCTGGCAAGGAGTC,MSC6,6,T_cell,CD8 T cells,1040,6.2865,37.2981,0.0139,0.0118,Not cycling,0.9567,CD8 - Cytotoxic,,Meningioma,2070.0,1040,13.526570048309178
MSC6_GGTCTGGCATCCTTCG,MSC6,6,T_cell,CD8 T cells,1130,5.0004,36.6058,0.072,-0.0532,Not cycling,0.3797,CD8 - Unassigned2,,Meningioma,2373.0,1130,14.707121786767804
MSC6_GGTCTGGTCGATTTCT,MSC6,6,T_cell,CD8 T cells,1082,5.6664,37.2887,0.0172,0.0099,Not cycling,1.0602,CD4 - Naive1,CD4 - Naive1,Meningioma,2306.0,1082,12.402428447528187
MSC6_GGTGAAGGTGATACTC,MSC6,6,T_cell,CD8 T cells,1414,5.2186,35.4065,0.4277,-0.0119,Not cycling,1.0639,CD4 - Cytotoxic,CD4 - Cytotoxic,Meningioma,5777.0,1414,6.9586290462177605
MSC6_GGTGAAGTCAGAATAG,MSC6,6,T_cell,CD8 T cells,1061,7.1609,37.3729,0.0254,0.0743,Not cycling,0.8413,CD4 - Cytotoxic,,Meningioma,2254.0,1061,10.603371783496007
MSC6_GGTGATTAGGATACGC,MSC6,6,T_cell,CD8 T cells,1019,4.6746,36.6577,-0.0392,-0.0485,Not cycling,0.231,CD4 - Naive2,,Meningioma,2618.0,1019,15.73720397249809
MSC6_GGTGATTGTAGTTACC,MSC6,6,T_cell,CD8 T cells,1379,5.2704,34.747,-0.0743,0.3415,Not cycling,0.6817,CD8 - Unassigned2,,Meningioma,3476.0,1379,17.174913693901036
MSC6_GGTGGCTGTTCGAGCC,MSC6,6,T_cell,CD8 T cells,1352,7.284,36.9646,0.0293,-0.0534,Not cycling,1.1156,CD8 - Cytotoxic,CD8 - Cytotoxic,Meningioma,2963.0,1352,11.10361120485994
MSC6_GGTGTCGGTTAAGAAC,MSC6,6,T_cell,CD8 T cells,778,,,,,,,,,Meningioma,1515.0,778,10.165016501650165
MSC6_GGTGTCGTCCATCTGC,MSC6,6,T_cell,CD8 T cells,1881,9.8585,33.2287,1.1447,0.7518,G1/S,2.6164,CD8 - Cell Cycle,,Meningioma,4931.0,1881,9.186777529912797
MSC6_GGTTAACAGACTAAGT,MSC6,6,T_cell,CD8 T cells,902,,,,,,,,,Meningioma,1726.0,902,8.632676709154113
MSC6_GGTTAACAGCATACTC,MSC6,6,T_cell,CD8 T cells,1265,5.8515,36.46,0.0646,0.0007,Not cycling,0.5417,CD8 - Cytotoxic,,Meningioma,2980.0,1265,9.194630872483222
MSC6_GGTTAACAGTTCCTGA,MSC6,6,T_cell,CD8 T cells,2200,6.1666,35.5167,-0.2173,-0.1415,Not cycling,0.8069,CD8 - Chromatin,,Meningioma,5351.0,2200,15.940945617641562
MSC6_GGTTAACCAGAACCGA,MSC6,6,T_cell,CD8 T cells,1203,7.6355,36.3452,0.2074,0.1377,Not cycling,0.8334,CD8 - Cytotoxic,,Meningioma,2429.0,1203,11.445039110745162
MSC6_GGTTCTCGTATGTGTC,MSC6,6,T_cell,CD8 T cells,1541,10.4209,32.7479,0.3542,0.9575,G2/M,2.2968,CD8 - Cell Cycle,,Meningioma,3631.0,1541,14.073258055632058
MSC6_GGTTGTAAGTGGACTG,MSC6,6,T_cell,CD8 T cells,1348,5.5387,35.6107,0.0689,0.1889,Not cycling,0.5,CD8 - Unassigned2,,Meningioma,3049.0,1348,11.216792390947852
MSC6_GGTTGTACACAAGTGG,MSC6,6,T_cell,CD8 T cells,1302,7.0055,36.2905,0.0724,0.0497,Not cycling,0.5553,CD8 - Cytotoxic,,Meningioma,2875.0,1302,14.921739130434782
MSC6_GGTTGTATCAAGTCTG,MSC6,6,T_cell,CD8 T cells,1029,5.3672,36.6395,-0.0292,0.0683,Not cycling,0.4214,CD8 - Chromatin,,Meningioma,2648.0,1029,10.045317220543806
MSC6_GTAACACAGCCTCCAG,MSC6,6,T_cell,CD8 T cells,542,,,,,,,,,Meningioma,942.0,542,9.978768577494693
MSC6_GTAACACCACCTCTGT,MSC6,6,T_cell,CD8 T cells,587,,,,,,,,,Meningioma,1019.0,587,8.832188420019627
MSC6_GTAACACCATGCCGGT,MSC6,6,T_cell,CD8 T cells,1124,4.9695,35.2256,0.0482,-0.026,Not cycling,0.2186,CD4 - Naive2,,Meningioma,2997.0,1124,17.58425091758425
MSC6_GTAACACTCCAAGAGG,MSC6,6,T_cell,CD8 T cells,976,,,,,,,,,Meningioma,2523.0,976,18.430439952437574
MSC6_GTAACACTCGATTGAC,MSC6,6,T_cell,CD8 T cells,915,,,,,,,,,Meningioma,2037.0,915,11.045655375552283
MSC6_GTAACACTCGTTCATT,MSC6,6,T_cell,CD8 T cells,2906,6.5238,35.3775,0.3191,0.1921,Not cycling,0.2046,CD4 - Cell Cycle,,Meningioma,9267.0,2906,4.348764432934067
MSC6_GTAACCAGTCAACGCC,MSC6,6,T_cell,CD8 T cells,1211,6.6029,37.1902,-0.1004,0.0666,Not cycling,0.6235,CD8 - Chromatin,,Meningioma,2838.0,1211,17.47709654686399
MSC6_GTAACCAGTTCGAAGG,MSC6,6,T_cell,CD8 T cells,998,,,,,,,,,Meningioma,2194.0,998,11.759343664539653
MSC6_GTAACCATCGAGAGAC,MSC6,6,T_cell,CD8 T cells,1298,6.7114,36.1982,0.0839,0.1342,Not cycling,0.6201,CD4 - Cytotoxic,,Meningioma,3207.0,1298,10.757717492984098
MSC6_GTAAGTCAGCACGATG,MSC6,6,T_cell,CD8 T cells,1043,6.6169,36.5116,-0.0455,0.0622,Not cycling,0.9175,CD8 - Cytotoxic,,Meningioma,2269.0,1043,12.516527104451301
MSC6_GTAAGTCAGCCTAGGA,MSC6,6,T_cell,CD8 T cells,1121,6.0571,37.2859,-0.0411,0.0656,Not cycling,1.0132,CD4 - Cytotoxic,CD4 - Cytotoxic,Meningioma,2338.0,1121,11.334473909324208
MSC6_GTAAGTCAGTGCAGCA,MSC6,6,T_cell,CD8 T cells,636,,,,,,,,,Meningioma,1205.0,636,16.348547717842322
MSC6_GTAAGTCCATGGAATA,MSC6,6,T_cell,CD8 T cells,1176,7.2968,36.1761,-0.0337,-0.0455,Not cycling,0.5011,CD8 - Heat shock,,Meningioma,2446.0,1176,10.7113654946852
MSC6_GTAATCGAGTTAGTAG,MSC6,6,T_cell,CD8 T cells,1359,4.9004,36.1392,-0.1194,-0.0053,Not cycling,1.0861,CD4 - Cytotoxic,CD4 - Cytotoxic,Meningioma,4109.0,1359,17.644195668045754
MSC6_GTAATGCAGCGTGTTT,MSC6,6,T_cell,CD8 T cells,979,,,,,,,,,Meningioma,2283.0,979,10.73149364870784
MSC6_GTACAACCAAACACGG,MSC6,6,T_cell,CD8 T cells,1017,7.4813,37.3148,-0.0965,0.129,Not cycling,1.2783,CD4 - Cytotoxic,CD4 - Cytotoxic,Meningioma,1973.0,1017,9.57932083122149
MSC6_GTACAACCAGGACTTT,MSC6,6,T_cell,CD8 T cells,1846,6.8859,36.5259,0.0278,0.0709,Not cycling,1.2356,CD8 - Cytotoxic,CD8 - Cytotoxic,Meningioma,5086.0,1846,9.575304758159653
MSC6_GTACAACGTGACCGAA,MSC6,6,T_cell,CD8 T cells,1274,6.8382,36.2473,0.1249,0.055,Not cycling,0.8377,CD8 - Unassigned2,,Meningioma,2840.0,1274,6.302816901408451
MSC6_GTACAACGTTCAAGGG,MSC6,6,T_cell,CD8 T cells,854,,,,,,,,,Meningioma,1862.0,854,19.763694951664878
MSC6_GTACAACTCATCACAG,MSC6,6,T_cell,CD8 T cells,1064,6.9263,36.8802,-0.1054,-0.0425,Not cycling,1.2877,CD4 - Cytotoxic,CD4 - Cytotoxic,Meningioma,2201.0,1064,15.58382553384825
MSC6_GTACAACTCTCGCTTG,MSC6,6,T_cell,CD8 T cells,1456,9.3318,33.82,0.6139,0.2381,Not cycling,1.3338,CD4 - Cell Cycle,CD4 - Cell Cycle,Meningioma,3202.0,1456,10.618363522798251
MSC6_GTACAACTCTGGTGCG,MSC6,6,T_cell,CD8 T cells,1096,4.5425,36.5949,0.032,-0.0509,Not cycling,0.3202,CD8 - Unassigned1,,Meningioma,2584.0,1096,9.01702786377709
MSC6_GTACAACTCTTGGATG,MSC6,6,T_cell,CD8 T cells,963,,,,,,,,,Meningioma,2273.0,962,15.442146942366916
MSC6_GTACAGTAGCACTTTG,MSC6,6,T_cell,CD8 T cells,1406,5.7491,37.3384,-0.0346,0.0616,Not cycling,0.9164,CD8 - Cytotoxic,,Meningioma,3441.0,1406,12.583551293228712
MSC6_GTACAGTAGGTGCTGA,MSC6,6,T_cell,CD8 T cells,1038,4.671,36.4421,0.0165,0.0042,Not cycling,1.2021,CD4 - Naive1,CD4 - Naive1,Meningioma,2168.0,1038,12.592250922509225
MSC6_GTACAGTCACATTCTT,MSC6,6,T_cell,CD8 T cells,999,,,,,,,,,Meningioma,2179.0,999,11.38136759981643
MSC6_GTACAGTTCCAAACCA,MSC6,6,T_cell,CD8 T cells,794,,,,,,,,,Meningioma,1799.0,794,16.731517509727627
MSC6_GTAGAAAAGGCATTTC,MSC6,6,T_cell,CD8 T cells,1167,4.8107,36.5346,0.0109,0.0567,Not cycling,0.8643,CD4 - Naive1,,Meningioma,2633.0,1167,11.621724268894797
MSC6_GTAGAAAAGTCAGGGT,MSC6,6,T_cell,CD8 T cells,1513,5.3867,35.2205,0.1184,0.1048,Not cycling,0.6782,CD8 - Cytotoxic,,Meningioma,3731.0,1513,7.02224604663629
MSC6_GTAGAAAAGTTGTCAC,MSC6,6,T_cell,CD8 T cells,1201,6.7925,36.8191,-0.0931,0.0127,Not cycling,1.0987,CD8 - Cytotoxic,CD8 - Cytotoxic,Meningioma,2792.0,1201,13.789398280802292
MSC6_GTAGAAAGTTCGGCTG,MSC6,6,T_cell,CD8 T cells,1337,5.2785,35.2639,0.1944,0.056,Not cycling,0.8984,CD8 - Cytotoxic,,Meningioma,3269.0,1337,17.89538085041297
MSC6_GTAGATCAGGCCTGAA,MSC6,6,T_cell,CD8 T cells,1227,5.563,36.5908,0.0087,-0.0613,Not cycling,0.8297,CD4 - Cytotoxic,,Meningioma,2601.0,1227,11.534025374855824
MSC6_GTAGATCGTAGAATAC,MSC6,6,T_cell,CD8 T cells,1132,7.4209,36.0347,0.144,-0.0551,Not cycling,0.7744,CD8 - Cytotoxic,,Meningioma,2004.0,1132,9.031936127744512
MSC6_GTAGGTTCAAAGGGCT,MSC6,6,T_cell,CD8 T cells,1301,7.1981,37.518,0.1296,-0.0701,Not cycling,0.5879,CD8 - Cytotoxic,,Meningioma,3193.0,1301,11.212026307547761
MSC6_GTAGGTTCAAGTATCC,MSC6,6,T_cell,CD8 T cells,1274,7.4713,37.2024,0.0143,0.0608,Not cycling,0.5634,CD4 - Cytotoxic,,Meningioma,2751.0,1274,8.833151581243184
MSC6_GTAGGTTCACAGCATT,MSC6,6,T_cell,CD8 T cells,2319,10.3043,32.6194,1.192,1.6802,Intermediate,3.2632,CD4 - Cell Cycle,CD4 - Cell Cycle,Meningioma,6360.0,2319,11.965408805031446
MSC6_GTAGGTTCACTGCACG,MSC6,6,T_cell,CD8 T cells,1043,6.1224,36.7897,0.088,-0.0556,Not cycling,1.0601,CD8 - Cytotoxic,CD8 - Cytotoxic,Meningioma,2255.0,1043,12.9490022172949
MSC6_GTAGGTTGTCAGACGA,MSC6,6,T_cell,CD8 T cells,1209,7.2274,37.6893,0.0218,0.0653,Not cycling,0.4132,CD8 - Heat shock,,Meningioma,2836.0,1209,16.22002820874471
MSC6_GTAGTACAGTACAACA,MSC6,6,T_cell,CD8 T cells,2544,9.5078,33.6575,1.2054,0.57,G1/S,1.1999,CD4 - Cell Cycle,CD4 - Cell Cycle,Meningioma,7297.0,2544,10.881184048239003
MSC6_GTAGTACCAATTTCGG,MSC6,6,T_cell,CD8 T cells,1489,3.8433,35.9985,0.0095,-0.0662,Not cycling,0.5626,CD8 - Unassigned2,,Meningioma,3697.0,1489,10.359751149580742
MSC6_GTAGTACTCCCACAGG,MSC6,6,T_cell,CD8 T cells,1986,10.8303,32.0896,0.4035,1.5008,G2/M,2.8466,CD4 - Cell Cycle,CD4 - Cell Cycle,Meningioma,5887.0,1986,10.90538474605062
MSC6_GTAGTACTCCCGGTAG,MSC6,6,T_cell,CD8 T cells,1129,5.8524,37.4507,-0.0341,-0.0496,Not cycling,0.8756,CD8 - Memory/Naive1,,Meningioma,2726.0,1129,14.306676449009538
MSC6_GTATTGGCAGAACTTC,MSC6,6,T_cell,CD8 T cells,1447,5.7184,35.6862,0.0032,-0.0662,Not cycling,0.4887,CD4 - Cytotoxic,,Meningioma,3076.0,1447,9.850455136540962
MSC6_GTATTGGCATGACTTG,MSC6,6,T_cell,CD8 T cells,1130,5.9406,37.4332,-0.0798,-0.0455,Not cycling,0.9137,CD8 - Cytotoxic,,Meningioma,2480.0,1130,10.92741935483871
MSC6_GTATTGGTCTCTGACC,MSC6,6,T_cell,CD8 T cells,1031,4.6473,36.8176,-0.0527,0.1809,Not cycling,1.0031,CD4 - Cytotoxic,CD4 - Cytotoxic,Meningioma,2414.0,1031,14.291632145816074
MSC6_GTATTTCAGCAGTAAT,MSC6,6,T_cell,CD8 T cells,1087,4.9517,36.7671,0.024,0.0067,Not cycling,0.7599,CD4 - Cytotoxic,,Meningioma,2452.0,1087,13.70309951060359
MSC6_GTATTTCAGCCTCAGC,MSC6,6,T_cell,CD8 T cells,1112,5.7533,37.2446,0.0201,0.0081,Not cycling,0.6448,CD8 - Cytotoxic,,Meningioma,2528.0,1112,17.128164556962027
MSC6_GTATTTCTCGTGGGAA,MSC6,6,T_cell,CD8 T cells,1390,6.7188,37.6281,0.0753,0.0626,Not cycling,0.7762,CD8 - Cytotoxic,,Meningioma,3435.0,1390,11.295487627365357
MSC6_GTCAAACAGACCAAAT,MSC6,6,T_cell,CD8 T cells,1704,6.3171,35.9783,-0.0604,-0.0653,Not cycling,1.6332,CD4 - Cytotoxic,CD4 - Cytotoxic,Meningioma,4730.0,1704,12.029598308668076
MSC6_GTCAAGTGTGAGTGAC,MSC6,6,T_cell,CD8 T cells,1217,7.6688,36.7836,0.0233,-0.0569,Not cycling,1.1777,CD8 - Cytotoxic,CD8 - Cytotoxic,Meningioma,2762.0,1217,11.223750905141202
MSC6_GTCACGGAGGGAGAAT,MSC6,6,T_cell,CD8 T cells,1505,9.2756,33.9846,1.0994,0.1123,G1/S,1.8071,CD8 - Cell Cycle,,Meningioma,3347.0,1505,11.233940842545563
MSC6_GTCACGGGTCTACGTA,MSC6,6,T_cell,CD8 T cells,1300,7.0168,37.5378,-0.1119,0.1184,Not cycling,0.2155,CD4 - Naive2,,Meningioma,2724.0,1300,8.333333333333334
MSC6_GTCACGGGTGTTCAGT,MSC6,6,T_cell,CD8 T cells,1472,7.7936,35.5724,0.3777,0.2381,Not cycling,1.0415,CD8 - Unassigned2,,Meningioma,3211.0,1472,9.31174089068826
MSC6_GTCACTCCACGCAAAG,MSC6,6,T_cell,CD8 T cells,2062,6.1049,35.5123,0.196,0.1853,Not cycling,1.2212,CD8 - Dysfunction,,Meningioma,5347.0,2062,7.536936599962596
MSC6_GTCACTCCAGGAGGAG,MSC6,6,T_cell,CD8 T cells,833,,,,,,,,,Meningioma,1573.0,833,14.748887476160203
MSC6_GTCACTCGTAAGCAAT,MSC6,6,T_cell,CD8 T cells,1616,5.3235,34.6902,0.4782,0.1078,Not cycling,0.795,CD4 - Glycolysis/MYC,,Meningioma,4262.0,1616,10.980760206475832
MSC6_GTCAGCGGTAGCGCTC,MSC6,6,T_cell,CD8 T cells,1100,7.3146,37.3125,-0.0972,0.0155,Not cycling,0.7033,CD4 - Dysfunction,,Meningioma,2402.0,1100,16.069941715237302
MSC6_GTCAGCGGTCCACATA,MSC6,6,T_cell,CD8 T cells,1283,7.1578,37.2122,-0.0394,0.1369,Not cycling,0.9159,CD8 - Cytotoxic,,Meningioma,2783.0,1283,11.821775062881782
MSC6_GTCAGCGTCTTACGTT,MSC6,6,T_cell,CD8 T cells,745,,,,,,,,,Meningioma,1405.0,745,9.11032028469751
MSC6_GTCATGAGTAGAGCTG,MSC6,6,T_cell,CD8 T cells,918,,,,,,,,,Meningioma,2043.0,918,13.46059716103769
MSC6_GTCATTTGTTATCTTC,MSC6,6,T_cell,CD8 T cells,1416,5.9112,36.7838,0.1354,0.0052,Not cycling,0.7216,CD4 - Stress/HSP,,Meningioma,2682.0,1416,10.924683072334078
MSC6_GTCATTTTCTTGGCTC,MSC6,6,T_cell,CD8 T cells,1027,5.5011,36.3667,0.0012,-0.0003,Not cycling,0.8134,CD4 - Cytotoxic,,Meningioma,2252.0,1027,12.211367673179396
MSC6_GTCCACTCAGAATCGG,MSC6,6,T_cell,CD8 T cells,1219,6.3676,36.5923,0.1403,-0.0031,Not cycling,0.4328,CD8 - Naive2,,Meningioma,2726.0,1219,16.617754952311078
MSC6_GTCCACTGTGCACGCT,MSC6,6,T_cell,CD8 T cells,1195,6.5316,36.3882,-0.0275,0.0108,Not cycling,1.2406,CD8 - Cytotoxic,CD8 - Cytotoxic,Meningioma,2912.0,1195,12.5
MSC6_GTCCCATAGGAGCAAA,MSC6,6,T_cell,CD8 T cells,866,,,,,,,,,Meningioma,1777.0,866,13.843556555993247
MSC6_GTCCCATAGTACGAGC,MSC6,6,T_cell,CD8 T cells,1044,5.2151,37.0975,-0.0322,0.0051,Not cycling,0.4531,CD4 - Cytotoxic,,Meningioma,2632.0,1044,14.133738601823708
MSC6_GTCCCATCAAGGATGC,MSC6,6,T_cell,CD8 T cells,1663,9.1334,34.1326,0.4976,0.06,Not cycling,0.8031,CD8 - Glycolysis/MYC,,Meningioma,4280.0,1663,11.869158878504672
MSC6_GTCCCATCACGGCCAT,MSC6,6,T_cell,CD8 T cells,1122,6.0196,37.3647,0.0139,0.1261,Not cycling,0.8982,CD4 - Naive1,,Meningioma,2584.0,1122,16.524767801857585
MSC6_GTCCCATCAGTTGAAA,MSC6,6,T_cell,CD8 T cells,1702,9.5321,33.6341,1.0386,0.35,G1/S,1.843,CD8 - Cell Cycle,,Meningioma,4238.0,1702,11.27890514393582
MSC6_GTCCCATGTAGGCAAC,MSC6,6,T_cell,CD8 T cells,1000,6.1019,36.9335,-0.0255,0.0119,Not cycling,1.0543,CD4 - Cytotoxic,CD4 - Cytotoxic,Meningioma,2164.0,1000,15.434380776340111
MSC6_GTCCCATTCCGTATAG,MSC6,6,T_cell,CD8 T cells,1292,6.2666,36.2595,0.0838,0.1896,Not cycling,1.1005,CD4 - Cytotoxic,CD4 - Cytotoxic,Meningioma,2788.0,1292,11.69296987087518
MSC6_GTCCTCAAGCGTGTCC,MSC6,6,T_cell,CD8 T cells,908,,,,,,,,,Meningioma,1974.0,908,13.221884498480243
MSC6_GTCCTCAAGTGCTCGC,MSC6,6,T_cell,CD8 T cells,1242,7.0938,36.7267,-0.0477,-0.0453,Not cycling,0.8515,CD8 - Cytotoxic,,Meningioma,2711.0,1242,12.984138694208779
MSC6_GTCCTCACAGTCCGTG,MSC6,6,T_cell,CD8 T cells,1093,7.0749,37.5609,0.0187,0.0559,Not cycling,0.5672,CD4 - Cytotoxic,,Meningioma,2481.0,1093,15.517936316001613
MSC6_GTCCTCATCGATACGT,MSC6,6,T_cell,CD8 T cells,1172,6.2699,36.9763,0.0851,-0.0542,Not cycling,0.6374,CD8 - Glycolysis/MYC,,Meningioma,2541.0,1172,16.017316017316016
MSC6_GTCGAATGTCACTCAA,MSC6,6,T_cell,CD8 T cells,1065,-14.8217,23.7719,0.1052,0.1746,Not cycling,0.7624,CD8 - Naive3,,Meningioma,2643.0,1065,11.91827468785471
MSC6_GTCGAATTCGGCTATA,MSC6,6,T_cell,CD8 T cells,1869,9.9365,33.1341,1.2052,0.5731,G1/S,2.8623,CD4 - Cell Cycle,CD4 - Cell Cycle,Meningioma,4593.0,1869,11.974744175919879
MSC6_GTCGCGACACGAAGAC,MSC6,6,T_cell,CD8 T cells,1023,7.3113,37.3218,0.141,-0.0526,Not cycling,0.8535,CD8 - Chromatin,,Meningioma,2133.0,1023,14.43975621190811
MSC6_GTCGCGACACGGTGTC,MSC6,6,T_cell,CD8 T cells,992,,,,,,,,,Meningioma,2072.0,992,10.472972972972974
MSC6_GTCGCGACAGAGTCTT,MSC6,6,T_cell,CD8 T cells,919,,,,,,,,,Meningioma,2147.0,919,12.48253376804844
MSC6_GTCGTAAAGAGAGCCT,MSC6,6,T_cell,CD8 T cells,878,,,,,,,,,Meningioma,1797.0,878,13.912075681691709
MSC6_GTCGTAAAGCTTCTAG,MSC6,6,T_cell,CD8 T cells,1263,6.1027,37.4975,-0.0483,0.0021,Not cycling,1.0288,CD4 - Cytotoxic,CD4 - Cytotoxic,Meningioma,2862.0,1263,11.425576519916143
MSC6_GTCGTAAAGTTGTCGT,MSC6,6,T_cell,CD8 T cells,1382,9.7796,33.1618,0.6722,0.5342,Not cycling,2.1615,CD4 - Cell Cycle,CD4 - Cell Cycle,Meningioma,3317.0,1382,13.174555321073258
MSC6_GTCGTAAGTCAGACTT,MSC6,6,T_cell,CD8 T cells,902,,,,,,,,,Meningioma,1852.0,902,14.68682505399568
MSC6_GTCGTTCAGCCTCCAG,MSC6,6,T_cell,CD8 T cells,825,,,,,,,,,Meningioma,1684.0,825,10.688836104513063
MSC6_GTCTACCGTGCAATGG,MSC6,6,T_cell,CD8 T cells,1137,5.3695,36.8439,0.0081,-0.0062,Not cycling,0.5914,CD4 - Stress/HSP,,Meningioma,2719.0,1137,17.690327326222874
MSC6_GTCTAGACATGACACT,MSC6,6,T_cell,CD8 T cells,1079,4.1583,36.6282,-0.0462,-0.0561,Not cycling,0.7022,CD4 - Naive1,,Meningioma,2566.0,1079,16.874512860483243
MSC6_GTCTAGATCGATGCAT,MSC6,6,T_cell,CD8 T cells,2193,10.6924,32.2395,0.2628,1.986,G2/M,2.6072,CD4 - Cell Cycle,CD4 - Cell Cycle,Meningioma,6300.0,2193,12.492063492063492
MSC6_GTCTAGATCGGCTGAC,MSC6,6,T_cell,CD8 T cells,887,,,,,,,,,Meningioma,1905.0,887,11.916010498687664
MSC6_GTCTAGATCTGGAGAG,MSC6,6,T_cell,CD8 T cells,857,,,,,,,,,Meningioma,1674.0,857,11.17084826762246
MSC6_GTCTCACAGGTCCTGC,MSC6,6,T_cell,CD8 T cells,1253,8.3882,34.5956,0.932,0.0607,G1/S,1.0864,CD4 - Cell Cycle,CD4 - Cell Cycle,Meningioma,2715.0,1253,12.965009208103131
MSC6_GTCTCACCACGACCTG,MSC6,6,T_cell,CD8 T cells,675,,,,,,,,,Meningioma,1264.0,675,14.636075949367088
MSC6_GTCTGTCCAATCTAGC,MSC6,6,T_cell,CD8 T cells,7187,2.2734,18.8074,0.4517,0.2483,Not cycling,0.7446,CD4 - Glycolysis/MYC,,Meningioma,50344.0,7187,8.022803114571746
MSC6_GTCTGTCCAGGCACTC,MSC6,6,T_cell,CD8 T cells,900,,,,,,,,,Meningioma,2354.0,900,8.793542905692439
MSC6_GTCTTTAAGAGTATAC,MSC6,6,T_cell,CD8 T cells,1172,5.8265,36.7259,0.0129,0.0656,Not cycling,0.6196,CD8 - Naive2,,Meningioma,2422.0,1172,9.454995871180842
MSC6_GTGACGCCACCCTTGT,MSC6,6,T_cell,CD8 T cells,2608,8.1896,35.2321,0.9147,0.1128,G1/S,0.4481,CD4 - Cytotoxic,,Meningioma,6958.0,2608,9.356136820925553
MSC6_GTGACGCGTTCTCAGA,MSC6,6,T_cell,CD8 T cells,1882,7.5227,35.9869,0.054,-0.0116,Not cycling,0.651,CD8 - Unassigned2,,Meningioma,4788.0,1882,9.98329156223893
MSC6_GTGACGCTCGAAACAA,MSC6,6,T_cell,CD8 T cells,951,,,,,,,,,Meningioma,1864.0,951,11.21244635193133
MSC6_GTGAGCCGTCCATAGT,MSC6,6,T_cell,CD8 T cells,1959,7.3423,35.5786,0.0662,0.364,Not cycling,0.7065,CD4 - Cytotoxic,,Meningioma,5209.0,1959,8.619696678825111
MSC6_GTGAGCCTCTTGGCTC,MSC6,6,T_cell,CD8 T cells,1270,7.3386,37.3394,0.0872,-0.0482,Not cycling,0.442,CD8 - Cytotoxic,,Meningioma,2853.0,1270,9.709078163336839
MSC6_GTGAGGAAGTCTACCA,MSC6,6,T_cell,CD8 T cells,1093,4.8944,36.1873,0.0737,0.2988,Not cycling,0.3257,CD8 - Chromatin,,Meningioma,2390.0,1093,11.129707112970712
MSC6_GTGAGGACACAGTATC,MSC6,6,T_cell,CD8 T cells,1213,5.6545,36.6644,-0.0409,-0.0058,Not cycling,0.6768,CD8 - Cytotoxic,,Meningioma,2917.0,1213,12.889955433664724
MSC6_GTGAGGACAGTGTGCC,MSC6,6,T_cell,CD8 T cells,1280,7.5931,37.1136,0.0746,0.0085,Not cycling,0.1433,CD8 - Cytotoxic,,Meningioma,2783.0,1280,12.827883578871722
MSC6_GTGAGGAGTAGCTGAG,MSC6,6,T_cell,CD8 T cells,1210,7.6417,36.9877,-0.0346,-0.044,Not cycling,0.7574,CD8 - Cytotoxic,,Meningioma,2947.0,1210,11.53715643026807
MSC6_GTGAGGAGTCTTCGAA,MSC6,6,T_cell,CD8 T cells,1573,7.0633,36.5905,-0.068,0.0435,Not cycling,0.7839,CD8 - Cytotoxic,,Meningioma,3782.0,1573,13.828662083553676
MSC6_GTGAGGATCATACGGT,MSC6,6,T_cell,CD8 T cells,859,,,,,,,,,Meningioma,1568.0,859,11.35204081632653
MSC6_GTGAGTTCATCGCCTT,MSC6,6,T_cell,CD8 T cells,856,,,,,,,,,Meningioma,1996.0,856,16.983967935871743
MSC6_GTGAGTTGTCCTTTGC,MSC6,6,T_cell,CD8 T cells,886,,,,,,,,,Meningioma,1917.0,886,11.058946270213875
MSC6_GTGAGTTGTTGTACGT,MSC6,6,T_cell,CD8 T cells,1653,5.8206,37.5059,0.051,-0.0794,Not cycling,0.6983,CD8 - Heat shock,,Meningioma,3331.0,1653,7.565295706994896
MSC6_GTGATGTCAGAATTCC,MSC6,6,T_cell,CD8 T cells,1503,5.1041,35.6954,0.3552,0.0958,Not cycling,0.7069,CD8 - Memory/Naive1,,Meningioma,3191.0,1503,5.828893763710435
MSC6_GTGCACGCAAGTCATC,MSC6,6,T_cell,CD8 T cells,1415,7.7137,35.8091,0.3169,0.002,Not cycling,0.797,CD4 - Cytotoxic,,Meningioma,3337.0,1415,10.848067126161222
MSC6_GTGCACGCAGTCGAGA,MSC6,6,T_cell,CD8 T cells,1916,5.1153,34.5384,0.1498,0.026,Not cycling,0.8536,CD4 - Glycolysis/MYC,,Meningioma,6744.0,1916,14.294187425860024
MSC6_GTGCACGGTACTCGAT,MSC6,6,T_cell,CD8 T cells,1271,6.2803,37.2658,-0.0959,0.0112,Not cycling,0.6696,CD8 - Heat shock,,Meningioma,2921.0,1271,16.12461485792537
MSC6_GTGCACGGTGCCGGTT,MSC6,6,T_cell,CD8 T cells,2298,10.1441,32.8563,1.2075,1.0724,Intermediate,2.8432,CD4 - Cell Cycle,CD4 - Cell Cycle,Meningioma,6178.0,2298,10.60213661379087
MSC6_GTGCACGTCAGAGTGG,MSC6,6,T_cell,CD8 T cells,1041,5.166,37.1639,-0.0941,-0.0479,Not cycling,0.7743,CD4 - Naive1,,Meningioma,2262.0,1041,13.837312113174182
MSC6_GTGCAGCGTCTTCGAA,MSC6,6,T_cell,CD8 T cells,1236,5.766,36.1227,0.0016,-0.072,Not cycling,0.4797,CD4 - Cytotoxic,,Meningioma,2689.0,1236,11.863146150985497
MSC6_GTGCAGCGTTTGACAC,MSC6,6,T_cell,CD8 T cells,1286,-11.155,14.5143,0.1252,0.1162,Not cycling,1.1261,CD4 - Glycolysis/MYC,,Meningioma,3659.0,1286,7.65236403388904
MSC6_GTGCAGCTCAAGAGGC,MSC6,6,T_cell,CD8 T cells,906,,,,,,,,,Meningioma,1819.0,906,13.194062671797692
MSC6_GTGCAGCTCAATCAGC,MSC6,6,T_cell,CD8 T cells,888,,,,,,,,,Meningioma,2046.0,888,11.925708699902248
MSC6_GTGCAGCTCCTGTAAG,MSC6,6,T_cell,CD8 T cells,1547,6.5515,35.638,0.0771,0.0045,Not cycling,0.6795,CD4 - Naive1,,Meningioma,3410.0,1547,7.771260997067449
MSC6_GTGCAGCTCGAAACAA,MSC6,6,T_cell,CD8 T cells,1199,6.8741,36.9546,0.1965,-0.0656,Not cycling,0.5442,CD8 - Cytotoxic,,Meningioma,2787.0,1199,11.302475780409042
MSC6_GTGCAGCTCGACGCTG,MSC6,6,T_cell,CD8 T cells,1458,4.9988,34.6779,0.0556,-0.0093,Not cycling,0.33,CD8 - Glycolysis/MYC,,Meningioma,3616.0,1458,10.038716814159292
MSC6_GTGCAGCTCGGTGAAG,MSC6,6,T_cell,CD8 T cells,4551,5.0057,23.2668,0.085,-0.0397,Not cycling,0.7693,CD4 - Naive2,,Meningioma,22848.0,4551,7.00717787114846
MSC6_GTGCGTGCAGCGCTTG,MSC6,6,T_cell,CD8 T cells,1405,5.0077,35.5673,0.1175,-0.002,Not cycling,0.6149,CD8 - Glycolysis/MYC,,Meningioma,3396.0,1405,10.865724381625443
MSC6_GTGCTGGAGCACTCAT,MSC6,6,T_cell,CD8 T cells,1072,5.6913,37.2843,-0.0396,-0.0555,Not cycling,0.8586,CD8 - Interferon,,Meningioma,2326.0,1072,10.877042132416165
MSC6_GTGCTTCAGGTACAGC,MSC6,6,T_cell,CD8 T cells,5510,5.6084,21.2624,0.7645,0.1677,G1/S,0.5109,CD8 - Glycolysis/MYC,,Meningioma,24767.0,5510,7.958170145758469
MSC6_GTGCTTCAGTATAACG,MSC6,6,T_cell,CD8 T cells,1130,7.2614,37.6332,0.0227,0.0094,Not cycling,1.5294,CD8 - Cytotoxic,CD8 - Cytotoxic,Meningioma,2680.0,1130,9.104477611940299
MSC6_GTGCTTCCACTACTTT,MSC6,6,T_cell,CD8 T cells,1195,6.6225,36.9504,-0.0473,-0.0593,Not cycling,0.5203,CD4 - Glycolysis/MYC,,Meningioma,2552.0,1195,11.912225705329154
MSC6_GTGGAAGAGAACTGAT,MSC6,6,T_cell,CD8 T cells,1319,7.091,36.5032,0.0047,-0.068,Not cycling,0.5582,CD8 - Interferon,,Meningioma,2950.0,1319,11.796610169491526
MSC6_GTGGAAGAGTACCGGA,MSC6,6,T_cell,CD8 T cells,1328,5.5574,36.289,0.069,0.4202,Not cycling,0.7036,CD8 - Cytotoxic,,Meningioma,2950.0,1328,10.64406779661017
MSC6_GTGGAAGTCTGCGAGC,MSC6,6,T_cell,CD8 T cells,2132,10.6963,32.249,0.5342,2.0539,G2/M,2.2332,CD4 - Cell Cycle,CD4 - Cell Cycle,Meningioma,5694.0,2132,8.184053389532842
MSC6_GTGGAGAGTTTGACAC,MSC6,6,T_cell,CD8 T cells,961,,,,,,,,,Meningioma,2273.0,961,15.70611526616806
MSC6_GTGGAGATCATGTCTT,MSC6,6,T_cell,CD8 T cells,891,,,,,,,,,Meningioma,1926.0,891,10.072689511941848
MSC6_GTGGAGATCGGTTCAA,MSC6,6,T_cell,CD8 T cells,790,,,,,,,,,Meningioma,1730.0,790,7.0520231213872835
MSC6_GTGGCGTCATAGCACT,MSC6,6,T_cell,CD8 T cells,983,,,,,,,,,Meningioma,2239.0,983,12.684234033050469
MSC6_GTGGCGTTCTAGCCTC,MSC6,6,T_cell,CD8 T cells,1103,6.4423,37.4069,0.0184,0.0002,Not cycling,0.5599,CD8 - Cytotoxic,,Meningioma,2515.0,1103,16.02385685884692
MSC6_GTGGGAAAGTCAGCCC,MSC6,6,T_cell,CD8 T cells,1207,6.6473,36.7662,-0.0384,-0.059,Not cycling,0.3733,CD4 - Naive1,,Meningioma,2670.0,1207,14.157303370786517
MSC6_GTGGGAACAAGGCCTC,MSC6,6,T_cell,CD8 T cells,1218,5.5739,36.0604,-0.1185,0.0036,Not cycling,1.2261,CD8 - Interferon,,Meningioma,2588.0,1218,10.200927357032457
MSC6_GTGGGAAGTCACAGTT,MSC6,6,T_cell,CD8 T cells,5633,3.793,22.7291,0.052,-0.1645,Not cycling,0.4754,CD4 - Glycolysis/MYC,,Meningioma,31795.0,5632,7.972951721968863
MSC6_GTGGGAAGTTACGTAC,MSC6,6,T_cell,CD8 T cells,1143,6.4067,38.0297,-0.1045,0.138,Not cycling,1.3762,CD4 - Stress/HSP,,Meningioma,2914.0,1143,12.216884008236102
MSC6_GTGGGAATCCCAGCGA,MSC6,6,T_cell,CD8 T cells,1023,6.7679,37.8419,0.1962,-0.0436,Not cycling,1.1256,CD4 - Naive1,CD4 - Naive1,Meningioma,2423.0,1023,13.784564589352042
MSC6_GTGGGAATCTAGGAAA,MSC6,6,T_cell,CD8 T cells,1264,5.7599,35.5638,0.0012,0.1148,Not cycling,0.7017,CD8 - Unassigned2,,Meningioma,2865.0,1264,13.158813263525305
MSC6_GTGGTTAGTGCATTTG,MSC6,6,T_cell,CD8 T cells,1159,5.3302,36.6237,-0.0398,0.0139,Not cycling,0.3937,CD8 - Cytotoxic,,Meningioma,2949.0,1159,16.446252967107494
MSC6_GTGTAACAGGTTAGTA,MSC6,6,T_cell,CD8 T cells,988,,,,,,,,,Meningioma,2390.0,988,15.355648535564853
MSC6_GTGTAACGTGACGTCC,MSC6,6,T_cell,CD8 T cells,1036,6.5707,37.4638,-0.0422,-0.056,Not cycling,0.7059,CD8 - Cytotoxic,,Meningioma,2274.0,1036,13.632365875109938
MSC6_GTGTCCTAGTAGTCTC,MSC6,6,T_cell,CD8 T cells,899,,,,,,,,,Meningioma,1904.0,899,10.871848739495798
MSC6_GTGTCCTGTTTACTGG,MSC6,6,T_cell,CD8 T cells,1205,6.9883,36.6655,-0.0462,0.0063,Not cycling,1.1673,CD8 - Cytotoxic,CD8 - Cytotoxic,Meningioma,2713.0,1205,11.389605602653889
MSC6_GTGTGATCAGAACTTC,MSC6,6,T_cell,CD8 T cells,1764,9.2004,34.0637,0.6253,0.1326,Not cycling,0.7361,CD8 - Cytotoxic,,Meningioma,4146.0,1764,11.722141823444284
MSC6_GTGTGATCATAGGAGC,MSC6,6,T_cell,CD8 T cells,1321,6.8892,36.1146,0.1408,-0.0513,Not cycling,1.3472,CD8 - Cytotoxic,CD8 - Cytotoxic,Meningioma,2924.0,1320,10.12311901504788
MSC6_GTGTGATGTAGGTACG,MSC6,6,T_cell,CD8 T cells,2008,5.7056,35.1676,0.6946,-0.0268,Not cycling,0.3883,CD8 - Chromatin,,Meningioma,5182.0,2007,10.999614048629873
MSC6_GTGTGATGTCGCCACA,MSC6,6,T_cell,CD8 T cells,1514,7.2345,37.6099,-0.1123,0.0687,Not cycling,1.4907,CD4 - Cytotoxic,CD4 - Cytotoxic,Meningioma,4478.0,1514,11.500669941938366
MSC6_GTGTGATTCCACAGCG,MSC6,6,T_cell,CD8 T cells,753,,,,,,,,,Meningioma,1665.0,753,19.03903903903904
MSC6_GTGTGATTCGCATTGA,MSC6,6,T_cell,CD8 T cells,1057,4.9059,36.4689,0.032,0.0647,Not cycling,0.362,CD4 - Naive1,,Meningioma,2593.0,1057,10.68260701889703
MSC6_GTGTTCCGTAGTGCGA,MSC6,6,T_cell,CD8 T cells,934,,,,,,,,,Meningioma,2108.0,934,15.559772296015181
MSC6_GTTACAGAGCGTTCCG,MSC6,6,T_cell,CD8 T cells,730,,,,,,,,,Meningioma,1485.0,730,14.343434343434344
MSC6_GTTACAGCAGCTACTA,MSC6,6,T_cell,CD8 T cells,1462,7.2627,37.0687,-0.037,0.06,Not cycling,0.5209,CD8 - Naive2,,Meningioma,3728.0,1462,16.4431330472103
MSC6_GTTACAGCAGGACATG,MSC6,6,T_cell,CD8 T cells,1157,5.3188,36.9122,-0.1039,-0.0623,Not cycling,0.424,CD8 - Cytotoxic,,Meningioma,2630.0,1157,12.091254752851711
MSC6_GTTACAGTCCACAGCG,MSC6,6,T_cell,CD8 T cells,1749,7.196,35.6177,0.4977,-0.0657,Not cycling,0.7977,CD4 - Naive1,,Meningioma,4756.0,1749,11.606391925988225
MSC6_GTTACAGTCGCTGTTC,MSC6,6,T_cell,CD8 T cells,1226,5.4637,36.8348,0.1375,-0.058,Not cycling,0.9182,CD8 - Unassigned2,,Meningioma,2717.0,1226,7.7659182922340815
MSC6_GTTACCCTCTGCCTGT,MSC6,6,T_cell,CD8 T cells,1170,4.358,36.7563,0.2056,0.0676,Not cycling,0.3859,CD4 - Cytotoxic,,Meningioma,2825.0,1170,18.86725663716814
MSC6_GTTACGAAGCAGGCTA,MSC6,6,T_cell,CD8 T cells,1049,5.5676,37.1932,-0.0476,0.0099,Not cycling,0.658,CD8 - Cytotoxic,,Meningioma,2272.0,1049,12.67605633802817
MSC6_GTTACGAAGCGACTAG,MSC6,6,T_cell,CD8 T cells,1552,5.4746,35.4087,0.0094,0.1728,Not cycling,0.2762,CD8 - Chromatin,,Meningioma,4971.0,1552,9.75658821162744
MSC6_GTTACGAAGTAAGAGG,MSC6,6,T_cell,CD8 T cells,1095,4.9749,36.9047,0.0734,0.0075,Not cycling,1.0002,CD4 - Naive1,CD4 - Naive1,Meningioma,2165.0,1095,6.651270207852194
MSC6_GTTAGACAGGTAAGAG,MSC6,6,T_cell,CD8 T cells,1037,7.1322,37.1889,0.0802,-0.0471,Not cycling,0.482,CD8 - Cytotoxic,,Meningioma,2334.0,1037,17.095115681233935
MSC6_GTTAGACGTGCAATAA,MSC6,6,T_cell,CD8 T cells,1502,7.3544,36.4199,0.0602,-0.0674,Not cycling,0.858,CD8 - Cytotoxic,,Meningioma,3782.0,1502,8.381808566895822
MSC6_GTTAGTGCAACGACAG,MSC6,6,T_cell,CD8 T cells,934,,,,,,,,,Meningioma,1938.0,934,10.577915376676987
MSC6_GTTATGGCACGGATCC,MSC6,6,T_cell,CD8 T cells,1068,5.686,36.696,-0.091,0.0053,Not cycling,0.7856,CD8 - Cytotoxic,,Meningioma,2179.0,1068,14.731528223955943
MSC6_GTTCGCTAGCCATTCA,MSC6,6,T_cell,CD8 T cells,1321,6.5174,35.7328,0.2067,-0.0521,Not cycling,0.6313,CD8 - Cell Cycle,,Meningioma,3072.0,1321,11.067708333333334
MSC6_GTTCGCTCAGAACTAA,MSC6,6,T_cell,CD8 T cells,1070,5.5505,36.2165,0.0226,-0.0474,Not cycling,0.742,CD8 - Chromatin,,Meningioma,2425.0,1070,17.195876288659793
MSC6_GTTCGCTTCGGACAAG,MSC6,6,T_cell,CD8 T cells,845,,,,,,,,,Meningioma,1670.0,845,11.25748502994012
MSC6_GTTCTATCACATAACC,MSC6,6,T_cell,CD8 T cells,1036,5.4029,37.3149,0.0856,-0.0585,Not cycling,1.0868,CD8 - Cytotoxic,CD8 - Cytotoxic,Meningioma,2151.0,1036,8.04277080427708
MSC6_GTTCTATGTGAGTGAC,MSC6,6,T_cell,CD8 T cells,1173,5.4296,36.7201,-0.0896,-0.0655,Not cycling,0.7328,CD8 - Cytotoxic,,Meningioma,2613.0,1173,12.20818982013012
MSC6_GTTGAACAGTCTGCGC,MSC6,6,T_cell,CD8 T cells,1685,-15.4524,23.1708,0.0739,-0.062,Not cycling,0.872,CD4 - Naive1,,Meningioma,4280.0,1685,6.4953271028037385
MSC6_GTTGAACGTCCAGCAC,MSC6,6,T_cell,CD8 T cells,645,,,,,,,,,Meningioma,1202.0,645,6.4891846921797
MSC6_GTTGCGGGTGCTGTCG,MSC6,6,T_cell,CD8 T cells,1249,6.9364,37.7795,-0.1112,0.0678,Not cycling,1.3413,CD4 - Cytotoxic,CD4 - Cytotoxic,Meningioma,2946.0,1249,11.439239646978955
MSC6_GTTGCGGTCATTTCCA,MSC6,6,T_cell,CD8 T cells,1247,4.9261,35.9829,0.0619,0.0004,Not cycling,0.8449,CD8 - Memory/Naive1,,Meningioma,3132.0,1247,10.951468710089399
MSC6_GTTGCGGTCGTCAAAC,MSC6,6,T_cell,CD8 T cells,1438,9.8911,33.2046,1.0857,0.5294,G1/S,2.9113,CD8 - Cell Cycle,,Meningioma,3523.0,1438,13.113823445926768
MSC6_GTTGCTCAGGCGAAGG,MSC6,6,T_cell,CD8 T cells,1091,4.9206,36.6303,0.0262,-0.0488,Not cycling,0.6226,CD4 - Unassigned,,Meningioma,2387.0,1091,12.9451193967323
MSC6_GTTGCTCAGGGCAATC,MSC6,6,T_cell,CD8 T cells,1224,4.4816,35.0651,-0.0676,0.0358,Not cycling,0.7945,CD8 - Unassigned2,,Meningioma,3272.0,1224,7.45721271393643
MSC6_GTTGCTCGTATGACAA,MSC6,6,T_cell,CD8 T cells,1033,5.1717,36.3114,-0.0403,0.0657,Not cycling,1.7663,CD8 - Interferon,,Meningioma,2387.0,1033,16.799329702555507
MSC6_GTTGCTCGTCTACACA,MSC6,6,T_cell,CD8 T cells,935,,,,,,,,,Meningioma,1826.0,935,9.200438116100766
MSC6_GTTGCTCGTGATATAG,MSC6,6,T_cell,CD8 T cells,841,,,,,,,,,Meningioma,1859.0,841,16.783216783216783
MSC6_GTTGTAGAGACGCCCT,MSC6,6,T_cell,CD8 T cells,1013,5.0978,36.9494,-0.0983,-0.0586,Not cycling,0.5676,CD8 - Chromatin,,Meningioma,1986.0,1013,11.48036253776435
MSC6_GTTGTAGCAAGGAGTC,MSC6,6,T_cell,CD8 T cells,1210,6.8768,37.3663,-0.0982,-0.0536,Not cycling,0.5893,CD4 - Cytotoxic,,Meningioma,2767.0,1210,13.408023129743404
MSC6_GTTGTAGGTTACCCAA,MSC6,6,T_cell,CD8 T cells,887,,,,,,,,,Meningioma,1670.0,887,6.706586826347305
MSC6_GTTGTCCCACAAATAG,MSC6,6,T_cell,CD8 T cells,1172,5.1548,36.6459,-0.0624,0.1831,Not cycling,0.8559,CD4 - Cytotoxic,,Meningioma,2747.0,1172,11.612668365489625
MSC6_GTTGTCCTCCATCACC,MSC6,6,T_cell,CD8 T cells,1386,5.9376,35.8413,0.0825,-0.0631,Not cycling,0.6425,CD4 - Cytotoxic,,Meningioma,3280.0,1386,8.71951219512195
MSC6_GTTGTGACACCCATAA,MSC6,6,T_cell,CD8 T cells,1321,6.1071,36.3599,0.0143,-0.0564,Not cycling,0.4293,CD4 - Naive1,,Meningioma,3019.0,1321,10.599536270288175
MSC6_GTTGTGACATCACGGC,MSC6,6,T_cell,CD8 T cells,1691,7.5679,36.1143,0.3149,-0.0024,Not cycling,0.4903,CD4 - Cytotoxic,,Meningioma,4441.0,1691,11.41634766944382
MSC6_GTTGTGAGTTTACGTG,MSC6,6,T_cell,CD8 T cells,1299,5.5716,36.7713,-0.0659,-0.0025,Not cycling,0.3485,CD4 - Dysfunction,,Meningioma,2962.0,1299,9.824442943956786
MSC6_GTTTACTTCACTCGAA,MSC6,6,T_cell,CD8 T cells,2428,5.6867,35.0288,0.3938,0.0821,Not cycling,1.2646,CD8 - Glycolysis/MYC,,Meningioma,6546.0,2428,10.739382829208678
MSC6_GTTTACTTCGACGCTG,MSC6,6,T_cell,CD8 T cells,820,,,,,,,,,Meningioma,1938.0,820,15.634674922600619
MSC6_GTTTGGAAGTGTACAA,MSC6,6,T_cell,CD8 T cells,1131,6.1057,37.4118,0.1445,-0.0528,Not cycling,1.023,CD8 - Cytotoxic,CD8 - Cytotoxic,Meningioma,2595.0,1131,12.33140655105973
MSC6_GTTTGGATCCTTTAGT,MSC6,6,T_cell,CD8 T cells,990,,,,,,,,,Meningioma,2357.0,990,13.873568095036063
MSC6_GTTTGGATCGATTTCT,MSC6,6,T_cell,CD8 T cells,859,,,,,,,,,Meningioma,1818.0,859,15.236523652365236
MSC6_TAACACGAGTGGAATT,MSC6,6,T_cell,CD8 T cells,1095,7.2905,37.328,0.0303,0.0599,Not cycling,1.0176,CD8 - Cytotoxic,CD8 - Cytotoxic,Meningioma,2465.0,1095,15.496957403651116
MSC6_TAACACGTCAACTGGT,MSC6,6,T_cell,CD8 T cells,1109,4.7076,36.5542,-0.0442,-0.007,Not cycling,0.8955,CD4 - Interferon,,Meningioma,2587.0,1108,11.944337069965211
MSC6_TAACCAGAGGGTCAAC,MSC6,6,T_cell,CD8 T cells,1308,7.3081,36.5326,0.0884,0.0053,Not cycling,0.9521,CD8 - Cytotoxic,,Meningioma,2931.0,1308,14.636642784032754
MSC6_TAACGACGTAGCGATG,MSC6,6,T_cell,CD8 T cells,1812,9.9269,33.1595,1.149,0.7189,G1/S,3.1155,CD8 - Cell Cycle,,Meningioma,4711.0,1812,8.129908724262364
MSC6_TAACTTCCACTTGAAC,MSC6,6,T_cell,CD8 T cells,1445,7.7686,37.1285,0.0174,0.0722,Not cycling,0.9571,CD8 - Heat shock,,Meningioma,3481.0,1445,11.462223498994542
MSC6_TAACTTCCAGAACTTC,MSC6,6,T_cell,CD8 T cells,1264,4.9927,36.2811,-0.0277,-0.0519,Not cycling,0.8898,CD8 - Interferon,,Meningioma,2768.0,1264,10.260115606936417
MSC6_TAACTTCGTAGCTAAA,MSC6,6,T_cell,CD8 T cells,1981,5.1364,34.7092,-0.0517,-0.1006,Not cycling,0.1544,CD4 - Naive2,,Meningioma,5528.0,1981,10.51013024602026
MSC6_TAACTTCGTCTCCCTA,MSC6,6,T_cell,CD8 T cells,1174,6.2554,36.3086,-0.0411,-0.0498,Not cycling,0.3025,CD8 - Interferon,,Meningioma,2472.0,1174,11.610032362459547
MSC6_TAAGCACAGAGAGCGG,MSC6,6,T_cell,CD8 T cells,1419,7.4277,37.1416,0.1433,0.0585,Not cycling,0.5152,CD8 - Glycolysis/MYC,,Meningioma,2940.0,1419,11.73469387755102
MSC6_TAAGCACCAGTTGCGC,MSC6,6,T_cell,CD8 T cells,1228,-15.0015,24.3751,0.0172,-0.0035,Not cycling,1.8202,CD4 - Naive1,CD4 - Naive1,Meningioma,3359.0,1228,11.640369157487347
MSC6_TAAGCACTCAACTGAC,MSC6,6,T_cell,CD8 T cells,814,,,,,,,,,Meningioma,1618.0,814,9.456118665018542
MSC6_TAAGCACTCCACAGCG,MSC6,6,T_cell,CD8 T cells,1291,5.8778,36.3087,-0.1096,-0.0033,Not cycling,0.6225,CD8 - Cytotoxic,,Meningioma,3128.0,1291,12.563938618925832
MSC6_TAAGCACTCGGACTGC,MSC6,6,T_cell,CD8 T cells,1077,6.6591,37.6254,-0.0267,0.0059,Not cycling,0.8141,CD8 - Dysfunction,,Meningioma,2580.0,1077,15.891472868217054
MSC6_TAAGCCATCAACGAGG,MSC6,6,T_cell,CD8 T cells,2123,10.5613,32.3842,0.4521,1.3148,G2/M,2.4835,CD4 - Cell Cycle,CD4 - Cell Cycle,Meningioma,5590.0,2122,9.445438282647585
MSC6_TAAGCCATCACCATGA,MSC6,6,T_cell,CD8 T cells,1271,6.8199,37.5748,0.0163,0.1297,Not cycling,0.3511,CD8 - Chromatin,,Meningioma,3002.0,1271,12.491672218520986
MSC6_TAAGCGTCAGCCGTTG,MSC6,6,T_cell,CD8 T cells,1147,5.4624,36.1977,-0.0306,0.0131,Not cycling,0.4492,CD8 - Cytotoxic,,Meningioma,2681.0,1147,13.577023498694517
MSC6_TAAGCGTGTTCCATTT,MSC6,6,T_cell,CD8 T cells,1152,7.684,36.8797,0.0807,-0.0532,Not cycling,1.1948,CD8 - Cytotoxic,CD8 - Cytotoxic,Meningioma,2368.0,1152,10.9375
MSC6_TAAGCGTTCAATCCAG,MSC6,6,T_cell,CD8 T cells,728,,,,,,,,,Meningioma,1549.0,728,16.139444803098772
MSC6_TAAGTCGCACAACATC,MSC6,6,T_cell,CD8 T cells,1297,5.9773,36.6559,0.0645,-0.0494,Not cycling,1.075,CD8 - Cytotoxic,CD8 - Cytotoxic,Meningioma,2917.0,1297,16.283853273911554
MSC6_TAAGTCGCACATCATG,MSC6,6,T_cell,CD8 T cells,1720,6.8458,35.4278,0.245,0.0657,Not cycling,0.406,CD8 - Heat shock,,Meningioma,4466.0,1720,11.307657859381997
MSC6_TAAGTCGCAGAGGGTT,MSC6,6,T_cell,CD8 T cells,1317,7.6065,36.5072,0.1265,0.1134,Not cycling,1.2861,CD8 - Cytotoxic,CD8 - Cytotoxic,Meningioma,3013.0,1317,11.417192167275141
MSC6_TAATCTCAGACGGATC,MSC6,6,T_cell,CD8 T cells,1182,-15.1285,24.6076,-0.0315,-0.0514,Not cycling,1.3498,CD8 - Naive3,,Meningioma,3526.0,1182,11.145774248440159
MSC6_TAATCTCAGCTAAATG,MSC6,6,T_cell,CD8 T cells,1169,6.296,36.5987,0.0327,0.069,Not cycling,1.3761,CD4 - Cytotoxic,CD4 - Cytotoxic,Meningioma,2393.0,1169,12.118679481821982
MSC6_TAATCTCGTAGAGTTA,MSC6,6,T_cell,CD8 T cells,1052,5.0945,36.9894,-0.0966,0.0143,Not cycling,0.8342,CD8 - Cytotoxic,,Meningioma,2246.0,1052,16.473731077471058
MSC6_TAATCTCTCCGCAGTG,MSC6,6,T_cell,CD8 T cells,1050,5.7287,37.5502,-0.0404,-0.0008,Not cycling,0.5368,CD4 - Stress/HSP,,Meningioma,2372.0,1050,12.521079258010118
MSC6_TAATTCCAGCAGGCAT,MSC6,6,T_cell,CD8 T cells,1557,8.0014,36.741,0.08,0.004,Not cycling,0.6564,CD4 - Treg,,Meningioma,3744.0,1557,11.912393162393162
MSC6_TAATTCCAGTACTCGT,MSC6,6,T_cell,CD8 T cells,1084,6.7539,37.4487,-0.0337,0.004,Not cycling,0.4311,CD8 - Chromatin,,Meningioma,2601.0,1084,15.22491349480969
MSC6_TAATTCCCATGTGTCA,MSC6,6,T_cell,CD8 T cells,1396,7.9466,35.7862,0.1903,0.0044,Not cycling,0.6981,CD8 - Cytotoxic,,Meningioma,3384.0,1396,14.627659574468085
MSC6_TAATTCCGTACCAATC,MSC6,6,T_cell,CD8 T cells,1573,8.2079,35.3765,0.6673,0.043,Not cycling,0.2754,CD4 - Naive2,,Meningioma,3557.0,1573,11.751475962890076
MSC6_TAATTCCGTTGGATCT,MSC6,6,T_cell,CD8 T cells,1111,5.0455,36.31,0.0061,0.1196,Not cycling,0.3203,CD4 - Naive1,,Meningioma,2543.0,1111,14.746362563900904
MSC6_TAATTCCTCTCTAAGG,MSC6,6,T_cell,CD8 T cells,900,,,,,,,,,Meningioma,2281.0,900,13.546690048224463
MSC6_TACAACGCACAGCATT,MSC6,6,T_cell,CD8 T cells,1182,6.0354,36.1564,-0.0371,-0.04,Not cycling,0.92,CD8 - Chromatin,,Meningioma,2763.0,1182,12.015924719507781
MSC6_TACAACGCATTCAGGT,MSC6,6,T_cell,CD8 T cells,922,,,,,,,,,Meningioma,2044.0,922,18.786692759295498
MSC6_TACAACGGTACAGAGC,MSC6,6,T_cell,CD8 T cells,4282,0.3803,18.5802,1.0639,0.3317,G1/S,1.2312,CD4 - Glycolysis/MYC,,Meningioma,16630.0,4282,5.195429945880938
MSC6_TACAACGTCTCCGATC,MSC6,6,T_cell,CD8 T cells,1858,6.5898,35.2729,0.4229,0.1673,Not cycling,0.9951,CD4 - Cell Cycle,,Meningioma,5108.0,1858,17.188723570869225
MSC6_TACACCCAGCACTAAA,MSC6,6,T_cell,CD8 T cells,1600,7.0992,37.4555,0.3186,0.0557,Not cycling,0.701,CD8 - Heat shock,,Meningioma,3638.0,1600,13.66135239142386
MSC6_TACACCCCAGTCACGC,MSC6,6,T_cell,CD8 T cells,1513,4.9246,35.0941,-0.1007,-0.0557,Not cycling,0.3994,CD4 - Naive1,,Meningioma,4013.0,1513,8.646897582855718
MSC6_TACACCCTCAACTACG,MSC6,6,T_cell,CD8 T cells,1237,5.4992,37.2093,0.0112,0.1895,Not cycling,1.0296,CD8 - Unassigned1,,Meningioma,2989.0,1237,10.739377718300435
MSC6_TACAGGTTCAGCATTG,MSC6,6,T_cell,CD8 T cells,1153,5.9246,36.3244,0.0103,0.0022,Not cycling,0.6366,CD8 - Unassigned1,,Meningioma,2278.0,1153,12.73046532045654
MSC6_TACATTCAGTGGTTGG,MSC6,6,T_cell,CD8 T cells,871,,,,,,,,,Meningioma,1865.0,871,12.171581769436997
MSC6_TACCCGTAGACTCAAA,MSC6,6,T_cell,CD8 T cells,1161,5.9504,36.5679,-0.0397,-0.0017,Not cycling,0.7505,CD8 - Unassigned1,,Meningioma,2677.0,1161,17.556966753828913
MSC6_TACCCGTCAATAGTCC,MSC6,6,T_cell,CD8 T cells,1207,6.5651,36.1121,0.066,0.0049,Not cycling,0.8516,CD8 - Cytotoxic,,Meningioma,2486.0,1207,12.188254223652454
MSC6_TACCCGTCAGTCGAGA,MSC6,6,T_cell,CD8 T cells,1175,6.6598,37.3197,-0.0452,0.0062,Not cycling,0.7995,CD8 - Cytotoxic,,Meningioma,2635.0,1175,11.802656546489564
MSC6_TACCCGTTCCTCTTTC,MSC6,6,T_cell,CD8 T cells,1814,9.6009,33.5411,1.4593,0.2255,G1/S,2.1035,CD4 - Cell Cycle,CD4 - Cell Cycle,Meningioma,4191.0,1814,13.910761154855644
MSC6_TACCGAAAGAGCACTG,MSC6,6,T_cell,CD8 T cells,2048,10.6852,32.2467,0.2886,1.9208,G2/M,2.9782,CD4 - Cell Cycle,CD4 - Cell Cycle,Meningioma,5940.0,2047,11.582491582491583
MSC6_TACCGAACACGTAGAG,MSC6,6,T_cell,CD8 T cells,1133,6.7775,37.5141,-0.0928,-0.0455,Not cycling,0.6828,CD8 - Cytotoxic,,Meningioma,2922.0,1133,14.168377823408624
MSC6_TACCGAACAGGTGAGT,MSC6,6,T_cell,CD8 T cells,1374,7.0823,36.3022,-0.0424,-0.0112,Not cycling,0.4393,CD8 - Unassigned2,,Meningioma,3170.0,1374,12.586750788643533
MSC6_TACCGAAGTCGTCATA,MSC6,6,T_cell,CD8 T cells,1215,5.5851,37.3771,-0.11,0.1242,Not cycling,0.3554,CD8 - Cytotoxic,,Meningioma,3233.0,1215,10.145375811939376
MSC6_TACCGAAGTCGTGATT,MSC6,6,T_cell,CD8 T cells,744,,,,,,,,,Meningioma,1495.0,744,11.705685618729097
MSC6_TACCGAAGTTGCGGCT,MSC6,6,T_cell,CD8 T cells,921,,,,,,,,,Meningioma,2204.0,921,10.526315789473685
MSC6_TACCGAATCTCAACCC,MSC6,6,T_cell,CD8 T cells,1443,6.2786,35.9404,0.4917,0.0566,Not cycling,0.8466,CD8 - Cytotoxic,,Meningioma,3157.0,1443,11.688311688311689
MSC6_TACCTCGCAGCTATAC,MSC6,6,T_cell,CD8 T cells,1052,6.5403,37.4634,-0.0894,0.0094,Not cycling,1.5398,CD8 - Heat shock,,Meningioma,1976.0,1052,14.979757085020243
MSC6_TACCTCGCAGTCCCGA,MSC6,6,T_cell,CD8 T cells,1494,7.3982,36.2874,-0.1183,-0.0615,Not cycling,0.4661,CD4 - Stress/HSP,,Meningioma,3471.0,1494,7.173725151253241
MSC6_TACCTCGGTCGTTATG,MSC6,6,T_cell,CD8 T cells,905,,,,,,,,,Meningioma,1710.0,905,12.339181286549708
MSC6_TACCTGCCACGACCTG,MSC6,6,T_cell,CD8 T cells,946,,,,,,,,,Meningioma,2235.0,946,14.004474272930649
MSC6_TACCTGCTCACTGCTC,MSC6,6,T_cell,CD8 T cells,1037,5.7375,37.2975,-0.1051,0.1299,Not cycling,0.273,CD4 - Naive1,,Meningioma,2269.0,1037,8.770383428823271
MSC6_TACGCTCGTACAGTTC,MSC6,6,T_cell,CD8 T cells,1807,5.1912,35.1579,-0.0843,-0.08,Not cycling,0.3926,CD4 - Glycolysis/MYC,,Meningioma,5198.0,1807,10.504040015390535
MSC6_TACGCTCGTCCGGCAT,MSC6,6,T_cell,CD8 T cells,667,,,,,,,,,Meningioma,1122.0,667,6.0606060606060606
MSC6_TACGGGCCATTGGATC,MSC6,6,T_cell,CD8 T cells,1102,6.7182,37.8156,0.0086,-0.0578,Not cycling,0.4755,CD4 - Naive2,,Meningioma,2335.0,1102,8.993576017130621
MSC6_TACGGGCTCATCCTAT,MSC6,6,T_cell,CD8 T cells,1089,6.0538,37.4133,0.0275,0.0125,Not cycling,1.2794,CD8 - Heat shock,,Meningioma,2565.0,1089,9.62962962962963
MSC6_TACGGTAAGGCTTTCA,MSC6,6,T_cell,CD8 T cells,672,,,,,,,,,Meningioma,1121.0,672,10.437109723461194
MSC6_TACGGTACAGGACATG,MSC6,6,T_cell,CD8 T cells,1650,6.2118,36.363,0.1427,0.0077,Not cycling,1.1246,CD8 - Heat shock,,Meningioma,4781.0,1650,16.04266889772014
MSC6_TACGTCCAGGTCGTAG,MSC6,6,T_cell,CD8 T cells,3459,4.3027,26.3626,0.0093,-0.0788,Not cycling,0.459,CD8 - Naive2,,Meningioma,19312.0,3459,5.079743164871583
MSC6_TACGTCCAGTGATGGC,MSC6,6,T_cell,CD8 T cells,1202,5.397,36.4558,-0.0522,-0.062,Not cycling,0.2056,CD8 - Cytotoxic,,Meningioma,2827.0,1202,15.74106827025115
MSC6_TACGTCCCATCACCAA,MSC6,6,T_cell,CD8 T cells,1100,5.0298,36.7424,-0.1004,-0.0573,Not cycling,0.7303,CD4 - Naive2,,Meningioma,2480.0,1100,13.75
MSC6_TACGTCCGTAGCTGTT,MSC6,6,T_cell,CD8 T cells,1205,6.9736,37.5145,0.0183,0.0065,Not cycling,0.9042,CD8 - Cytotoxic,,Meningioma,2823.0,1205,19.659936238044633
MSC6_TACGTCCTCGGTCGAC,MSC6,6,T_cell,CD8 T cells,1026,6.0278,37.8498,-0.035,0.0142,Not cycling,1.1613,CD8 - Cytotoxic,CD8 - Cytotoxic,Meningioma,2169.0,1026,14.107883817427386
MSC6_TACTGCCGTGGACCTC,MSC6,6,T_cell,CD8 T cells,2694,5.0568,34.3614,1.2445,0.5983,G1/S,2.112,CD4 - Cell Cycle,CD4 - Cell Cycle,Meningioma,6728.0,2694,5.885850178359096
MSC6_TACTTACCAGAATCGG,MSC6,6,T_cell,CD8 T cells,1060,5.5749,36.7193,0.0201,-0.0589,Not cycling,0.3983,CD8 - Chromatin,,Meningioma,2365.0,1060,13.361522198731501
MSC6_TACTTACGTATGCTTG,MSC6,6,T_cell,CD8 T cells,1204,5.1511,36.7312,0.0299,0.0715,Not cycling,1.0582,CD4 - Cytotoxic,CD4 - Cytotoxic,Meningioma,2612.0,1204,13.016845329249618
MSC6_TACTTCAAGTGAGGTC,MSC6,6,T_cell,CD8 T cells,1271,6.949,36.4509,0.0829,0.1864,Not cycling,0.5611,CD8 - Unassigned2,,Meningioma,2605.0,1271,10.479846449136277
MSC6_TACTTCACAGTTAAAG,MSC6,6,T_cell,CD8 T cells,1181,5.7762,36.7922,-0.0999,0.1256,Not cycling,0.6515,CD4 - Cytotoxic,,Meningioma,2653.0,1181,13.569543912551827
MSC6_TACTTCAGTGACGTCC,MSC6,6,T_cell,CD8 T cells,847,,,,,,,,,Meningioma,2337.0,847,10.954214805305948
MSC6_TACTTGTAGAAGCTGC,MSC6,6,T_cell,CD8 T cells,1275,7.5796,36.4649,-0.0362,0.0066,Not cycling,0.9661,CD8 - Unassigned2,,Meningioma,2853.0,1275,13.038906414300737
MSC6_TACTTGTGTGAGACCA,MSC6,6,T_cell,CD8 T cells,3647,-15.165,22.3372,2.1239,0.6081,G1/S,1.3527,CD4 - Cell Cycle,CD4 - Cell Cycle,Meningioma,16802.0,3646,10.933222235448161
MSC6_TAGACCAGTAGGAAAG,MSC6,6,T_cell,CD8 T cells,1441,7.5778,35.5596,0.1383,0.183,Not cycling,1.0959,CD8 - Cytotoxic,CD8 - Cytotoxic,Meningioma,3118.0,1441,8.691468890314304
MSC6_TAGACTGTCAATCTCT,MSC6,6,T_cell,CD8 T cells,534,,,,,,,,,Meningioma,854.0,534,7.611241217798595
MSC6_TAGACTGTCATACGAC,MSC6,6,T_cell,CD8 T cells,1131,6.6134,36.2868,-0.0273,-0.0499,Not cycling,0.6802,CD8 - Cytotoxic,,Meningioma,2381.0,1131,11.12977740445191
MSC6_TAGACTGTCTTGTGCC,MSC6,6,T_cell,CD8 T cells,1552,10.3825,32.6929,0.5432,0.6492,Not cycling,2.4243,CD4 - Cell Cycle,CD4 - Cell Cycle,Meningioma,3779.0,1551,12.463614712887008
MSC6_TAGAGTCCATGGCCAC,MSC6,6,T_cell,CD8 T cells,1521,5.6324,35.954,0.174,0.0504,Not cycling,0.5194,CD4 - Glycolysis/MYC,,Meningioma,4178.0,1521,8.879846816658688
MSC6_TAGCACAAGCTCCATA,MSC6,6,T_cell,CD8 T cells,1799,9.3125,33.8371,0.9751,0.1605,G1/S,1.4953,CD4 - Cell Cycle,CD4 - Cell Cycle,Meningioma,4404.0,1799,14.759309718437784
MSC6_TAGCACAAGTGATGGC,MSC6,6,T_cell,CD8 T cells,1438,5.2717,35.9918,-0.0201,0.4806,Not cycling,0.6693,CD8 - Cell Cycle,,Meningioma,3053.0,1438,6.550933508024894
MSC6_TAGCACACACCACTGG,MSC6,6,T_cell,CD8 T cells,1079,5.2363,36.5248,-0.1046,0.0033,Not cycling,0.8291,CD4 - Naive1,,Meningioma,2785.0,1079,9.515260323159785
MSC6_TAGCACAGTGCATGTT,MSC6,6,T_cell,CD8 T cells,1140,6.369,36.8487,-0.093,0.0075,Not cycling,1.5591,CD8 - Cytotoxic,CD8 - Cytotoxic,Meningioma,2751.0,1140,14.758269720101781
MSC6_TAGGAGGCAAATAAGC,MSC6,6,T_cell,CD8 T cells,949,,,,,,,,,Meningioma,2171.0,949,14.41731920773837
MSC6_TAGGAGGTCCGTGTAA,MSC6,6,T_cell,CD8 T cells,1499,6.5685,35.8902,0.126,0.0514,Not cycling,0.7902,CD4 - Cytotoxic,,Meningioma,4206.0,1499,12.173086067522586
MSC6_TAGGAGGTCGTAGCTA,MSC6,6,T_cell,CD8 T cells,2087,5.7104,35.2818,0.235,0.6801,G2/M,0.1412,CD8 - Glycolysis/MYC,,Meningioma,6128.0,2087,8.926240208877285
MSC6_TAGGAGGTCTAGAGCT,MSC6,6,T_cell,CD8 T cells,787,,,,,,,,,Meningioma,1966.0,787,13.53001017293998
MSC6_TAGGGTTCACCGTGAC,MSC6,6,T_cell,CD8 T cells,1349,6.8298,37.6831,0.0808,-0.0462,Not cycling,0.3843,CD8 - Heat shock,,Meningioma,2786.0,1349,8.470926058865757
MSC6_TAGGTACGTAGTCGTT,MSC6,6,T_cell,CD8 T cells,1663,3.9673,36.0304,-0.1122,-0.0065,Not cycling,0.8509,CD4 - Interferon,,Meningioma,4710.0,1663,9.384288747346073
MSC6_TAGGTTGCAAGGTCAG,MSC6,6,T_cell,CD8 T cells,1202,7.7966,36.8716,0.0802,0.0097,Not cycling,0.8942,CD8 - Cytotoxic,,Meningioma,2833.0,1202,12.777973879279916
MSC6_TAGGTTGCACTGGATT,MSC6,6,T_cell,CD8 T cells,1002,4.4409,36.6915,0.0811,0.0109,Not cycling,0.6134,CD4 - Naive1,,Meningioma,2220.0,1002,12.207207207207206
MSC6_TAGGTTGTCCATTGGA,MSC6,6,T_cell,CD8 T cells,1109,4.9009,36.326,-0.0291,-0.0486,Not cycling,0.782,CD8 - Unassigned1,,Meningioma,2603.0,1109,12.101421436803689
MSC6_TAGGTTGTCGGTATGT,MSC6,6,T_cell,CD8 T cells,1003,5.8989,37.7023,0.0923,-0.0425,Not cycling,1.1896,CD4 - Cytotoxic,CD4 - Cytotoxic,Meningioma,2203.0,1003,16.70449387199274
MSC6_TAGTGCAAGGTCGTGA,MSC6,6,T_cell,CD8 T cells,1818,10.4615,32.4709,0.541,1.1369,G2/M,3.5339,CD4 - Cell Cycle,CD4 - Cell Cycle,Meningioma,4356.0,1818,10.629017447199265
MSC6_TAGTGCACAAACCATC,MSC6,6,T_cell,CD8 T cells,996,,,,,,,,,Meningioma,2143.0,996,8.912739150723285
MSC6_TAGTGCAGTTTGAAAG,MSC6,6,T_cell,CD8 T cells,1107,6.0481,37.001,0.0123,0.067,Not cycling,0.9331,CD8 - Cytotoxic,,Meningioma,2496.0,1107,14.623397435897436
MSC6_TAGTGCATCGAAGAAT,MSC6,6,T_cell,CD8 T cells,1349,7.0317,35.7627,0.1348,0.0997,Not cycling,0.6235,CD8 - Unassigned2,,Meningioma,3248.0,1349,14.131773399014778
MSC6_TATACCTAGCATCCTA,MSC6,6,T_cell,CD8 T cells,1335,4.4283,36.3647,-0.1166,0.0551,Not cycling,0.7987,CD8 - Interferon,,Meningioma,3284.0,1335,9.683313032886723
MSC6_TATACCTAGCTCTTCC,MSC6,6,T_cell,CD8 T cells,1418,5.8938,36.207,-0.0514,0.0029,Not cycling,0.4923,CD8 - Chromatin,,Meningioma,3095.0,1418,11.534733441033925
MSC6_TATACCTCACTACCGG,MSC6,6,T_cell,CD8 T cells,986,,,,,,,,,Meningioma,2075.0,986,8.963855421686747
MSC6_TATACCTGTTGTAGCT,MSC6,6,T_cell,CD8 T cells,2108,5.2509,35.2434,0.1932,0.0628,Not cycling,0.5844,CD8 - Naive2,,Meningioma,5599.0,2108,7.179853545275942
MSC6_TATACCTGTTTGTTGG,MSC6,6,T_cell,CD8 T cells,1129,5.0936,36.6937,0.3849,-0.0489,Not cycling,0.7089,CD8 - Glycolysis/MYC,,Meningioma,2330.0,1129,7.8111587982832615
MSC6_TATACCTTCTTCCTAA,MSC6,6,T_cell,CD8 T cells,1212,7.4438,36.497,0.0175,0.0574,Not cycling,1.2181,CD8 - Cytotoxic,CD8 - Cytotoxic,Meningioma,2141.0,1212,12.984586641756188
MSC6_TATATCCAGCGTGCCT,MSC6,6,T_cell,CD8 T cells,876,,,,,,,,,Meningioma,1788.0,876,17.729306487695748
MSC6_TATATCCCACCCGTAG,MSC6,6,T_cell,CD8 T cells,1403,6.9354,36.2338,-0.0536,-0.0084,Not cycling,0.6383,CD4 - Naive2,,Meningioma,3169.0,1403,16.56674029662354
MSC6_TATATCCCAGGAGGAG,MSC6,6,T_cell,CD8 T cells,1115,4.9095,35.5285,0.074,-0.0543,Not cycling,0.7396,CD4 - Naive1,,Meningioma,2384.0,1115,12.5
MSC6_TATCAGGCACAGAGAC,MSC6,6,T_cell,CD8 T cells,984,,,,,,,,,Meningioma,2250.0,984,11.11111111111111
MSC6_TATCAGGGTAGTATAG,MSC6,6,T_cell,CD8 T cells,1970,10.5705,32.2902,-0.1041,1.5059,G2/M,2.0893,CD4 - Cell Cycle,CD4 - Cell Cycle,Meningioma,5686.0,1970,8.811115019345761
MSC6_TATCAGGGTCCTTTGC,MSC6,6,T_cell,CD8 T cells,1638,5.7187,36.0983,0.1456,0.0758,Not cycling,0.7374,CD4 - Naive1,,Meningioma,4193.0,1638,10.75602194133079
MSC6_TATCAGGGTCGACTGC,MSC6,6,T_cell,CD8 T cells,1548,-15.3352,23.3069,-0.0471,0.133,Not cycling,0.9834,CD4 - Treg,,Meningioma,4150.0,1548,9.180722891566266
MSC6_TATCCTAGTGAGATTA,MSC6,6,T_cell,CD8 T cells,961,,,,,,,,,Meningioma,2136.0,961,17.088014981273407
MSC6_TATCGCCAGAGTCAGC,MSC6,6,T_cell,CD8 T cells,1427,7.8788,36.4441,0.201,0.0594,Not cycling,0.6952,CD8 - Cytotoxic,,Meningioma,3325.0,1427,13.62406015037594
MSC6_TATCGCCAGATAGCTA,MSC6,6,T_cell,CD8 T cells,1261,7.8031,37.0767,-0.0303,0.0101,Not cycling,0.943,CD4 - Cytotoxic,,Meningioma,3161.0,1261,19.32932616260677
MSC6_TATCTGTAGAGCCTGA,MSC6,6,T_cell,CD8 T cells,1085,6.0397,37.4656,-0.0951,-0.0479,Not cycling,0.673,CD4 - Stress/HSP,,Meningioma,2305.0,1085,13.839479392624728
MSC6_TATCTGTCAAGAGTAT,MSC6,6,T_cell,CD8 T cells,1583,7.9927,36.5387,0.1943,-0.0586,Not cycling,0.822,CD8 - Cytotoxic,,Meningioma,3692.0,1583,10.319609967497291
MSC6_TATCTGTCACTTGAGT,MSC6,6,T_cell,CD8 T cells,1078,7.2906,37.817,0.1456,0.0042,Not cycling,0.7267,CD8 - Dysfunction,,Meningioma,2182.0,1078,9.715857011915674
MSC6_TATCTGTCATATACCG,MSC6,6,T_cell,CD8 T cells,1092,7.3634,37.0528,-0.0294,0.0056,Not cycling,0.7777,CD8 - Cytotoxic,,Meningioma,2438.0,1092,12.387202625102542
MSC6_TATCTGTGTAACGCGA,MSC6,6,T_cell,CD8 T cells,1122,5.7412,37.0674,-0.0289,0.0754,Not cycling,0.534,CD8 - Naive2,,Meningioma,2240.0,1122,13.526785714285714
MSC6_TATCTGTGTTGTTGCA,MSC6,6,T_cell,CD8 T cells,2040,9.8339,33.2289,1.2683,0.7755,G1/S,3.245,CD4 - Cell Cycle,CD4 - Cell Cycle,Meningioma,4963.0,2040,10.175297199274633
MSC6_TATCTGTTCGGTCACG,MSC6,6,T_cell,CD8 T cells,675,,,,,,,,,Meningioma,1486.0,675,18.64064602960969
MSC6_TATCTTGCAAGTACCT,MSC6,6,T_cell,CD8 T cells,1347,3.9652,36.4878,0.0576,0.1177,Not cycling,0.8664,CD8 - Naive3,,Meningioma,3021.0,1347,11.651770936775902
MSC6_TATCTTGGTCGCGTTG,MSC6,6,T_cell,CD8 T cells,1009,5.6757,36.706,-0.0406,-0.0555,Not cycling,0.7266,CD8 - Unassigned2,,Meningioma,2096.0,1009,12.356870229007633
MSC6_TATCTTGGTTGTATGC,MSC6,6,T_cell,CD8 T cells,912,,,,,,,,,Meningioma,2079.0,912,15.584415584415584
MSC6_TATCTTGGTTTGAAAG,MSC6,6,T_cell,CD8 T cells,1065,4.9496,36.8533,0.0161,-0.0528,Not cycling,0.7303,CD4 - Naive1,,Meningioma,2616.0,1065,16.896024464831804
MSC6_TATGTTCAGCGGGTAT,MSC6,6,T_cell,CD8 T cells,1192,6.6408,37.565,-0.1075,0.0029,Not cycling,0.8282,CD8 - Cytotoxic,,Meningioma,3075.0,1192,11.902439024390244
MSC6_TATGTTCCAAGATGGC,MSC6,6,T_cell,CD8 T cells,970,,,,,,,,,Meningioma,2206.0,970,11.831368993653673
MSC6_TATGTTCGTCTACAGT,MSC6,6,T_cell,CD8 T cells,3340,5.5584,34.6264,0.9117,0.7225,Intermediate,1.848,CD4 - Cell Cycle,CD4 - Cell Cycle,Meningioma,12261.0,3340,6.377946333904249
MSC6_TATGTTCTCATGAGTC,MSC6,6,T_cell,CD8 T cells,986,,,,,,,,,Meningioma,2115.0,986,18.581560283687942
MSC6_TATGTTCTCGCGTCGA,MSC6,6,T_cell,CD8 T cells,1152,5.1513,35.7324,-0.0521,0.2334,Not cycling,0.445,CD8 - Cytotoxic,,Meningioma,2532.0,1152,12.756714060031596
MSC6_TATTCCAAGTGTGTTC,MSC6,6,T_cell,CD8 T cells,797,,,,,,,,,Meningioma,1579.0,797,10.829639012032933
MSC6_TATTCCATCTCTTGCG,MSC6,6,T_cell,CD8 T cells,1155,7.2335,37.3337,-0.0313,0.1892,Not cycling,0.7712,CD4 - Treg,,Meningioma,2551.0,1155,12.152097216777735
MSC6_TATTGCTAGGCGCTCT,MSC6,6,T_cell,CD8 T cells,2058,10.547,32.3993,0.652,1.3812,G2/M,2.4096,CD4 - Cell Cycle,CD4 - Cell Cycle,Meningioma,5165.0,2058,6.718296224588577
MSC6_TATTGCTCAAGACGAC,MSC6,6,T_cell,CD8 T cells,1262,7.7015,35.9971,0.2657,0.1241,Not cycling,0.8115,CD8 - Cytotoxic,,Meningioma,2820.0,1262,19.21985815602837
MSC6_TATTGCTCACGTTCGG,MSC6,6,T_cell,CD8 T cells,1431,5.9645,37.9126,-0.0142,0.0449,Not cycling,1.6289,CD8 - Heat shock,,Meningioma,3570.0,1431,9.38375350140056
MSC6_TATTGCTGTATGATCC,MSC6,6,T_cell,CD8 T cells,1003,4.8153,36.3476,-0.0477,0.1297,Not cycling,0.5481,CD8 - Memory/Naive1,,Meningioma,2270.0,1003,12.555066079295154
MSC6_TATTGCTGTGTTCATG,MSC6,6,T_cell,CD8 T cells,1829,10.2673,32.7422,0.7753,1.253,G2/M,3.0741,CD4 - Cell Cycle,CD4 - Cell Cycle,Meningioma,4343.0,1829,10.039143449228645
MSC6_TATTGCTGTTTGTTCT,MSC6,6,T_cell,CD8 T cells,1692,5.3616,34.7492,0.1436,0.4513,Not cycling,0.5203,CD8 - Glycolysis/MYC,,Meningioma,4290.0,1692,9.72027972027972
MSC6_TATTGCTTCTTTGATC,MSC6,6,T_cell,CD8 T cells,1427,-15.1846,24.6422,-0.0327,-0.0483,Not cycling,1.1902,CD8 - Memory/Naive1,,Meningioma,3750.0,1427,9.333333333333334
MSC6_TATTTCGAGCCAGACA,MSC6,6,T_cell,CD8 T cells,1259,7.3201,36.962,-0.1002,0.0061,Not cycling,0.8571,CD8 - Cytotoxic,,Meningioma,3178.0,1259,19.100062932662052
MSC6_TATTTCGCACAGAGCA,MSC6,6,T_cell,CD8 T cells,874,,,,,,,,,Meningioma,1819.0,874,14.45849367784497
MSC6_TATTTCGGTCGAACGA,MSC6,6,T_cell,CD8 T cells,1190,5.9164,37.4647,0.0254,0.0718,Not cycling,1.3621,CD4 - Cytotoxic,CD4 - Cytotoxic,Meningioma,3031.0,1190,12.471131639722863
MSC6_TCAAGACCAAGTGTCT,MSC6,6,T_cell,CD8 T cells,1284,7.2553,36.6724,-0.0995,0.119,Not cycling,0.4634,CD8 - Cytotoxic,,Meningioma,2803.0,1284,6.136282554405994
MSC6_TCAAGACGTGTATCCA,MSC6,6,T_cell,CD8 T cells,2425,5.0732,34.8622,0.009,-0.1162,Not cycling,0.407,CD8 - Glycolysis/MYC,,Meningioma,8503.0,2425,19.299070916147244
MSC6_TCAAGACGTTGTCATG,MSC6,6,T_cell,CD8 T cells,1441,6.9269,36.0632,0.009,0.1336,Not cycling,0.8105,CD4 - Cytotoxic,,Meningioma,3063.0,1441,10.708455762324519
MSC6_TCAAGTGAGGAGATAG,MSC6,6,T_cell,CD8 T cells,896,,,,,,,,,Meningioma,2350.0,896,16.170212765957448
MSC6_TCAAGTGAGTTGTCGT,MSC6,6,T_cell,CD8 T cells,1316,7.7478,36.0343,-0.0495,0.0712,Not cycling,1.0633,CD8 - Cytotoxic,CD8 - Cytotoxic,Meningioma,3287.0,1316,15.698205050197748
MSC6_TCAAGTGCACACAGAG,MSC6,6,T_cell,CD8 T cells,1026,5.1625,36.6636,0.0218,-0.0447,Not cycling,0.9701,CD4 - Cytotoxic,,Meningioma,2221.0,1026,12.111661413777577
MSC6_TCAAGTGTCATGAGTC,MSC6,6,T_cell,CD8 T cells,1193,6.582,36.3046,-0.0241,-0.0594,Not cycling,0.2366,CD8 - Memory/Naive1,,Meningioma,2497.0,1193,12.89547456948338
MSC6_TCAAGTGTCGACTCCT,MSC6,6,T_cell,CD8 T cells,1338,6.7558,36.268,0.0745,0.0701,Not cycling,0.7599,CD8 - Cytotoxic,,Meningioma,3191.0,1338,13.162018176120338
MSC6_TCAATCTCAATGGCCC,MSC6,6,T_cell,CD8 T cells,1702,9.4991,33.6431,0.8612,0.2408,G1/S,1.9933,CD4 - Cell Cycle,CD4 - Cell Cycle,Meningioma,3688.0,1702,8.595444685466378
MSC6_TCAATCTTCGGAGTGA,MSC6,6,T_cell,CD8 T cells,1301,6.3946,36.0943,-0.0441,0.0631,Not cycling,0.3503,CD4 - Cytotoxic,,Meningioma,2883.0,1301,14.325355532431495
MSC6_TCAATTCCAAGAAATC,MSC6,6,T_cell,CD8 T cells,540,,,,,,,,,Meningioma,799.0,540,7.3842302878598245
MSC6_TCAATTCCACTTACAG,MSC6,6,T_cell,CD8 T cells,2128,10.4957,32.4974,0.699,1.1271,G2/M,3.3912,CD4 - Cell Cycle,CD4 - Cell Cycle,Meningioma,5415.0,2128,12.24376731301939
MSC6_TCACAAGAGGGCAACT,MSC6,6,T_cell,CD8 T cells,1401,3.8548,36.1446,-0.0445,0.0619,Not cycling,0.5198,CD8 - Naive2,,Meningioma,3937.0,1401,8.077216154432309
MSC6_TCACAAGCAAGCGAGT,MSC6,6,T_cell,CD8 T cells,601,,,,,,,,,Meningioma,981.0,601,12.130479102956167
MSC6_TCACAAGCAGTGAGCA,MSC6,6,T_cell,CD8 T cells,2322,5.0746,35.2072,-0.0799,-0.0032,Not cycling,0.8125,CD8 - Interferon,,Meningioma,8220.0,2322,9.695863746958638
MSC6_TCACAAGGTACCTTCC,MSC6,6,T_cell,CD8 T cells,1395,7.8391,36.5553,0.1339,-0.0568,Not cycling,0.6179,CD8 - Chromatin,,Meningioma,3216.0,1395,11.380597014925373
MSC6_TCACAAGGTATACAGA,MSC6,6,T_cell,CD8 T cells,1209,7.0977,37.7526,-0.0528,-0.0086,Not cycling,1.0762,CD8 - Cytotoxic,CD8 - Cytotoxic,Meningioma,2639.0,1209,9.208033345964381
MSC6_TCACACCAGGACTATA,MSC6,6,T_cell,CD8 T cells,1157,6.7333,36.9912,0.0236,-0.0536,Not cycling,1.4114,CD4 - Cytotoxic,CD4 - Cytotoxic,Meningioma,2734.0,1157,16.276517922457938
MSC6_TCACACCCACGTAGAG,MSC6,6,T_cell,CD8 T cells,1605,3.8609,36.2071,0.0101,0.0049,Not cycling,1.2613,CD4 - Naive1,CD4 - Naive1,Meningioma,4352.0,1605,13.534007352941176
MSC6_TCACACCTCCACACAA,MSC6,6,T_cell,CD8 T cells,1293,6.3653,36.8054,-0.1221,-0.0039,Not cycling,0.513,CD4 - Dysfunction,,Meningioma,2940.0,1293,11.564625850340136
MSC6_TCACATTAGTCGCTAT,MSC6,6,T_cell,CD8 T cells,2224,10.373,32.5909,0.6382,1.3173,G2/M,2.9822,CD4 - Cell Cycle,CD4 - Cell Cycle,Meningioma,5220.0,2224,6.4559386973180075
MSC6_TCACATTCAAATTGGA,MSC6,6,T_cell,CD8 T cells,1351,6.9906,37.4782,0.0808,-0.0568,Not cycling,0.6938,CD8 - Heat shock,,Meningioma,3246.0,1351,9.519408502772643
MSC6_TCACATTGTGGTTTGT,MSC6,6,T_cell,CD8 T cells,1425,6.2022,35.7905,0.1433,-0.059,Not cycling,0.4117,CD4 - Cytotoxic,,Meningioma,3154.0,1425,9.828788839568801
MSC6_TCACGCTAGATGGTAT,MSC6,6,T_cell,CD8 T cells,1109,6.5946,36.3824,-0.057,-0.0705,Not cycling,0.9663,CD4 - Cytotoxic,,Meningioma,2681.0,1109,17.903767251025737
MSC6_TCACGGGAGAGGATCC,MSC6,6,T_cell,CD8 T cells,1206,7.3896,37.289,0.0826,0.0668,Not cycling,0.7295,CD4 - Naive2,,Meningioma,2475.0,1206,13.737373737373737
MSC6_TCACGGGAGATCACTC,MSC6,6,T_cell,CD8 T cells,6680,2.4777,19.0679,0.309,0.6417,Not cycling,0.6437,CD4 - Glycolysis/MYC,,Meningioma,41769.0,6680,9.906868730398141
MSC6_TCACGGGCAGTAGAGC,MSC6,6,T_cell,CD8 T cells,1671,8.0852,35.247,0.3841,0.066,Not cycling,0.5798,CD8 - Glycolysis/MYC,,Meningioma,3785.0,1671,6.2879788639365914
MSC6_TCACTATAGCTGGCCT,MSC6,6,T_cell,CD8 T cells,2057,10.6443,32.2941,0.3351,1.7487,G2/M,2.9892,CD4 - Cell Cycle,CD4 - Cell Cycle,Meningioma,5541.0,2057,8.951452806352643
MSC6_TCACTATCACTTGAGT,MSC6,6,T_cell,CD8 T cells,1170,7.3892,35.935,0.3203,0.0067,Not cycling,0.8632,CD4 - Cytotoxic,,Meningioma,2314.0,1170,13.872082973206568
MSC6_TCACTATGTAGCTTTG,MSC6,6,T_cell,CD8 T cells,1140,6.2372,36.7933,-0.0395,-0.0019,Not cycling,1.1435,CD4 - Cytotoxic,CD4 - Cytotoxic,Meningioma,2376.0,1140,9.427609427609427
MSC6_TCACTCGAGACTGGGT,MSC6,6,T_cell,CD8 T cells,903,,,,,,,,,Meningioma,1734.0,903,6.805074971164936
MSC6_TCACTCGAGCAGCCTC,MSC6,6,T_cell,CD8 T cells,1563,7.1979,36.0586,-0.0118,0.1683,Not cycling,0.484,CD8 - Heat shock,,Meningioma,3751.0,1563,11.037056784857372
MSC6_TCACTCGGTCTGGTTA,MSC6,6,T_cell,CD8 T cells,1522,9.0067,34.1302,0.8582,0.0499,G1/S,1.0137,CD4 - Cell Cycle,CD4 - Cell Cycle,Meningioma,3533.0,1522,12.14265496744976
MSC6_TCACTCGTCTCTCGCA,MSC6,6,T_cell,CD8 T cells,1400,7.7917,36.7766,0.1284,-0.0016,Not cycling,0.9541,CD4 - Stress/HSP,,Meningioma,3241.0,1400,15.951866707806232
MSC6_TCAGCAACAAGAGATT,MSC6,6,T_cell,CD8 T cells,907,,,,,,,,,Meningioma,1747.0,907,6.124785346307957
MSC6_TCAGCAAGTACTGAGG,MSC6,6,T_cell,CD8 T cells,1215,5.8261,36.3202,-0.0464,0.0647,Not cycling,0.7255,CD8 - Unassigned2,,Meningioma,2964.0,1215,13.663967611336032
MSC6_TCAGCAAGTGACTGTT,MSC6,6,T_cell,CD8 T cells,1123,5.3662,37.2935,-0.027,0.1303,Not cycling,0.4038,CD4 - Stress/HSP,,Meningioma,2556.0,1123,9.702660406885759
MSC6_TCAGCAATCACCGGTG,MSC6,6,T_cell,CD8 T cells,1027,3.3593,36.2473,0.0162,0.0062,Not cycling,1.4662,CD4 - Naive1,CD4 - Naive1,Meningioma,2646.0,1027,16.17535903250189
MSC6_TCAGCCTGTGCCTTTC,MSC6,6,T_cell,CD8 T cells,1033,7.3916,37.3145,-0.0309,0.0709,Not cycling,1.1069,CD8 - Cytotoxic,CD8 - Cytotoxic,Meningioma,2240.0,1033,9.107142857142858
MSC6_TCAGCCTTCATTCCTA,MSC6,6,T_cell,CD8 T cells,1359,5.1287,36.0469,-0.0499,0.0015,Not cycling,2.3232,CD8 - Interferon,,Meningioma,2972.0,1359,10.63257065948856
MSC6_TCAGCCTTCCACGTGG,MSC6,6,T_cell,CD8 T cells,1460,4.6857,36.4394,0.0888,0.0115,Not cycling,1.4462,CD8 - Chromatin,,Meningioma,2782.0,1460,12.041696621135873
MSC6_TCAGGGCAGAGCAGTC,MSC6,6,T_cell,CD8 T cells,1396,6.5726,36.6097,0.0117,0.0009,Not cycling,0.4081,CD4 - Cytotoxic,,Meningioma,3266.0,1396,12.951622780159216
MSC6_TCAGGGCAGGTAGATT,MSC6,6,T_cell,CD8 T cells,1486,7.3344,36.2074,0.0139,-0.003,Not cycling,0.6423,CD4 - Cytotoxic,,Meningioma,3599.0,1486,12.33676021116977
MSC6_TCAGGGCAGGTTCTTG,MSC6,6,T_cell,CD8 T cells,1196,4.6748,35.9643,0.0754,-0.0551,Not cycling,0.2341,CD8 - Glycolysis/MYC,,Meningioma,3038.0,1196,14.516129032258064
MSC6_TCAGGGCGTATAGGGC,MSC6,6,T_cell,CD8 T cells,1518,5.0057,34.8433,-0.0742,-0.0253,Not cycling,0.9572,CD8 - Unassigned2,,Meningioma,4814.0,1518,7.540506855006232
MSC6_TCAGGGCTCAAGTAAG,MSC6,6,T_cell,CD8 T cells,1392,7.9487,35.4855,0.3717,0.0,Not cycling,0.6785,CD8 - Glycolysis/MYC,,Meningioma,3136.0,1392,10.491071428571429
MSC6_TCAGGTAAGGCCCACT,MSC6,6,T_cell,CD8 T cells,1221,6.0448,36.1072,0.0871,-0.0577,Not cycling,0.6514,CD8 - Glycolysis/MYC,,Meningioma,2788.0,1220,17.93400286944046
MSC6_TCAGGTACAGAGGAAA,MSC6,6,T_cell,CD8 T cells,1055,4.5687,36.708,0.0778,-0.0615,Not cycling,0.8638,CD8 - Memory/Naive1,,Meningioma,2528.0,1055,9.375
MSC6_TCAGGTACATAAGCGG,MSC6,6,T_cell,CD8 T cells,2386,-11.5918,13.4895,0.2584,0.5089,Not cycling,0.9899,CD4 - Cell Cycle,,Meningioma,8959.0,2386,3.192320571492354
MSC6_TCAGTCCAGACGGTCA,MSC6,6,T_cell,CD8 T cells,1230,5.9862,37.0545,0.0832,0.0685,Not cycling,1.0801,CD8 - Cytotoxic,CD8 - Cytotoxic,Meningioma,2888.0,1230,11.28808864265928
MSC6_TCAGTCCCAAGGTCAG,MSC6,6,T_cell,CD8 T cells,931,,,,,,,,,Meningioma,2040.0,931,8.529411764705882
MSC6_TCAGTCCCAGCCTATA,MSC6,6,T_cell,CD8 T cells,1403,7.4183,36.7223,0.0204,-0.0526,Not cycling,0.7028,CD8 - Cytotoxic,,Meningioma,2691.0,1403,11.259754738015607
MSC6_TCAGTCCTCACCCTGT,MSC6,6,T_cell,CD8 T cells,1419,6.836,36.7393,-0.0315,-0.0565,Not cycling,0.9116,CD4 - Cytotoxic,,Meningioma,3533.0,1419,10.444381545428815
MSC6_TCAGTCCTCCGTGGGT,MSC6,6,T_cell,CD8 T cells,1408,7.6552,37.0336,-0.0497,-0.0522,Not cycling,0.6434,CD8 - Cytotoxic,,Meningioma,3090.0,1408,9.385113268608414
MSC6_TCAGTCCTCGTACACA,MSC6,6,T_cell,CD8 T cells,673,,,,,,,,,Meningioma,1028.0,673,11.089494163424124
MSC6_TCAGTGAAGCAGCACA,MSC6,6,T_cell,CD8 T cells,1105,6.4509,37.6261,-0.111,0.0156,Not cycling,0.7352,CD8 - Dysfunction,,Meningioma,2528.0,1105,14.912974683544304
MSC6_TCAGTGAAGTCAACAA,MSC6,6,T_cell,CD8 T cells,1290,6.1757,37.1136,-0.0174,-0.017,Not cycling,0.7684,CD8 - Memory/Naive1,,Meningioma,2855.0,1290,11.033274956217163
MSC6_TCAGTGAGTCATACCA,MSC6,6,T_cell,CD8 T cells,1921,10.6822,32.2168,0.0475,1.8651,G2/M,2.43,CD4 - Cell Cycle,CD4 - Cell Cycle,Meningioma,5552.0,1921,10.410662824207494
MSC6_TCAGTTTGTAGTCGGA,MSC6,6,T_cell,CD8 T cells,3186,-7.8166,13.1982,0.6933,0.6964,Intermediate,1.4878,CD4 - Cell Cycle,CD4 - Cell Cycle,Meningioma,18102.0,3186,2.3754281294884545
MSC6_TCAGTTTTCCTGATAG,MSC6,6,T_cell,CD8 T cells,1182,7.3701,36.5505,0.0227,0.1284,Not cycling,1.4074,CD8 - Cytotoxic,CD8 - Cytotoxic,Meningioma,2701.0,1182,14.994446501295817
MSC6_TCATACTCAACGACTT,MSC6,6,T_cell,CD8 T cells,1166,5.5134,35.9047,-0.1063,-0.0089,Not cycling,0.6798,CD8 - Interferon,,Meningioma,2536.0,1166,13.012618296529968
MSC6_TCATACTGTAGTCCTA,MSC6,6,T_cell,CD8 T cells,1138,4.6646,36.3578,-0.1082,0.0051,Not cycling,0.6261,CD4 - Cytotoxic,,Meningioma,2597.0,1138,10.011551790527532
MSC6_TCATATCAGATTAGAC,MSC6,6,T_cell,CD8 T cells,1975,9.539,33.651,0.9972,0.2846,G1/S,1.5996,CD8 - Cell Cycle,,Meningioma,4433.0,1975,7.94044665012407
MSC6_TCATATCAGGACCCAA,MSC6,6,T_cell,CD8 T cells,972,,,,,,,,,Meningioma,2059.0,972,11.219038368139874
MSC6_TCATATCCAAGTTCGT,MSC6,6,T_cell,CD8 T cells,1220,6.8616,37.5931,-0.0442,-0.0017,Not cycling,1.027,CD8 - Cytotoxic,CD8 - Cytotoxic,Meningioma,2506.0,1220,12.889066241021549
MSC6_TCATATCGTCTGTGAT,MSC6,6,T_cell,CD8 T cells,1848,6.9417,36.1974,0.1247,0.058,Not cycling,0.8258,CD8 - Heat shock,,Meningioma,4585.0,1848,11.603053435114504
MSC6_TCATCATAGCATTTGC,MSC6,6,T_cell,CD8 T cells,2332,10.0741,32.9105,0.8266,1.422,G2/M,2.8327,CD4 - Cell Cycle,CD4 - Cell Cycle,Meningioma,6526.0,2332,8.335887220349372
MSC6_TCATCCGGTCAGTCGC,MSC6,6,T_cell,CD8 T cells,1006,4.9248,34.3833,0.0621,0.0659,Not cycling,1.2781,CD4 - Glycolysis/MYC,,Meningioma,2496.0,1006,11.177884615384615
MSC6_TCATCCGTCGAAGCAG,MSC6,6,T_cell,CD8 T cells,6263,0.3893,21.8202,0.7211,2.0447,G2/M,1.1414,CD4 - Cell Cycle,CD4 - Cell Cycle,Meningioma,34374.0,6262,11.406877290975737
MSC6_TCATCCGTCTTTCAGT,MSC6,6,T_cell,CD8 T cells,1024,4.8854,36.9365,0.0248,0.0675,Not cycling,0.7283,CD4 - Interferon,,Meningioma,2265.0,1024,14.216335540838852
MSC6_TCATGAGCATTGGATC,MSC6,6,T_cell,CD8 T cells,1863,6.322,35.5857,0.1856,0.2365,Not cycling,0.9365,CD8 - Cytotoxic,,Meningioma,5064.0,1863,9.834123222748815
MSC6_TCATGCCGTTCGAACT,MSC6,6,T_cell,CD8 T cells,6051,5.5472,20.4753,1.1963,-0.0371,G1/S,0.8297,CD4 - Glycolysis/MYC,,Meningioma,35323.0,6051,8.292047674319848
MSC6_TCATGCCTCTCTTGCG,MSC6,6,T_cell,CD8 T cells,1242,6.5303,36.9806,0.0691,0.01,Not cycling,0.6215,CD8 - Cytotoxic,,Meningioma,2343.0,1242,10.243277848911651
MSC6_TCATGGACAAGATGGC,MSC6,6,T_cell,CD8 T cells,1018,4.8177,37.0478,-0.106,0.0106,Not cycling,0.6667,CD4 - Dysfunction,,Meningioma,2049.0,1018,12.103465104929233
MSC6_TCATGTTAGACCGTTT,MSC6,6,T_cell,CD8 T cells,1148,5.7596,36.8977,0.0774,0.0002,Not cycling,0.8288,CD8 - Chromatin,,Meningioma,2348.0,1148,12.223168654173765
MSC6_TCATGTTAGACTAAGT,MSC6,6,T_cell,CD8 T cells,863,,,,,,,,,Meningioma,1694.0,863,4.7225501770956315
MSC6_TCATGTTCACAAACGG,MSC6,6,T_cell,CD8 T cells,2107,10.2721,32.7826,1.1451,1.011,Intermediate,3.5715,CD4 - Cell Cycle,CD4 - Cell Cycle,Meningioma,5480.0,2107,10.291970802919709
MSC6_TCATGTTGTACCCGCA,MSC6,6,T_cell,CD8 T cells,1015,6.3875,37.1391,0.0221,0.0707,Not cycling,1.2475,CD8 - Cytotoxic,CD8 - Cytotoxic,Meningioma,2107.0,1015,12.339819648789748
MSC6_TCATGTTGTATACCTG,MSC6,6,T_cell,CD8 T cells,1230,4.7567,36.5027,-0.0898,-0.0489,Not cycling,0.8714,CD8 - Interferon,,Meningioma,2771.0,1230,9.671598700830025
MSC6_TCATTACGTTCACGAT,MSC6,6,T_cell,CD8 T cells,1118,7.2727,37.6479,-0.0409,0.0066,Not cycling,1.757,CD8 - Heat shock,,Meningioma,2401.0,1118,9.954185755935027
MSC6_TCATTCACAAAGGGTC,MSC6,6,T_cell,CD8 T cells,1204,5.4368,36.5241,-0.0425,0.0015,Not cycling,0.6624,CD4 - Interferon,,Meningioma,2450.0,1204,9.83673469387755
MSC6_TCATTCAGTGTAACGG,MSC6,6,T_cell,CD8 T cells,1883,5.5451,35.3272,-0.0541,0.2309,Not cycling,0.3861,CD8 - Chromatin,,Meningioma,4536.0,1883,8.24514991181658
MSC6_TCATTCAGTTCGGTAT,MSC6,6,T_cell,CD8 T cells,1507,7.2259,37.3518,0.0752,-0.0572,Not cycling,1.2718,CD8 - Cytotoxic,CD8 - Cytotoxic,Meningioma,3999.0,1507,13.103275818954739
MSC6_TCATTCATCAATCCGA,MSC6,6,T_cell,CD8 T cells,717,,,,,,,,,Meningioma,1199.0,717,12.510425354462052
MSC6_TCATTGTTCCGAGGCT,MSC6,6,T_cell,CD8 T cells,1433,4.7779,35.5138,-0.0501,0.07,Not cycling,0.1206,CD8 - Chromatin,,Meningioma,3945.0,1433,8.314321926489226
MSC6_TCATTTGAGACTCGAG,MSC6,6,T_cell,CD8 T cells,1292,7.0994,36.0568,0.0669,0.1904,Not cycling,0.3407,CD4 - Glycolysis/MYC,,Meningioma,2791.0,1292,14.116804012898603
MSC6_TCATTTGCAAGTCCCG,MSC6,6,T_cell,CD8 T cells,1598,7.9852,35.2454,0.8016,0.1157,G1/S,1.2863,CD8 - Cytotoxic,CD8 - Cytotoxic,Meningioma,3948.0,1598,13.373860182370821
MSC6_TCATTTGGTGCAGTGA,MSC6,6,T_cell,CD8 T cells,1011,5.77,37.0255,0.014,0.0056,Not cycling,1.0308,CD8 - Cytotoxic,CD8 - Cytotoxic,Meningioma,1834.0,1011,10.959651035986914
MSC6_TCCACCAGTAGTCGTT,MSC6,6,T_cell,CD8 T cells,760,,,,,,,,,Meningioma,1674.0,760,17.980884109916367
MSC6_TCCACCAGTCGTTGCG,MSC6,6,T_cell,CD8 T cells,3101,10.6744,32.25,0.4129,2.4682,G2/M,2.5292,CD4 - Cell Cycle,CD4 - Cell Cycle,Meningioma,9292.0,3101,6.5109771846749895
MSC6_TCCACGTAGCGTCAGA,MSC6,6,T_cell,CD8 T cells,908,,,,,,,,,Meningioma,2383.0,908,19.974821653378093
MSC6_TCCACGTAGGATGTTA,MSC6,6,T_cell,CD8 T cells,1486,7.6639,35.8225,0.2486,-0.0003,Not cycling,0.9503,CD8 - Cytotoxic,,Meningioma,3459.0,1486,8.991037872217404
MSC6_TCCACGTTCAAGCCGC,MSC6,6,T_cell,CD8 T cells,1155,6.1109,37.786,0.0103,0.0476,Not cycling,0.7043,CD8 - Cytotoxic,,Meningioma,2477.0,1155,11.182882519176424
MSC6_TCCAGAACAGCATCTA,MSC6,6,T_cell,CD8 T cells,1279,5.2058,36.6209,0.0278,0.0691,Not cycling,0.2711,CD4 - Naive2,,Meningioma,3167.0,1279,17.68234922639722
MSC6_TCCATCGAGGTTCTAC,MSC6,6,T_cell,CD8 T cells,1003,5.4879,36.1799,0.0199,0.0141,Not cycling,0.9018,CD4 - Cytotoxic,,Meningioma,2125.0,1003,13.505882352941176
MSC6_TCCATCGCACTTGGGC,MSC6,6,T_cell,CD8 T cells,1059,5.3904,36.9587,-0.1087,-0.0039,Not cycling,0.8649,CD8 - Cytotoxic,,Meningioma,2500.0,1059,13.2
MSC6_TCCATCGTCCAACACA,MSC6,6,T_cell,CD8 T cells,1682,6.7427,35.5243,0.2959,0.043,Not cycling,0.8331,CD8 - Heat shock,,Meningioma,4125.0,1682,12.048484848484849
MSC6_TCCATCGTCGCAATTG,MSC6,6,T_cell,CD8 T cells,778,,,,,,,,,Meningioma,1454.0,778,9.766162310866575
MSC6_TCCATGCAGGCACCAA,MSC6,6,T_cell,CD8 T cells,1548,6.5139,37.3391,-0.0281,0.1042,Not cycling,0.6807,CD8 - Cytotoxic,,Meningioma,3761.0,1548,14.836479659664983
MSC6_TCCATGCCACAAGTTC,MSC6,6,T_cell,CD8 T cells,2190,5.7305,35.3998,-0.0924,0.7282,G2/M,1.002,CD4 - Stress/HSP,,Meningioma,4838.0,2190,5.725506407606449
MSC6_TCCCACAAGCACTCTA,MSC6,6,T_cell,CD8 T cells,1893,9.4929,33.6837,1.0878,0.4099,G1/S,1.4094,CD4 - Cell Cycle,CD4 - Cell Cycle,Meningioma,4269.0,1893,8.081517919887562
MSC6_TCCCACAGTGTCGCTG,MSC6,6,T_cell,CD8 T cells,1269,6.6748,37.2552,0.0249,0.0026,Not cycling,1.0297,CD8 - Cytotoxic,CD8 - Cytotoxic,Meningioma,2930.0,1269,12.320819112627987
MSC6_TCCCACAGTTCTATCT,MSC6,6,T_cell,CD8 T cells,1081,6.7459,37.5334,-0.0335,-0.0401,Not cycling,0.7272,CD4 - Naive1,,Meningioma,2510.0,1081,15.378486055776893
MSC6_TCCCACATCGGCCAAC,MSC6,6,T_cell,CD8 T cells,1030,6.4278,37.0803,-0.0402,0.012,Not cycling,0.6356,CD8 - Cytotoxic,,Meningioma,2222.0,1030,19.981998199819984
MSC6_TCCCAGTCAGGTTTAC,MSC6,6,T_cell,CD8 T cells,1469,5.6215,36.61,0.3096,0.0594,Not cycling,0.5226,CD8 - Naive2,,Meningioma,3549.0,1469,19.273034657650044
MSC6_TCCCAGTGTCGAACGA,MSC6,6,T_cell,CD8 T cells,1168,5.9799,36.5446,-0.1036,0.0116,Not cycling,0.7324,CD4 - Cytotoxic,,Meningioma,2749.0,1168,12.550018188432157
MSC6_TCCCAGTTCAGACCGC,MSC6,6,T_cell,CD8 T cells,791,,,,,,,,,Meningioma,1830.0,791,17.049180327868854
MSC6_TCCCAGTTCAGATTGC,MSC6,6,T_cell,CD8 T cells,2722,5.1912,34.4489,0.4048,1.7838,G2/M,1.7646,CD4 - Cell Cycle,CD4 - Cell Cycle,Meningioma,7658.0,2722,7.221206581352834
MSC6_TCCCATGAGCCTCAAT,MSC6,6,T_cell,CD8 T cells,1782,9.9542,33.2063,1.3434,0.7735,G1/S,2.6201,CD4 - Cell Cycle,CD4 - Cell Cycle,Meningioma,4618.0,1782,11.758336942399307
MSC6_TCCCATGCATCGCTCT,MSC6,6,T_cell,CD8 T cells,1133,5.8031,37.0995,-0.0376,0.0651,Not cycling,0.6051,CD8 - Chromatin,,Meningioma,2601.0,1133,11.84159938485198
MSC6_TCCCATGGTGCAGATG,MSC6,6,T_cell,CD8 T cells,981,,,,,,,,,Meningioma,2286.0,981,16.972878390201224
MSC6_TCCGAAAGTTCACGAT,MSC6,6,T_cell,CD8 T cells,1695,5.7296,35.9085,0.0082,0.0056,Not cycling,0.6292,CD8 - Chromatin,,Meningioma,4333.0,1695,11.031617816755135
MSC6_TCCGATCTCGCCCAGA,MSC6,6,T_cell,CD8 T cells,1883,5.472,34.7267,0.0724,0.9986,G2/M,0.9674,CD4 - Cell Cycle,,Meningioma,5009.0,1883,10.501098023557596
MSC6_TCCGTGTTCCTTATCA,MSC6,6,T_cell,CD8 T cells,519,,,,,,,,,Meningioma,900.0,519,5.0
MSC6_TCCTCCCAGTATGGAT,MSC6,6,T_cell,CD8 T cells,1161,5.0379,36.59,0.0208,0.0079,Not cycling,0.43,CD4 - Naive1,,Meningioma,2400.0,1161,13.375
MSC6_TCCTCCCGTCACGCTG,MSC6,6,T_cell,CD8 T cells,2022,9.4369,33.755,1.131,0.4646,G1/S,1.5751,CD4 - Cell Cycle,CD4 - Cell Cycle,Meningioma,4765.0,2022,9.485834207764952
MSC6_TCCTCCCGTGAACTAA,MSC6,6,T_cell,CD8 T cells,1111,-15.4018,25.2947,0.0185,-0.0589,Not cycling,0.9543,CD8 - Memory/Naive1,,Meningioma,2691.0,1111,7.58082497212932
MSC6_TCCTCCCGTTAAACCC,MSC6,6,T_cell,CD8 T cells,1567,-16.3101,26.0245,0.8553,-0.062,G1/S,1.1446,CD8 - Chromatin,,Meningioma,3248.0,1567,10.62192118226601
MSC6_TCCTCGAAGCTACTAC,MSC6,6,T_cell,CD8 T cells,1121,7.7107,36.7445,0.0381,-0.0465,Not cycling,1.2965,CD4 - Cytotoxic,CD4 - Cytotoxic,Meningioma,2565.0,1121,11.38401559454191
MSC6_TCCTCGACAGAACTAA,MSC6,6,T_cell,CD8 T cells,1195,4.6402,36.0913,-0.1315,0.1173,Not cycling,0.3977,CD4 - Naive1,,Meningioma,2846.0,1195,10.541110330288124
MSC6_TCCTCGACAGATCACT,MSC6,6,T_cell,CD8 T cells,1832,5.9261,35.9783,-0.0541,0.0609,Not cycling,0.4544,CD4 - Naive1,,Meningioma,5468.0,1832,13.880760790051207
MSC6_TCCTCGACATCCTTGC,MSC6,6,T_cell,CD8 T cells,1177,5.7616,36.2268,-0.0399,-0.0497,Not cycling,0.8509,CD8 - Chromatin,,Meningioma,2519.0,1177,7.820563715760223
MSC6_TCCTCGAGTCATCGGC,MSC6,6,T_cell,CD8 T cells,1149,6.43,36.0121,-0.1042,0.1882,Not cycling,0.9258,CD8 - Unassigned2,,Meningioma,2569.0,1149,12.028026469443363
MSC6_TCCTCTTAGGATTTGA,MSC6,6,T_cell,CD8 T cells,1306,6.9122,36.767,-0.048,-0.0556,Not cycling,0.802,CD8 - Cytotoxic,,Meningioma,2921.0,1306,17.699418007531666
MSC6_TCCTCTTCATCGGCCA,MSC6,6,T_cell,CD8 T cells,885,,,,,,,,,Meningioma,1770.0,885,5.423728813559322
MSC6_TCCTGCAAGGTTAGTA,MSC6,6,T_cell,CD8 T cells,1232,6.7763,37.4504,-0.041,-0.0053,Not cycling,0.017,CD8 - Memory/Naive1,,Meningioma,2648.0,1232,9.743202416918429
MSC6_TCCTGCACAATACCCA,MSC6,6,T_cell,CD8 T cells,1211,7.2598,36.6756,0.0348,0.0079,Not cycling,0.8235,CD8 - Heat shock,,Meningioma,2637.0,1211,11.452408039438756
MSC6_TCCTGCAGTCTATGAC,MSC6,6,T_cell,CD8 T cells,1613,8.6757,34.6391,0.6722,0.1735,Not cycling,0.9736,CD4 - Cell Cycle,,Meningioma,3431.0,1613,9.559895074322355
MSC6_TCCTGCATCCGCAACG,MSC6,6,T_cell,CD8 T cells,1251,7.0041,36.9863,-0.044,0.0005,Not cycling,1.1095,CD8 - Cytotoxic,CD8 - Cytotoxic,Meningioma,2906.0,1251,13.317274604267034
MSC6_TCCTGCATCGTTGTTT,MSC6,6,T_cell,CD8 T cells,1117,7.1858,36.9252,-0.0328,-0.0478,Not cycling,0.7093,CD8 - Cytotoxic,,Meningioma,2378.0,1117,10.723296888141295
MSC6_TCCTTCTAGTTGTAAG,MSC6,6,T_cell,CD8 T cells,1525,6.7429,37.035,-0.1126,0.0517,Not cycling,0.6052,CD8 - Dysfunction,,Meningioma,3645.0,1525,8.97119341563786
MSC6_TCCTTCTCAGTGGGTA,MSC6,6,T_cell,CD8 T cells,907,,,,,,,,,Meningioma,1990.0,907,15.829145728643216
MSC6_TCCTTCTGTCCGGACT,MSC6,6,T_cell,CD8 T cells,965,,,,,,,,,Meningioma,2121.0,965,12.211221122112212
MSC6_TCCTTCTGTGCGAACA,MSC6,6,T_cell,CD8 T cells,829,,,,,,,,,Meningioma,1477.0,829,13.405551794177386
MSC6_TCCTTCTGTGCTGATT,MSC6,6,T_cell,CD8 T cells,1736,3.7229,35.5877,0.1163,0.659,G2/M,0.7482,CD4 - Cell Cycle,,Meningioma,4221.0,1736,7.059938403221985
MSC6_TCCTTTCAGCTCTGTA,MSC6,6,T_cell,CD8 T cells,1244,7.6103,36.9727,-0.0569,-0.0588,Not cycling,0.7489,CD8 - Cytotoxic,,Meningioma,2960.0,1244,18.175675675675677
MSC6_TCGAACACAACTGCTA,MSC6,6,T_cell,CD8 T cells,629,,,,,,,,,Meningioma,1073.0,629,14.631873252562908
MSC6_TCGAAGTGTCGCTGCA,MSC6,6,T_cell,CD8 T cells,1123,6.6565,37.2011,-0.0369,0.0703,Not cycling,0.5952,CD4 - Naive1,,Meningioma,2523.0,1123,14.902893380895758
MSC6_TCGACCTCAGTTGTTG,MSC6,6,T_cell,CD8 T cells,1384,6.3352,36.4211,0.0205,0.0632,Not cycling,0.7573,CD4 - Cytotoxic,,Meningioma,3368.0,1384,19.03206650831354
MSC6_TCGACGGCACTATCGA,MSC6,6,T_cell,CD8 T cells,926,,,,,,,,,Meningioma,2024.0,926,9.041501976284586
MSC6_TCGACGGCACTCCCTA,MSC6,6,T_cell,CD8 T cells,1133,4.8135,36.9285,-0.102,0.0015,Not cycling,0.5005,CD4 - Cytotoxic,,Meningioma,2527.0,1133,14.04827859121488
MSC6_TCGACGGGTCGACTTA,MSC6,6,T_cell,CD8 T cells,816,,,,,,,,,Meningioma,1786.0,816,9.462486002239642
MSC6_TCGACGGGTCGTATGT,MSC6,6,T_cell,CD8 T cells,947,,,,,,,,,Meningioma,2150.0,947,17.953488372093023
MSC6_TCGATTTCATTCATCT,MSC6,6,T_cell,CD8 T cells,1001,6.4684,36.4361,,,,,,,Meningioma,2115.0,1001,14.42080378250591
MSC6_TCGCACTAGAATAGTC,MSC6,6,T_cell,CD8 T cells,2490,10.7303,32.1664,0.1988,1.9267,G2/M,2.4052,CD4 - Cell Cycle,CD4 - Cell Cycle,Meningioma,6557.0,2490,7.137410401098063
MSC6_TCGCACTAGTTCACTG,MSC6,6,T_cell,CD8 T cells,845,,,,,,,,,Meningioma,1477.0,845,12.254570074475287
MSC6_TCGCACTCAATCTCGA,MSC6,6,T_cell,CD8 T cells,1046,5.7308,37.3609,0.0159,0.1222,Not cycling,1.1226,CD4 - Cytotoxic,CD4 - Cytotoxic,Meningioma,2256.0,1046,9.707446808510639
MSC6_TCGCAGGCACGTAACT,MSC6,6,T_cell,CD8 T cells,1219,6.3601,36.5123,-0.0953,0.0094,Not cycling,0.409,CD4 - Cytotoxic,,Meningioma,2656.0,1219,14.156626506024097
MSC6_TCGCAGGCAGGAGACT,MSC6,6,T_cell,CD8 T cells,1276,5.983,36.806,-0.0437,0.0078,Not cycling,0.7856,CD4 - Cytotoxic,,Meningioma,3406.0,1276,9.365825014679977
MSC6_TCGCAGGCAGGTGTTT,MSC6,6,T_cell,CD8 T cells,1134,6.8219,37.1722,-0.0912,0.0082,Not cycling,0.8598,CD4 - Cytotoxic,,Meningioma,2683.0,1134,7.789787551248602
MSC6_TCGCTCAAGTAGCTCT,MSC6,6,T_cell,CD8 T cells,1142,7.314,36.9706,-0.0873,0.0013,Not cycling,0.6635,CD8 - Heat shock,,Meningioma,2370.0,1142,11.729957805907173
MSC6_TCGCTCAAGTGGCGAT,MSC6,6,T_cell,CD8 T cells,728,,,,,,,,,Meningioma,1661.0,728,18.242022877784468
MSC6_TCGCTCAGTCTTTCAT,MSC6,6,T_cell,CD8 T cells,937,,,,,,,,,Meningioma,2020.0,937,10.891089108910892
MSC6_TCGCTTGGTATGGAGC,MSC6,6,T_cell,CD8 T cells,1159,4.8017,36.2329,0.1779,-0.0781,Not cycling,0.3512,CD4 - Interferon,,Meningioma,2768.0,1159,16.329479768786126
MSC6_TCGCTTGGTGGACTAG,MSC6,6,T_cell,CD8 T cells,2706,10.5275,32.2961,0.092,1.8041,G2/M,1.2403,CD4 - Cell Cycle,CD4 - Cell Cycle,Meningioma,8048.0,2706,9.604870775347912
MSC6_TCGCTTGTCACGGGCT,MSC6,6,T_cell,CD8 T cells,984,,,,,,,,,Meningioma,2065.0,984,10.750605326876514
MSC6_TCGGATAAGGCAATGC,MSC6,6,T_cell,CD8 T cells,1002,6.163,37.1815,,,,,,,Meningioma,2174.0,1002,17.939282428702853
MSC6_TCGGATACAGTCAGCC,MSC6,6,T_cell,CD8 T cells,965,,,,,,,,,Meningioma,2329.0,965,15.800772863890082
MSC6_TCGGATAGTGGTCTCG,MSC6,6,T_cell,CD8 T cells,1074,-11.1257,13.5686,0.4874,0.0389,Not cycling,1.5419,CD4 - Cell Cycle,CD4 - Cell Cycle,Meningioma,2361.0,1074,6.819144430326133
MSC6_TCGGGACAGAACTCCT,MSC6,6,T_cell,CD8 T cells,1152,5.109,36.4014,-0.0378,0.1293,Not cycling,0.9549,CD4 - Interferon,,Meningioma,2578.0,1152,12.761830876648565
MSC6_TCGGGACCAGCTGAGA,MSC6,6,T_cell,CD8 T cells,1661,4.4692,36.4445,0.0114,0.0049,Not cycling,0.8478,CD8 - Naive2,,Meningioma,5080.0,1661,12.224409448818898
MSC6_TCGGGCAAGTAGGAAG,MSC6,6,T_cell,CD8 T cells,1276,7.1827,36.2724,0.0169,-0.0592,Not cycling,0.1488,CD8 - Cytotoxic,,Meningioma,2655.0,1276,10.88512241054614
MSC6_TCGGGCAAGTCGTTAC,MSC6,6,T_cell,CD8 T cells,1351,6.9849,36.1504,0.0783,0.0122,Not cycling,0.9255,CD8 - Cytotoxic,,Meningioma,3283.0,1351,8.894303990252817
MSC6_TCGGTCTAGCACTTTG,MSC6,6,T_cell,CD8 T cells,990,,,,,,,,,Meningioma,2064.0,990,5.426356589147287
MSC6_TCGGTCTTCACATTGG,MSC6,6,T_cell,CD8 T cells,1168,5.1008,36.3622,0.0805,0.0084,Not cycling,0.7719,CD4 - Interferon,,Meningioma,2663.0,1168,10.739767179872324
MSC6_TCGGTCTTCGCAATTG,MSC6,6,T_cell,CD8 T cells,1073,5.4229,37.6382,-0.037,-0.0475,Not cycling,0.6526,CD8 - Cytotoxic,,Meningioma,2582.0,1073,15.646785437645237
MSC6_TCGTAGACATCAGCTA,MSC6,6,T_cell,CD8 T cells,924,,,,,,,,,Meningioma,2262.0,924,9.549071618037136
MSC6_TCGTAGAGTACCATAC,MSC6,6,T_cell,CD8 T cells,1924,10.7531,32.1541,0.167,2.0511,G2/M,2.7567,CD4 - Cell Cycle,CD4 - Cell Cycle,Meningioma,4636.0,1924,7.1397756686798965
MSC6_TCGTAGAGTAGGTGCA,MSC6,6,T_cell,CD8 T cells,934,,,,,,,,,Meningioma,1919.0,934,15.112037519541428
MSC6_TCGTCCAGTGCACAAG,MSC6,6,T_cell,CD8 T cells,1486,10.0259,33.0329,0.9749,0.717,G1/S,3.9078,CD8 - Cell Cycle,,Meningioma,3405.0,1486,10.807635829662262
MSC6_TCGTGCTCACACCAGC,MSC6,6,T_cell,CD8 T cells,760,,,,,,,,,Meningioma,1417.0,760,14.184897671136204
MSC6_TCGTGGGAGTCGAATA,MSC6,6,T_cell,CD8 T cells,782,,,,,,,,,Meningioma,1596.0,782,16.604010025062657
MSC6_TCGTGGGCAGTTTCGA,MSC6,6,T_cell,CD8 T cells,873,,,,,,,,,Meningioma,1731.0,873,13.113807047949162
MSC6_TCGTGGGCATAGGAGC,MSC6,6,T_cell,CD8 T cells,2247,-9.6579,14.6386,0.2948,1.3666,G2/M,2.5685,CD4 - Cell Cycle,CD4 - Cell Cycle,Meningioma,6142.0,2247,6.138065776619993
MSC6_TCGTGGGGTCAACCTA,MSC6,6,T_cell,CD8 T cells,708,,,,,,,,,Meningioma,1446.0,708,15.560165975103734
MSC6_TCGTGGGGTTGTATGC,MSC6,6,T_cell,CD8 T cells,1134,9.221,34.2638,0.9198,0.2368,G1/S,1.2975,CD4 - Cell Cycle,CD4 - Cell Cycle,Meningioma,2300.0,1134,11.043478260869565
MSC6_TCGTGGGTCGGCTGGT,MSC6,6,T_cell,CD8 T cells,663,,,,,,,,,Meningioma,1329.0,663,18.660647103085026
MSC6_TCTAACTCAGAAATCA,MSC6,6,T_cell,CD8 T cells,2606,4.978,34.1441,0.7513,0.3209,G1/S,0.798,CD4 - Glycolysis/MYC,,Meningioma,10977.0,2606,11.369226564635147
MSC6_TCTAACTGTTAGAGAT,MSC6,6,T_cell,CD8 T cells,744,,,,,,,,,Meningioma,1229.0,744,5.695687550854353
MSC6_TCTACATAGCGAGTCA,MSC6,6,T_cell,CD8 T cells,1158,5.744,37.2479,-0.093,-0.047,Not cycling,0.5832,CD8 - Naive3,,Meningioma,2260.0,1158,9.557522123893806
MSC6_TCTACATCACAAGTTC,MSC6,6,T_cell,CD8 T cells,930,,,,,,,,,Meningioma,1701.0,930,9.58259847148736
MSC6_TCTACATCACTACAGT,MSC6,6,T_cell,CD8 T cells,1345,7.1354,37.2787,-0.0213,-0.0451,Not cycling,0.7466,CD4 - Cytotoxic,,Meningioma,2936.0,1345,7.970027247956403
MSC6_TCTACCGCACGACCTG,MSC6,6,T_cell,CD8 T cells,1965,5.3203,35.0799,-0.1793,-0.0107,Not cycling,0.4993,CD8 - Glycolysis/MYC,,Meningioma,4483.0,1965,9.792549631942896
MSC6_TCTACCGGTCTAGTGT,MSC6,6,T_cell,CD8 T cells,1108,6.1065,36.5425,-0.0903,-0.053,Not cycling,0.4078,CD8 - Cytotoxic,,Meningioma,2506.0,1108,11.332801276935355
MSC6_TCTACCGGTCTTTCAT,MSC6,6,T_cell,CD8 T cells,1082,5.9195,37.6449,0.0172,-0.0631,Not cycling,0.7517,CD8 - Chromatin,,Meningioma,2167.0,1082,6.552838024919243
MSC6_TCTACCGTCCGATCGG,MSC6,6,T_cell,CD8 T cells,1467,7.7649,36.7022,0.0851,0.1216,Not cycling,0.1804,CD8 - Glycolysis/MYC,,Meningioma,3474.0,1467,12.26252158894646
MSC6_TCTACCGTCGTAGTCA,MSC6,6,T_cell,CD8 T cells,708,,,,,,,,,Meningioma,1623.0,708,14.109673444239064
MSC6_TCTATACAGCCTAACT,MSC6,6,T_cell,CD8 T cells,1347,5.5551,36.7476,0.0739,-0.0609,Not cycling,0.619,CD8 - Memory/Naive1,,Meningioma,3201.0,1347,11.683848797250858
MSC6_TCTATACAGCGTCAAG,MSC6,6,T_cell,CD8 T cells,1302,5.0914,35.7473,0.0635,-0.0599,Not cycling,0.3336,CD4 - Naive1,,Meningioma,3193.0,1302,11.619166927654243
MSC6_TCTATACAGTAGACAT,MSC6,6,T_cell,CD8 T cells,1060,5.9223,37.0952,-0.0243,0.0032,Not cycling,0.3058,CD8 - Unassigned2,,Meningioma,2237.0,1060,11.98033080017881
MSC6_TCTATACGTTGATCGT,MSC6,6,T_cell,CD8 T cells,516,,,,,,,,,Meningioma,962.0,516,18.08731808731809
MSC6_TCTATACTCCATAGAC,MSC6,6,T_cell,CD8 T cells,964,,,,,,,,,Meningioma,2186.0,964,15.96523330283623
MSC6_TCTATACTCGCGCTGA,MSC6,6,T_cell,CD8 T cells,1730,7.6659,35.8777,0.3052,0.169,Not cycling,0.5342,CD4 - Cytotoxic,,Meningioma,4208.0,1730,13.165399239543726
MSC6_TCTATCAGTCAGTCCG,MSC6,6,T_cell,CD8 T cells,1382,6.1507,35.8715,-0.065,-0.0516,Not cycling,0.84,CD8 - Heat shock,,Meningioma,2838.0,1382,6.272022551092318
MSC6_TCTATCATCGTGCTCT,MSC6,6,T_cell,CD8 T cells,1396,7.3893,36.383,0.024,-0.055,Not cycling,0.4073,CD4 - Cytotoxic,,Meningioma,3239.0,1396,9.447360296387775
MSC6_TCTCACGAGAGCAAGA,MSC6,6,T_cell,CD8 T cells,1160,5.2984,37.291,0.0176,-0.0577,Not cycling,1.2474,CD8 - Cytotoxic,CD8 - Cytotoxic,Meningioma,2789.0,1160,11.40193617784152
MSC6_TCTCACGAGGTAGTCG,MSC6,6,T_cell,CD8 T cells,1128,5.8875,37.533,-0.1012,0.0091,Not cycling,0.9389,CD8 - Heat shock,,Meningioma,2465.0,1128,15.578093306288032
MSC6_TCTCACGAGTCCCGGT,MSC6,6,T_cell,CD8 T cells,1459,4.9431,36.2337,-0.046,0.0093,Not cycling,1.0157,CD8 - Chromatin,,Meningioma,3515.0,1459,13.314366998577524
MSC6_TCTCACGGTGCACAAG,MSC6,6,T_cell,CD8 T cells,992,,,,,,,,,Meningioma,2136.0,992,17.322097378277153
MSC6_TCTCAGCGTTCCTACC,MSC6,6,T_cell,CD8 T cells,1120,5.9443,36.1594,-0.0586,0.0559,Not cycling,0.9589,CD8 - Memory/Naive1,,Meningioma,2415.0,1120,17.9296066252588
MSC6_TCTCAGCTCTCACCCA,MSC6,6,T_cell,CD8 T cells,1933,5.5675,34.8332,0.1233,-0.0739,Not cycling,0.6525,CD8 - Unassigned2,,Meningioma,5414.0,1933,8.828961950498707
MSC6_TCTCAGCTCTTCGCTG,MSC6,6,T_cell,CD8 T cells,2516,6.0029,36.0136,0.0503,0.0672,Not cycling,1.6464,CD8 - Chromatin,,Meningioma,6074.0,2516,13.33552848205466
MSC6_TCTCCGAAGATTTGCC,MSC6,6,T_cell,CD8 T cells,1536,7.3176,36.3225,0.0174,0.0011,Not cycling,0.9461,CD4 - Cytotoxic,,Meningioma,3844.0,1536,9.963579604578564
MSC6_TCTCCGAGTGGGATTG,MSC6,6,T_cell,CD8 T cells,1654,9.6241,33.502,1.0873,0.4072,G1/S,2.567,CD8 - Cell Cycle,,Meningioma,3910.0,1654,9.948849104859335
MSC6_TCTCTGGGTCGTGGAA,MSC6,6,T_cell,CD8 T cells,3089,10.7604,32.1506,0.5662,1.9311,G2/M,2.223,CD4 - Cell Cycle,CD4 - Cell Cycle,Meningioma,10030.0,3089,9.860418743768694
MSC6_TCTGCCAAGTGTTCAC,MSC6,6,T_cell,CD8 T cells,1634,5.0812,35.117,0.0308,0.0924,Not cycling,0.7999,CD4 - Naive2,,Meningioma,5440.0,1634,8.106617647058824
MSC6_TCTGCCACACATTCTT,MSC6,6,T_cell,CD8 T cells,1164,6.6841,37.304,-0.0941,-0.0489,Not cycling,1.2334,CD8 - Chromatin,,Meningioma,2370.0,1164,8.60759493670886
MSC6_TCTGCCATCTACTTCA,MSC6,6,T_cell,CD8 T cells,1787,9.5082,33.6699,0.9245,-0.005,G1/S,1.7505,CD8 - Cell Cycle,,Meningioma,4002.0,1787,8.72063968015992
MSC6_TCTGGCTCAAACCGGA,MSC6,6,T_cell,CD8 T cells,1412,5.4349,35.9026,-0.0566,0.4903,Not cycling,0.7723,CD8 - Unassigned1,,Meningioma,3351.0,1412,16.89048045359594
MSC6_TCTGGCTGTGCGGATA,MSC6,6,T_cell,CD8 T cells,1158,6.0082,36.9599,0.0872,0.0748,Not cycling,0.8483,CD8 - Cytotoxic,,Meningioma,2835.0,1158,12.663139329805997
MSC6_TCTGGCTTCGCAGAGA,MSC6,6,T_cell,CD8 T cells,1234,4.6837,36.4995,-0.0724,0.1812,Not cycling,0.2845,CD8 - Unassigned2,,Meningioma,2831.0,1234,10.985517484987637
MSC6_TCTTAGTAGCCTCACG,MSC6,6,T_cell,CD8 T cells,1014,6.5941,37.6776,-0.0983,-0.0574,Not cycling,1.2252,CD8 - Cytotoxic,CD8 - Cytotoxic,Meningioma,2005.0,1014,14.064837905236908
MSC6_TCTTAGTCAACCGTAT,MSC6,6,T_cell,CD8 T cells,1014,6.9904,37.7375,-0.0453,-0.054,Not cycling,0.5678,CD8 - Cytotoxic,,Meningioma,2002.0,1014,10.939060939060939
MSC6_TCTTAGTCAACTTCTT,MSC6,6,T_cell,CD8 T cells,1120,4.9292,36.248,-0.1066,0.0116,Not cycling,2.364,CD8 - Interferon,,Meningioma,2717.0,1120,17.629738682370263
MSC6_TCTTAGTCATCCGAAT,MSC6,6,T_cell,CD8 T cells,965,,,,,,,,,Meningioma,1959.0,965,12.353241449719244
MSC6_TCTTAGTGTACGAGTG,MSC6,6,T_cell,CD8 T cells,1301,4.6384,35.4957,0.0095,-0.0701,Not cycling,0.2036,CD4 - Naive2,,Meningioma,6373.0,1301,2.8244155029028715
MSC6_TCTTCCTCAACCACAT,MSC6,6,T_cell,CD8 T cells,1103,4.6129,36.6717,-0.0926,0.0015,Not cycling,0.3322,CD8 - Chromatin,,Meningioma,2435.0,1103,9.815195071868583
MSC6_TCTTCCTCAATGTGGG,MSC6,6,T_cell,CD8 T cells,870,,,,,,,,,Meningioma,1889.0,870,13.763896241397564
MSC6_TCTTCCTCACGACAGA,MSC6,6,T_cell,CD8 T cells,600,,,,,,,,,Meningioma,1183.0,600,10.650887573964496
MSC6_TCTTGCGGTAGAATAC,MSC6,6,T_cell,CD8 T cells,2091,10.717,32.2246,0.4695,1.4979,G2/M,2.3971,CD8 - Cell Cycle,,Meningioma,5625.0,2091,11.715555555555556
MSC6_TCTTGCGGTGCCGAAA,MSC6,6,T_cell,CD8 T cells,1783,6.0935,35.7596,0.012,-0.0506,Not cycling,0.5829,CD8 - Chromatin,,Meningioma,4335.0,1783,16.470588235294116
MSC6_TCTTGCGTCTACCTTA,MSC6,6,T_cell,CD8 T cells,958,,,,,,,,,Meningioma,2064.0,958,16.76356589147287
MSC6_TCTTTGAGTGTGTACT,MSC6,6,T_cell,CD8 T cells,1604,6.4208,36.1719,-0.068,0.0552,Not cycling,1.5409,CD4 - Treg,CD4 - Treg,Meningioma,4087.0,1604,9.66479080009787
MSC6_TGAACGTAGGATGCGT,MSC6,6,T_cell,CD8 T cells,1134,4.8251,36.1824,-0.0963,-0.0484,Not cycling,0.6904,CD8 - Cytotoxic,,Meningioma,2684.0,1134,11.214605067064083
MSC6_TGAACGTGTCAAGCCC,MSC6,6,T_cell,CD8 T cells,670,,,,,,,,,Meningioma,1365.0,670,3.076923076923077
MSC6_TGAACGTTCCGTGTGG,MSC6,6,T_cell,CD8 T cells,1066,4.9487,36.975,0.0141,-0.0586,Not cycling,0.4079,CD8 - Cytotoxic,,Meningioma,2262.0,1066,10.344827586206897
MSC6_TGAATCGAGCCATATC,MSC6,6,T_cell,CD8 T cells,1177,5.1273,36.2928,-0.1059,0.2452,Not cycling,1.0981,CD8 - Cytotoxic,CD8 - Cytotoxic,Meningioma,2636.0,1177,16.12291350531108
MSC6_TGAATCGCACGGGCTT,MSC6,6,T_cell,CD8 T cells,1261,7.8066,37.02,0.2068,0.0021,Not cycling,0.5469,CD8 - Cytotoxic,,Meningioma,3167.0,1261,12.630249447426587
MSC6_TGAATCGGTCAGATTC,MSC6,6,T_cell,CD8 T cells,1444,-10.9919,15.7011,0.2738,0.8205,G2/M,1.2278,CD4 - Cell Cycle,CD4 - Cell Cycle,Meningioma,3165.0,1444,8.973143759873619
MSC6_TGAATCGTCCAATCCC,MSC6,6,T_cell,CD8 T cells,1273,7.1942,36.9532,0.1412,-0.0526,Not cycling,0.9722,CD8 - Heat shock,,Meningioma,2960.0,1273,10.337837837837839
MSC6_TGAATGCAGCTGGCCT,MSC6,6,T_cell,CD8 T cells,998,,,,,,,,,Meningioma,2565.0,998,11.617933723196881
MSC6_TGAATGCAGGAGCTGT,MSC6,6,T_cell,CD8 T cells,1195,7.6717,37.3957,0.076,0.0051,Not cycling,0.7444,CD8 - Cytotoxic,,Meningioma,2623.0,1195,8.921082729698819
MSC6_TGAATGCCAAGGCAAC,MSC6,6,T_cell,CD8 T cells,1455,6.011,36.0734,-0.1133,0.2465,Not cycling,0.568,CD8 - Unassigned2,,Meningioma,3424.0,1455,9.05373831775701
MSC6_TGAATGCGTCCACATA,MSC6,6,T_cell,CD8 T cells,1005,6.0693,37.6579,0.0112,0.1864,Not cycling,1.1801,CD8 - Cytotoxic,CD8 - Cytotoxic,Meningioma,2171.0,1005,10.317825886688162
MSC6_TGACAGTAGCACTAGG,MSC6,6,T_cell,CD8 T cells,1077,7.5278,37.573,-0.1105,0.0033,Not cycling,2.1319,CD8 - Cytotoxic,CD8 - Cytotoxic,Meningioma,2856.0,1077,19.362745098039216
MSC6_TGACAGTAGTGGAATT,MSC6,6,T_cell,CD8 T cells,1073,7.4664,37.7318,-0.1123,0.1291,Not cycling,1.0659,CD4 - Cytotoxic,CD4 - Cytotoxic,Meningioma,2475.0,1073,13.333333333333334
MSC6_TGACAGTCAGTCGCAC,MSC6,6,T_cell,CD8 T cells,1132,5.7105,36.8346,-0.0377,-0.054,Not cycling,0.3554,CD4 - Naive1,,Meningioma,2532.0,1132,10.624012638230647
MSC6_TGACAGTCATGACAGG,MSC6,6,T_cell,CD8 T cells,970,,,,,,,,,Meningioma,2154.0,970,10.724233983286908
MSC6_TGACCCTGTCCAATCA,MSC6,6,T_cell,CD8 T cells,1190,5.2716,36.5964,-0.1045,-0.0531,Not cycling,0.6785,CD4 - Cytotoxic,,Meningioma,2426.0,1190,11.788953009068425
MSC6_TGACCCTTCACTTATC,MSC6,6,T_cell,CD8 T cells,1269,4.181,36.3001,0.0155,-0.0623,Not cycling,2.3851,CD4 - Interferon,,Meningioma,2859.0,1269,7.52011192724729
MSC6_TGACGCGAGCTAAATG,MSC6,6,T_cell,CD8 T cells,1020,6.1777,36.9315,-0.0899,0.0075,Not cycling,1.1828,CD8 - Cytotoxic,CD8 - Cytotoxic,Meningioma,2196.0,1020,18.214936247723134
MSC6_TGACGCGAGGTATAGT,MSC6,6,T_cell,CD8 T cells,1294,6.0868,36.7881,0.0135,-0.0606,Not cycling,0.8325,CD8 - Naive2,,Meningioma,2960.0,1294,8.75
MSC6_TGACGCGCACATTACG,MSC6,6,T_cell,CD8 T cells,1055,6.2277,37.4397,-0.1042,-0.0497,Not cycling,0.7481,CD8 - Cytotoxic,,Meningioma,2512.0,1055,11.743630573248408
MSC6_TGAGACTAGGTGCATG,MSC6,6,T_cell,CD8 T cells,1377,6.2304,35.7855,0.0791,0.0678,Not cycling,0.6719,CD4 - Cytotoxic,,Meningioma,3690.0,1377,14.363143631436314
MSC6_TGAGCATAGCATCAGG,MSC6,6,T_cell,CD8 T cells,1164,5.0088,36.7582,-0.1393,-0.0749,Not cycling,1.001,CD4 - Cytotoxic,CD4 - Cytotoxic,Meningioma,3177.0,1164,9.568775574441297
MSC6_TGAGCATAGTGCACTT,MSC6,6,T_cell,CD8 T cells,1051,4.3364,36.6675,-0.0998,0.1314,Not cycling,0.7462,CD8 - Memory/Naive1,,Meningioma,2555.0,1051,11.663405088062623
MSC6_TGAGCGCAGTATGGAT,MSC6,6,T_cell,CD8 T cells,921,,,,,,,,,Meningioma,2106.0,921,11.633428300094966
MSC6_TGAGCGCGTGTCCTAA,MSC6,6,T_cell,CD8 T cells,1636,4.7866,34.8819,-0.0777,0.3337,Not cycling,1.0827,CD4 - Cell Cycle,CD4 - Cell Cycle,Meningioma,6172.0,1636,5.24951393389501
MSC6_TGAGCGCGTTAAGAAC,MSC6,6,T_cell,CD8 T cells,1039,5.5827,36.7555,0.0262,-0.0521,Not cycling,0.6816,CD8 - Unassigned2,,Meningioma,2403.0,1039,16.895547232625884
MSC6_TGAGGAGAGATGTTCC,MSC6,6,T_cell,CD8 T cells,1205,5.0102,36.2433,-0.053,0.0665,Not cycling,1.2799,CD4 - Interferon,,Meningioma,2824.0,1205,13.385269121813032
MSC6_TGAGGAGAGCCAAGGT,MSC6,6,T_cell,CD8 T cells,644,,,,,,,,,Meningioma,1343.0,644,18.838421444527178
MSC6_TGAGGAGCAGCAGTGA,MSC6,6,T_cell,CD8 T cells,1223,7.216,37.5752,0.0819,-0.0514,Not cycling,0.9279,CD8 - Cytotoxic,,Meningioma,2804.0,1223,13.231098430813125
MSC6_TGAGGAGGTACCTAGT,MSC6,6,T_cell,CD8 T cells,1276,6.6988,36.1431,-0.0918,0.0129,Not cycling,0.3137,CD4 - Cytotoxic,,Meningioma,3002.0,1276,13.924050632911392
MSC6_TGAGGAGGTAGGCAAC,MSC6,6,T_cell,CD8 T cells,6037,3.4748,19.2033,0.7784,0.1265,G1/S,0.8819,CD4 - Glycolysis/MYC,,Meningioma,35921.0,6036,13.501851284763788
MSC6_TGAGGGAGTAGAATAC,MSC6,6,T_cell,CD8 T cells,1031,5.7832,36.1667,0.0049,-0.0562,Not cycling,1.1139,CD4 - Interferon,,Meningioma,2119.0,1031,8.636149126946673
MSC6_TGAGGTTAGACTCCGC,MSC6,6,T_cell,CD8 T cells,746,,,,,,,,,Meningioma,1353.0,746,12.269031781226904
MSC6_TGAGGTTGTGGAAATT,MSC6,6,T_cell,CD8 T cells,958,,,,,,,,,Meningioma,2092.0,958,18.451242829827915
MSC6_TGAGGTTTCCCTTGTG,MSC6,6,T_cell,CD8 T cells,1847,9.8336,33.1749,0.911,0.4832,G1/S,2.9546,CD8 - Cell Cycle,,Meningioma,4384.0,1847,9.124087591240876
MSC6_TGAGTCAAGAGCAACC,MSC6,6,T_cell,CD8 T cells,887,,,,,,,,,Meningioma,2115.0,886,16.548463356973997
MSC6_TGAGTCATCACCTACC,MSC6,6,T_cell,CD8 T cells,1060,7.2382,36.7791,0.0243,0.0718,Not cycling,0.3995,CD4 - Cell Cycle,,Meningioma,2094.0,1060,8.595988538681949
MSC6_TGATCAGAGGCACTCC,MSC6,6,T_cell,CD8 T cells,617,,,,,,,,,Meningioma,1113.0,617,13.477088948787062
MSC6_TGATCAGAGTTCTACG,MSC6,6,T_cell,CD8 T cells,1176,5.3974,35.8402,-0.1158,0.2429,Not cycling,0.8073,CD4 - Interferon,,Meningioma,2554.0,1176,13.469068128425999
MSC6_TGATCAGCATCGCCTT,MSC6,6,T_cell,CD8 T cells,1287,5.5294,36.5469,-0.0497,0.1148,Not cycling,0.8333,CD4 - Cytotoxic,,Meningioma,3141.0,1287,11.524992040751354
MSC6_TGATCAGGTAAGTTGA,MSC6,6,T_cell,CD8 T cells,1468,5.3945,35.0011,0.107,0.2903,Not cycling,0.861,CD4 - Cell Cycle,,Meningioma,3419.0,1468,6.931851418543434
MSC6_TGATCAGTCCAGCAAT,MSC6,6,T_cell,CD8 T cells,6786,-3.9338,18.7997,2.0317,1.5723,Intermediate,1.9794,CD4 - Cell Cycle,CD4 - Cell Cycle,Meningioma,35590.0,6785,11.323405450969373
MSC6_TGATCAGTCTCATGGA,MSC6,6,T_cell,CD8 T cells,1203,6.5003,36.8102,0.2084,-0.0523,Not cycling,0.4747,CD4 - Unassigned,,Meningioma,2905.0,1203,13.528399311531842
MSC6_TGATCTTAGGAACGTC,MSC6,6,T_cell,CD8 T cells,828,,,,,,,,,Meningioma,1905.0,828,17.900262467191602
MSC6_TGATCTTCAACTTCTT,MSC6,6,T_cell,CD8 T cells,1037,5.5676,36.7135,-0.046,0.0074,Not cycling,0.1865,CD4 - Cell Cycle,,Meningioma,2140.0,1037,14.439252336448599
MSC6_TGATGCACAATTGCCA,MSC6,6,T_cell,CD8 T cells,743,,,,,,,,,Meningioma,1415.0,743,1.9081272084805654
MSC6_TGATGCACACTAAACC,MSC6,6,T_cell,CD8 T cells,888,,,,,,,,,Meningioma,1808.0,888,10.730088495575222
MSC6_TGATGCATCGAGAAGC,MSC6,6,T_cell,CD8 T cells,2091,-16.2406,5.3313,0.0754,-0.0447,Not cycling,1.5024,CD8 - Memory/Naive1,,Meningioma,5992.0,2091,7.693591455273698
MSC6_TGATGCATCTGTCGTC,MSC6,6,T_cell,CD8 T cells,1534,3.505,35.7287,-0.0421,0.0132,Not cycling,1.5294,CD4 - Interferon,,Meningioma,3652.0,1534,8.734939759036145
MSC6_TGATTCTAGCACACCC,MSC6,6,T_cell,CD8 T cells,2046,4.8038,35.7459,-0.0828,0.1198,Not cycling,1.3787,CD8 - Naive2,,Meningioma,7021.0,2046,10.126762569434554
MSC6_TGATTCTGTCACTTCC,MSC6,6,T_cell,CD8 T cells,1193,5.6959,36.9463,0.0264,-0.0553,Not cycling,0.6069,CD8 - Unassigned1,,Meningioma,2489.0,1193,10.92808356769787
MSC6_TGATTCTGTGGTTTAC,MSC6,6,T_cell,CD8 T cells,1164,-15.6939,25.529,-0.0967,0.0714,Not cycling,1.4554,CD4 - Naive1,CD4 - Naive1,Meningioma,3399.0,1164,14.592527213886438
MSC6_TGATTTCCAAGAGTGC,MSC6,6,T_cell,CD8 T cells,1002,6.5874,36.7608,-0.0945,0.0018,Not cycling,1.2869,CD8 - Cytotoxic,CD8 - Cytotoxic,Meningioma,2201.0,1002,19.35483870967742
MSC6_TGATTTCTCCTGCCAT,MSC6,6,T_cell,CD8 T cells,509,,,,,,,,,Meningioma,965.0,509,2.5906735751295336
MSC6_TGATTTCTCGAATGCT,MSC6,6,T_cell,CD8 T cells,1239,7.52,37.1105,-0.0928,-0.048,Not cycling,0.8641,CD4 - Cytotoxic,,Meningioma,3031.0,1239,12.966017815902342
MSC6_TGATTTCTCGCTACAA,MSC6,6,T_cell,CD8 T cells,1085,6.4503,36.6661,-0.0991,0.0692,Not cycling,0.9595,CD4 - Cytotoxic,,Meningioma,2494.0,1085,15.036086607858861
MSC6_TGCACGGGTTACGATC,MSC6,6,T_cell,CD8 T cells,1086,5.3663,37.3086,0.0864,0.0725,Not cycling,1.2207,CD8 - Cytotoxic,CD8 - Cytotoxic,Meningioma,2569.0,1086,9.264305177111716
MSC6_TGCACGGTCCGCGAGT,MSC6,6,T_cell,CD8 T cells,1304,6.6051,36.721,0.0189,0.0061,Not cycling,0.6159,CD8 - Cytotoxic,,Meningioma,3191.0,1304,13.47539956126606
MSC6_TGCAGATAGTAGTCAA,MSC6,6,T_cell,CD8 T cells,997,,,,,,,,,Meningioma,2210.0,997,11.990950226244344
MSC6_TGCAGATCACGCAGTC,MSC6,6,T_cell,CD8 T cells,1234,7.2511,37.4906,-0.0374,-0.0523,Not cycling,0.7147,CD8 - Cytotoxic,,Meningioma,2896.0,1234,11.671270718232044
MSC6_TGCAGATTCAACGAGG,MSC6,6,T_cell,CD8 T cells,1353,7.3924,37.5509,-0.0537,-0.0102,Not cycling,0.7625,CD8 - Cytotoxic,,Meningioma,3109.0,1353,13.123190736571244
MSC6_TGCAGATTCACGGAGA,MSC6,6,T_cell,CD8 T cells,1136,5.3606,35.4325,-0.0608,-0.003,Not cycling,1.0534,CD4 - Cytotoxic,CD4 - Cytotoxic,Meningioma,2828.0,1136,15.346534653465346
MSC6_TGCAGATTCTGGGTCG,MSC6,6,T_cell,CD8 T cells,1092,5.3383,37.103,-0.0429,-0.055,Not cycling,0.3949,CD8 - Heat shock,,Meningioma,2574.0,1092,17.754467754467754
MSC6_TGCAGGCAGACTGTTC,MSC6,6,T_cell,CD8 T cells,1008,6.7011,37.9126,-0.0999,0.0132,Not cycling,0.5017,CD8 - Chromatin,,Meningioma,2296.0,1008,11.149825783972126
MSC6_TGCAGGCAGGCTCCCA,MSC6,6,T_cell,CD8 T cells,2235,8.7658,34.5399,1.0996,-0.0056,G1/S,1.4698,CD4 - Glycolysis/MYC,,Meningioma,7313.0,2235,8.51907561876111
MSC6_TGCAGGCCAAGGAGTC,MSC6,6,T_cell,CD8 T cells,1073,5.159,36.5138,0.0381,-0.0544,Not cycling,0.3949,CD8 - Unassigned1,,Meningioma,2525.0,1073,16.95049504950495
MSC6_TGCAGGCCACCTTCGT,MSC6,6,T_cell,CD8 T cells,1120,4.3639,36.6485,0.0174,-0.002,Not cycling,0.33,CD8 - Chromatin,,Meningioma,2742.0,1120,14.843180160466813
MSC6_TGCAGGCGTTACGTAC,MSC6,6,T_cell,CD8 T cells,893,,,,,,,,,Meningioma,1748.0,893,11.327231121281464
MSC6_TGCAGTACAGACAAGC,MSC6,6,T_cell,CD8 T cells,737,,,,,,,,,Meningioma,1238.0,737,8.966074313408724
MSC6_TGCAGTAGTTCTCCTG,MSC6,6,T_cell,CD8 T cells,832,,,,,,,,,Meningioma,1530.0,832,14.967320261437909
MSC6_TGCATCCAGATTGAGT,MSC6,6,T_cell,CD8 T cells,659,,,,,,,,,Meningioma,1059.0,659,12.181303116147308
MSC6_TGCATCCAGCACGGAT,MSC6,6,T_cell,CD8 T cells,1278,5.647,36.9847,0.1422,-0.0583,Not cycling,0.693,CD8 - Cytotoxic,,Meningioma,2994.0,1278,14.428857715430862
MSC6_TGCATCCTCATTGAGC,MSC6,6,T_cell,CD8 T cells,2882,10.2176,32.4119,0.644,2.3316,G2/M,2.3303,CD4 - Cell Cycle,CD4 - Cell Cycle,Meningioma,8534.0,2882,6.034684790250762
MSC6_TGCATCCTCCTAACAG,MSC6,6,T_cell,CD8 T cells,1622,5.6349,35.3639,0.1529,0.2234,Not cycling,0.2595,CD4 - Cell Cycle,,Meningioma,3573.0,1622,11.335012594458439
MSC6_TGCATCCTCGCTACAA,MSC6,6,T_cell,CD8 T cells,1343,6.8222,35.2358,0.3137,0.3583,Not cycling,0.9457,CD8 - Cell Cycle,,Meningioma,3007.0,1343,6.983704689058863
MSC6_TGCATGAAGCCGATAG,MSC6,6,T_cell,CD8 T cells,559,,,,,,,,,Meningioma,876.0,559,8.789954337899543
MSC6_TGCATGACACGTTGGC,MSC6,6,T_cell,CD8 T cells,681,,,,,,,,,Meningioma,1820.0,681,9.45054945054945
MSC6_TGCATGAGTACAAGTA,MSC6,6,T_cell,CD8 T cells,1175,5.4331,37.0571,0.5061,0.0049,Not cycling,1.3839,CD8 - Cytotoxic,CD8 - Cytotoxic,Meningioma,2526.0,1175,10.372129849564528
MSC6_TGCATGAGTCCGGCAT,MSC6,6,T_cell,CD8 T cells,2189,7.4675,35.417,0.1298,0.0651,Not cycling,0.772,CD8 - Cytotoxic,,Meningioma,6009.0,2189,9.918455649858545
MSC6_TGCCGAGGTGATGGCA,MSC6,6,T_cell,CD8 T cells,530,,,,,,,,,Meningioma,1006.0,530,17.793240556660038
MSC6_TGCCGAGGTTCTCACC,MSC6,6,T_cell,CD8 T cells,1657,7.1114,36.9658,0.1473,-0.0523,Not cycling,0.5364,CD4 - Cytotoxic,,Meningioma,4081.0,1657,11.418769909335946
MSC6_TGCCGAGTCCCATAAG,MSC6,6,T_cell,CD8 T cells,1474,9.5029,33.6686,1.3448,0.047,G1/S,1.4861,CD8 - Cell Cycle,,Meningioma,3353.0,1474,12.675216224276767
MSC6_TGCGACGCACTTTAGG,MSC6,6,T_cell,CD8 T cells,1896,10.5744,32.3597,0.15,1.6283,G2/M,2.797,CD4 - Cell Cycle,CD4 - Cell Cycle,Meningioma,4750.0,1896,13.073684210526316
MSC6_TGCGACGGTATACCCA,MSC6,6,T_cell,CD8 T cells,1579,5.0023,34.8485,0.0256,0.0249,Not cycling,1.1037,CD4 - Interferon,,Meningioma,4336.0,1579,11.023985239852399
MSC6_TGCGACGGTCGATTTG,MSC6,6,T_cell,CD8 T cells,1038,6.7001,36.9413,0.0238,0.1268,Not cycling,1.1258,CD8 - Cytotoxic,CD8 - Cytotoxic,Meningioma,2379.0,1038,13.156788566624632
MSC6_TGCGACGTCGTTATCT,MSC6,6,T_cell,CD8 T cells,1140,5.5029,36.9418,0.0767,-0.0553,Not cycling,0.4602,CD4 - Stress/HSP,,Meningioma,2528.0,1140,12.856012658227849
MSC6_TGCGATACATGGGTTT,MSC6,6,T_cell,CD8 T cells,968,,,,,,,,,Meningioma,2036.0,968,10.854616895874264
MSC6_TGCGATATCCTCTAAT,MSC6,6,T_cell,CD8 T cells,1319,7.1991,36.2058,0.3193,-0.0005,Not cycling,0.8019,CD8 - Heat shock,,Meningioma,3363.0,1319,18.525126375260186
MSC6_TGCTCCATCCAATGCA,MSC6,6,T_cell,CD8 T cells,1130,6.1552,36.89,0.0149,-0.0446,Not cycling,1.13,CD4 - Cytotoxic,CD4 - Cytotoxic,Meningioma,2280.0,1130,8.81578947368421
MSC6_TGCTCCATCCATTGCC,MSC6,6,T_cell,CD8 T cells,1965,6.8394,35.3455,0.2302,0.0528,Not cycling,0.687,CD8 - Cytotoxic,,Meningioma,4548.0,1965,10.158311345646437
MSC6_TGCTCCATCTGTCCGT,MSC6,6,T_cell,CD8 T cells,1139,6.8141,37.075,0.0238,0.1306,Not cycling,1.4865,CD8 - Cytotoxic,CD8 - Cytotoxic,Meningioma,2732.0,1139,11.896046852122987
MSC6_TGCTCGTAGACTTCGT,MSC6,6,T_cell,CD8 T cells,2075,5.5875,35.1634,0.003,0.1188,Not cycling,0.7346,CD4 - Naive1,,Meningioma,6517.0,2075,12.275586926499923
MSC6_TGCTCGTAGTGCCTCG,MSC6,6,T_cell,CD8 T cells,1316,5.2678,36.7587,0.0651,0.1156,Not cycling,0.5133,CD8 - Naive3,,Meningioma,3392.0,1316,12.234669811320755
MSC6_TGCTCGTTCCGCAGTG,MSC6,6,T_cell,CD8 T cells,1844,7.8888,36.8583,0.1266,-0.0131,Not cycling,0.6577,CD8 - Cytotoxic,,Meningioma,4611.0,1844,9.520711342441986
MSC6_TGCTGAAAGAAAGTCT,MSC6,6,T_cell,CD8 T cells,1014,4.5861,36.6066,-0.0338,0.0723,Not cycling,0.7117,CD4 - Naive1,,Meningioma,2397.0,1014,10.346266166040884
MSC6_TGCTGAAAGACTTCCA,MSC6,6,T_cell,CD8 T cells,1969,4.7295,35.7323,0.0768,0.0651,Not cycling,0.7215,CD8 - Chromatin,,Meningioma,5430.0,1969,8.913443830570902
MSC6_TGCTGAAAGGGACAGG,MSC6,6,T_cell,CD8 T cells,949,,,,,,,,,Meningioma,2471.0,949,8.579522460542291
MSC6_TGCTGAAAGTGAGGTC,MSC6,6,T_cell,CD8 T cells,1006,6.3493,37.2843,-0.1152,0.0515,Not cycling,0.9015,CD8 - Cytotoxic,,Meningioma,1981.0,1006,10.954063604240282
MSC6_TGCTTCGCACATACTG,MSC6,6,T_cell,CD8 T cells,1209,5.6249,36.7592,-0.094,0.0157,Not cycling,0.5875,CD8 - Cytotoxic,,Meningioma,2578.0,1209,11.055081458494957
MSC6_TGCTTCGGTGCGGCTT,MSC6,6,T_cell,CD8 T cells,1757,10.0987,32.9781,0.7964,0.7762,Intermediate,3.1164,CD4 - Cell Cycle,CD4 - Cell Cycle,Meningioma,4370.0,1757,11.052631578947368
MSC6_TGCTTCGTCCGTGGGT,MSC6,6,T_cell,CD8 T cells,958,,,,,,,,,Meningioma,2141.0,958,15.319943951424568
MSC6_TGCTTGCGTAGAATGT,MSC6,6,T_cell,CD8 T cells,628,,,,,,,,,Meningioma,1494.0,628,8.90227576974565
MSC6_TGCTTGCGTCTCAGGC,MSC6,6,T_cell,CD8 T cells,1195,7.5483,37.3522,-0.1011,-0.0456,Not cycling,1.7098,CD8 - Cytotoxic,CD8 - Cytotoxic,Meningioma,2556.0,1195,11.306729264475743
MSC6_TGCTTGCTCTGCACCT,MSC6,6,T_cell,CD8 T cells,950,,,,,,,,,Meningioma,2182.0,950,12.144821264894592
MSC6_TGGAACTAGGTCGTAG,MSC6,6,T_cell,CD8 T cells,1175,5.6764,36.3875,-0.0889,0.0105,Not cycling,0.657,CD8 - Unassigned1,,Meningioma,2674.0,1175,15.669409124906506
MSC6_TGGAACTGTCCGGATC,MSC6,6,T_cell,CD8 T cells,842,,,,,,,,,Meningioma,1933.0,842,11.07087428867046
MSC6_TGGAACTGTGTGACCC,MSC6,6,T_cell,CD8 T cells,877,,,,,,,,,Meningioma,2112.0,877,12.357954545454545
MSC6_TGGAGAGCAAATGAAC,MSC6,6,T_cell,CD8 T cells,1684,5.6489,37.059,0.013,0.0002,Not cycling,1.5323,CD8 - Cytotoxic,CD8 - Cytotoxic,Meningioma,4257.0,1684,11.11111111111111
MSC6_TGGAGAGCAGGCACAA,MSC6,6,T_cell,CD8 T cells,1418,7.0955,36.4731,0.0065,0.1201,Not cycling,0.5394,CD8 - Cytotoxic,,Meningioma,3667.0,1418,13.962367057540224
MSC6_TGGAGGAAGACATAGT,MSC6,6,T_cell,CD8 T cells,1245,5.5877,36.6754,0.013,-0.0474,Not cycling,0.7066,CD8 - Memory/Naive1,,Meningioma,2710.0,1245,12.140221402214022
MSC6_TGGAGGACATCCAACA,MSC6,6,T_cell,CD8 T cells,906,,,,,,,,,Meningioma,1968.0,906,19.61382113821138
MSC6_TGGAGGAGTTTGTTCT,MSC6,6,T_cell,CD8 T cells,1011,5.0193,36.7658,-0.0973,-0.0514,Not cycling,0.8804,CD4 - Cytotoxic,,Meningioma,2152.0,1011,10.920074349442379
MSC6_TGGATCAAGCCTAGGA,MSC6,6,T_cell,CD8 T cells,1107,4.8934,36.1479,-0.0414,0.1312,Not cycling,0.5462,CD4 - Naive1,,Meningioma,2446.0,1107,7.604251839738349
MSC6_TGGATCACAAACGAGC,MSC6,6,T_cell,CD8 T cells,1008,4.7817,36.8347,-0.0336,-0.048,Not cycling,0.3049,CD8 - Unassigned1,,Meningioma,2181.0,1008,12.196240256762954
MSC6_TGGATCAGTCGTATTG,MSC6,6,T_cell,CD8 T cells,944,,,,,,,,,Meningioma,2203.0,944,10.894235133908307
MSC6_TGGATCATCGTGTTCC,MSC6,6,T_cell,CD8 T cells,862,,,,,,,,,Meningioma,1660.0,862,8.975903614457831
MSC6_TGGATGTAGCTCCATA,MSC6,6,T_cell,CD8 T cells,1054,5.4904,36.8508,-0.0996,0.0666,Not cycling,0.7478,CD8 - Cytotoxic,,Meningioma,2282.0,1054,8.413672217353199
MSC6_TGGATGTCAGCTGAGA,MSC6,6,T_cell,CD8 T cells,920,,,,,,,,,Meningioma,1932.0,920,7.763975155279503
MSC6_TGGATGTGTTGCGGAA,MSC6,6,T_cell,CD8 T cells,1080,6.0962,36.9731,0.0211,-0.0524,Not cycling,0.9861,CD8 - Cytotoxic,,Meningioma,2365.0,1080,17.33615221987315
MSC6_TGGCGTGAGCGCCATC,MSC6,6,T_cell,CD8 T cells,1018,7.1368,37.6985,-0.0917,-0.0437,Not cycling,0.3491,CD8 - Glycolysis/MYC,,Meningioma,2058.0,1018,7.191448007774539
MSC6_TGGCGTGCACGGTGAA,MSC6,6,T_cell,CD8 T cells,985,,,,,,,,,Meningioma,2437.0,985,17.97291752154288
MSC6_TGGCGTGCATCCTTCG,MSC6,6,T_cell,CD8 T cells,1118,6.4806,36.9981,-0.0956,0.0072,Not cycling,0.328,CD4 - Cytotoxic,,Meningioma,2127.0,1118,3.761165961448049
MSC6_TGGGAAGCACTCTAGA,MSC6,6,T_cell,CD8 T cells,1357,6.7951,36.7567,-0.034,-0.0528,Not cycling,0.6868,CD4 - Naive1,,Meningioma,3362.0,1357,9.071980963712075
MSC6_TGGGAAGGTGTGTCCG,MSC6,6,T_cell,CD8 T cells,2030,10.3229,32.7033,0.8386,1.012,Intermediate,2.8624,CD4 - Cell Cycle,CD4 - Cell Cycle,Meningioma,5662.0,2030,11.833274461321087
MSC6_TGGGAGAAGGGCTTCC,MSC6,6,T_cell,CD8 T cells,988,,,,,,,,,Meningioma,2955.0,988,15.431472081218274
MSC6_TGGGAGACAACCGATT,MSC6,6,T_cell,CD8 T cells,6055,0.1687,21.5908,1.1032,2.0997,G2/M,1.8642,CD4 - Cell Cycle,CD4 - Cell Cycle,Meningioma,34340.0,6055,6.887012230634828
MSC6_TGGGAGACAACGATCT,MSC6,6,T_cell,CD8 T cells,948,,,,,,,,,Meningioma,2203.0,948,13.163867453472538
MSC6_TGGGAGATCAGGAACG,MSC6,6,T_cell,CD8 T cells,1034,6.2323,37.4276,0.016,-0.0534,Not cycling,0.8429,CD8 - Cytotoxic,,Meningioma,2283.0,1034,10.950503723171266
MSC6_TGGGATTCACTTGAAC,MSC6,6,T_cell,CD8 T cells,1280,6.3093,37.7014,0.0791,0.1174,Not cycling,0.5185,CD4 - Cytotoxic,,Meningioma,2965.0,1280,12.613827993254638
MSC6_TGGGATTCAGAAACCG,MSC6,6,T_cell,CD8 T cells,1276,5.2846,36.2455,-0.1077,0.0658,Not cycling,0.7979,CD8 - Naive2,,Meningioma,3021.0,1276,10.526315789473685
MSC6_TGGGCGTTCACCCTTG,MSC6,6,T_cell,CD8 T cells,628,,,,,,,,,Meningioma,1102.0,628,10.88929219600726
MSC6_TGGGCTGAGCGTTACT,MSC6,6,T_cell,CD8 T cells,1143,6.5696,37.2057,-0.039,0.0717,Not cycling,1.0518,CD8 - Cytotoxic,CD8 - Cytotoxic,Meningioma,2837.0,1143,11.984490659146987
MSC6_TGGGCTGCACCTGTCT,MSC6,6,T_cell,CD8 T cells,1332,6.3047,37.1408,0.0062,0.0516,Not cycling,0.7736,CD4 - Cytotoxic,,Meningioma,3020.0,1332,10.43046357615894
MSC6_TGGGCTGTCGAGAGAC,MSC6,6,T_cell,CD8 T cells,1155,6.2358,36.8444,0.1328,-0.0544,Not cycling,0.2831,CD4 - Cytotoxic,,Meningioma,2346.0,1155,12.787723785166241
MSC6_TGGGTTAAGCAAATCA,MSC6,6,T_cell,CD8 T cells,1796,6.81,35.657,0.0012,0.2412,Not cycling,0.848,CD8 - Cytotoxic,,Meningioma,4472.0,1796,11.493738819320214
MSC6_TGGGTTAGTATCGTGT,MSC6,6,T_cell,CD8 T cells,988,,,,,,,,,Meningioma,2064.0,988,13.80813953488372
MSC6_TGGGTTAGTGCGCTCA,MSC6,6,T_cell,CD8 T cells,994,,,,,,,,,Meningioma,2236.0,994,6.440071556350627
MSC6_TGGGTTAGTTAAGGAT,MSC6,6,T_cell,CD8 T cells,2177,10.4789,32.4998,0.7725,1.438,G2/M,3.0581,CD4 - Cell Cycle,CD4 - Cell Cycle,Meningioma,5540.0,2177,12.202166064981949
MSC6_TGGTACAAGAAGTCCG,MSC6,6,T_cell,CD8 T cells,1792,6.9014,36.9198,-0.0429,0.0106,Not cycling,0.7775,CD4 - Naive1,,Meningioma,4527.0,1792,12.127236580516898
MSC6_TGGTACACAGTTGAAA,MSC6,6,T_cell,CD8 T cells,1100,5.7581,36.9317,0.0838,0.0673,Not cycling,0.684,CD8 - Unassigned1,,Meningioma,2661.0,1100,15.14468245020669
MSC6_TGGTACAGTCAGTCTA,MSC6,6,T_cell,CD8 T cells,573,,,,,,,,,Meningioma,849.0,573,9.422850412249705
MSC6_TGGTAGTAGAACTTCC,MSC6,6,T_cell,CD8 T cells,960,,,,,,,,,Meningioma,2380.0,960,13.403361344537815
MSC6_TGGTAGTCATTCACCC,MSC6,6,T_cell,CD8 T cells,1448,7.636,36.5204,0.0147,-0.0577,Not cycling,0.9591,CD4 - Treg,,Meningioma,3323.0,1448,12.548901594944327
MSC6_TGGTGATAGTCAATCC,MSC6,6,T_cell,CD8 T cells,1042,-14.8651,24.1096,-0.0441,-0.0555,Not cycling,1.1713,CD4 - Naive1,CD4 - Naive1,Meningioma,2305.0,1042,12.928416485900216
MSC6_TGGTGATAGTCCCGAC,MSC6,6,T_cell,CD8 T cells,1448,7.0747,36.5828,0.2634,0.0076,Not cycling,1.1493,CD8 - Cytotoxic,CD8 - Cytotoxic,Meningioma,3549.0,1448,14.680191603268526
MSC6_TGGTGATAGTGAGTGC,MSC6,6,T_cell,CD8 T cells,1025,4.6501,36.8107,-0.1136,0.065,Not cycling,0.6069,CD8 - Cytotoxic,,Meningioma,2569.0,1025,13.429349941611521
MSC6_TGGTGATGTGTTAGCT,MSC6,6,T_cell,CD8 T cells,1158,7.5173,37.4968,0.0858,-0.0474,Not cycling,0.5175,CD8 - Cytotoxic,,Meningioma,2662.0,1158,9.654395191585275
MSC6_TGGTTAGGTCCGAAAG,MSC6,6,T_cell,CD8 T cells,1168,6.3167,36.9076,-0.0325,0.0038,Not cycling,0.8645,CD4 - Cytotoxic,,Meningioma,2480.0,1168,12.862903225806452
MSC6_TGGTTAGTCGACGTCG,MSC6,6,T_cell,CD8 T cells,1812,10.4892,32.5212,0.471,1.197,G2/M,3.0202,CD4 - Cell Cycle,CD4 - Cell Cycle,Meningioma,4478.0,1812,9.401518535060294
MSC6_TGTAACGCAAGAGAGA,MSC6,6,T_cell,CD8 T cells,1403,4.9269,35.7797,0.1798,0.3523,Not cycling,0.9218,CD4 - Cell Cycle,,Meningioma,3652.0,1403,10.43263964950712
MSC6_TGTAACGCACCAGGTC,MSC6,6,T_cell,CD8 T cells,1157,5.6361,36.6704,0.062,-0.0013,Not cycling,0.5278,CD8 - Naive2,,Meningioma,2563.0,1157,8.076472883339836
MSC6_TGTAAGCAGTGGATTA,MSC6,6,T_cell,CD8 T cells,1019,4.5704,36.7278,-0.0474,0.0043,Not cycling,1.1384,CD4 - Naive1,CD4 - Naive1,Meningioma,2241.0,1019,12.985274431057563
MSC6_TGTAAGCCAGGGTTGA,MSC6,6,T_cell,CD8 T cells,1720,8.9441,34.5375,0.6704,0.0643,Not cycling,0.8474,CD4 - Cell Cycle,,Meningioma,4408.0,1720,12.5
MSC6_TGTAAGCTCAGCTCTC,MSC6,6,T_cell,CD8 T cells,4000,2.8482,19.5906,0.1314,0.057,Not cycling,0.7239,CD4 - Glycolysis/MYC,,Meningioma,14872.0,4000,7.92764927380312
MSC6_TGTACAGCAGATTTCG,MSC6,6,T_cell,CD8 T cells,1599,5.0771,34.6116,0.1808,0.0534,Not cycling,0.8957,CD4 - Interferon,,Meningioma,4303.0,1599,15.36137578433651
MSC6_TGTACAGCATGTTACG,MSC6,6,T_cell,CD8 T cells,855,,,,,,,,,Meningioma,1932.0,855,10.455486542443063
MSC6_TGTACAGGTATCATGC,MSC6,6,T_cell,CD8 T cells,1129,6.0433,36.9031,0.0254,0.0777,Not cycling,0.3421,CD8 - Naive3,,Meningioma,2500.0,1129,14.92
MSC6_TGTACAGGTCTTGAAC,MSC6,6,T_cell,CD8 T cells,1068,5.5084,37.1147,0.1546,0.0165,Not cycling,0.4739,CD8 - Cytotoxic,,Meningioma,2320.0,1068,11.810344827586206
MSC6_TGTAGACGTTGCAAGG,MSC6,6,T_cell,CD8 T cells,1210,7.2746,37.5773,-0.0369,0.0116,Not cycling,0.8002,CD8 - Cytotoxic,,Meningioma,2926.0,1210,15.07177033492823
MSC6_TGTCAGAGTAGTTCCA,MSC6,6,T_cell,CD8 T cells,1334,7.6171,36.0813,-0.1101,0.5401,Not cycling,0.9039,CD8 - Unassigned2,,Meningioma,3215.0,1334,15.116640746500778
MSC6_TGTCCACCAATTGAGA,MSC6,6,T_cell,CD8 T cells,1195,6.2765,37.3705,-0.0385,-0.0589,Not cycling,1.022,CD8 - Memory/Naive1,,Meningioma,2792.0,1195,15.651862464183381
MSC6_TGTCCACCACCTAAAC,MSC6,6,T_cell,CD8 T cells,1455,6.856,35.6277,0.1306,-0.066,Not cycling,0.452,CD8 - Naive2,,Meningioma,3247.0,1455,11.117955035417308
MSC6_TGTCCACGTGATGGCA,MSC6,6,T_cell,CD8 T cells,1103,6.7698,37.6923,-0.041,-0.054,Not cycling,0.6429,CD8 - Glycolysis/MYC,,Meningioma,2518.0,1103,11.596505162827642
MSC6_TGTCCACGTGTACAGG,MSC6,6,T_cell,CD8 T cells,1089,5.746,36.7495,0.031,-0.0506,Not cycling,0.653,CD8 - Cytotoxic,,Meningioma,2622.0,1089,18.802440884820747
MSC6_TGTCCACGTTGGGACA,MSC6,6,T_cell,CD8 T cells,1072,6.6426,37.5538,-0.0988,-0.0458,Not cycling,0.6444,CD8 - Cytotoxic,,Meningioma,2183.0,1072,9.94044892349977
MSC6_TGTCCACTCGGTCGAC,MSC6,6,T_cell,CD8 T cells,872,,,,,,,,,Meningioma,1898.0,872,15.858798735511064
MSC6_TGTCCCACATGAAAGT,MSC6,6,T_cell,CD8 T cells,6595,5.4153,19.0327,0.2537,0.0068,Not cycling,0.6109,CD4 - Glycolysis/MYC,,Meningioma,41079.0,6595,5.905693906862387
MSC6_TGTCCTGAGAACTTCC,MSC6,6,T_cell,CD8 T cells,1928,9.919,33.183,1.0334,0.7701,Intermediate,2.7854,CD4 - Cell Cycle,CD4 - Cell Cycle,Meningioma,4970.0,1928,9.054325955734406
MSC6_TGTCCTGAGACATACA,MSC6,6,T_cell,CD8 T cells,1012,4.7139,36.6822,-0.0907,0.0067,Not cycling,0.5736,CD8 - Cytotoxic,,Meningioma,2341.0,1012,12.259718069201195
MSC6_TGTCCTGAGGGTACAC,MSC6,6,T_cell,CD8 T cells,920,,,,,,,,,Meningioma,2085.0,920,18.513189448441246
MSC6_TGTGAGTAGCGTCTCG,MSC6,6,T_cell,CD8 T cells,1213,6.8053,36.6499,0.0849,0.0071,Not cycling,0.5124,CD8 - Cytotoxic,,Meningioma,2902.0,1213,11.819434872501724
MSC6_TGTGAGTAGCTCCATA,MSC6,6,T_cell,CD8 T cells,873,,,,,,,,,Meningioma,2055.0,873,13.090024330900244
MSC6_TGTGAGTTCCATAGGT,MSC6,6,T_cell,CD8 T cells,1650,7.9498,36.8899,0.0173,0.0101,Not cycling,0.8983,CD8 - Heat shock,,Meningioma,3904.0,1650,10.117827868852459
MSC6_TGTGAGTTCCTCTGCA,MSC6,6,T_cell,CD8 T cells,1464,5.4894,35.268,-0.1312,0.1062,Not cycling,0.8388,CD4 - Cytotoxic,,Meningioma,3497.0,1464,14.984272233342866
MSC6_TGTGATGTCTCTGCTG,MSC6,6,T_cell,CD8 T cells,1389,5.619,36.0569,0.5057,0.0081,Not cycling,1.6639,CD4 - Interferon,,Meningioma,3206.0,1389,10.91703056768559
MSC6_TGTGCGGAGCTCGACC,MSC6,6,T_cell,CD8 T cells,1470,5.2295,34.6365,0.2887,0.1498,Not cycling,0.5285,CD8 - Naive2,,Meningioma,3463.0,1470,7.738954663586486
MSC6_TGTGCGGAGTTCGCAT,MSC6,6,T_cell,CD8 T cells,932,,,,,,,,,Meningioma,2235.0,932,15.12304250559284
MSC6_TGTGGCGCAGTCTCTC,MSC6,6,T_cell,CD8 T cells,1093,7.2309,37.4599,0.1439,0.01,Not cycling,0.442,CD8 - Cytotoxic,,Meningioma,2342.0,1093,17.719897523484203
MSC6_TGTGGCGGTCGCGTTG,MSC6,6,T_cell,CD8 T cells,877,,,,,,,,,Meningioma,1969.0,877,15.134586084306754
MSC6_TGTGGCGTCATTTGGG,MSC6,6,T_cell,CD8 T cells,1187,7.5702,36.8792,-0.0382,0.01,Not cycling,0.7465,CD4 - Unassigned,,Meningioma,2454.0,1187,13.121434392828036
MSC6_TGTGTGAAGGGCAGAG,MSC6,6,T_cell,CD8 T cells,969,,,,,,,,,Meningioma,2143.0,969,9.519365375641623
MSC6_TGTGTGAAGGTCGTCC,MSC6,6,T_cell,CD8 T cells,1088,5.7055,36.5964,-0.0397,0.0052,Not cycling,0.5906,CD8 - Unassigned2,,Meningioma,2679.0,1088,15.005599104143338
MSC6_TGTGTGACAAGACCGA,MSC6,6,T_cell,CD8 T cells,949,,,,,,,,,Meningioma,2114.0,949,17.691579943235574
MSC6_TGTGTGATCAACTGAC,MSC6,6,T_cell,CD8 T cells,1133,5.662,36.1411,-0.035,0.2512,Not cycling,0.7591,CD8 - Unassigned2,,Meningioma,2455.0,1133,15.39714867617108
MSC6_TGTTACTCACTCCTTG,MSC6,6,T_cell,CD8 T cells,1137,6.5229,36.6144,0.0287,0.0103,Not cycling,1.0355,CD8 - Cytotoxic,CD8 - Cytotoxic,Meningioma,2541.0,1137,10.035419126328216
MSC6_TGTTACTCATTGACAC,MSC6,6,T_cell,CD8 T cells,1090,7.1437,37.313,0.0231,0.1901,Not cycling,1.4744,CD8 - Cytotoxic,CD8 - Cytotoxic,Meningioma,2515.0,1090,16.660039761431413
MSC6_TGTTACTGTGAGTAGC,MSC6,6,T_cell,CD8 T cells,1669,10.4654,32.5901,0.6567,1.3081,G2/M,3.4958,CD4 - Cell Cycle,CD4 - Cell Cycle,Meningioma,4350.0,1669,14.32183908045977
MSC6_TGTTACTTCAGTGTGT,MSC6,6,T_cell,CD8 T cells,838,,,,,,,,,Meningioma,1988.0,838,10.261569416498993
MSC6_TGTTACTTCCTCTCTT,MSC6,6,T_cell,CD8 T cells,1066,5.9517,37.7666,0.0271,-0.0446,Not cycling,0.4488,CD4 - Treg,,Meningioma,2330.0,1066,10.0
MSC6_TGTTACTTCTTCTAAC,MSC6,6,T_cell,CD8 T cells,1924,9.4536,33.7188,1.3361,0.1597,G1/S,1.4438,CD4 - Cell Cycle,CD4 - Cell Cycle,Meningioma,5004.0,1924,15.167865707434053
MSC6_TGTTCATAGGACTAAT,MSC6,6,T_cell,CD8 T cells,1306,5.9502,36.6417,-0.0388,0.0065,Not cycling,0.6776,CD4 - Cytotoxic,,Meningioma,2915.0,1306,13.070325900514579
MSC6_TGTTCATCAGTATACC,MSC6,6,T_cell,CD8 T cells,1324,6.9954,37.6267,0.0081,0.0642,Not cycling,1.3602,CD8 - Cytotoxic,CD8 - Cytotoxic,Meningioma,2768.0,1324,10.007225433526012
MSC6_TGTTCATCATGGACAG,MSC6,6,T_cell,CD8 T cells,951,,,,,,,,,Meningioma,2162.0,951,13.598519888991675
MSC6_TGTTCATGTACCACGC,MSC6,6,T_cell,CD8 T cells,1097,4.9436,36.6409,0.0695,0.1145,Not cycling,1.054,CD8 - Cytotoxic,CD8 - Cytotoxic,Meningioma,2284.0,1097,13.791593695271454
MSC6_TGTTCATTCATGCATG,MSC6,6,T_cell,CD8 T cells,1506,5.1356,34.3196,0.0285,0.2078,Not cycling,1.22,CD8 - Glycolysis/MYC,,Meningioma,3959.0,1506,10.58348067693862
MSC6_TGTTCATTCGGACAAG,MSC6,6,T_cell,CD8 T cells,847,,,,,,,,,Meningioma,2340.0,847,8.504273504273504
MSC6_TGTTCCGAGAGCCGTA,MSC6,6,T_cell,CD8 T cells,951,,,,,,,,,Meningioma,2043.0,951,15.61429270680372
MSC6_TGTTCCGCACCGGAAA,MSC6,6,T_cell,CD8 T cells,1338,6.8469,37.5145,0.0868,0.0091,Not cycling,0.8068,CD8 - Heat shock,,Meningioma,3154.0,1338,12.58719086873811
MSC6_TGTTCCGCACCTGCGA,MSC6,6,T_cell,CD8 T cells,1136,6.2218,36.8542,-0.0384,0.1341,Not cycling,0.8111,CD8 - Cytotoxic,,Meningioma,2662.0,1136,16.979714500375657
MSC6_TGTTCTAGTGTTCAGT,MSC6,6,T_cell,CD8 T cells,1113,5.2101,36.6518,-0.0442,-0.0497,Not cycling,0.9188,CD4 - Cytotoxic,,Meningioma,2511.0,1113,12.027080844285145
MSC6_TGTTCTATCAAATGAG,MSC6,6,T_cell,CD8 T cells,793,,,,,,,,,Meningioma,1763.0,793,10.493477027793533
MSC6_TGTTGAGCATCCGAGC,MSC6,6,T_cell,CD8 T cells,1068,6.0998,37.2376,0.0867,-0.0536,Not cycling,0.7177,CD4 - Naive1,,Meningioma,2174.0,1068,9.613615455381785
MSC6_TGTTGGACAATAGGAT,MSC6,6,T_cell,CD8 T cells,1266,6.513,36.426,0.2059,-0.0514,Not cycling,0.1654,CD8 - Interferon,,Meningioma,2828.0,1266,13.967468175388968
MSC6_TGTTGGACATAGTCAC,MSC6,6,T_cell,CD8 T cells,1181,5.8317,37.2554,0.0146,-0.0572,Not cycling,0.7822,CD4 - Cytotoxic,,Meningioma,2546.0,1181,15.514532600157109
MSC6_TGTTTGTCACAACCGC,MSC6,6,T_cell,CD8 T cells,831,,,,,,,,,Meningioma,1941.0,831,11.84956208140134
MSC6_TGTTTGTGTTAGCTAC,MSC6,6,T_cell,CD8 T cells,1153,6.744,36.1296,-0.0542,-0.0574,Not cycling,1.5608,CD4 - Cytotoxic,CD4 - Cytotoxic,Meningioma,2440.0,1153,13.770491803278688
MSC6_TGTTTGTTCGCTAATG,MSC6,6,T_cell,CD8 T cells,1153,3.503,36.0803,-0.0423,-0.0529,Not cycling,0.7365,CD4 - Naive1,,Meningioma,2746.0,1153,12.017479970866715
MSC6_TTAATCCAGCCTGTCG,MSC6,6,T_cell,CD8 T cells,749,,,,,,,,,Meningioma,1340.0,749,14.626865671641792
MSC6_TTAATCCGTTGTCAGT,MSC6,6,T_cell,CD8 T cells,1364,5.5225,36.144,-0.0545,0.2417,Not cycling,0.6702,CD4 - Stress/HSP,,Meningioma,2992.0,1364,11.79812834224599
MSC6_TTACAGGTCGCCTAGG,MSC6,6,T_cell,CD8 T cells,1190,5.7295,36.3689,0.0196,0.1211,Not cycling,0.726,CD8 - Cytotoxic,,Meningioma,2722.0,1190,12.30712711241734
MSC6_TTACCATCAAACACGG,MSC6,6,T_cell,CD8 T cells,1366,6.0627,36.5858,0.0838,0.0109,Not cycling,0.1693,CD4 - Unassigned,,Meningioma,3160.0,1366,12.405063291139241
MSC6_TTACCATGTCTGTCCT,MSC6,6,T_cell,CD8 T cells,1844,10.6379,32.2683,0.0371,1.8656,G2/M,2.2035,CD4 - Cell Cycle,CD4 - Cell Cycle,Meningioma,4486.0,1844,6.130182790905038
MSC6_TTACCATTCTATTGTC,MSC6,6,T_cell,CD8 T cells,1562,5.2047,35.6357,0.0642,0.0551,Not cycling,0.9524,CD4 - Cytotoxic,,Meningioma,3604.0,1562,7.685904550499445
MSC6_TTACCGCAGGCTCACC,MSC6,6,T_cell,CD8 T cells,996,,,,,,,,,Meningioma,1771.0,996,8.46979107848673
MSC6_TTACGTTAGTAGACAT,MSC6,6,T_cell,CD8 T cells,1218,6.1132,37.5207,-0.0417,0.0063,Not cycling,0.8433,CD8 - Cytotoxic,,Meningioma,2686.0,1218,12.583767684288905
MSC6_TTACGTTTCGGAATTC,MSC6,6,T_cell,CD8 T cells,998,,,,,,,,,Meningioma,1775.0,998,10.816901408450704
MSC6_TTACTGTAGTAGTGCG,MSC6,6,T_cell,CD8 T cells,1042,6.1048,37.3437,-0.0973,-0.055,Not cycling,0.9068,CD4 - Naive1,,Meningioma,2142.0,1042,11.764705882352942
MSC6_TTACTGTGTTCTGAGT,MSC6,6,T_cell,CD8 T cells,684,,,,,,,,,Meningioma,1053.0,684,11.301044634377968
MSC6_TTACTGTGTTGAGTCT,MSC6,6,T_cell,CD8 T cells,1155,4.9451,36.6611,-0.0445,-0.0635,Not cycling,0.6002,CD8 - Unassigned2,,Meningioma,2204.0,1155,8.52994555353902
MSC6_TTACTGTTCGAATCCA,MSC6,6,T_cell,CD8 T cells,851,,,,,,,,,Meningioma,1771.0,851,17.165443252399776
MSC6_TTACTGTTCTGCGGCA,MSC6,6,T_cell,CD8 T cells,1314,7.0047,36.8969,0.0222,-0.049,Not cycling,0.9213,CD8 - Cytotoxic,,Meningioma,3058.0,1314,12.393721386527142
MSC6_TTAGGCAAGACGAGCT,MSC6,6,T_cell,CD8 T cells,2213,10.5503,32.4292,1.0164,1.4992,Intermediate,2.7654,CD4 - Cell Cycle,CD4 - Cell Cycle,Meningioma,5702.0,2213,9.43528586460891
MSC6_TTAGGCAGTAAGCAAT,MSC6,6,T_cell,CD8 T cells,1033,6.5892,37.8814,-0.1003,0.0617,Not cycling,1.4876,CD8 - Cytotoxic,CD8 - Cytotoxic,Meningioma,2530.0,1033,19.446640316205535
MSC6_TTAGGCAGTCCCTGAG,MSC6,6,T_cell,CD8 T cells,993,,,,,,,,,Meningioma,2070.0,993,8.93719806763285
MSC6_TTAGGGTAGAAATTCG,MSC6,6,T_cell,CD8 T cells,1217,6.6051,36.1909,-0.1045,-0.0536,Not cycling,0.7193,CD8 - Unassigned2,,Meningioma,2739.0,1217,10.879883169039795
MSC6_TTAGGGTCACACGCCA,MSC6,6,T_cell,CD8 T cells,1325,6.0781,36.6261,-0.0387,-0.0462,Not cycling,0.373,CD8 - Unassigned1,,Meningioma,3048.0,1325,11.646981627296588
MSC6_TTAGGGTCACAGTATC,MSC6,6,T_cell,CD8 T cells,1812,6.5884,35.438,0.2205,-0.0398,Not cycling,0.4607,CD8 - Glycolysis/MYC,,Meningioma,4220.0,1812,11.208530805687204
MSC6_TTAGGGTTCCAGTACA,MSC6,6,T_cell,CD8 T cells,1119,7.0653,37.0949,-0.0929,0.0089,Not cycling,0.888,CD8 - Cytotoxic,,Meningioma,2325.0,1119,11.096774193548388
MSC6_TTAGGGTTCGTGCAGC,MSC6,6,T_cell,CD8 T cells,1633,5.2762,35.5299,-0.0261,-0.0939,Not cycling,0.3334,CD4 - Glycolysis/MYC,,Meningioma,5360.0,1633,18.26492537313433
MSC6_TTAGTCTGTGGTTCTA,MSC6,6,T_cell,CD8 T cells,2674,5.2739,34.4096,0.9934,0.7995,Intermediate,1.6559,CD4 - Cell Cycle,CD4 - Cell Cycle,Meningioma,9118.0,2674,12.535643781531038
MSC6_TTATTGCAGACCGCCT,MSC6,6,T_cell,CD8 T cells,1678,6.5338,35.733,0.0684,-0.0604,Not cycling,0.6967,CD8 - Chromatin,,Meningioma,3953.0,1678,9.13230457880091
MSC6_TTATTGCAGCCGATAG,MSC6,6,T_cell,CD8 T cells,968,,,,,,,,,Meningioma,2262.0,968,15.561450044208664
MSC6_TTATTGCCACAATGCT,MSC6,6,T_cell,CD8 T cells,2108,6.8508,35.6529,0.251,0.0457,Not cycling,0.8189,CD4 - Naive1,,Meningioma,5552.0,2108,10.482708933717579
MSC6_TTATTGCTCGACTCCT,MSC6,6,T_cell,CD8 T cells,1050,6.1418,36.9355,-0.095,0.0077,Not cycling,0.3778,CD4 - Cytotoxic,,Meningioma,2362.0,1050,10.203217612193058
MSC6_TTCAATCCAACGTAAA,MSC6,6,T_cell,CD8 T cells,1157,5.4099,37.203,0.0162,0.1283,Not cycling,0.9439,CD8 - Cytotoxic,,Meningioma,2633.0,1157,11.279908849221421
MSC6_TTCACCGGTTGCCATA,MSC6,6,T_cell,CD8 T cells,1198,4.6076,36.3068,0.146,0.0121,Not cycling,0.9547,CD8 - Unassigned1,,Meningioma,2467.0,1198,10.498581272800973
MSC6_TTCACCGTCAACCTTT,MSC6,6,T_cell,CD8 T cells,2308,5.3596,34.8679,0.3339,0.1436,Not cycling,0.5722,CD8 - Naive2,,Meningioma,6333.0,2308,4.137059845255013
MSC6_TTCACCGTCCCGTGTT,MSC6,6,T_cell,CD8 T cells,1148,7.1896,36.9484,-0.0419,-0.0529,Not cycling,0.6802,CD8 - Cytotoxic,,Meningioma,2568.0,1148,15.498442367601246
MSC6_TTCACGCAGCTGTTAC,MSC6,6,T_cell,CD8 T cells,1620,5.0448,35.3788,-0.0559,-0.004,Not cycling,0.7677,CD8 - Naive2,,Meningioma,3746.0,1620,3.5771489588894823
MSC6_TTCACGCAGGGCAAGG,MSC6,6,T_cell,CD8 T cells,857,,,,,,,,,Meningioma,1709.0,857,4.856641310708016
MSC6_TTCACGCCAGCAATTC,MSC6,6,T_cell,CD8 T cells,1053,7.3198,37.0735,-0.0277,0.0099,Not cycling,0.6857,CD4 - Cytotoxic,,Meningioma,2269.0,1053,9.91626267078008
MSC6_TTCACGCGTTATGGTC,MSC6,6,T_cell,CD8 T cells,993,,,,,,,,,Meningioma,1995.0,993,15.137844611528822
MSC6_TTCAGGACAACTCCCT,MSC6,6,T_cell,CD8 T cells,1336,6.708,36.308,0.1943,0.1807,Not cycling,0.7386,CD8 - Cytotoxic,,Meningioma,3019.0,1336,7.817157999337529
MSC6_TTCAGGAGTTCTGACA,MSC6,6,T_cell,CD8 T cells,520,,,,,,,,,Meningioma,959.0,520,4.37956204379562
MSC6_TTCATGTCACGTGTGC,MSC6,6,T_cell,CD8 T cells,2082,9.7402,33.3655,1.3793,1.0047,Intermediate,2.8992,CD4 - Cell Cycle,CD4 - Cell Cycle,Meningioma,5354.0,2082,7.11617482256257
MSC6_TTCATGTGTATGGAAT,MSC6,6,T_cell,CD8 T cells,1047,5.2694,36.7743,-0.0418,0.0678,Not cycling,0.7501,CD8 - Cytotoxic,,Meningioma,2343.0,1047,14.084507042253522
MSC6_TTCATTGAGTCACAGG,MSC6,6,T_cell,CD8 T cells,1315,9.3883,33.7852,0.8022,0.2354,G1/S,1.5185,CD4 - Cell Cycle,CD4 - Cell Cycle,Meningioma,3195.0,1315,16.46322378716745
MSC6_TTCATTGGTCGTACTA,MSC6,6,T_cell,CD8 T cells,1139,3.4408,35.9369,-0.0388,-0.0481,Not cycling,1.2656,CD4 - Naive1,CD4 - Naive1,Meningioma,2983.0,1139,16.359369761984578
MSC6_TTCCAATTCGGTTGTA,MSC6,6,T_cell,CD8 T cells,1303,7.2983,36.9881,0.0113,0.0575,Not cycling,0.8387,CD8 - Cytotoxic,,Meningioma,3097.0,1303,12.1730707135938
MSC6_TTCCACGGTACTTGTG,MSC6,6,T_cell,CD8 T cells,1585,5.3193,35.6735,-0.1831,0.9369,G2/M,0.8276,CD4 - Cell Cycle,,Meningioma,3719.0,1585,14.412476472169939
MSC6_TTCCGGTGTACAGAAT,MSC6,6,T_cell,CD8 T cells,930,,,,,,,,,Meningioma,2011.0,930,13.873694679264048
MSC6_TTCCGGTTCTGATTCT,MSC6,6,T_cell,CD8 T cells,1177,5.5721,37.3923,-0.0909,0.0167,Not cycling,0.7093,CD8 - Heat shock,,Meningioma,2495.0,1177,10.420841683366733
MSC6_TTCCGTGCACTGCGAC,MSC6,6,T_cell,CD8 T cells,1097,6.9936,36.8405,-0.0283,0.0135,Not cycling,1.3086,CD8 - Cytotoxic,CD8 - Cytotoxic,Meningioma,2545.0,1097,13.320235756385069
MSC6_TTCCGTGCAGTAGAAT,MSC6,6,T_cell,CD8 T cells,1244,5.7033,36.4033,0.0657,-0.0033,Not cycling,0.6414,CD4 - Cytotoxic,,Meningioma,2799.0,1244,10.896748838871025
MSC6_TTCCGTGGTCACATTG,MSC6,6,T_cell,CD8 T cells,1087,4.7084,36.2071,-0.0946,-0.0583,Not cycling,0.5953,CD8 - Chromatin,,Meningioma,2516.0,1087,13.791732909379968
MSC6_TTCCTAAAGATGCCGA,MSC6,6,T_cell,CD8 T cells,2610,5.7065,34.4729,0.8823,0.3641,G1/S,1.7317,CD4 - Cell Cycle,CD4 - Cell Cycle,Meningioma,7698.0,2610,8.625617043387892
MSC6_TTCCTAACAGTAGAGC,MSC6,6,T_cell,CD8 T cells,916,,,,,,,,,Meningioma,1852.0,916,12.203023758099352
MSC6_TTCCTAATCTAGCCTC,MSC6,6,T_cell,CD8 T cells,1385,7.802,36.9707,-0.055,0.055,Not cycling,0.6247,CD8 - Cytotoxic,,Meningioma,2768.0,1385,8.742774566473988
MSC6_TTCCTAATCTGTCGCT,MSC6,6,T_cell,CD8 T cells,1950,10.121,32.9657,1.0794,1.2006,Intermediate,3.5418,CD4 - Cell Cycle,CD4 - Cell Cycle,Meningioma,4399.0,1950,8.047283473516709
MSC6_TTCCTCTAGTGGATAT,MSC6,6,T_cell,CD8 T cells,1186,5.6346,36.0435,0.0578,0.2791,Not cycling,0.9768,CD8 - Cytotoxic,,Meningioma,2477.0,1186,13.968510294711344
MSC6_TTCCTCTCATTCCTCG,MSC6,6,T_cell,CD8 T cells,622,,,,,,,,,Meningioma,1442.0,622,3.0513176144244105
MSC6_TTCCTTCAGAATTTGG,MSC6,6,T_cell,CD8 T cells,1510,5.2552,35.7476,0.0065,0.0668,Not cycling,0.8464,CD8 - Chromatin,,Meningioma,3653.0,1509,9.170544757733369
MSC6_TTCCTTCAGGCCTAGA,MSC6,6,T_cell,CD8 T cells,988,,,,,,,,,Meningioma,1898.0,988,17.38672286617492
MSC6_TTCCTTCCAGAACTAA,MSC6,6,T_cell,CD8 T cells,1049,4.3859,36.3323,-0.0419,0.063,Not cycling,0.8053,CD8 - Chromatin,,Meningioma,2313.0,1049,15.693904020752269
MSC6_TTCGATTAGGACAGCT,MSC6,6,T_cell,CD8 T cells,1216,7.037,37.5982,-0.0491,0.0128,Not cycling,0.3298,CD8 - Memory/Naive1,,Meningioma,2905.0,1216,13.562822719449226
MSC6_TTCGATTCAATGGGTG,MSC6,6,T_cell,CD8 T cells,1229,6.2809,36.4766,0.008,0.0,Not cycling,0.4094,CD4 - Naive2,,Meningioma,2707.0,1229,9.420022164758034
MSC6_TTCGATTCATTGACTG,MSC6,6,T_cell,CD8 T cells,1480,7.6195,36.6561,-0.003,0.122,Not cycling,0.6653,CD8 - Heat shock,,Meningioma,3325.0,1480,13.353383458646617
MSC6_TTCGATTGTAATTAGG,MSC6,6,T_cell,CD8 T cells,1282,7.1562,37.3511,-0.0474,0.0639,Not cycling,1.8815,CD8 - Cytotoxic,CD8 - Cytotoxic,Meningioma,3053.0,1282,12.741565673108418
MSC6_TTCGATTGTAGTCCTA,MSC6,6,T_cell,CD8 T cells,3931,5.9141,19.5793,0.0876,-0.0824,Not cycling,0.1355,CD8 - Chromatin,,Meningioma,12192.0,3931,17.076771653543307
MSC6_TTCGATTTCAGGTGTT,MSC6,6,T_cell,CD8 T cells,1323,6.7372,35.996,0.0138,0.0553,Not cycling,0.6514,CD8 - Glycolysis/MYC,,Meningioma,3047.0,1323,15.687561535936988
MSC6_TTCGATTTCCTTATAC,MSC6,6,T_cell,CD8 T cells,1337,6.2348,37.6516,0.0037,0.065,Not cycling,0.2797,CD4 - Stress/HSP,,Meningioma,2669.0,1337,9.32933683027351
MSC6_TTCTAACCACCAGTTA,MSC6,6,T_cell,CD8 T cells,1188,5.51,36.6304,0.2048,-0.06,Not cycling,3.1364,CD8 - Interferon,,Meningioma,2279.0,1188,8.775778850372971
MSC6_TTCTAGTAGTAAGAGG,MSC6,6,T_cell,CD8 T cells,1372,7.761,36.9716,0.0184,0.0028,Not cycling,0.7255,CD8 - Cytotoxic,,Meningioma,3016.0,1372,12.10212201591512
MSC6_TTCTAGTCACCGGAAA,MSC6,6,T_cell,CD8 T cells,1451,7.7921,35.508,0.5592,0.0592,Not cycling,0.8773,CD8 - Unassigned2,,Meningioma,3408.0,1451,15.845070422535212
MSC6_TTCTAGTGTAACAAGT,MSC6,6,T_cell,CD8 T cells,1194,5.7528,36.1327,0.18,-0.0085,Not cycling,0.8564,CD8 - Cytotoxic,,Meningioma,2677.0,1194,12.476652969742249
MSC6_TTCTAGTGTATCGAGG,MSC6,6,T_cell,CD8 T cells,767,,,,,,,,,Meningioma,1672.0,767,19.198564593301434
MSC6_TTCTAGTTCCTGGTCT,MSC6,6,T_cell,CD8 T cells,863,,,,,,,,,Meningioma,1480.0,863,8.58108108108108
MSC6_TTCTCTCAGATGTTGA,MSC6,6,T_cell,CD8 T cells,1099,5.7865,36.9729,0.0752,0.0013,Not cycling,0.284,CD8 - Chromatin,,Meningioma,2353.0,1099,13.727156821079474
MSC6_TTCTCTCAGATTCGCT,MSC6,6,T_cell,CD8 T cells,992,,,,,,,,,Meningioma,1808.0,992,8.68362831858407
MSC6_TTCTGTAAGTCTGCGC,MSC6,6,T_cell,CD8 T cells,1399,5.6239,36.251,-0.031,0.012,Not cycling,0.8085,CD4 - Cytotoxic,,Meningioma,3241.0,1399,6.973156433199629
MSC6_TTCTTCCGTCAGGAGT,MSC6,6,T_cell,CD8 T cells,1219,6.8456,36.0897,0.1446,0.0061,Not cycling,0.4112,CD4 - Interferon,,Meningioma,2604.0,1219,14.24731182795699
MSC6_TTCTTGAAGAACTCCT,MSC6,6,T_cell,CD8 T cells,740,,,,,,,,,Meningioma,1200.0,740,3.75
MSC6_TTCTTGAAGAAGCGAA,MSC6,6,T_cell,CD8 T cells,944,,,,,,,,,Meningioma,2177.0,944,13.872301332108407
MSC6_TTCTTGACACATCCCT,MSC6,6,T_cell,CD8 T cells,1146,5.5987,36.7526,0.0213,0.004,Not cycling,1.1376,CD8 - Cytotoxic,CD8 - Cytotoxic,Meningioma,2573.0,1146,15.040808394869801
MSC6_TTCTTGACATGAGGGT,MSC6,6,T_cell,CD8 T cells,1534,6.1464,35.9159,0.3711,-0.079,Not cycling,1.1076,CD4 - Cytotoxic,CD4 - Cytotoxic,Meningioma,4208.0,1534,18.10836501901141
MSC6_TTCTTGAGTTCAGGTT,MSC6,6,T_cell,CD8 T cells,980,,,,,,,,,Meningioma,2173.0,980,15.692590888173033
MSC6_TTCTTGATCACTACTT,MSC6,6,T_cell,CD8 T cells,1838,9.9051,33.1836,1.3388,0.8281,G1/S,2.5951,CD4 - Cell Cycle,CD4 - Cell Cycle,Meningioma,4305.0,1838,10.522648083623693
MSC6_TTCTTGATCGGCATAT,MSC6,6,T_cell,CD8 T cells,987,,,,,,,,,Meningioma,2428.0,987,11.449752883031302
MSC6_TTGACCCAGGCTCACC,MSC6,6,T_cell,CD8 T cells,2484,9.0133,34.0389,0.6273,0.2051,Not cycling,1.0902,CD8 - Chromatin,,Meningioma,6333.0,2484,9.332070108953102
MSC6_TTGATGGAGTTGCTCA,MSC6,6,T_cell,CD8 T cells,2030,10.1815,33.0793,0.7364,0.9535,Intermediate,1.835,CD4 - Cell Cycle,CD4 - Cell Cycle,Meningioma,5489.0,2030,9.98360357077792
MSC6_TTGATGGCATAGAATG,MSC6,6,T_cell,CD8 T cells,710,,,,,,,,,Meningioma,1207.0,710,11.847555923777962
MSC6_TTGATGGCATATAGCC,MSC6,6,T_cell,CD8 T cells,1226,7.3604,36.7703,-0.1083,-0.056,Not cycling,0.5235,CD8 - Cytotoxic,,Meningioma,2572.0,1226,11.35303265940902
MSC6_TTGATGGTCCAACACA,MSC6,6,T_cell,CD8 T cells,970,,,,,,,,,Meningioma,1938.0,970,2.0123839009287927
MSC6_TTGATGGTCTAGGAAA,MSC6,6,T_cell,CD8 T cells,1030,5.7189,37.6086,0.0259,0.0702,Not cycling,0.9723,CD4 - Cytotoxic,,Meningioma,2450.0,1030,15.428571428571429
MSC6_TTGCATTAGCACGTCC,MSC6,6,T_cell,CD8 T cells,1523,5.6309,35.8065,-0.0159,-0.0854,Not cycling,0.5165,CD8 - Memory/Naive1,,Meningioma,3176.0,1523,9.351385390428211
MSC6_TTGCATTAGGCTGAAC,MSC6,6,T_cell,CD8 T cells,735,,,,,,,,,Meningioma,1089.0,735,10.009182736455463
MSC6_TTGCATTAGTATGCAA,MSC6,6,T_cell,CD8 T cells,1129,4.2751,36.227,-0.0483,0.0608,Not cycling,0.8052,CD8 - Unassigned1,,Meningioma,2567.0,1129,10.2843786521231
MSC6_TTGCGTCGTTCCACGG,MSC6,6,T_cell,CD8 T cells,752,,,,,,,,,Meningioma,1641.0,752,12.67519804996953
MSC6_TTGCTGCGTGCATGTT,MSC6,6,T_cell,CD8 T cells,890,,,,,,,,,Meningioma,1864.0,890,18.13304721030043
MSC6_TTGCTGCGTGCCGGTT,MSC6,6,T_cell,CD8 T cells,1181,4.7414,36.7485,0.0059,-0.0101,Not cycling,0.3022,CD4 - Naive1,,Meningioma,3101.0,1181,17.41373750403096
MSC6_TTGGATGTCGTAACTG,MSC6,6,T_cell,CD8 T cells,1546,6.1916,36.2467,-0.0443,0.0671,Not cycling,1.0044,CD4 - Cytotoxic,CD4 - Cytotoxic,Meningioma,3869.0,1546,11.113982941328509
MSC6_TTGGATGTCTTGCGCT,MSC6,6,T_cell,CD8 T cells,1393,3.5996,35.8509,-0.0425,0.0651,Not cycling,0.7462,CD4 - Interferon,,Meningioma,3191.0,1393,7.865872767157631
MSC6_TTGGGATAGCCATTGT,MSC6,6,T_cell,CD8 T cells,1132,6.633,36.6703,0.019,-0.0015,Not cycling,0.5165,CD8 - Cytotoxic,,Meningioma,2255.0,1132,12.904656319290465
MSC6_TTGGGCGCAATACGCT,MSC6,6,T_cell,CD8 T cells,1416,4.937,35.506,0.0521,-0.0089,Not cycling,0.4115,CD4 - Stress/HSP,,Meningioma,3286.0,1416,9.646987218502739
MSC6_TTGGGCGGTATACAGA,MSC6,6,T_cell,CD8 T cells,1305,6.507,36.0836,0.0758,-0.0701,Not cycling,0.5556,CD8 - Unassigned2,,Meningioma,2821.0,1305,7.904998227578873
MSC6_TTGGGCGTCCGGCAAC,MSC6,6,T_cell,CD8 T cells,1061,5.623,37.1894,0.0115,0.0681,Not cycling,0.7104,CD8 - Memory/Naive1,,Meningioma,2518.0,1061,19.618745035742652
MSC6_TTGGGTATCAAGCGTT,MSC6,6,T_cell,CD8 T cells,1964,4.901,35.1322,-0.0766,-0.0868,Not cycling,0.4093,CD4 - Glycolysis/MYC,,Meningioma,7585.0,1964,3.124588002636783
MSC6_TTGGTTTCAAAGTATG,MSC6,6,T_cell,CD8 T cells,1723,5.0194,34.2665,0.0799,-0.1029,Not cycling,0.1386,CD8 - Unassigned2,,Meningioma,4846.0,1723,12.773421378456458
MSC6_TTGGTTTCACTGGACC,MSC6,6,T_cell,CD8 T cells,1386,6.8074,36.4447,-0.1058,0.0678,Not cycling,0.6267,CD4 - Cytotoxic,,Meningioma,3668.0,1386,11.559432933478735
MSC6_TTGGTTTTCTCAGGCG,MSC6,6,T_cell,CD8 T cells,1131,5.4568,37.1945,-0.0421,0.0692,Not cycling,0.335,CD8 - Unassigned1,,Meningioma,2497.0,1131,13.215859030837004
MSC6_TTGTGTTAGATCACCT,MSC6,6,T_cell,CD8 T cells,998,,,,,,,,,Meningioma,2200.0,998,11.681818181818182
MSC6_TTGTGTTCATAGAGGC,MSC6,6,T_cell,CD8 T cells,1397,4.7328,36.9505,0.1244,-0.0112,Not cycling,0.4493,CD4 - Naive2,,Meningioma,3453.0,1397,14.219519258615696
MSC6_TTGTGTTGTAGCGAGT,MSC6,6,T_cell,CD8 T cells,903,,,,,,,,,Meningioma,1765.0,903,7.762039660056657
MSC6_TTGTTGTGTGCACGCT,MSC6,6,T_cell,CD8 T cells,900,,,,,,,,,Meningioma,1757.0,900,14.228799089356858
MSC6_TTGTTGTTCCGTGGTG,MSC6,6,T_cell,CD8 T cells,4977,6.2774,19.5029,0.2601,-0.0906,Not cycling,0.4456,CD8 - Heat shock,,Meningioma,18145.0,4977,10.460181868283273
MSC6_TTGTTTGAGAGAGCAA,MSC6,6,T_cell,CD8 T cells,1080,5.5839,36.7281,-0.0434,-0.0509,Not cycling,0.5476,CD8 - Cytotoxic,,Meningioma,2430.0,1080,16.419753086419753
MSC6_TTGTTTGAGTTGCATC,MSC6,6,T_cell,CD8 T cells,1926,10.4567,32.5477,0.663,1.0831,G2/M,2.4417,CD4 - Cell Cycle,CD4 - Cell Cycle,Meningioma,4880.0,1926,9.918032786885245
MSC6_TTGTTTGCAAGCAATA,MSC6,6,T_cell,CD8 T cells,1359,5.9169,36.1931,0.0755,-0.0053,Not cycling,0.3147,CD8 - Cytotoxic,,Meningioma,3064.0,1359,12.336814621409921
MSC6_TTGTTTGTCTAGTCAG,MSC6,6,T_cell,CD8 T cells,1014,6.7547,37.5008,0.0301,0.1353,Not cycling,1.2763,CD8 - Cytotoxic,CD8 - Cytotoxic,Meningioma,2199.0,1014,14.324693042291951
MSC6_TTTACCAAGCGCCTAC,MSC6,6,T_cell,CD8 T cells,1125,4.5493,36.6781,0.1007,0.0159,Not cycling,1.2584,CD4 - Cytotoxic,CD4 - Cytotoxic,Meningioma,2831.0,1125,16.213352172377252
MSC6_TTTACCACATGAGGGT,MSC6,6,T_cell,CD8 T cells,2072,7.2523,35.7339,0.5546,0.0031,Not cycling,0.6445,CD8 - Cytotoxic,,Meningioma,5461.0,2072,8.771287310016481
MSC6_TTTACCATCATCCTAT,MSC6,6,T_cell,CD8 T cells,1110,4.9084,36.8717,-0.0475,-0.0017,Not cycling,0.7452,CD8 - Memory/Naive1,,Meningioma,2534.0,1110,16.298342541436465
MSC6_TTTACCATCCGTGTAA,MSC6,6,T_cell,CD8 T cells,604,,,,,,,,,Meningioma,1140.0,604,18.07017543859649
MSC6_TTTACGTAGTGAGTGC,MSC6,6,T_cell,CD8 T cells,1307,7.2,36.1715,0.2084,0.0046,Not cycling,0.76,CD4 - Cytotoxic,,Meningioma,2926.0,1307,16.062884483937115
MSC6_TTTACGTCACCTCAGG,MSC6,6,T_cell,CD8 T cells,1113,7.4865,36.8535,-0.0331,-0.0468,Not cycling,0.9855,CD8 - Cytotoxic,,Meningioma,2320.0,1113,11.336206896551724
MSC6_TTTACGTCACTACGGC,MSC6,6,T_cell,CD8 T cells,1174,5.678,37.1969,-0.1037,0.0674,Not cycling,0.4489,CD8 - Chromatin,,Meningioma,2576.0,1174,11.607142857142858
MSC6_TTTACTGTCCAAGCAT,MSC6,6,T_cell,CD8 T cells,1291,7.1179,36.6473,0.1451,0.1274,Not cycling,1.3598,CD8 - Cytotoxic,CD8 - Cytotoxic,Meningioma,2838.0,1291,10.253699788583509
MSC6_TTTACTGTCTCGTGAA,MSC6,6,T_cell,CD8 T cells,1021,4.8125,36.9464,-0.0529,0.1221,Not cycling,0.8356,CD4 - Naive1,,Meningioma,2244.0,1021,14.616755793226382
MSC6_TTTAGTCAGCAGGCTA,MSC6,6,T_cell,CD8 T cells,957,,,,,,,,,Meningioma,2019.0,957,13.125309559187716
MSC6_TTTAGTCGTTTGTGGT,MSC6,6,T_cell,CD8 T cells,552,,,,,,,,,Meningioma,944.0,552,13.347457627118644
MSC6_TTTAGTCTCATAGACC,MSC6,6,T_cell,CD8 T cells,1211,6.1657,36.1968,-0.125,0.0575,Not cycling,0.5751,CD8 - Unassigned2,,Meningioma,2625.0,1211,13.40952380952381
MSC6_TTTAGTCTCCGGACGT,MSC6,6,T_cell,CD8 T cells,1399,5.6332,36.2496,0.0068,0.0656,Not cycling,0.7935,CD8 - Cytotoxic,,Meningioma,3634.0,1399,11.034672537149147
MSC6_TTTATGCAGAACCCGA,MSC6,6,T_cell,CD8 T cells,1287,7.866,36.0292,0.3269,0.1803,Not cycling,1.0319,CD8 - Unassigned2,,Meningioma,2802.0,1287,10.028551034975019
MSC6_TTTATGCAGAGAGTGA,MSC6,6,T_cell,CD8 T cells,898,,,,,,,,,Meningioma,2039.0,898,14.909269249632173
MSC6_TTTCACAGTTGCGTAT,MSC6,6,T_cell,CD8 T cells,1023,4.8862,36.7296,0.0402,-0.0511,Not cycling,0.7069,CD4 - Naive1,,Meningioma,2475.0,1023,17.292929292929294
MSC6_TTTCACAGTTTGTTCT,MSC6,6,T_cell,CD8 T cells,1766,9.4635,33.7142,0.9662,0.1073,G1/S,1.31,CD4 - Cell Cycle,CD4 - Cell Cycle,Meningioma,3916.0,1766,8.324821246169561
MSC6_TTTCAGTAGAAGAACG,MSC6,6,T_cell,CD8 T cells,650,,,,,,,,,Meningioma,1055.0,650,17.156398104265403
MSC6_TTTCAGTCACGCCAGT,MSC6,6,T_cell,CD8 T cells,1993,9.9383,33.0636,1.2506,0.9878,Intermediate,3.0983,CD4 - Cell Cycle,CD4 - Cell Cycle,Meningioma,4826.0,1993,12.55698300870286
MSC6_TTTCAGTGTGATCATC,MSC6,6,T_cell,CD8 T cells,1058,5.2447,36.071,0.0174,0.0648,Not cycling,0.4589,CD8 - Chromatin,,Meningioma,2149.0,1058,10.469986040018613
MSC6_TTTCATGAGCTTTGTG,MSC6,6,T_cell,CD8 T cells,1015,4.6374,36.6282,0.0123,-0.0025,Not cycling,0.9188,CD4 - Naive1,,Meningioma,2170.0,1015,12.626728110599078
MSC6_TTTCATGAGGCGCTCT,MSC6,6,T_cell,CD8 T cells,1125,7.3932,37.2913,-0.0356,0.0075,Not cycling,0.7575,CD8 - Cytotoxic,,Meningioma,2191.0,1125,10.132359653126427
MSC6_TTTCATGCACAGAGCA,MSC6,6,T_cell,CD8 T cells,1162,7.015,37.9172,0.0304,-0.0443,Not cycling,0.9914,CD8 - Cytotoxic,,Meningioma,2899.0,1162,9.934460158675405
MSC6_TTTCATGCAGAAGTTA,MSC6,6,T_cell,CD8 T cells,1046,5.2637,37.0622,0.0299,0.0087,Not cycling,0.5088,CD4 - Cytotoxic,,Meningioma,2198.0,1045,15.787079162875342
MSC6_TTTCCTCCACAGTCAT,MSC6,6,T_cell,CD8 T cells,819,,,,,,,,,Meningioma,1801.0,819,15.21377012770683
MSC6_TTTCGATGTTAAGGAT,MSC6,6,T_cell,CD8 T cells,1148,5.8408,36.6674,-0.0316,0.1815,Not cycling,0.8169,CD4 - Cytotoxic,,Meningioma,2513.0,1148,13.927576601671309
MSC6_TTTCGATGTTGGGATG,MSC6,6,T_cell,CD8 T cells,1014,4.9646,36.981,-0.1107,-0.0056,Not cycling,0.7984,CD4 - Cytotoxic,,Meningioma,2238.0,1014,17.336907953529938
MSC6_TTTGACTCAACACTAC,MSC6,6,T_cell,CD8 T cells,1211,5.347,36.6628,-0.1138,-0.071,Not cycling,0.4929,CD4 - Naive1,,Meningioma,2664.0,1211,15.615615615615615
MSC6_TTTGACTGTATGAGGC,MSC6,6,T_cell,CD8 T cells,986,,,,,,,,,Meningioma,2396.0,986,12.312186978297161
MSC6_TTTGACTGTCTCAGAT,MSC6,6,T_cell,CD8 T cells,1031,5.7274,36.8545,-0.0394,0.0704,Not cycling,0.7329,CD8 - Cytotoxic,,Meningioma,2119.0,1031,12.411514865502596
MSC6_TTTGATCGTGGCCACT,MSC6,6,T_cell,CD8 T cells,1002,5.5376,37.3099,0.0311,0.0719,Not cycling,0.8465,CD8 - Unassigned1,,Meningioma,2154.0,1002,11.606313834726091
MSC6_TTTGGAGCAAGTGGCA,MSC6,6,T_cell,CD8 T cells,696,,,,,,,,,Meningioma,1408.0,696,18.25284090909091
MSC6_TTTGTTGCAGAGGTAC,MSC6,6,T_cell,CD8 T cells,1384,7.1669,36.9838,0.0251,0.0083,Not cycling,0.4742,CD8 - Unassigned2,,Meningioma,3298.0,1384,13.341419041843542
MSC6_TTTGTTGGTGTCCTAA,MSC6,6,T_cell,CD8 T cells,1007,4.5292,36.3197,0.026,0.0106,Not cycling,1.3143,CD8 - Interferon,,Meningioma,2030.0,1007,8.52216748768473
MSC6_TTTGTTGTCCCTCATG,MSC6,6,T_cell,CD8 T cells,1080,4.7064,36.5636,-0.097,0.0629,Not cycling,0.5728,CD4 - Cytotoxic,,Meningioma,2578.0,1080,15.399534522885958
MSC6-BTI_AAACCCAAGCTACTAC,MSC6-BTI,6,T_cell,CD8 T cells,851,,,,,,,,,Meningioma brain-tumor interface,1520.0,851,8.289473684210526
MSC6-BTI_AAACGAAGTAGTCTGT,MSC6-BTI,6,T_cell,CD8 T cells,801,,,,,,,,,Meningioma brain-tumor interface,1683.0,801,13.25014854426619
MSC6-BTI_AAAGTGAAGAGTCGAC,MSC6-BTI,6,T_cell,CD8 T cells,878,,,,,,,,,Meningioma brain-tumor interface,2065.0,878,11.961259079903147
MSC6-BTI_AAATGGAAGTGTAGTA,MSC6-BTI,6,T_cell,CD8 T cells,5108,5.8756,17.3858,0.8523,-0.0975,G1/S,0.2897,CD4 - Glycolysis/MYC,,Meningioma brain-tumor interface,22106.0,5108,8.870894779697819
MSC6-BTI_AACAAAGTCTAGTTCT,MSC6-BTI,6,T_cell,CD8 T cells,633,,,,,,,,,Meningioma brain-tumor interface,1260.0,633,16.428571428571427
MSC6-BTI_AACGAAATCCGCTTAC,MSC6-BTI,6,T_cell,CD8 T cells,792,,,,,,,,,Meningioma brain-tumor interface,1821.0,792,13.014827018121911
MSC6-BTI_AACTTCTAGCAACCAG,MSC6-BTI,6,T_cell,CD8 T cells,721,,,,,,,,,Meningioma brain-tumor interface,1575.0,721,17.904761904761905
MSC6-BTI_AAGACAATCCCTCGTA,MSC6-BTI,6,T_cell,CD8 T cells,795,,,,,,,,,Meningioma brain-tumor interface,1501.0,795,10.992671552298468
MSC6-BTI_AAGACTCCAGAGGACT,MSC6-BTI,6,T_cell,CD8 T cells,943,,,,,,,,,Meningioma brain-tumor interface,1929.0,943,12.856402280974597
MSC6-BTI_AAGATAGTCAAGCTGT,MSC6-BTI,6,T_cell,CD8 T cells,1065,-14.5718,24.0237,-0.0607,-0.0072,Not cycling,0.442,CD8 - Memory/Naive1,,Meningioma brain-tumor interface,2475.0,1065,10.868686868686869
MSC6-BTI_AATCGACCAGTTCTAG,MSC6-BTI,6,T_cell,CD8 T cells,732,,,,,,,,,Meningioma brain-tumor interface,1324.0,732,13.746223564954683
MSC6-BTI_ACAGAAATCGTTACCC,MSC6-BTI,6,T_cell,CD8 T cells,891,,,,,,,,,Meningioma brain-tumor interface,1769.0,891,13.793103448275861
MSC6-BTI_ACAGGGACATGTTACG,MSC6-BTI,6,T_cell,CD8 T cells,1374,4.9462,35.4781,0.0489,0.045,Not cycling,0.526,CD4 - Dysfunction,,Meningioma brain-tumor interface,3794.0,1374,6.879283078545071
MSC6-BTI_ACATCCCAGATCACTC,MSC6-BTI,6,T_cell,CD8 T cells,930,,,,,,,,,Meningioma brain-tumor interface,1866.0,930,9.914255091103966
MSC6-BTI_ACATCCCTCTCGGGAC,MSC6-BTI,6,T_cell,CD8 T cells,817,,,,,,,,,Meningioma brain-tumor interface,1881.0,817,15.151515151515152
MSC6-BTI_ACCATTTTCCCTGTTG,MSC6-BTI,6,T_cell,CD8 T cells,869,,,,,,,,,Meningioma brain-tumor interface,1848.0,869,16.666666666666668
MSC6-BTI_ACCCTTGTCGAAGCAG,MSC6-BTI,6,T_cell,CD8 T cells,788,,,,,,,,,Meningioma brain-tumor interface,1440.0,788,5.902777777777778
MSC6-BTI_ACGGTTAGTTTCGGCG,MSC6-BTI,6,T_cell,CD8 T cells,708,,,,,,,,,Meningioma brain-tumor interface,1788.0,708,15.324384787472036
MSC6-BTI_ACGGTTATCCAAACCA,MSC6-BTI,6,T_cell,CD8 T cells,950,,,,,,,,,Meningioma brain-tumor interface,1956.0,950,9.355828220858896
MSC6-BTI_ACGTAACCAGTCCCGA,MSC6-BTI,6,T_cell,CD8 T cells,730,,,,,,,,,Meningioma brain-tumor interface,1878.0,730,17.03940362087327
MSC6-BTI_ACGTAGTGTAGCCCTG,MSC6-BTI,6,T_cell,CD8 T cells,554,,,,,,,,,Meningioma brain-tumor interface,1067.0,554,11.34020618556701
MSC6-BTI_ACTGTGATCCTGTAGA,MSC6-BTI,6,T_cell,CD8 T cells,672,,,,,,,,,Meningioma brain-tumor interface,1317.0,672,13.515565679574792
MSC6-BTI_AGAACCTCATTGTAGC,MSC6-BTI,6,T_cell,CD8 T cells,956,,,,,,,,,Meningioma brain-tumor interface,2014.0,956,13.058589870903674
MSC6-BTI_AGAAGTACAGATAAAC,MSC6-BTI,6,T_cell,CD8 T cells,759,,,,,,,,,Meningioma brain-tumor interface,1638.0,759,15.873015873015873
MSC6-BTI_AGCCAATTCAAGCCCG,MSC6-BTI,6,T_cell,CD8 T cells,1063,3.5585,36.1239,0.0585,0.2229,Not cycling,1.5323,CD4 - Cytotoxic,CD4 - Cytotoxic,Meningioma brain-tumor interface,2399.0,1063,12.421842434347646
MSC6-BTI_AGCCAGCCAGGAACCA,MSC6-BTI,6,T_cell,CD8 T cells,1263,7.6222,34.9497,0.4224,-0.0892,Not cycling,1.1488,CD8 - Cytotoxic,CD8 - Cytotoxic,Meningioma brain-tumor interface,2842.0,1263,13.898662913441239
MSC6-BTI_AGGGAGTAGGGAGAAT,MSC6-BTI,6,T_cell,CD8 T cells,647,,,,,,,,,Meningioma brain-tumor interface,1304.0,647,14.95398773006135
MSC6-BTI_AGGGTCCAGGCTGTAG,MSC6-BTI,6,T_cell,CD8 T cells,637,,,,,,,,,Meningioma brain-tumor interface,1352.0,637,13.2396449704142
MSC6-BTI_AGGGTCCGTAGATCCT,MSC6-BTI,6,T_cell,CD8 T cells,852,,,,,,,,,Meningioma brain-tumor interface,1793.0,852,6.8600111544896825
MSC6-BTI_AGGTGTTTCCTGTTGC,MSC6-BTI,6,T_cell,CD8 T cells,733,,,,,,,,,Meningioma brain-tumor interface,1544.0,733,14.378238341968911
MSC6-BTI_AGGTTGTTCATAGGCT,MSC6-BTI,6,T_cell,CD8 T cells,4771,16.6761,20.3425,0.8503,0.4504,G1/S,0.4507,CD4 - Cell Cycle,,Meningioma brain-tumor interface,19184.0,4771,8.647831526271894
MSC6-BTI_AGTAACCCAAATGGTA,MSC6-BTI,6,T_cell,CD8 T cells,849,,,,,,,,,Meningioma brain-tumor interface,1731.0,849,12.305025996533795
MSC6-BTI_AGTACCAAGCGTCGAA,MSC6-BTI,6,T_cell,CD8 T cells,610,,,,,,,,,Meningioma brain-tumor interface,1119.0,610,13.672922252010723
MSC6-BTI_AGTACTGCAATACCCA,MSC6-BTI,6,T_cell,CD8 T cells,653,,,,,,,,,Meningioma brain-tumor interface,1008.0,653,6.845238095238095
MSC6-BTI_AGTACTGTCCCGAGAC,MSC6-BTI,6,T_cell,CD8 T cells,745,,,,,,,,,Meningioma brain-tumor interface,1582.0,745,19.97471554993679
MSC6-BTI_AGTCACAAGTTTGTCG,MSC6-BTI,6,T_cell,CD8 T cells,937,,,,,,,,,Meningioma brain-tumor interface,1895.0,937,7.282321899736147
MSC6-BTI_AGTGACTAGTATGACA,MSC6-BTI,6,T_cell,CD8 T cells,1019,-14.2338,23.8048,-0.0607,-0.0094,Not cycling,1.0617,CD8 - Interferon,,Meningioma brain-tumor interface,3892.0,1019,6.32065775950668
MSC6-BTI_ATATCCTAGTTACTCG,MSC6-BTI,6,T_cell,CD8 T cells,1862,10.721,32.1722,0.0216,1.8611,G2/M,2.4598,CD8 - Cell Cycle,,Meningioma brain-tumor interface,4732.0,1862,3.8038884192730347
MSC6-BTI_ATCACTTGTCGGAACA,MSC6-BTI,6,T_cell,CD8 T cells,915,,,,,,,,,Meningioma brain-tumor interface,2128.0,915,19.877819548872182
MSC6-BTI_ATCATTCAGCACTGGA,MSC6-BTI,6,T_cell,CD8 T cells,869,,,,,,,,,Meningioma brain-tumor interface,1725.0,869,12.695652173913043
MSC6-BTI_ATCCCTGCAGAGGCAT,MSC6-BTI,6,T_cell,CD8 T cells,903,,,,,,,,,Meningioma brain-tumor interface,2090.0,903,12.344497607655502
MSC6-BTI_ATCGATGAGAGCCGAT,MSC6-BTI,6,T_cell,CD8 T cells,788,,,,,,,,,Meningioma brain-tumor interface,1631.0,788,10.913549969343961
MSC6-BTI_ATCGGATTCTGCACCT,MSC6-BTI,6,T_cell,CD8 T cells,1160,-15.1747,24.6389,0.3867,-0.0549,Not cycling,1.1802,CD8 - Unassigned2,,Meningioma brain-tumor interface,2619.0,1160,9.965635738831615
MSC6-BTI_ATCGGCGGTATTCCTT,MSC6-BTI,6,T_cell,CD8 T cells,539,,,,,,,,,Meningioma brain-tumor interface,789.0,539,6.97084917617237
MSC6-BTI_ATCTCTATCCTGTTGC,MSC6-BTI,6,T_cell,CD8 T cells,899,,,,,,,,,Meningioma brain-tumor interface,1920.0,899,5.520833333333333
MSC6-BTI_ATCTTCATCGGTTCAA,MSC6-BTI,6,T_cell,CD8 T cells,676,,,,,,,,,Meningioma brain-tumor interface,1332.0,676,14.114114114114114
MSC6-BTI_ATGACCAGTCTTGAGT,MSC6-BTI,6,T_cell,CD8 T cells,898,,,,,,,,,Meningioma brain-tumor interface,2032.0,898,13.976377952755906
MSC6-BTI_ATGGGTTTCGTGTCAA,MSC6-BTI,6,T_cell,CD8 T cells,565,,,,,,,,,Meningioma brain-tumor interface,1139.0,565,19.666374012291485
MSC6-BTI_ATGTCTTAGTTGCTGT,MSC6-BTI,6,T_cell,CD8 T cells,843,,,,,,,,,Meningioma brain-tumor interface,1670.0,843,10.778443113772456
MSC6-BTI_ATGTCTTGTTTACACG,MSC6-BTI,6,T_cell,CD8 T cells,571,,,,,,,,,Meningioma brain-tumor interface,986.0,571,11.866125760649087
MSC6-BTI_ATTCACTGTACTCGTA,MSC6-BTI,6,T_cell,CD8 T cells,836,,,,,,,,,Meningioma brain-tumor interface,1577.0,836,11.477488902980342
MSC6-BTI_ATTCAGGTCTCTGGTC,MSC6-BTI,6,T_cell,CD8 T cells,861,,,,,,,,,Meningioma brain-tumor interface,1747.0,861,7.26960503720664
MSC6-BTI_ATTCGTTAGAAGTATC,MSC6-BTI,6,T_cell,CD8 T cells,930,,,,,,,,,Meningioma brain-tumor interface,2327.0,930,16.63085517834121
MSC6-BTI_ATTCTACTCCTTGACC,MSC6-BTI,6,T_cell,CD8 T cells,1025,-14.3894,24.1879,-0.0321,0.1502,Not cycling,0.68,CD8 - Heat shock,,Meningioma brain-tumor interface,2309.0,1025,18.66608921611087
MSC6-BTI_ATTGGGTCAATAGAGT,MSC6-BTI,6,T_cell,CD8 T cells,730,,,,,,,,,Meningioma brain-tumor interface,1468.0,730,11.103542234332425
MSC6-BTI_ATTGGGTCATGACGGA,MSC6-BTI,6,T_cell,CD8 T cells,1746,13.2415,9.4496,-0.0528,-0.0602,Not cycling,0.9975,CD4 - Naive1,,Meningioma brain-tumor interface,4556.0,1746,11.852502194907814
MSC6-BTI_ATTTCACTCATCGCTC,MSC6-BTI,6,T_cell,CD8 T cells,760,,,,,,,,,Meningioma brain-tumor interface,1685.0,760,14.362017804154302
MSC6-BTI_CAACCAAGTCCACTCT,MSC6-BTI,6,T_cell,CD8 T cells,887,,,,,,,,,Meningioma brain-tumor interface,1917.0,887,12.519561815336463
MSC6-BTI_CAACCAAGTTAGTTCG,MSC6-BTI,6,T_cell,CD8 T cells,679,,,,,,,,,Meningioma brain-tumor interface,1372.0,679,17.93002915451895
MSC6-BTI_CAAGACTGTCATATGC,MSC6-BTI,6,T_cell,CD8 T cells,1014,5.1134,37.2952,0.0039,-0.0533,Not cycling,2.4318,CD8 - Cytotoxic,CD8 - Cytotoxic,Meningioma brain-tumor interface,1895.0,1014,7.598944591029023
MSC6-BTI_CAAGAGGCATCGATGT,MSC6-BTI,6,T_cell,CD8 T cells,1185,5.3227,35.5415,-0.006,0.1813,Not cycling,1.1978,CD8 - Cytotoxic,CD8 - Cytotoxic,Meningioma brain-tumor interface,2526.0,1185,5.463182897862233
MSC6-BTI_CAAGCTAGTCACGTGC,MSC6-BTI,6,T_cell,CD8 T cells,537,,,,,,,,,Meningioma brain-tumor interface,1271.0,537,18.88276947285602
MSC6-BTI_CACACAATCTTGGTGA,MSC6-BTI,6,T_cell,CD8 T cells,752,,,,,,,,,Meningioma brain-tumor interface,1652.0,752,10.23002421307506
MSC6-BTI_CACAGGCGTAACATGA,MSC6-BTI,6,T_cell,CD8 T cells,1308,4.8613,36.1983,0.1786,0.366,Not cycling,1.3538,CD4 - Cytotoxic,CD4 - Cytotoxic,Meningioma brain-tumor interface,3097.0,1308,6.942202131094608
MSC6-BTI_CACATGACAGCCTACG,MSC6-BTI,6,T_cell,CD8 T cells,868,,,,,,,,,Meningioma brain-tumor interface,1812.0,868,11.092715231788079
MSC6-BTI_CACTTCGAGCTAGATA,MSC6-BTI,6,T_cell,CD8 T cells,788,,,,,,,,,Meningioma brain-tumor interface,2146.0,788,13.932898415657036
MSC6-BTI_CACTTCGGTCACGACC,MSC6-BTI,6,T_cell,CD8 T cells,1202,5.9191,37.0111,-0.0701,0.0575,Not cycling,0.9905,CD8 - Cytotoxic,,Meningioma brain-tumor interface,2603.0,1202,10.026892047637341
MSC6-BTI_CAGCAATTCATTCGGA,MSC6-BTI,6,T_cell,CD8 T cells,858,,,,,,,,,Meningioma brain-tumor interface,1644.0,858,10.888077858880779
MSC6-BTI_CAGCAGCGTAGTCTGT,MSC6-BTI,6,T_cell,CD8 T cells,1045,3.9747,35.5266,-0.0597,0.1123,Not cycling,0.3581,CD4 - Cytotoxic,,Meningioma brain-tumor interface,2330.0,1045,11.802575107296137
MSC6-BTI_CAGCCAGAGTAGCTCT,MSC6-BTI,6,T_cell,CD8 T cells,941,,,,,,,,,Meningioma brain-tumor interface,1899.0,941,13.375460768825699
MSC6-BTI_CATGGTACAGTGTGGA,MSC6-BTI,6,T_cell,CD8 T cells,859,,,,,,,,,Meningioma brain-tumor interface,2359.0,859,10.470538363713437
MSC6-BTI_CATTCATAGTATAACG,MSC6-BTI,6,T_cell,CD8 T cells,690,,,,,,,,,Meningioma brain-tumor interface,1172.0,690,8.873720136518772
MSC6-BTI_CATTCTACATCCGTGG,MSC6-BTI,6,T_cell,CD8 T cells,632,,,,,,,,,Meningioma brain-tumor interface,1232.0,632,5.51948051948052
MSC6-BTI_CATTGCCGTATATGGA,MSC6-BTI,6,T_cell,CD8 T cells,768,,,,,,,,,Meningioma brain-tumor interface,1525.0,768,14.295081967213115
MSC6-BTI_CCAATTTCAGAGACTG,MSC6-BTI,6,T_cell,CD8 T cells,1131,5.267,36.0897,0.2894,0.1157,Not cycling,1.8028,CD8 - Interferon,,Meningioma brain-tumor interface,2364.0,1131,11.252115059221659
MSC6-BTI_CCCGAAGGTTGCATGT,MSC6-BTI,6,T_cell,CD8 T cells,1163,-9.5686,13.4167,0.1333,-0.0661,Not cycling,0.4993,CD4 - Cell Cycle,,Meningioma brain-tumor interface,3225.0,1163,12.0
MSC6-BTI_CCCTCAAAGCACTCAT,MSC6-BTI,6,T_cell,CD8 T cells,927,,,,,,,,,Meningioma brain-tumor interface,2040.0,927,17.647058823529413
MSC6-BTI_CCGTGAGTCGCTTACC,MSC6-BTI,6,T_cell,CD8 T cells,1101,-14.9362,23.7695,-0.0968,-0.0568,Not cycling,0.69,CD8 - Unassigned2,,Meningioma brain-tumor interface,2811.0,1101,9.67627178939879
MSC6-BTI_CCTAACCAGGAGTCTG,MSC6-BTI,6,T_cell,CD8 T cells,1052,-10.7231,14.7465,0.3342,0.2116,Not cycling,0.9136,CD8 - Cell Cycle,,Meningioma brain-tumor interface,2152.0,1052,6.180297397769516
MSC6-BTI_CCTACGTGTTCTTGCC,MSC6-BTI,6,T_cell,CD8 T cells,1204,-14.7145,24.2109,-0.0933,-0.0526,Not cycling,2.4677,CD4 - Interferon,CD4 - Interferon,Meningioma brain-tumor interface,2853.0,1204,8.832807570977918
MSC6-BTI_CCTCAACTCCAGTTCC,MSC6-BTI,6,T_cell,CD8 T cells,1136,-15.9611,25.6803,0.2627,-0.0047,Not cycling,1.3618,CD8 - Cytotoxic,CD8 - Cytotoxic,Meningioma brain-tumor interface,2591.0,1136,12.42763411810112
MSC6-BTI_CCTTGTGAGGTGCTTT,MSC6-BTI,6,T_cell,CD8 T cells,858,,,,,,,,,Meningioma brain-tumor interface,1641.0,858,11.639244363193175
MSC6-BTI_CCTTGTGGTGCAATAA,MSC6-BTI,6,T_cell,CD8 T cells,993,,,,,,,,,Meningioma brain-tumor interface,2029.0,993,16.412025628388367
MSC6-BTI_CGAAGGAGTAGCACGA,MSC6-BTI,6,T_cell,CD8 T cells,866,,,,,,,,,Meningioma brain-tumor interface,1770.0,866,8.587570621468927
MSC6-BTI_CGAAGTTTCACCTGTC,MSC6-BTI,6,T_cell,CD8 T cells,2016,9.9081,33.1394,0.4686,0.7624,G2/M,2.2475,CD4 - Cell Cycle,CD4 - Cell Cycle,Meningioma brain-tumor interface,5195.0,2016,11.684311838306064
MSC6-BTI_CGCATAATCTTAAGGC,MSC6-BTI,6,T_cell,CD8 T cells,801,,,,,,,,,Meningioma brain-tumor interface,1809.0,801,15.699281370923162
MSC6-BTI_CGCCAGACAGGCGATA,MSC6-BTI,6,T_cell,CD8 T cells,1177,-14.2048,23.8204,-0.0931,0.3428,Not cycling,0.9824,CD8 - Cytotoxic,,Meningioma brain-tumor interface,2752.0,1177,13.444767441860465
MSC6-BTI_CGGAACCAGACAACAT,MSC6-BTI,6,T_cell,CD8 T cells,963,,,,,,,,,Meningioma brain-tumor interface,2037.0,963,12.567501227295041
MSC6-BTI_CGGCAGTCACAACGAG,MSC6-BTI,6,T_cell,CD8 T cells,660,,,,,,,,,Meningioma brain-tumor interface,1358.0,660,11.708394698085419
MSC6-BTI_CGGTCAGAGGTGATAT,MSC6-BTI,6,T_cell,CD8 T cells,1077,-13.0627,13.795,0.0438,-0.0831,Not cycling,0.9138,CD8 - Unassigned2,,Meningioma brain-tumor interface,2530.0,1077,8.695652173913043
MSC6-BTI_CGTAATGAGAAACTCA,MSC6-BTI,6,T_cell,CD8 T cells,987,,,,,,,,,Meningioma brain-tumor interface,1875.0,987,8.746666666666666
MSC6-BTI_CGTGCTTGTCTCGGGT,MSC6-BTI,6,T_cell,CD8 T cells,583,,,,,,,,,Meningioma brain-tumor interface,1039.0,583,14.24446583253128
MSC6-BTI_CTAACCCAGCTACTGT,MSC6-BTI,6,T_cell,CD8 T cells,803,,,,,,,,,Meningioma brain-tumor interface,1742.0,803,13.375430539609644
MSC6-BTI_CTACAGACACTGTGAT,MSC6-BTI,6,T_cell,CD8 T cells,1061,6.3631,37.5566,-0.038,0.012,Not cycling,1.5135,CD8 - Cytotoxic,CD8 - Cytotoxic,Meningioma brain-tumor interface,2215.0,1061,13.589164785553047
MSC6-BTI_CTACCCAAGCAATAAC,MSC6-BTI,6,T_cell,CD8 T cells,5082,3.9824,21.7045,-0.1045,-0.1713,Not cycling,0.614,CD4 - Stress/HSP,,Meningioma brain-tumor interface,22565.0,5082,5.783292709949036
MSC6-BTI_CTACCTGCAATCGCGC,MSC6-BTI,6,T_cell,CD8 T cells,766,,,,,,,,,Meningioma brain-tumor interface,1467.0,766,9.54328561690525
MSC6-BTI_CTAGGTACACCCTAAA,MSC6-BTI,6,T_cell,CD8 T cells,687,,,,,,,,,Meningioma brain-tumor interface,1292.0,687,13.777089783281733
MSC6-BTI_CTATCTAGTGATAGTA,MSC6-BTI,6,T_cell,CD8 T cells,700,,,,,,,,,Meningioma brain-tumor interface,1312.0,700,11.966463414634147
MSC6-BTI_CTCAATTAGGAACGAA,MSC6-BTI,6,T_cell,CD8 T cells,1017,4.4319,36.4112,-0.1044,-0.0114,Not cycling,2.1404,CD4 - Cytotoxic,CD4 - Cytotoxic,Meningioma brain-tumor interface,2214.0,1017,9.530261969286359
MSC6-BTI_CTCAATTAGTTGTCGT,MSC6-BTI,6,T_cell,CD8 T cells,654,,,,,,,,,Meningioma brain-tumor interface,1285.0,654,12.762645914396888
MSC6-BTI_CTCATGCGTTATGTCG,MSC6-BTI,6,T_cell,CD8 T cells,695,,,,,,,,,Meningioma brain-tumor interface,1204.0,695,8.887043189368772
MSC6-BTI_CTCCTCCGTCTACAGT,MSC6-BTI,6,T_cell,CD8 T cells,1029,4.2004,36.1657,0.3885,0.0524,Not cycling,1.9061,CD4 - Interferon,CD4 - Interferon,Meningioma brain-tumor interface,2156.0,1029,14.564007421150277
MSC6-BTI_CTCGAGGAGTGGGAAA,MSC6-BTI,6,T_cell,CD8 T cells,748,,,,,,,,,Meningioma brain-tumor interface,1442.0,748,14.008321775312067
MSC6-BTI_CTGATCCAGTCTTCGA,MSC6-BTI,6,T_cell,CD8 T cells,967,,,,,,,,,Meningioma brain-tumor interface,2608.0,967,12.998466257668712
MSC6-BTI_CTGCCTACACCCAACG,MSC6-BTI,6,T_cell,CD8 T cells,721,,,,,,,,,Meningioma brain-tumor interface,1473.0,721,14.460285132382893
MSC6-BTI_CTGCCTATCCTACCGT,MSC6-BTI,6,T_cell,CD8 T cells,871,,,,,,,,,Meningioma brain-tumor interface,1869.0,871,11.182450508293204
MSC6-BTI_CTGCGAGGTGGCACTC,MSC6-BTI,6,T_cell,CD8 T cells,660,,,,,,,,,Meningioma brain-tumor interface,1422.0,660,16.10407876230661
MSC6-BTI_CTGCTCAGTTTAGAGA,MSC6-BTI,6,T_cell,CD8 T cells,945,,,,,,,,,Meningioma brain-tumor interface,2293.0,945,11.513301351940688
MSC6-BTI_CTGTAGACAGTCTGGC,MSC6-BTI,6,T_cell,CD8 T cells,1146,5.0602,36.5464,-0.0565,-0.0751,Not cycling,1.4265,CD8 - Cytotoxic,CD8 - Cytotoxic,Meningioma brain-tumor interface,2445.0,1146,10.51124744376278
MSC6-BTI_CTTCCGAGTCTACGTA,MSC6-BTI,6,T_cell,CD8 T cells,727,,,,,,,,,Meningioma brain-tumor interface,1563.0,727,11.772232885476647
MSC6-BTI_CTTCGGTGTTCCATTT,MSC6-BTI,6,T_cell,CD8 T cells,928,,,,,,,,,Meningioma brain-tumor interface,1911.0,928,10.09942438513867
MSC6-BTI_CTTCTAATCCCGAGGT,MSC6-BTI,6,T_cell,CD8 T cells,826,,,,,,,,,Meningioma brain-tumor interface,1886.0,826,18.027571580063626
MSC6-BTI_CTTCTCTAGGAACGTC,MSC6-BTI,6,T_cell,CD8 T cells,823,,,,,,,,,Meningioma brain-tumor interface,1806.0,823,15.116279069767442
MSC6-BTI_CTTGAGACAAGGCAAC,MSC6-BTI,6,T_cell,CD8 T cells,596,,,,,,,,,Meningioma brain-tumor interface,1189.0,596,19.84861227922624
MSC6-BTI_CTTTCGGCAAGGTCTT,MSC6-BTI,6,T_cell,CD8 T cells,872,,,,,,,,,Meningioma brain-tumor interface,1677.0,872,6.320810971973763
MSC6-BTI_GAACACTCACGTACAT,MSC6-BTI,6,T_cell,CD8 T cells,762,,,,,,,,,Meningioma brain-tumor interface,1644.0,762,11.313868613138686
MSC6-BTI_GAAGGGTGTACGTGAG,MSC6-BTI,6,T_cell,CD8 T cells,668,,,,,,,,,Meningioma brain-tumor interface,1309.0,668,15.278838808250573
MSC6-BTI_GAATCACCAGGCTACC,MSC6-BTI,6,T_cell,CD8 T cells,912,,,,,,,,,Meningioma brain-tumor interface,2010.0,912,15.124378109452737
MSC6-BTI_GAATCACGTCCTATAG,MSC6-BTI,6,T_cell,CD8 T cells,1113,-14.6577,24.8102,0.2254,-0.0117,Not cycling,1.3031,CD8 - Cytotoxic,CD8 - Cytotoxic,Meningioma brain-tumor interface,2409.0,1113,10.41926110419261
MSC6-BTI_GAATCACTCCCTAGGG,MSC6-BTI,6,T_cell,CD8 T cells,2275,6.472,35.8696,0.121,-0.0049,Not cycling,0.637,CD8 - Cytotoxic,,Meningioma brain-tumor interface,6113.0,2275,7.68853263536725
MSC6-BTI_GACACGCCATATACCG,MSC6-BTI,6,T_cell,CD8 T cells,956,,,,,,,,,Meningioma brain-tumor interface,2013.0,956,11.525086934923001
MSC6-BTI_GACCGTGGTTCCAAAC,MSC6-BTI,6,T_cell,CD8 T cells,860,,,,,,,,,Meningioma brain-tumor interface,1585.0,860,7.066246056782334
MSC6-BTI_GACTATGTCTACACAG,MSC6-BTI,6,T_cell,CD8 T cells,818,,,,,,,,,Meningioma brain-tumor interface,1871.0,818,14.056654195617316
MSC6-BTI_GACTGATAGGAGACCT,MSC6-BTI,6,T_cell,CD8 T cells,875,,,,,,,,,Meningioma brain-tumor interface,1958.0,875,11.235955056179776
MSC6-BTI_GAGGCAACATCGTGGC,MSC6-BTI,6,T_cell,CD8 T cells,834,,,,,,,,,Meningioma brain-tumor interface,1597.0,834,8.328115216030056
MSC6-BTI_GAGGCAAGTAGGCAAC,MSC6-BTI,6,T_cell,CD8 T cells,633,,,,,,,,,Meningioma brain-tumor interface,1210.0,633,9.586776859504132
MSC6-BTI_GAGTTACGTTAAAGTG,MSC6-BTI,6,T_cell,CD8 T cells,769,,,,,,,,,Meningioma brain-tumor interface,1426.0,769,10.869565217391305
MSC6-BTI_GAGTTTGAGGAAAGTG,MSC6-BTI,6,T_cell,CD8 T cells,849,,,,,,,,,Meningioma brain-tumor interface,1878.0,849,14.270500532481362
MSC6-BTI_GATTCGACACTACCGG,MSC6-BTI,6,T_cell,CD8 T cells,1643,4.9697,35.5727,0.0013,0.0661,Not cycling,0.4921,CD4 - Cytotoxic,,Meningioma brain-tumor interface,4038.0,1643,4.383358098068351
MSC6-BTI_GCACATAAGCGCGTTC,MSC6-BTI,6,T_cell,CD8 T cells,676,,,,,,,,,Meningioma brain-tumor interface,1378.0,676,11.030478955007258
MSC6-BTI_GCAGTTATCATCGCCT,MSC6-BTI,6,T_cell,CD8 T cells,781,,,,,,,,,Meningioma brain-tumor interface,1738.0,781,18.00920598388953
MSC6-BTI_GCATTAGTCCGGTAAT,MSC6-BTI,6,T_cell,CD8 T cells,881,,,,,,,,,Meningioma brain-tumor interface,2065.0,881,15.108958837772397
MSC6-BTI_GCCAGTGCACTTCCTG,MSC6-BTI,6,T_cell,CD8 T cells,1248,4.4365,35.6245,-0.0564,0.0538,Not cycling,0.3855,CD8 - Cytotoxic,,Meningioma brain-tumor interface,2780.0,1248,6.9784172661870505
MSC6-BTI_GCCCAGAGTATGGAGC,MSC6-BTI,6,T_cell,CD8 T cells,759,,,,,,,,,Meningioma brain-tumor interface,1517.0,759,11.733684904416611
MSC6-BTI_GCCGTGATCGCTGCGA,MSC6-BTI,6,T_cell,CD8 T cells,557,,,,,,,,,Meningioma brain-tumor interface,1191.0,557,13.43408900083963
MSC6-BTI_GCGATCGGTGTTGCCG,MSC6-BTI,6,T_cell,CD8 T cells,1970,14.4152,9.8379,-0.1045,0.02,Not cycling,0.2451,CD8 - Chromatin,,Meningioma brain-tumor interface,4193.0,1970,10.326735034581445
MSC6-BTI_GCGTGCACAGAGGCAT,MSC6-BTI,6,T_cell,CD8 T cells,770,,,,,,,,,Meningioma brain-tumor interface,1696.0,770,14.91745283018868
MSC6-BTI_GCTTTCGGTTCTGAGT,MSC6-BTI,6,T_cell,CD8 T cells,728,,,,,,,,,Meningioma brain-tumor interface,1421.0,728,11.47079521463758
MSC6-BTI_GGAAGTGTCGGTCATA,MSC6-BTI,6,T_cell,CD8 T cells,1574,-15.5901,25.2796,0.0435,0.0457,Not cycling,0.5535,CD8 - Cytotoxic,,Meningioma brain-tumor interface,4228.0,1574,8.514664143803216
MSC6-BTI_GGAGAACTCCACGGGT,MSC6-BTI,6,T_cell,CD8 T cells,913,,,,,,,,,Meningioma brain-tumor interface,2410.0,913,16.016597510373444
MSC6-BTI_GGAGATGCACATTCGA,MSC6-BTI,6,T_cell,CD8 T cells,1953,15.3014,18.6933,0.2323,0.3529,Not cycling,0.8594,CD4 - Cell Cycle,,Meningioma brain-tumor interface,4594.0,1953,4.941227688289072
MSC6-BTI_GGAGGATTCCAGTGTA,MSC6-BTI,6,T_cell,CD8 T cells,644,,,,,,,,,Meningioma brain-tumor interface,1128.0,644,12.145390070921986
MSC6-BTI_GGAGGTAGTGAACTAA,MSC6-BTI,6,T_cell,CD8 T cells,1420,10.4531,32.5456,0.103,1.016,G2/M,2.7865,CD4 - Cell Cycle,CD4 - Cell Cycle,Meningioma brain-tumor interface,3226.0,1420,11.190328580285183
MSC6-BTI_GGCAGTCCAGTGCGCT,MSC6-BTI,6,T_cell,CD8 T cells,998,,,,,,,,,Meningioma brain-tumor interface,2039.0,998,15.399705738106915
MSC6-BTI_GGCTTTCCAGGTGACA,MSC6-BTI,6,T_cell,CD8 T cells,947,,,,,,,,,Meningioma brain-tumor interface,2120.0,947,11.556603773584905
MSC6-BTI_GGGACTCCAGCGTGAA,MSC6-BTI,6,T_cell,CD8 T cells,529,,,,,,,,,Meningioma brain-tumor interface,896.0,529,11.830357142857142
MSC6-BTI_GGGAGTACACATACTG,MSC6-BTI,6,T_cell,CD8 T cells,2066,-8.8825,11.4544,-0.0534,0.0762,Not cycling,0.6155,CD4 - Cytotoxic,,Meningioma brain-tumor interface,7795.0,2066,13.816549069916613
MSC6-BTI_GGGTATTCAGAATCGG,MSC6-BTI,6,T_cell,CD8 T cells,672,,,,,,,,,Meningioma brain-tumor interface,1570.0,672,12.929936305732484
MSC6-BTI_GGTGATTCAGACCAAG,MSC6-BTI,6,T_cell,CD8 T cells,885,,,,,,,,,Meningioma brain-tumor interface,1891.0,885,11.8455843469064
MSC6-BTI_GGTTCTCGTGGTACAG,MSC6-BTI,6,T_cell,CD8 T cells,787,,,,,,,,,Meningioma brain-tumor interface,1427.0,787,10.091100210231254
MSC6-BTI_GTAATCGCAACAAGTA,MSC6-BTI,6,T_cell,CD8 T cells,827,,,,,,,,,Meningioma brain-tumor interface,1901.0,827,16.780641767490796
MSC6-BTI_GTAGAGGAGTCGGCAA,MSC6-BTI,6,T_cell,CD8 T cells,636,,,,,,,,,Meningioma brain-tumor interface,1361.0,636,18.442321822189566
MSC6-BTI_GTAGGTTCACGTATAC,MSC6-BTI,6,T_cell,CD8 T cells,775,,,,,,,,,Meningioma brain-tumor interface,1925.0,775,10.233766233766234
MSC6-BTI_GTATTTCCAGAGCGTA,MSC6-BTI,6,T_cell,CD8 T cells,627,,,,,,,,,Meningioma brain-tumor interface,1153.0,627,13.269731136166522
MSC6-BTI_GTATTTCGTATAGCTC,MSC6-BTI,6,T_cell,CD8 T cells,924,,,,,,,,,Meningioma brain-tumor interface,2246.0,924,9.839715048975958
MSC6-BTI_GTCCCATCATCTCGTC,MSC6-BTI,6,T_cell,CD8 T cells,698,,,,,,,,,Meningioma brain-tumor interface,1269.0,698,11.89913317572892
MSC6-BTI_GTGCACGAGAGTCAAT,MSC6-BTI,6,T_cell,CD8 T cells,788,,,,,,,,,Meningioma brain-tumor interface,1896.0,788,14.556962025316455
MSC6-BTI_GTGCACGGTACTCGAT,MSC6-BTI,6,T_cell,CD8 T cells,742,,,,,,,,,Meningioma brain-tumor interface,1548.0,742,15.051679586563308
MSC6-BTI_GTGCGTGAGCAATTAG,MSC6-BTI,6,T_cell,CD8 T cells,765,,,,,,,,,Meningioma brain-tumor interface,1762.0,765,13.847900113507379
MSC6-BTI_GTGCTTCCAGAATTCC,MSC6-BTI,6,T_cell,CD8 T cells,851,,,,,,,,,Meningioma brain-tumor interface,1798.0,851,15.183537263626251
MSC6-BTI_GTTACAGTCACCTCAC,MSC6-BTI,6,T_cell,CD8 T cells,961,,,,,,,,,Meningioma brain-tumor interface,1866.0,961,12.272240085744908
MSC6-BTI_GTTCTATTCGTGAGAG,MSC6-BTI,6,T_cell,CD8 T cells,1009,-14.9105,24.2787,-0.0568,0.0495,Not cycling,0.3161,CD8 - Naive2,,Meningioma brain-tumor interface,2979.0,1009,13.796576032225579
MSC6-BTI_TAACACGGTAGGCTGA,MSC6-BTI,6,T_cell,CD8 T cells,801,,,,,,,,,Meningioma brain-tumor interface,1629.0,801,10.006138735420503
MSC6-BTI_TAACACGGTGGACTGA,MSC6-BTI,6,T_cell,CD8 T cells,836,,,,,,,,,Meningioma brain-tumor interface,1697.0,836,11.490866234531525
MSC6-BTI_TACAACGTCCGATAGT,MSC6-BTI,6,T_cell,CD8 T cells,890,,,,,,,,,Meningioma brain-tumor interface,1875.0,890,10.56
MSC6-BTI_TACCGAAGTTGGGACA,MSC6-BTI,6,T_cell,CD8 T cells,1190,7.9391,36.4896,0.1358,0.1185,Not cycling,2.0861,CD8 - Cytotoxic,CD8 - Cytotoxic,Meningioma brain-tumor interface,2529.0,1190,13.76037959667853
MSC6-BTI_TACGCTCCAATACGCT,MSC6-BTI,6,T_cell,CD8 T cells,2257,-11.4655,13.4414,1.0103,0.1258,G1/S,0.5546,CD4 - Glycolysis/MYC,,Meningioma brain-tumor interface,7985.0,2257,4.232936756418284
MSC6-BTI_TACGCTCGTCCGGCAT,MSC6-BTI,6,T_cell,CD8 T cells,631,,,,,,,,,Meningioma brain-tumor interface,1056.0,631,5.492424242424242
MSC6-BTI_TACGGTAGTTAGTTCG,MSC6-BTI,6,T_cell,CD8 T cells,965,,,,,,,,,Meningioma brain-tumor interface,2273.0,965,11.746590409150901
MSC6-BTI_TAGACCAGTGGACCTC,MSC6-BTI,6,T_cell,CD8 T cells,767,,,,,,,,,Meningioma brain-tumor interface,1534.0,767,13.6245110821382
MSC6-BTI_TAGATCGGTGACCTGC,MSC6-BTI,6,T_cell,CD8 T cells,613,,,,,,,,,Meningioma brain-tumor interface,1242.0,613,11.916264090177133
MSC6-BTI_TATCGCCTCACCCTTG,MSC6-BTI,6,T_cell,CD8 T cells,996,,,,,,,,,Meningioma brain-tumor interface,2537.0,996,12.692156089869925
MSC6-BTI_TATCTGTAGTGGTCAG,MSC6-BTI,6,T_cell,CD8 T cells,764,,,,,,,,,Meningioma brain-tumor interface,1650.0,764,13.333333333333334
MSC6-BTI_TATCTTGAGCTACAAA,MSC6-BTI,6,T_cell,CD8 T cells,1237,3.7441,36.4173,0.0661,-0.0723,Not cycling,0.684,CD4 - Cytotoxic,,Meningioma brain-tumor interface,2844.0,1237,4.9929676511954995
MSC6-BTI_TCAAGCAGTCATGACT,MSC6-BTI,6,T_cell,CD8 T cells,1025,-15.9725,25.6346,0.1429,-0.0619,Not cycling,1.468,CD8 - Cytotoxic,CD8 - Cytotoxic,Meningioma brain-tumor interface,2366.0,1025,13.144547759932376
MSC6-BTI_TCACGCTCAACTCGTA,MSC6-BTI,6,T_cell,CD8 T cells,1066,3.4919,36.2207,0.0202,-0.0573,Not cycling,1.3622,CD8 - Cytotoxic,CD8 - Cytotoxic,Meningioma brain-tumor interface,2462.0,1066,7.676685621445979
MSC6-BTI_TCAGCAACATGGACAG,MSC6-BTI,6,T_cell,CD8 T cells,924,,,,,,,,,Meningioma brain-tumor interface,1853.0,924,10.84727468969239
MSC6-BTI_TCAGCAAGTGCAGATG,MSC6-BTI,6,T_cell,CD8 T cells,1198,4.9353,34.7574,-0.1391,0.2299,Not cycling,0.9293,CD8 - Glycolysis/MYC,,Meningioma brain-tumor interface,2670.0,1198,12.621722846441948
MSC6-BTI_TCATATCGTCGCTCGA,MSC6-BTI,6,T_cell,CD8 T cells,1367,-15.2819,24.9266,-0.1222,0.5976,Not cycling,1.4545,CD8 - Memory/Naive1,CD8 - Memory/Naive1,Meningioma brain-tumor interface,3578.0,1367,10.816098378982671
MSC6-BTI_TCCGAAATCTCACTCG,MSC6-BTI,6,T_cell,CD8 T cells,1987,5.0453,34.3541,0.3759,0.3127,Not cycling,1.3644,CD4 - Cell Cycle,CD4 - Cell Cycle,Meningioma brain-tumor interface,5142.0,1987,5.795410346168806
MSC6-BTI_TCCGGGAAGGCGCTTC,MSC6-BTI,6,T_cell,CD8 T cells,656,,,,,,,,,Meningioma brain-tumor interface,1325.0,656,18.566037735849058
MSC6-BTI_TCCGGGAGTCTCGGGT,MSC6-BTI,6,T_cell,CD8 T cells,1021,-14.1362,23.7571,0.059,-0.0815,Not cycling,0.1655,CD8 - Naive2,,Meningioma brain-tumor interface,2499.0,1021,9.203681472589036
MSC6-BTI_TCCTGCAAGTGCTACT,MSC6-BTI,6,T_cell,CD8 T cells,634,,,,,,,,,Meningioma brain-tumor interface,1127.0,634,10.292812777284826
MSC6-BTI_TCGACCTAGAAGCCAC,MSC6-BTI,6,T_cell,CD8 T cells,1884,-10.9527,14.7408,0.3283,0.755,G2/M,1.064,CD4 - Cell Cycle,CD4 - Cell Cycle,Meningioma brain-tumor interface,5006.0,1884,3.5157810627247303
MSC6-BTI_TCGACCTAGTCGAATA,MSC6-BTI,6,T_cell,CD8 T cells,1557,5.2695,36.0257,0.1602,-0.0264,Not cycling,1.405,CD8 - Cytotoxic,CD8 - Cytotoxic,Meningioma brain-tumor interface,3611.0,1557,7.80947106064802
MSC6-BTI_TCGATTTTCAGACCTA,MSC6-BTI,6,T_cell,CD8 T cells,1012,4.7016,36.8356,0.0069,0.0648,Not cycling,1.0433,CD8 - Cytotoxic,CD8 - Cytotoxic,Meningioma brain-tumor interface,2029.0,1012,13.652045342533267
MSC6-BTI_TCGCACTCACGACCTG,MSC6-BTI,6,T_cell,CD8 T cells,742,,,,,,,,,Meningioma brain-tumor interface,1417.0,742,7.268877911079746
MSC6-BTI_TCGCACTGTTTCGCTC,MSC6-BTI,6,T_cell,CD8 T cells,1003,-14.2062,23.8027,-0.12,-0.0096,Not cycling,0.4769,CD4 - Cytotoxic,,Meningioma brain-tumor interface,2406.0,1003,8.229426433915211
MSC6-BTI_TCGCAGGCATCCGCGA,MSC6-BTI,6,T_cell,CD8 T cells,4067,6.4017,17.8029,0.1341,0.3966,Not cycling,0.2035,CD4 - Stress/HSP,,Meningioma brain-tumor interface,16693.0,4067,8.141137003534416
MSC6-BTI_TCGTGGGGTGTCCGGT,MSC6-BTI,6,T_cell,CD8 T cells,617,,,,,,,,,Meningioma brain-tumor interface,1109.0,617,13.435527502254283
MSC6-BTI_TCTACATGTCAACACT,MSC6-BTI,6,T_cell,CD8 T cells,908,,,,,,,,,Meningioma brain-tumor interface,1911.0,908,9.837781266352694
MSC6-BTI_TCTTGCGCAACCGACC,MSC6-BTI,6,T_cell,CD8 T cells,980,,,,,,,,,Meningioma brain-tumor interface,1966.0,980,9.511698880976603
MSC6-BTI_TCTTGCGCACTACAGT,MSC6-BTI,6,T_cell,CD8 T cells,838,,,,,,,,,Meningioma brain-tumor interface,1704.0,838,10.974178403755868
MSC6-BTI_TGAATCGAGATTGACA,MSC6-BTI,6,T_cell,CD8 T cells,784,,,,,,,,,Meningioma brain-tumor interface,1597.0,784,12.210394489668127
MSC6-BTI_TGAGGAGGTCCGGTGT,MSC6-BTI,6,T_cell,CD8 T cells,776,,,,,,,,,Meningioma brain-tumor interface,1458.0,776,12.482853223593965
MSC6-BTI_TGAGTCAAGACTACCT,MSC6-BTI,6,T_cell,CD8 T cells,1117,6.0102,36.4702,-0.0495,0.1122,Not cycling,2.1944,CD8 - Cytotoxic,CD8 - Cytotoxic,Meningioma brain-tumor interface,2361.0,1117,12.32528589580686
MSC6-BTI_TGAGTCACATTCCTCG,MSC6-BTI,6,T_cell,CD8 T cells,787,,,,,,,,,Meningioma brain-tumor interface,1511.0,787,11.912640635340834
MSC6-BTI_TGCAGTACATAGAAAC,MSC6-BTI,6,T_cell,CD8 T cells,1130,-14.1618,23.5343,0.0559,0.06,Not cycling,0.6454,CD4 - Cytotoxic,,Meningioma brain-tumor interface,2711.0,1130,8.00442641091848
MSC6-BTI_TGCCGAGCACGAGAAC,MSC6-BTI,6,T_cell,CD8 T cells,755,,,,,,,,,Meningioma brain-tumor interface,1473.0,755,10.658520027155465
MSC6-BTI_TGCGGCACACAAATAG,MSC6-BTI,6,T_cell,CD8 T cells,688,,,,,,,,,Meningioma brain-tumor interface,1367.0,688,10.314557425018288
MSC6-BTI_TGCGGCAGTTTGAACC,MSC6-BTI,6,T_cell,CD8 T cells,1022,-14.2668,23.5801,-0.0504,-0.0077,Not cycling,0.4476,CD8 - Naive2,,Meningioma brain-tumor interface,2997.0,1022,5.872539205872539
MSC6-BTI_TGCTCGTGTGACTAAA,MSC6-BTI,6,T_cell,CD8 T cells,611,,,,,,,,,Meningioma brain-tumor interface,1218.0,611,12.233169129720855
MSC6-BTI_TGCTGAATCAAGCTTG,MSC6-BTI,6,T_cell,CD8 T cells,896,,,,,,,,,Meningioma brain-tumor interface,2368.0,896,12.246621621621621
MSC6-BTI_TGCTGAATCCACGTAA,MSC6-BTI,6,T_cell,CD8 T cells,1695,9.4508,33.6486,1.3351,0.4545,G1/S,1.5871,CD4 - Cell Cycle,CD4 - Cell Cycle,Meningioma brain-tumor interface,3950.0,1694,12.430379746835444
MSC6-BTI_TGCTTCGAGCCGTTAT,MSC6-BTI,6,T_cell,CD8 T cells,796,,,,,,,,,Meningioma brain-tumor interface,1604.0,796,15.960099750623442
MSC6-BTI_TGCTTCGAGTTAACGA,MSC6-BTI,6,T_cell,CD8 T cells,1425,5.2002,35.0666,0.3002,0.0362,Not cycling,0.6782,CD4 - Cell Cycle,,Meningioma brain-tumor interface,3637.0,1425,3.1619466593346166
MSC6-BTI_TGCTTGCTCCTAGCCT,MSC6-BTI,6,T_cell,CD8 T cells,957,,,,,,,,,Meningioma brain-tumor interface,2244.0,957,11.497326203208557
MSC6-BTI_TGGATCACAGTGCGCT,MSC6-BTI,6,T_cell,CD8 T cells,814,,,,,,,,,Meningioma brain-tumor interface,1816.0,814,14.977973568281937
MSC6-BTI_TGGTACATCTCAGAAC,MSC6-BTI,6,T_cell,CD8 T cells,1043,4.7274,36.2009,-0.1117,0.0571,Not cycling,1.426,CD4 - Cytotoxic,CD4 - Cytotoxic,Meningioma brain-tumor interface,2035.0,1043,7.813267813267813
MSC6-BTI_TGGTGATCACTGCACG,MSC6-BTI,6,T_cell,CD8 T cells,920,,,,,,,,,Meningioma brain-tumor interface,1955.0,920,12.429667519181585
MSC6-BTI_TGTACAGCACGGTCTG,MSC6-BTI,6,T_cell,CD8 T cells,861,,,,,,,,,Meningioma brain-tumor interface,1879.0,861,18.307610431080363
MSC6-BTI_TGTGCGGTCTAAGCCA,MSC6-BTI,6,T_cell,CD8 T cells,645,,,,,,,,,Meningioma brain-tumor interface,1299.0,645,11.932255581216321
MSC6-BTI_TGTGGCGGTACTCGCG,MSC6-BTI,6,T_cell,CD8 T cells,955,,,,,,,,,Meningioma brain-tumor interface,2606.0,955,13.23867996930161
MSC6-BTI_TGTTCTAGTCTCTCAC,MSC6-BTI,6,T_cell,CD8 T cells,640,,,,,,,,,Meningioma brain-tumor interface,1377.0,640,12.854030501089325
MSC6-BTI_TTAATCCGTTCGGCTG,MSC6-BTI,6,T_cell,CD8 T cells,663,,,,,,,,,Meningioma brain-tumor interface,1325.0,663,15.622641509433961
MSC6-BTI_TTAATCCTCTTGCGCT,MSC6-BTI,6,T_cell,CD8 T cells,777,,,,,,,,,Meningioma brain-tumor interface,1583.0,777,14.339861023373341
MSC6-BTI_TTACGCCGTTGGACTT,MSC6-BTI,6,T_cell,CD8 T cells,805,,,,,,,,,Meningioma brain-tumor interface,1606.0,805,8.966376089663761
MSC6-BTI_TTACTGTGTTCATCGA,MSC6-BTI,6,T_cell,CD8 T cells,672,,,,,,,,,Meningioma brain-tumor interface,1625.0,672,15.384615384615385
MSC6-BTI_TTCAATCTCATTATCC,MSC6-BTI,6,T_cell,CD8 T cells,950,,,,,,,,,Meningioma brain-tumor interface,2310.0,950,7.229437229437229
MSC6-BTI_TTCCGGTCACCAAATC,MSC6-BTI,6,T_cell,CD8 T cells,846,,,,,,,,,Meningioma brain-tumor interface,1878.0,846,9.211927582534612
MSC6-BTI_TTCCTAACATGATCTG,MSC6-BTI,6,T_cell,CD8 T cells,559,,,,,,,,,Meningioma brain-tumor interface,943.0,559,6.468716861081655
MSC6-BTI_TTCTCTCAGTACTGTC,MSC6-BTI,6,T_cell,CD8 T cells,755,,,,,,,,,Meningioma brain-tumor interface,1559.0,755,17.767799871712636
MSC6-BTI_TTCTTGAAGGACATCG,MSC6-BTI,6,T_cell,CD8 T cells,692,,,,,,,,,Meningioma brain-tumor interface,1389.0,692,11.087113030957523
MSC6-BTI_TTGGATGCAGCTTTGA,MSC6-BTI,6,T_cell,CD8 T cells,1317,-13.8712,23.1172,0.2292,0.0379,Not cycling,0.7259,CD8 - Cytotoxic,,Meningioma brain-tumor interface,3682.0,1317,7.061379684953829
MSC6-BTI_TTGGGATAGCTGAGCA,MSC6-BTI,6,T_cell,CD8 T cells,921,,,,,,,,,Meningioma brain-tumor interface,1866.0,921,9.485530546623794
MSC6-BTI_TTGTGGACATGAATAG,MSC6-BTI,6,T_cell,CD8 T cells,729,,,,,,,,,Meningioma brain-tumor interface,1437.0,729,13.917884481558803
MSC6-BTI_TTTACCACAGAGTTGG,MSC6-BTI,6,T_cell,CD8 T cells,943,,,,,,,,,Meningioma brain-tumor interface,2082.0,943,8.645533141210375
MSC6-BTI_TTTCGATCACACACTA,MSC6-BTI,6,T_cell,CD8 T cells,947,,,,,,,,,Meningioma brain-tumor interface,2041.0,947,9.652131308182264
MSC6-BTI_TTTCGATTCGGCTGTG,MSC6-BTI,6,T_cell,CD8 T cells,772,,,,,,,,,Meningioma brain-tumor interface,1553.0,772,12.427559562137798
MSC6-BTI_TTTGGAGAGACCCGCT,MSC6-BTI,6,T_cell,CD8 T cells,1241,-14.7679,23.5477,-0.1277,-0.0741,Not cycling,0.6541,CD4 - Naive1,,Meningioma brain-tumor interface,3019.0,1241,12.023848956608148
